a	丫	0	
a	亚	0	
a	阿	0	
a	亞	0	
a	妸	0	
a	𠲞	0	
a	鸦	0	
a	婀	0	
a	疴	0	
a	啊	0	
a	桠	0	
a	锕	0	
a	椏	0	
a	鴉	0	
a	錒	0	
a	鵶	0	
ai	哀	0	
ai	埃	0	
ai	挨	0	
ai	唉	0	
ai	𥑴	0	
ai	㥋	0	
ai	锿	0	
ai	鎄	0	
am	谙	0	
am	庵	0	
am	菴	0	
am	堷	0	
am	萻	0	
am	鹌	0	
am	盦	0	
am	諳	0	
am	鵪	0	
an	安	0	
an	胺	0	
an	桉	0	
an	氨	0	
an	铵	0	
an	𫛩	0	
an	𩽾	0	
an	銨	0	
an	鞌	0	
an	鞍	0	
an	鴳	0	
an	鮟	0	
ang	央	0	
ang	坱	0	
ang	垵	0	
ang	盎	0	
ang	𤮃	0	
anh	英	0	
anh	莺	0	
anh	婴	0	
anh	罂	0	
anh	缨	0	
anh	䁐	0	
anh	樱	0	
anh	鹦	0	
anh	嬰	0	
anh	鶧	0	
anh	罌	0	
anh	嚶	0	
anh	鶯	0	
anh	櫻	0	
anh	纓	0	
anh	鸚	0	
ao	凹	0	
ao	𠯻	0	
ao	㘭	0	
ao	𬇚	0	
ao	泑	0	
ao	呦	0	
ao	坳	0	
ao	𪵲	0	
ao	鏖	0	
at	胺	0	
au	区	0	
au	㓜	0	
au	泑	0	
au	區	0	
ba	巴	0	
ba	芭	0	
ba	𠀧	0	
ba	吧	0	
ba	爬	0	
ba	波	0	
ba	爸	0	
ba	疤	0	
ba	钯	0	
ba	蚆	0	
ba	笆	0	
ba	舥	0	
ba	豝	0	
ba	菠	0	
ba	葩	0	
ba	鈀	0	
ba	𧤭	0	
ba	𮠟	0	
bai	排	0	
bai	𠸟	0	
bai	𢴾	0	
bai	𠾦	0	
ban	半	0	
ban	扳	0	
ban	胖	0	
ban	颁	0	
ban	班	0	
ban	般	0	
ban	斑	0	
ban	搬	0	
ban	頒	0	
ban	瘢	0	
ban	癍	0	
bang	邦	0	
bang	乓	0	
bang	垹	0	
bang	帮	0	
bang	挷	0	
bang	梆	0	
bang	䏾	0	
bang	幚	0	
bang	幫	0	
bang	謗	0	
banh	兵	0	
banh	抨	0	
banh	浜	0	
banh	捠	0	
banh	绷	0	
banh	烹	0	
banh	綳	0	
bao	勹	0	
bao	𠂊	0	
bao	包	0	
bao	刨	0	
bao	苞	0	
bao	笣	0	
bao	龅	0	
bao	褒	0	
bao	襃	0	
bao	齙	0	
bau	保	0	
bay	飞	0	
bay	𢒎	0	
bay	飛	0	
bay	拜	0	
bay	排	0	
bay	悲	0	
bay	蜚	0	
bay	𠎩	0	
bay	𫅫	0	
bay	𫹊	0	
bay	𬲊	0	
bay	𫅰	0	
bay	𠖤	0	
bay	𨅥	0	
bay	𨭍	0	
bay	𩙻	0	
bay	𩈂	0	
be	陂	0	
be	碑	0	
be	𠻻	0	
be	𨼚	0	
be	𫮦	0	
be	𠾦	0	
be	𣛥	0	
be	𤮑	0	
be	𫇟	0	
ben	边	0	
ben	扁	0	
ben	𤶒	0	
ben	邊	0	
beng	鋲	0	
beo	包	0	
beo	豹	0	
beo	𧲼	0	
beo	𧴋	0	
beo	𤣄	0	
bi	啤	0	
bi	悲	0	
bi	碑	0	
bi	醊	0	
bi	𨡕	0	
bi	𠾦	0	
bia	碑	0	
bia	𨡕	0	
bia	醊	0	
biai	排	0	
binh	乒	0	
binh	兵	0	
binh	梹	0	
bioóc	𫇥	0	
biêm	砭	0	
biên	边	0	
biên	编	0	
biên	編	0	
biên	蹁	0	
biên	邊	0	
biêng	梹	0	
biêu	蚫	0	
biêu	脿	0	
biìm	砭	0	
biếc	碧	0	
biếm	贬	0	
biếm	窆	0	
biếm	砭	0	
biếm	貶	0	
biến	变	0	
biến	遍	0	
biến	徧	0	
biến	萹	0	
biến	藊	0	
biến	變	0	
biếng	丙	0	
biếng	𠰳	0	
biếng	怲	0	
biếng	𠴠	0	
biết	別	0	
biết	𪿍	0	
biết	瘪	0	
biết	蹩	0	
biết	癟	0	
biết	鳖	0	
biết	鱉	0	
biết	鼈	0	
biết	虌	0	
biếu	俵	0	
biếu	𠶓	0	
biếu	殍	0	
biếu	裱	0	
biếu	𤷶	0	
biếu	𧶫	0	
biếu	𠾷	0	
biền	弁	0	
biền	骈	0	
biền	昪	0	
biền	便	0	
biền	胼	0	
biền	谝	0	
biền	骗	0	
biền	𫑆	0	
biền	諞	0	
biền	駢	0	
biền	騙	0	
biều	蜱	0	
biều	瓢	0	
biều	䕯	0	
biển	汴	0	
biển	扁	0	
biển	𣷷	0	
biển	𣷭	0	
biển	匾	0	
biển	㴜	0	
biển	骗	0	
biển	惼	0	
biển	煸	0	
biển	褊	0	
biển	蝙	0	
biển	騙	0	
biển	鯿	0	
biển	𤅶	0	
biểu	表	0	
biểu	俵	0	
biểu	𠶓	0	
biểu	婊	0	
biểu	㧼	0	
biểu	裱	0	
biểu	錶	0	
biểu	鳔	0	
biểu	鰾	0	
biện	办	0	
biện	卞	0	
biện	抃	0	
biện	忭	0	
biện	拚	0	
biện	緶	0	
biện	辨	0	
biện	辦	0	
biện	瓣	0	
biện	𥶁	0	
biện	辮	0	
biện	辯	0	
biệt	別	0	
biệt	别	0	
biệt	𨡊	0	
biệt	𬩁	0	
bo	甫	0	
bo	圃	0	
bo	莆	0	
bo	逋	0	
bo	剖	0	
bo	脯	0	
bo	𥿠	0	
bom	喯	0	
bon	奔	0	
bon	𨁼	0	
bong	俸	0	
bong	蓬	0	
bong	篷	0	
bong	𢶻	0	
bong	𤂧	0	
boong	俸	0	
boong	葻	0	
boỏng	䏾	0	
bu	𡜵	0	
bu	哺	0	
bu	蚼	0	
bu	𥮉	0	
bua	𤤰	0	
bua	𢂜	0	
bua	𢃊	0	
bua	哺	0	
bui	盃	0	
bui	𠸟	0	
bui	𣻃	0	
bui	𣾾	0	
bung	芃	0	
bung	葻	0	
bung	𢶻	0	
bung	𨮇	0	
buá	布	0	
buá	斧	0	
buá	鈽	0	
buôi	𠸟	0	
buôn	奔	0	
buôn	倴	0	
buôn	捹	0	
buôn	𧶭	0	
buôn	𫬩	0	
buông	芃	0	
buông	𢭾	0	
buông	喯	0	
buông	捹	0	
buông	葻	0	
buông	𦀋	0	
buông	𢶻	0	
buạ	步	0	
buạ	倍	0	
buạ	𡝃	0	
buả	捕	0	
buả	𥿠	0	
buả	䋠	0	
buốc	𫁰	0	
buốt	扑	0	
buốt	𤶽	0	
buốt	𤏫	0	
buốt	𤺭	0	
buồi	裴	0	
buồi	𦢄	0	
buồm	帆	0	
buồm	𭘜	0	
buồn	忿	0	
buồn	盆	0	
buồn	𢞂	0	
buồng	帆	0	
buồng	房	0	
buồng	逢	0	
buồng	蓬	0	
buồng	䤑	0	
buồng	𢩣	0	
buổi	贝	0	
buổi	貝	0	
buổi	𣇙	0	
buổi	𣇜	0	
buổi	𣉳	0	
buộc	扑	0	
buộc	𫃚	0	
buộc	𥾾	0	
buộc	𢯜	0	
buộc	𦂿	0	
buộc	撲	0	
buộc	樸	0	
buộc	𢷏	0	
buộc	𦄾	0	
buộc	纀	0	
buột	哱	0	
buột	𨁝	0	
buột	𫄂	0	
buột	𨅗	0	
bà	妑	0	
bà	爬	0	
bà	杷	0	
bà	粑	0	
bà	耙	0	
bà	婆	0	
bà	掱	0	
bà	琶	0	
bà	靶	0	
bà	𢱨	0	
bài	俳	0	
bài	排	0	
bài	掰	0	
bài	牌	0	
bài	摆	0	
bài	𣘓	0	
bài	擘	0	
bài	擺	0	
bài	𣞻	0	
bài	襬	0	
bàm	砭	0	
bàm	𠻅	0	
bàn	肨	0	
bàn	胖	0	
bàn	柈	0	
bàn	般	0	
bàn	𠴞	0	
bàn	盘	0	
bàn	搬	0	
bàn	槃	0	
bàn	盤	0	
bàn	磐	0	
bàn	𡂑	0	
bàn	蟠	0	
bàn	𭢋	0	
bàng	彷	0	
bàng	㧍	0	
bàng	庞	0	
bàng	逄	0	
bàng	胮	0	
bàng	旁	0	
bàng	盘	0	
bàng	雱	0	
bàng	傍	0	
bàng	滂	0	
bàng	嗙	0	
bàng	徬	0	
bàng	蒡	0	
bàng	㥬	0	
bàng	榜	0	
bàng	膀	0	
bàng	镑	0	
bàng	盤	0	
bàng	磅	0	
bàng	螃	0	
bàng	龎	0	
bàng	鳑	0	
bàng	鎊	0	
bàng	龐	0	
bàng	鰟	0	
bành	彭	0	
bành	澎	0	
bành	膨	0	
bành	蟚	0	
bành	蟛	0	
bào	包	0	
bào	刨	0	
bào	庖	0	
bào	苞	0	
bào	泡	0	
bào	狍	0	
bào	咆	0	
bào	胞	0	
bào	炮	0	
bào	疱	0	
bào	皰	0	
bào	袍	0	
bào	𠝇	0	
bào	匏	0	
bào	鲍	0	
bào	鉋	0	
bào	麅	0	
bào	鮑	0	
bào	鳔	0	
bào	鰾	0	
bào	鑤	0	
bàu	咆	0	
bàu	垉	0	
bàu	泡	0	
bày	排	0	
bày	悲	0	
bày	𠼕	0	
bày	𫕾	0	
bá	叭	0	
bá	百	0	
bá	坝	0	
bá	把	0	
bá	伯	0	
bá	报	0	
bá	柏	0	
bá	咟	0	
bá	栢	0	
bá	𬇫	0	
bá	耙	0	
bá	報	0	
bá	𫜨	0	
bá	𩨜	0	
bá	𬡹	0	
bá	播	0	
bá	檗	0	
bá	䶕	0	
bá	覇	0	
bá	霸	0	
bá	壩	0	
bá	欛	0	
bác	北	0	
bác	驳	0	
bác	伯	0	
bác	炮	0	
bác	砲	0	
bác	剥	0	
bác	剝	0	
bác	博	0	
bác	搏	0	
bác	膊	0	
bác	駁	0	
bác	镈	0	
bác	駮	0	
bác	鎛	0	
bác	礮	0	
bách	百	0	
bách	廹	0	
bách	迫	0	
bách	佰	0	
bách	柏	0	
bách	栢	0	
bách	舶	0	
bái	扒	0	
bái	沛	0	
bái	芾	0	
bái	拜	0	
bái	狽	0	
bái	㤳	0	
bái	旆	0	
bái	唄	0	
bái	稗	0	
bái	霈	0	
bám	抸	0	
bám	禀	0	
bám	稟	0	
bám	𢵉	0	
bám	𢶸	0	
bám	撼	0	
bán	半	0	
bán	绊	0	
bán	叛	0	
bán	絆	0	
bán	𬥓	0	
bán	𧸝	0	
báng	炐	0	
báng	谤	0	
báng	搒	0	
báng	榜	0	
báng	𤹔	0	
báng	镑	0	
báng	謗	0	
báng	鎊	0	
bánh	饼	0	
bánh	𤖶	0	
bánh	𥹘	0	
bánh	掽	0	
bánh	𨋣	0	
bánh	碰	0	
bánh	𩛄	0	
bánh	軿	0	
bánh	餅	0	
bánh	𬖪	0	
báo	报	0	
báo	豹	0	
báo	報	0	
báo	𠸒	0	
báo	𪽕	0	
bát	八	0	
bát	丷	0	
bát	圦	0	
bát	癶	0	
bát	叭	0	
bát	扒	0	
bát	泼	0	
bát	茇	0	
bát	呠	0	
bát	拨	0	
bát	钵	0	
bát	釟	0	
bát	般	0	
bát	捌	0	
bát	缽	0	
bát	笨	0	
bát	鉢	0	
bát	潑	0	
bát	撥	0	
báu	宝	0	
báu	寶	0	
báy	排	0	
bâm	贬	0	
bâm	貶	0	
bân	𬮜	0	
bân	彬	0	
bân	𫯩	0	
bân	斌	0	
bân	𫗌	0	
bâng	氷	0	
bâng	冰	0	
bâng	挷	0	
bâng	𫺎	0	
bâng	𢲔	0	
bâu	咆	0	
bâu	袍	0	
bâu	蚫	0	
bâu	蚼	0	
bâu	袌	0	
bâu	裒	0	
bâu	𢄇	0	
bâu	𢄝	0	
bâu	𬡣	0	
bâu	𧜺	0	
bây	拜	0	
bây	悲	0	
bây	碑	0	
bây	𣊾	0	
bâư	𬡞	0	
bã	把	0	
bã	𬐒	0	
bã	𠴙	0	
bã	粑	0	
bã	𥺖	0	
bã	𥺕	0	
bãi	罢	0	
bãi	𡌣	0	
bãi	𣺽	0	
bãi	𪤄	0	
bãi	罷	0	
bãi	𡓁	0	
bãi	擺	0	
bão	抱	0	
bão	饱	0	
bão	菢	0	
bão	跑	0	
bão	飽	0	
bão	雹	0	
bão	褓	0	
bão	緥	0	
bão	暴	0	
bão	𣋰	0	
bão	𩙕	0	
bè	皮	0	
bè	佊	0	
bè	舥	0	
bè	𤿤	0	
bè	𣙨	0	
bè	𥯤	0	
bè	𬜛	0	
bèm	𠹰	0	
bèn	卞	0	
bèn	𠂪	0	
bèn	𠂫	0	
bèn	骈	0	
bèn	𬩄	0	
bèn	駢	0	
bèo	瓢	0	
bèo	䕯	0	
bé	闭	0	
bé	𡭬	0	
bé	𡮌	0	
bé	閉	0	
bé	𡮥	0	
bé	𡮤	0	
bé	𡮣	0	
bé	𡮩	0	
bén	变	0	
bén	𤇮	0	
bén	𣷷	0	
bén	𫽕	0	
bén	𤊰	0	
bén	鍽	0	
bén	變	0	
bén	𤅶	0	
bén	𤓩	0	
bén	𨰺	0	
béng	𧦿	0	
béo	报	0	
béo	胖	0	
béo	豹	0	
béo	報	0	
béo	脿	0	
bép	𠰏	0	
bép	𤇮	0	
bép	𬜆	0	
bét	別	0	
bét	𦛺	0	
bét	𥇂	0	
bét	鳖	0	
bét	鱉	0	
bét	𩻪	0	
bê	陂	0	
bê	𠶎	0	
bê	𤚆	0	
bê	𤛞	0	
bê	𠾦	0	
bê	𪺵	0	
bên	边	0	
bên	扁	0	
bên	邊	0	
bênh	兵	0	
bênh	𦛼	0	
bêu	标	0	
bêu	摽	0	
bêu	撩	0	
bêu	標	0	
bì	皮	0	
bì	疲	0	
bì	埤	0	
bì	蚽	0	
bì	𣓋	0	
bì	裨	0	
bì	蜱	0	
bìa	皮	0	
bìa	牌	0	
bìm	砭	0	
bìm	䒦	0	
bìm	𦹴	0	
bìm	𪀐	0	
bình	平	0	
bình	评	0	
bình	坪	0	
bình	泙	0	
bình	屏	0	
bình	瓶	0	
bình	萍	0	
bình	塀	0	
bình	缾	0	
bình	評	0	
bình	軿	0	
bình	䤣	0	
bình	鲆	0	
bình	𤭸	0	
bình	鮃	0	
bình	塀	0	
bìu	褓	0	
bìu	瓢	0	
bí	否	0	
bí	苾	0	
bí	祕	0	
bí	毖	0	
bí	贲	0	
bí	秘	0	
bí	铋	0	
bí	賁	0	
bí	痞	0	
bí	𠸠	0	
bí	𣖞	0	
bí	辔	0	
bí	閟	0	
bí	鉍	0	
bí	𦷬	0	
bí	轡	0	
bích	廹	0	
bích	迫	0	
bích	辟	0	
bích	碧	0	
bích	擗	0	
bích	壁	0	
bích	甓	0	
bích	璧	0	
bích	癖	0	
bính	丙	0	
bính	怲	0	
bính	饼	0	
bính	炳	0	
bính	柄	0	
bính	迸	0	
bính	摒	0	
bính	𧚭	0	
bính	碰	0	
bính	餅	0	
bít	扒	0	
bít	別	0	
bít	捌	0	
bíu	㧼	0	
bíu	裱	0	
bíu	𩤕	0	
bò	爬	0	
bò	匍	0	
bò	圃	0	
bò	𤞨	0	
bò	𤙭	0	
bò	䊇	0	
bò	蜅	0	
bò	𧌂	0	
bò	𨁏	0	
bò	𨄳	0	
bò	鯆	0	
bò	𨆶	0	
bò	𩟢	0	
bò	𭺗	0	
bòi	培	0	
bòi	䏽	0	
bòi	裴	0	
bòi	𦟷	0	
bòm	𪷤	0	
bòm	澟	0	
bòn	盆	0	
bòn	𢱔	0	
bòn	𫽡	0	
bòng	蓬	0	
bòng	摓	0	
bòng	𢸚	0	
bòng	纄	0	
bòng	𣠑	0	
bó	布	0	
bó	沛	0	
bó	抚	0	
bó	补	0	
bó	抪	0	
bó	咘	0	
bó	捕	0	
bó	𥿠	0	
bó	𣔩	0	
bó	補	0	
bó	撫	0	
bóc	卜	0	
bóc	扑	0	
bóc	剥	0	
bóc	剝	0	
bói	卜	0	
bói	贝	0	
bói	貝	0	
bói	𧴤	0	
bói	𫎑	0	
bón	𤵳	0	
bón	𦊚	0	
bón	𫃘	0	
bóng	俸	0	
bóng	淎	0	
bóng	𡞗	0	
bóng	䏾	0	
bóng	𣈖	0	
bóng	𤊡	0	
bóng	𩃳	0	
bóng	𩄴	0	
bóng	𫕰	0	
bóp	𢯒	0	
bô	布	0	
bô	甫	0	
bô	佈	0	
bô	逋	0	
bô	圃	0	
bô	哺	0	
bô	𫗦	0	
bô	晡	0	
bô	鈽	0	
bô	餔	0	
bô	醭	0	
bôc	𦄾	0	
bôi	杯	0	
bôi	盃	0	
bôi	桮	0	
bôi	𠸟	0	
bôi	𫽗	0	
bôi	𭉩	0	
bôm	𠰏	0	
bôm	𠻅	0	
bôn	奔	0	
bôn	泍	0	
bôn	贲	0	
bôn	逩	0	
bôn	賁	0	
bôn	犇	0	
bôn	锛	0	
bôn	𨁼	0	
bôn	錛	0	
bông	芃	0	
bông	𥟌	0	
bông	葻	0	
bông	𣜳	0	
bông	𬡟	0	
bõ	补	0	
bõ	捕	0	
bõ	剖	0	
bõ	部	0	
bõ	補	0	
bõ	𡀨	0	
bõm	呠	0	
bõm	𪷤	0	
bõm	澟	0	
bõng	𣶈	0	
bõng	淎	0	
bù	补	0	
bù	哺	0	
bù	補	0	
bù	赔	0	
bù	蒲	0	
bù	賠	0	
bùa	苻	0	
bùa	符	0	
bùi	坏	0	
bùi	裴	0	
bùi	𫬍	0	
bùi	壞	0	
bùn	盆	0	
bùn	渀	0	
bùn	湓	0	
bùn	𡎛	0	
bùng	飒	0	
bùng	𩂑	0	
bùng	蓬	0	
bùng	颯	0	
bùng	𩄏	0	
bùng	𤑫	0	
bùng	𩅛	0	
bú	补	0	
bú	咘	0	
bú	哺	0	
bú	啂	0	
bú	補	0	
bú	𪜛	0	
búa	布	0	
búa	斧	0	
búa	鈽	0	
búi	贝	0	
búi	貝	0	
búi	𢱎	0	
búi	𦁀	0	
búi	𧸻	0	
bún	本	0	
bún	𥻸	0	
bún	𡅊	0	
búng	俸	0	
búng	捧	0	
búng	棒	0	
búng	𢺒	0	
búp	芣	0	
bút	芣	0	
bút	笔	0	
bút	筆	0	
bút	潷	0	
băm	乏	0	
băm	贬	0	
băm	貶	0	
băm	𠞢	0	
băm	𨫄	0	
băm	𨮍	0	
băm	𫦢	0	
băn	氷	0	
băn	冰	0	
băn	班	0	
băn	彬	0	
băn	𠺚	0	
băng	冫	0	
băng	氷	0	
băng	冰	0	
băng	绷	0	
băng	崩	0	
băng	硼	0	
băng	𨀰	0	
băng	𬭖	0	
băng	綳	0	
băng	繃	0	
băng	𫑌	0	
băng	蹦	0	
băng	鏰	0	
bĩ	圮	0	
bĩ	否	0	
bĩ	㳪	0	
bĩ	痞	0	
bĩ	噽	0	
bĩnh	胼	0	
bĩu	哹	0	
bĩu	𠶓	0	
bĩu	𠼼	0	
bơ	巴	0	
bơ	𠇕	0	
bơ	𠀧	0	
bơ	𪩬	0	
bơ	吧	0	
bơi	拜	0	
bơi	悲	0	
bơi	𬈺	0	
bơi	𢴾	0	
bơm	泵	0	
bơm	砭	0	
bơn	般	0	
bơn	班	0	
bơn	𩺡	0	
bơn	𩺪	0	
bơnh	𩺪	0	
bưng	氷	0	
bưng	冰	0	
bưng	兵	0	
bưng	𢫕	0	
bưng	挷	0	
bưng	𢬄	0	
bưng	𣵮	0	
bưng	搬	0	
bưng	𢲔	0	
bưu	邮	0	
bưu	郵	0	
bưu	彪	0	
bươi	𢴾	0	
bươn	玥	0	
bươn	𬂇	0	
bươn	𪱟	0	
bươn	𨁼	0	
bương	邦	0	
bương	梆	0	
bương	𥮇	0	
bươu	邮	0	
bươu	豹	0	
bươu	郵	0	
bươu	蚫	0	
bước	北	0	
bước	𨀈	0	
bước	跳	0	
bướm	乏	0	
bướm	𠰏	0	
bướm	𧊉	0	
bướm	蝶	0	
bướm	𧒅	0	
bướng	半	0	
bướng	谤	0	
bướng	謗	0	
bướng	𬒩	0	
bướp	𩶟	0	
bướu	报	0	
bướu	肬	0	
bướu	疣	0	
bướu	報	0	
bướu	𤷶	0	
bướu	𤹼	0	
bướu	𤺴	0	
bường	平	0	
bường	旁	0	
bưởi	𣘓	0	
bưởi	𣞻	0	
bạ	把	0	
bạ	播	0	
bạ	簿	0	
bạ/bộ	簿	0	
bạc	白	0	
bạc	泊	0	
bạc	泺	0	
bạc	铂	0	
bạc	萡	0	
bạc	博	0	
bạc	鉑	0	
bạc	鞄	0	
bạc	魄	0	
bạc	薄	0	
bạc	㩧	0	
bạc	濼	0	
bạc	簿	0	
bạc	礴	0	
bạch	白	0	
bạch	帛	0	
bạch	迫	0	
bạch	𨒹	0	
bạch	铂	0	
bạch	鉑	0	
bại	败	0	
bại	敗	0	
bại	𪤄	0	
bại	𡏯	0	
bại	𡓁	0	
bạn	伴	0	
bạn	拌	0	
bạn	绊	0	
bạn	怑	0	
bạn	泮	0	
bạn	叛	0	
bạn	柈	0	
bạn	畔	0	
bạn	𠴞	0	
bạn	絆	0	
bạn	魬	0	
bạng	蚌	0	
bạng	𧉻	0	
bạng	蜯	0	
bạnh	病	0	
bạnh	𪽲	0	
bạo	抱	0	
bạo	袌	0	
bạo	雹	0	
bạo	暴	0	
bạo	爆	0	
bạp	柉	0	
bạt	茇	0	
bạt	拔	0	
bạt	拨	0	
bạt	紱	0	
bạt	跋	0	
bạt	弼	0	
bạt	䥽	0	
bạt	鈸	0	
bạt	鲅	0	
bạt	鮁	0	
bạt	鼥	0	
bạu	倍	0	
bạu	偣	0	
bạu	㖣	0	
bả	𠇕	0	
bả	把	0	
bả	爸	0	
bả	𥸿	0	
bả	粑	0	
bả	跁	0	
bả	跛	0	
bả	靶	0	
bả	𩨜	0	
bả	𨁩	0	
bả	欛	0	
bải	𨇑	0	
bản	本	0	
bản	阪	0	
bản	岅	0	
bản	𢪱	0	
bản	扳	0	
bản	坂	0	
bản	板	0	
bản	版	0	
bản	𡊖	0	
bản	钣	0	
bản	舨	0	
bản	鈑	0	
bảng	版	0	
bảng	绑	0	
bảng	綁	0	
bảng	搒	0	
bảng	牓	0	
bảng	榜	0	
bảng	镑	0	
bảng	鎊	0	
bảnh	抦	0	
bảnh	秉	0	
bảnh	炤	0	
bảnh	炳	0	
bảnh	𬙵	0	
bảnh	𫅚	0	
bảo	宝	0	
bảo	泡	0	
bảo	保	0	
bảo	𠶓	0	
bảo	堡	0	
bảo	葆	0	
bảo	𠸒	0	
bảo	褓	0	
bảo	鴇	0	
bảo	寳	0	
bảo	寶	0	
bảu	𠸒	0	
bảy	𦉱	0	
bảy	罢	0	
bảy	罷	0	
bảy	𠤩	0	
bấc	北	0	
bấc	苝	0	
bấc	𫕡	0	
bấc	𬊴	0	
bấm	禁	0	
bấm	禀	0	
bấm	稟	0	
bấm	𢶸	0	
bấm	𡀫	0	
bấm	𡀀	0	
bấn	绊	0	
bấn	絆	0	
bấn	𪨄	0	
bấn	鬂	0	
bấp	乏	0	
bất	不	0	
bất	抔	0	
bất	潷	0	
bấu	否	0	
bấu	𪜢	0	
bấu	保	0	
bấu	𠸒	0	
bấu	㨐	0	
bấu	搆	0	
bấu	𬋳	0	
bấu	𢺔	0	
bấy	闭	0	
bấy	卑	0	
bấy	罢	0	
bấy	閉	0	
bấy	悲	0	
bấy	碑	0	
bấy	罷	0	
bầm	𫲃	0	
bầm	𦡣	0	
bầm	𬆸	0	
bần	贫	0	
bần	貧	0	
bần	𢠈	0	
bầng	怦	0	
bầng	泙	0	
bầng	𤇊	0	
bầng	旁	0	
bầng	蓬	0	
bầu	抔	0	
bầu	泡	0	
bầu	咆	0	
bầu	垉	0	
bầu	保	0	
bầu	匏	0	
bầu	裒	0	
bầu	蔀	0	
bầu	辏	0	
bầu	瓢	0	
bầu	輳	0	
bầu	䕯	0	
bầy	皮	0	
bầy	俳	0	
bầy	排	0	
bầy	悲	0	
bầy	𠍣	0	
bẩm	禀	0	
bẩm	稟	0	
bẩm	𡀫	0	
bẩn	𠄯	0	
bẩn	泍	0	
bẩn	泮	0	
bẩn	𣵲	0	
bẩn	𬇸	0	
bẩn	𬉂	0	
bẩn	𪷪	0	
bẩn	鬂	0	
bẩn	瀵	0	
bẩy	摆	0	
bẩy	𠤩	0	
bẩy	襬	0	
bẫm	𦚖	0	
bẫng	𢀫	0	
bẫu	瓿	0	
bẫu	𧧀	0	
bẫy	𠙣	0	
bẫy	𦋕	0	
bẫy	𣘓	0	
bẫy	𪳴	0	
bẫy	擺	0	
bẫy	𣞻	0	
bẫy	𣡯	0	
bậc	北	0	
bậc	𨸾	0	
bậc	偪	0	
bậc	匐	0	
bậc	𨀈	0	
bậc	幅	0	
bậc	弼	0	
bậc	堛	0	
bậc	𨄑	0	
bậc	𫂨	0	
bậm	𡒄	0	
bậm	壈	0	
bận	半	0	
bận	伴	0	
bận	𢏑	0	
bận	绊	0	
bận	泮	0	
bận	𥾽	0	
bận	彬	0	
bận	絆	0	
bận	捹	0	
bận	遍	0	
bận	𦁂	0	
bập	𠰏	0	
bập	潗	0	
bật	苾	0	
bật	弼	0	
bậu	倍	0	
bậu	裒	0	
bậu	蔀	0	
bậu	𧔙	0	
bậy	丕	0	
bậy	败	0	
bậy	呸	0	
bậy	敗	0	
bậy	𪦚	0	
bắc	北	0	
bắc	𢫣	0	
bắn	半	0	
bắn	伴	0	
bắn	扳	0	
bắn	𪪻	0	
bắn	拌	0	
bắn	𢏑	0	
bắn	𬑰	0	
bắn	鉡	0	
bắn	𢐊	0	
bắn	𨉠	0	
bắn	𪧻	0	
bắn	𡭉	0	
bắng	绷	0	
bắng	綳	0	
bắng	繃	0	
bắp	法	0	
bắp	𣔟	0	
bắp	𥟼	0	
bắt	八	0	
bắt	扒	0	
bắt	抔	0	
bắt	捌	0	
bắt	𫐴	0	
bắt	𫐾	0	
bằn	怦	0	
bằn	弼	0	
bằng	冯	0	
bằng	平	0	
bằng	朋	0	
bằng	凭	0	
bằng	甭	0	
bằng	棚	0	
bằng	評	0	
bằng	馮	0	
bằng	鹏	0	
bằng	𫷚	0	
bằng	凴	0	
bằng	憑	0	
bằng	錋	0	
bằng	鵬	0	
bẳm	砭	0	
bẳm	禀	0	
bẳm	稟	0	
bẳn	𢪱	0	
bẳn	扳	0	
bẳn	㤓	0	
bẳn	怑	0	
bẳn	𢠈	0	
bẳng	平	0	
bẵm	砭	0	
bẵm	𤢤	0	
bẵm	𢶸	0	
bẵng	朋	0	
bẵng	凭	0	
bẵng	滂	0	
bặc	卜	0	
bặc	匐	0	
bặc	𦹣	0	
bặc	踣	0	
bặc	𨄑	0	
bặm	禀	0	
bặm	稟	0	
bặm	𠏟	0	
bặm	𤢤	0	
bặm	𡀫	0	
bặng	平	0	
bặng	𠶉	0	
bặp	𠰏	0	
bặt	別	0	
bặt	拨	0	
bặt	拔	0	
bặt	匐	0	
bặt	弼	0	
bẹ	备	0	
bẹ	梐	0	
bẹ	備	0	
bẹ	𠹯	0	
bẹ	瓣	0	
bẹn	𫆘	0	
bẹn	胼	0	
bẹn	辨	0	
bẹo	表	0	
bẹo	暴	0	
bẹo	㩧	0	
bẹp	抸	0	
bẹp	𠰏	0	
bẹp	𧊉	0	
bẹp	𠻅	0	
bẹp	𫣱	0	
bẹp	㩹	0	
bẹt	別	0	
bẹt	𪺤	0	
bẻ	把	0	
bẻ	披	0	
bẻ	𬌱	0	
bẻ	𠶎	0	
bẻ	𢯏	0	
bẻm	𠷨	0	
bẻm	𠹰	0	
bẻm	𬜎	0	
bẻo	表	0	
bẻo	𠶓	0	
bẽ	狓	0	
bẽ	彼	0	
bẽ	𠳝	0	
bẽ	㤳	0	
bẽ	啚	0	
bẽ	𢜢	0	
bẽ	鄙	0	
bẽ	蜱	0	
bẽn	扁	0	
bẽn	惼	0	
bẽn	𪭀	0	
bẽo	莩	0	
bẽo	殍	0	
bế	闭	0	
bế	𫆝	0	
bế	閉	0	
bế	𢲾	0	
bế	𦟼	0	
bế	嬖	0	
bến	变	0	
bến	𣷷	0	
bến	𡍣	0	
bến	變	0	
bến	𡔖	0	
bến	𤅶	0	
bến	𥘂	0	
bếp	灶	0	
bếp	𤇮	0	
bếp	点	0	
bết	別	0	
bết	𡌀	0	
bề	皮	0	
bề	佊	0	
bề	𪤻	0	
bề	鼙	0	
bền	骈	0	
bền	𥑃	0	
bền	𥾽	0	
bền	駢	0	
bền	𥘂	0	
bềnh	泙	0	
bềnh	萍	0	
bều	𤃛	0	
bể	波	0	
bể	彼	0	
bể	坤	0	
bể	𣷭	0	
bể	𥓳	0	
bễ	彼	0	
bễ	桮	0	
bễ	𣔓	0	
bễ	睥	0	
bễ	髀	0	
bễ	𫖽	0	
bễu	莩	0	
bệ	陛	0	
bệ	被	0	
bệ	狴	0	
bệ	梐	0	
bệ	薜	0	
bệch	胉	0	
bệch	壁	0	
bệch	璧	0	
bện	抃	0	
bện	绊	0	
bện	𥾽	0	
bện	絆	0	
bện	辮	0	
bệnh	病	0	
bệt	別	0	
bệu	𦟵	0	
bỉ	比	0	
bỉ	佊	0	
bỉ	彼	0	
bỉ	秕	0	
bỉ	粃	0	
bỉ	啚	0	
bỉ	鄙	0	
bỉnh	秉	0	
bỉnh	炳	0	
bỉnh	眪	0	
bị	备	0	
bị	被	0	
bị	俻	0	
bị	𪝌	0	
bị	紴	0	
bị	惫	0	
bị	備	0	
bị	鞁	0	
bị	憊	0	
bị	鞴	0	
bịa	碑	0	
bịa	𫫢	0	
bịa	𡀠	0	
bịa	𬣈	0	
bịch	擗	0	
bịch	壁	0	
bịch	甓	0	
bịch	璧	0	
bịch	𢸵	0	
bịn	𥾽	0	
bịn	瓢	0	
bịnh	病	0	
bịp	𠰏	0	
bịp	䒦	0	
bịp	𪀐	0	
bịt	別	0	
bịt	𢃉	0	
bịt	捌	0	
bịt	𤿱	0	
bịt	𠣶	0	
bịt	𦖇	0	
bịt	𨧢	0	
bịu	褓	0	
bọ	步	0	
bọ	蜅	0	
bọ	𧌂	0	
bọ	𦟋	0	
bọ	𧏳	0	
bọ	𧐾	0	
bọc	仆	0	
bọc	𫃚	0	
bọc	僕	0	
bọc	襆	0	
bọc	𥼜	0	
bọc	𦄾	0	
bọc	纀	0	
bọn	伴	0	
bọn	呠	0	
bọn	𦏓	0	
bọn	𪨠	0	
bọng	俸	0	
bọng	淎	0	
bọng	䏾	0	
bọng	棒	0	
bọng	𣻈	0	
bọp	𢯒	0	
bọt	浡	0	
bọt	渤	0	
bỏ	补	0	
bỏ	捕	0	
bỏ	悑	0	
bỏ	補	0	
bỏ	𠬃	0	
bỏ	𠬕	0	
bỏ	𠬖	0	
bỏi	𪔡	0	
bỏi	𬥪	0	
bỏm	呠	0	
bỏm	𡀫	0	
bỏm	𡀀	0	
bỏn	𫋑	0	
bỏng	疱	0	
bỏng	𤊡	0	
bỏng	𣻈	0	
bố	布	0	
bố	甫	0	
bố	佈	0	
bố	怖	0	
bố	𢂞	0	
bố	捕	0	
bố	悑	0	
bốc	卜	0	
bốc	𣱶	0	
bốc	扑	0	
bốc	𥃨	0	
bốc	𧴤	0	
bốc	蔔	0	
bốc	襆	0	
bốc	㯷	0	
bốc	𡃒	0	
bốc	蹼	0	
bốc	⺊	0	
bối	贝	0	
bối	貝	0	
bối	背	0	
bối	钡	0	
bối	梖	0	
bối	揹	0	
bối	辈	0	
bối	𦁀	0	
bối	蓓	0	
bối	鋇	0	
bối	輩	0	
bốm	𦷩	0	
bốn	本	0	
bốn	奔	0	
bốn	𦊚	0	
bống	俸	0	
bống	𩸮	0	
bống	𩺨	0	
bốp	抸	0	
bốp	𠶙	0	
bốp	𢯒	0	
bồ	补	0	
bồ	匍	0	
bồ	浦	0	
bồ	哺	0	
bồ	耙	0	
bồ	菩	0	
bồ	補	0	
bồ	葡	0	
bồ	蒲	0	
bồ	𥮉	0	
bồ	𥎉	0	
bồ	䈬	0	
bồ	𪇨	0	
bồi	抔	0	
bồi	背	0	
bồi	倍	0	
bồi	陪	0	
bồi	培	0	
bồi	徘	0	
bồi	掊	0	
bồi	焙	0	
bồi	赔	0	
bồi	𥟍	0	
bồi	锫	0	
bồi	褙	0	
bồi	裴	0	
bồi	賠	0	
bồi	錇	0	
bồn	盆	0	
bồn	㖹	0	
bồn	𢞂	0	
bồn	葐	0	
bồn	湓	0	
bồng	芃	0	
bồng	捧	0	
bồng	蓬	0	
bồng	摓	0	
bồng	塳	0	
bồng	𢲵	0	
bồng	篷	0	
bồng	𤂧	0	
bồng	𢸚	0	
bồng	𣠑	0	
bổ	补	0	
bổ	捕	0	
bổ	補	0	
bổ	𧻷	0	
bổi	背	0	
bổi	培	0	
bổi	𥺎	0	
bổi	𢊫	0	
bổn	夯	0	
bổn	本	0	
bổn	畚	0	
bổn	笨	0	
bổng	俸	0	
bổng	捧	0	
bổng	棒	0	
bổng	𫠷	0	
bổng	𩙹	0	
bỗ	哺	0	
bỗng	俸	0	
bỗng	𠺭	0	
bộ	步	0	
bộ	钚	0	
bộ	𫴼	0	
bộ	捕	0	
bộ	部	0	
bộ	哺	0	
bộ	鈈	0	
bộ	簿	0	
bộc	仆	0	
bộc	朴	0	
bộc	𣅃	0	
bộc	𥃨	0	
bộc	钋	0	
bộc	釙	0	
bộc	䨔	0	
bộc	僕	0	
bộc	𣾴	0	
bộc	暴	0	
bộc	濮	0	
bộc	襆	0	
bộc	瀑	0	
bộc	𦄾	0	
bộc	曝	0	
bộc	纀	0	
bội	佩	0	
bội	苝	0	
bội	背	0	
bội	悖	0	
bội	珮	0	
bội	倍	0	
bội	焙	0	
bội	蓓	0	
bội	𢲾	0	
bộn	本	0	
bộn	坌	0	
bộn	㤓	0	
bộn	𫯐	0	
bộn	𦁂	0	
bộn	𡖱	0	
bộng	奉	0	
bộng	菶	0	
bộng	棒	0	
bộp	𠶙	0	
bột	孛	0	
bột	勃	0	
bột	侼	0	
bột	饽	0	
bột	悖	0	
bột	浡	0	
bột	荸	0	
bột	哱	0	
bột	挬	0	
bột	桲	0	
bột	脖	0	
bột	渤	0	
bột	鹁	0	
bột	𥹸	0	
bột	餑	0	
bột	鵓	0	
bớ	叭	0	
bớ	咟	0	
bớ	𪡈	0	
bớ	𡃓	0	
bới	捭	0	
bới	㗑	0	
bới	𢱎	0	
bới	𫴵	0	
bới	𪽝	0	
bới	𤳄	0	
bới	𤳷	0	
bới	𤳸	0	
bớn	半	0	
bớp	抸	0	
bớp	𩶟	0	
bớt	叭	0	
bớt	扒	0	
bớt	抔	0	
bớt	𤴭	0	
bớt	𣼪	0	
bớt	𤁙	0	
bờ	皮	0	
bờ	披	0	
bờ	坡	0	
bời	披	0	
bời	罢	0	
bời	排	0	
bời	牌	0	
bời	𢱎	0	
bời	罷	0	
bời	𫄐	0	
bờm	𣭛	0	
bờm	砭	0	
bở	彼	0	
bở	𠴙	0	
bở	啚	0	
bởi	罢	0	
bởi	罷	0	
bởi	𪽝	0	
bởi	𤳄	0	
bởi	𤳷	0	
bởi	𤳸	0	
bỡ	把	0	
bỡ	被	0	
bỡ	𠳝	0	
bỡ	𢤛	0	
bỡn	版	0	
bỡn	㤓	0	
bỡn	怑	0	
bỡn	胖	0	
bợ	备	0	
bợ	被	0	
bợ	備	0	
bợ	播	0	
bợ	簿	0	
bợm	乏	0	
bợm	姂	0	
bợm	𠇖	0	
bợm	𪥻	0	
bợm	𫱑	0	
bợm	𠍥	0	
bợn	泮	0	
bợn	𣵲	0	
bợn	湲	0	
bợp	𩬪	0	
bợt	叭	0	
bợt	𦫘	0	
bụ	哺	0	
bụ	𫯵	0	
bụa	步	0	
bụa	倍	0	
bụa	𡝃	0	
bục	㯷	0	
bụi	垻	0	
bụi	倍	0	
bụi	培	0	
bụi	𣻃	0	
bụi	蓓	0	
bụi	𡏧	0	
bụi	𣼯	0	
bụi	𦹷	0	
bụi	𣾾	0	
bụm	禀	0	
bụm	稟	0	
bụm	𢶸	0	
bụng	俸	0	
bụng	䏾	0	
bụt	孛	0	
bụt	侼	0	
bụt	荸	0	
bụt	桲	0	
bụt	𪣽	0	
bụt	𠍤	0	
bủa	补	0	
bủa	捕	0	
bủa	𥿠	0	
bủa	補	0	
bủa	䋠	0	
bủm	𣱭	0	
bủn	本	0	
bủn	𡭦	0	
bủn	㤓	0	
bủng	䏾	0	
bủng	𤷰	0	
bứa	栢	0	
bức	偪	0	
bức	揊	0	
bức	皕	0	
bức	逼	0	
bức	幅	0	
bức	堛	0	
bức	愊	0	
bức	辐	0	
bức	煏	0	
bức	蝠	0	
bức	踾	0	
bức	輻	0	
bứng	挷	0	
bứng	榜	0	
bứt	抔	0	
bừa	耙	0	
bừa	耚	0	
bừng	平	0	
bừng	怦	0	
bừng	明	0	
bừng	泙	0	
bừng	𤇊	0	
bừng	𪰓	0	
bừng	旁	0	
bừng	評	0	
bừng	𬊠	0	
bừng	蓬	0	
bừng	𪹚	0	
bửa	把	0	
bửa	𩛷	0	
bửa	𨧆	0	
bửa	𠠉	0	
bửng	板	0	
bửng	榜	0	
bửu	宝	0	
bửu	保	0	
bửu	㨐	0	
bửu	寶	0	
bữa	否	0	
bữa	把	0	
bữa	𠳝	0	
bữa	栢	0	
bữa	𣇊	0	
bữa	𩛷	0	
bự	被	0	
bựa	把	0	
bựa	𠳝	0	
bựa	𠻋	0	
bựa	𡃓	0	
bựa	𭈜	0	
bực	北	0	
bực	偪	0	
bực	域	0	
bực	逼	0	
bực	堛	0	
bực	愊	0	
bực	踾	0	
bựng	垹	0	
ca	尕	0	
ca	轧	0	
ca	旮	0	
ca	钆	0	
ca	迦	0	
ca	軋	0	
ca	釓	0	
ca	尜	0	
ca	𦨜	0	
ca	哥	0	
ca	袈	0	
ca	喀	0	
ca	𣖚	0	
ca	嘎	0	
ca	歌	0	
ca	䔅	0	
cai	陔	0	
cai	侅	0	
cai	该	0	
cai	荄	0	
cai	垓	0	
cai	赅	0	
cai	颏	0	
cai	賅	0	
cai	該	0	
cai	頦	0	
cam	甘	0	
cam	泔	0	
cam	坩	0	
cam	柑	0	
cam	疳	0	
can	干	0	
can	肝	0	
can	杆	0	
can	竿	0	
can	乾	0	
cang	亢	0	
cang	刚	0	
cang	㧏	0	
cang	钢	0	
cang	缸	0	
cang	剛	0	
cang	罡	0	
cang	掆	0	
cang	釭	0	
cang	鋼	0	
canh	更	0	
canh	庚	0	
canh	经	0	
canh	畊	0	
canh	埂	0	
canh	耕	0	
canh	粳	0	
canh	經	0	
canh	𥓷	0	
canh	賡	0	
canh	羮	0	
canh	鶊	0	
cao	高	0	
cao	皋	0	
cao	羔	0	
cao	皐	0	
cao	髙	0	
cao	臯	0	
cao	槔	0	
cao	膏	0	
cao	睾	0	
cao	熇	0	
cao	槹	0	
cao	橰	0	
cao	糕	0	
cao	翱	0	
cao	篙	0	
cao	𥢐	0	
cao	餻	0	
cau	枸	0	
cau	皋	0	
cau	皐	0	
cau	槔	0	
cau	榚	0	
cau	槁	0	
cau	槹	0	
cau	橰	0	
cau	𥢐	0	
cau	𫑯	0	
cay	荄	0	
cay	咳	0	
cay	𠹽	0	
cay	𡀲	0	
cay	𨢟	0	
cay	𨐮	0	
cay	𫐝	0	
cha	乍	0	
cha	吒	0	
cha	诈	0	
cha	咋	0	
cha	𤕔	0	
cha	𬏨	0	
cha	詐	0	
chai	齐	0	
chai	𥑂	0	
chai	齊	0	
cham	斟	0	
chan	奸	0	
chan	荘	0	
chan	莊	0	
chan	真	0	
chan	振	0	
chan	滇	0	
chan	𬞕	0	
chang	江	0	
chang	荘	0	
chang	莊	0	
chang	真	0	
chang	𣆮	0	
chang	𬇧	0	
chang	粧	0	
chang	𤑈	0	
chanh	争	0	
chanh	张	0	
chanh	征	0	
chanh	爭	0	
chanh	柾	0	
chanh	棦	0	
chanh	張	0	
chanh	𣔥	0	
chanh	徵	0	
chanh	橙	0	
chao	招	0	
chao	洲	0	
chao	挍	0	
chao	焯	0	
chao	嘲	0	
chau	朱	0	
chau	邹	0	
chau	邾	0	
chau	荘	0	
chau	洙	0	
chau	咮	0	
chau	莊	0	
chau	珠	0	
chau	𤶎	0	
chau	𥅲	0	
chau	鄒	0	
chau	𠺾	0	
chau	罩	0	
chau	𬎹	0	
chay	齐	0	
chay	斋	0	
chay	斎	0	
chay	𣙮	0	
chay	齋	0	
chay	𡄡	0	
che	支	0	
che	𨑤	0	
che	枝	0	
che	𠴜	0	
che	𩂏	0	
che	𫑃	0	
chem	占	0	
chem	沾	0	
chem	蛄	0	
chen	扦	0	
chen	杆	0	
chen	𢫔	0	
chen	毡	0	
chen	真	0	
chen	𧿐	0	
chen	擅	0	
chen	𢷆	0	
chen	邅	0	
chen	氈	0	
chen	羶	0	
chen	𨆁	0	
chen	V+60966	0	
cheng	棦	0	
cheo	召	0	
cheo	招	0	
cheo	㹦	0	
cheo	𠰉	0	
cheo	𬦪	0	
cheo	撩	0	
chi	之	0	
chi	支	0	
chi	卮	0	
chi	芝	0	
chi	吱	0	
chi	巵	0	
chi	枝	0	
chi	肢	0	
chi	栀	0	
chi	胝	0	
chi	脂	0	
chi	梔	0	
chi	嗞	0	
chi	搘	0	
chi	𩿨	0	
chia	支	0	
chia	技	0	
chia	𬨟	0	
chia	𢺺	0	
chia	枝	0	
chia	𢺹	0	
chim	占	0	
chim	𪀄	0	
chim	𫚳	0	
chinh	征	0	
chinh	怔	0	
chinh	𦙫	0	
chinh	钲	0	
chinh	鉦	0	
chinh	徵	0	
chiu	招	0	
chiu	昭	0	
chiu	𠶅	0	
chiêm	占	0	
chiêm	佔	0	
chiêm	苫	0	
chiêm	呫	0	
chiêm	拈	0	
chiêm	𫀅	0	
chiêm	䀡	0	
chiêm	砧	0	
chiêm	秥	0	
chiêm	粘	0	
chiêm	詹	0	
chiêm	碪	0	
chiêm	㙴	0	
chiêm	噡	0	
chiêm	霑	0	
chiêm	瞻	0	
chiêm	襜	0	
chiêm	韂	0	
chiên	专	0	
chiên	毡	0	
chiên	𪵚	0	
chiên	𦍫	0	
chiên	專	0	
chiên	煎	0	
chiên	邅	0	
chiên	氈	0	
chiên	氊	0	
chiên	颤	0	
chiên	羶	0	
chiên	顫	0	
chiêng	征	0	
chiêng	𦙫	0	
chiêng	钲	0	
chiêng	𠸩	0	
chiêng	鉦	0	
chiêng	徵	0	
chiêng	𨨨	0	
chiêu	钊	0	
chiêu	招	0	
chiêu	昭	0	
chiêu	釗	0	
chiêu	鉊	0	
chiêu	𢢅	0	
chiì	持	0	
chiếc	只	0	
chiếc	隻	0	
chiếc	䑾	0	
chiếm	占	0	
chiếm	佔	0	
chiếm	苫	0	
chiếm	揕	0	
chiến	战	0	
chiến	戰	0	
chiến	𧂁	0	
chiếng	正	0	
chiếng	𠰪	0	
chiếng	政	0	
chiếng	𦭒	0	
chiếp	呫	0	
chiếp	𪠺	0	
chiếp	𠽃	0	
chiếp	慴	0	
chiếp	𫌇	0	
chiếp	襵	0	
chiết	折	0	
chiết	析	0	
chiết	浙	0	
chiết	淛	0	
chiết	蜇	0	
chiết	摺	0	
chiết	䱑	0	
chiếu	召	0	
chiếu	诏	0	
chiếu	炤	0	
chiếu	昭	0	
chiếu	𤇧	0	
chiếu	詔	0	
chiếu	照	0	
chiếu	𥴜	0	
chiếu	𬡰	0	
chiếu	𥵕	0	
chiền	传	0	
chiền	傳	0	
chiền	廛	0	
chiền	蹍	0	
chiền	纒	0	
chiềng	呈	0	
chiềng	𠴔	0	
chiều	𫠧	0	
chiều	朝	0	
chiều	潮	0	
chiều	𪤾	0	
chiều	嘲	0	
chiều	𢢅	0	
chiều	廛	0	
chiều	𣊿	0	
chiều	𣋂	0	
chiều	𣎢	0	
chiểu	沼	0	
chiện	便	0	
chiện	𪁃	0	
chiệp	褶	0	
chiệu	召	0	
chiờn	𪵚	0	
cho	朱	0	
cho	咮	0	
cho	渚	0	
choa	朱	0	
choai	追	0	
choai	𡮓	0	
choai	𫷤	0	
choai	騅	0	
choai	繸	0	
choang	张	0	
choang	𤈛	0	
choang	淳	0	
choang	張	0	
choang	𨭒	0	
choang	𨭏	0	
choe	啜	0	
choe	𣾵	0	
choi	制	0	
choi	椎	0	
choi	𧏴	0	
choi	𪅧	0	
chon	村	0	
chon	终	0	
chon	終	0	
chon	敦	0	
chon	㨯	0	
chon	墩	0	
chon	嶟	0	
chong	终	0	
chong	𢫝	0	
chong	炵	0	
chong	𤇩	0	
chong	終	0	
chong	𢴋	0	
chong	𤍑	0	
choài	淮	0	
choàng	払	0	
choàng	絖	0	
choàng	幢	0	
choành	𨁎	0	
choá	𠺦	0	
choác	㭬	0	
choác	𠺷	0	
choác	𣘌	0	
choác	㗱	0	
choái	厔	0	
choái	𨁘	0	
choán	准	0	
choán	準	0	
choán	𠿶	0	
choán	篡	0	
choáng	胱	0	
choáng	𤶏	0	
choáng	𤶜	0	
choáng	𢲜	0	
choáng	幛	0	
choáng	𨡈	0	
choáng	𨡧	0	
choã	锁	0	
choã	鎖	0	
choãi	扯	0	
choãi	𨁘	0	
choè	𦴶	0	
choè	𪄦	0	
choèn	专	0	
choèn	專	0	
choé	啜	0	
choét	拙	0	
choét	𣾵	0	
choóng	桶	0	
choạc	𠺷	0	
choạc	𨄃	0	
choạc	𫸍	0	
choạc	𫸐	0	
choại	𨁘	0	
choại	繸	0	
choạng	𨡧	0	
choạng	𨆒	0	
choải	𨁘	0	
choảng	𢶥	0	
choắt	拙	0	
choắt	捉	0	
choẹ	鋖	0	
choẹt	𣾵	0	
chu	卅	0	
chu	朱	0	
chu	舟	0	
chu	州	0	
chu	邹	0	
chu	周	0	
chu	邾	0	
chu	𤝹	0	
chu	株	0	
chu	硃	0	
chu	週	0	
chu	鄒	0	
chu	蛛	0	
chua	朱	0	
chua	注	0	
chua	咮	0	
chua	洙	0	
chua	洛	0	
chua	珠	0	
chua	註	0	
chua	𢟐	0	
chua	䣷	0	
chui	推	0	
chui	堆	0	
chui	𨄺	0	
chui	𩠱	0	
chui	𩠳	0	
chui	𥩉	0	
chum	坫	0	
chum	炶	0	
chum	墫	0	
chum	𡑓	0	
chum	𡓯	0	
chun	墫	0	
chung	终	0	
chung	𢫝	0	
chung	柊	0	
chung	盅	0	
chung	钟	0	
chung	悰	0	
chung	終	0	
chung	鈡	0	
chung	蔠	0	
chung	鍾	0	
chung	螽	0	
chung	𧑆	0	
chung	鐘	0	
chuy	隹	0	
chuy	淄	0	
chuy	萑	0	
chuy	鎚	0	
chuy	騅	0	
chuyên	专	0	
chuyên	转	0	
chuyên	䏝	0	
chuyên	耑	0	
chuyên	砖	0	
chuyên	專	0	
chuyên	剸	0	
chuyên	膞	0	
chuyên	颛	0	
chuyên	甎	0	
chuyên	磚	0	
chuyên	𦉊	0	
chuyên	轉	0	
chuyên	顓	0	
chuyến	专	0	
chuyến	传	0	
chuyến	转	0	
chuyến	战	0	
chuyến	專	0	
chuyến	傳	0	
chuyến	戰	0	
chuyến	轉	0	
chuyếnh	𨠣	0	
chuyết	拙	0	
chuyết	炪	0	
chuyết	啜	0	
chuyết	棁	0	
chuyết	腏	0	
chuyết	辍	0	
chuyết	敪	0	
chuyết	輟	0	
chuyền	传	0	
chuyền	转	0	
chuyền	傳	0	
chuyền	轉	0	
chuyển	转	0	
chuyển	轉	0	
chuyển	囀	0	
chuyện	𧘇	0	
chuyện	传	0	
chuyện	傳	0	
chuyện	意	0	
chuyện	𡀯	0	
chuá	主	0	
chuôi	洡	0	
chuôi	槌	0	
chuôi	摧	0	
chuôi	槯	0	
chuôi	𣙯	0	
chuôm	潹	0	
chuôm	𣛧	0	
chuông	鍾	0	
chuông	鐘	0	
chuông	𬬐	0	
chuý	惴	0	
chuất	绌	0	
chuất	茁	0	
chuất	絀	0	
chuẩn	隼	0	
chuẩn	准	0	
chuẩn	準	0	
chuẩn	榫	0	
chuẩn	𣛜	0	
chuật	怵	0	
chuế	缀	0	
chuế	綴	0	
chuế	贅	0	
chuếnh	𨠣	0	
chuốc	卒	0	
chuốc	织	0	
chuốc	祝	0	
chuốc	聀	0	
chuốc	酌	0	
chuốc	职	0	
chuốc	𠺷	0	
chuốc	織	0	
chuốc	職	0	
chuốc	𬉤	0	
chuối	荎	0	
chuối	𣑳	0	
chuối	桎	0	
chuối	胵	0	
chuối	𬝉	0	
chuối	棳	0	
chuối	腏	0	
chuối	槯	0	
chuối	樶	0	
chuối	𩸯	0	
chuối	V+606B9	0	
chuốn	准	0	
chuốn	準	0	
chuốt	拙	0	
chuốt	炪	0	
chuốt	淬	0	
chuốt	捽	0	
chuốt	率	0	
chuồn	存	0	
chuồn	𨒸	0	
chuồn	𧋃	0	
chuồn	窜	0	
chuồn	竄	0	
chuồn	𧓆	0	
chuồng	𫭅	0	
chuồng	框	0	
chuồng	栫	0	
chuồng	𡈈	0	
chuồng	𡈡	0	
chuồng	𡈩	0	
chuỗi	缀	0	
chuỗi	𦀵	0	
chuỗi	綴	0	
chuỗi	𫡍	0	
chuỗi	𥣽	0	
chuỗi	𫡎	0	
chuỗi	𠁻	0	
chuộc	属	0	
chuộc	赎	0	
chuộc	屬	0	
chuộc	贖	0	
chuộng	尚	0	
chuộng	尙	0	
chuộng	重	0	
chuộng	𢝆	0	
chuộng	喠	0	
chuộng	𫱪	0	
chuộng	𡮶	0	
chuộng	𡮵	0	
chuộng	𫖦	0	
chuột	𤝞	0	
chuụp	執	0	
chuỳ	捶	0	
chuỳ	椎	0	
chuỳ	搥	0	
chuỳ	槌	0	
chuỳ	锤	0	
chuỳ	锥	0	
chuỳ	錐	0	
chuỳ	錘	0	
chuỳ	鎚	0	
chuỷ	匕	0	
chuỷ	粃	0	
chuỷ	匙	0	
chuỷ	觜	0	
chuỷ	徵	0	
chuỷ	嘴	0	
chà	吒	0	
chà	柁	0	
chà	茶	0	
chà	㭼	0	
chà	搽	0	
chà	𣗪	0	
chà	𨃓	0	
chà	鯺	0	
chà	鷋	0	
chài	才	0	
chài	䊷	0	
chài	𦨑	0	
chài	𥾒	0	
chài	𩵝	0	
chài	𦄴	0	
chàm	占	0	
chàm	沈	0	
chàm	蓝	0	
chàm	𪷞	0	
chàm	藍	0	
chàm	𣞎	0	
chàm	𣠩	0	
chàng	払	0	
chàng	𧛇	0	
chàng	䗅	0	
chàng	幢	0	
chàng	撞	0	
chàng	𧑆	0	
chành	梗	0	
chào	朝	0	
chào	嘲	0	
chàu	招	0	
chày	来	0	
chày	迟	0	
chày	來	0	
chày	迡	0	
chày	杵	0	
chày	持	0	
chày	𣖖	0	
chày	𪲻	0	
chày	𣖗	0	
chày	遲	0	
chày	𣙮	0	
chày	𨃉	0	
chày	𩹭	0	
chá	吒	0	
chá	炙	0	
chá	咋	0	
chá	柘	0	
chá	痄	0	
chá	锗	0	
chá	鍺	0	
chác	角	0	
chác	卓	0	
chác	啄	0	
chác	啅	0	
chác	琢	0	
chác	喙	0	
chác	棹	0	
chách	只	0	
chách	咋	0	
chách	隻	0	
chách	㗱	0	
chái	厔	0	
chái	𢈖	0	
chái	斎	0	
chán	旦	0	
chán	振	0	
chán	𠺲	0	
chán	𢤟	0	
chán	𡃹	0	
chán	𢥇	0	
cháng	降	0	
cháng	𣈚	0	
cháng	幛	0	
cháng	鱆	0	
chánh	正	0	
chánh	政	0	
chánh	𦭒	0	
chánh	𧣠	0	
cháo	𥹙	0	
cháo	粩	0	
cháo	粥	0	
cháo	𥺊	0	
cháp	箚	0	
chát	札	0	
chát	质	0	
chát	貭	0	
chát	𠹗	0	
chát	質	0	
chát	𨐷	0	
chát	𨐿	0	
cháu	孙	0	
cháu	𡥙	0	
cháu	𫲤	0	
cháu	沼	0	
cháu	孫	0	
cháu	𫲰	0	
cháu	𭛤	0	
cháy	𪸔	0	
cháy	炽	0	
cháy	𤈜	0	
cháy	熾	0	
cháy	𩶪	0	
cháy	𩺧	0	
châm	𠛌	0	
châm	针	0	
châm	拈	0	
châm	針	0	
châm	砧	0	
châm	椹	0	
châm	斟	0	
châm	箴	0	
châm	鍼	0	
châm	䥠	0	
chân	眞	0	
chân	真	0	
chân	甄	0	
chân	搷	0	
chân	蹎	0	
châu	卅	0	
châu	朱	0	
châu	舟	0	
châu	州	0	
châu	周	0	
châu	咮	0	
châu	洲	0	
châu	舡	0	
châu	舩	0	
châu	陳	0	
châu	珠	0	
châu	株	0	
châu	硃	0	
châu	週	0	
châu	鸼	0	
châu	蛛	0	
châu	㑳	0	
châu	鮉	0	
châu	鵃	0	
chây	斋	0	
chây	齋	0	
chã	诸	0	
chã	渚	0	
chã	𣼫	0	
chã	𣾻	0	
chã	諸	0	
chã	𤀞	0	
chão	找	0	
chão	绍	0	
chão	紹	0	
chão	𧊌	0	
chão	𥿣	0	
chão	𦄹	0	
chè	茶	0	
chè	𦷨	0	
chè	𤯊	0	
chè	𫉕	0	
chè	𥻹	0	
chèn	𢷹	0	
chèn	躔	0	
chèo	招	0	
chèo	掉	0	
chèo	棹	0	
chèo	𣖞	0	
chèo	嘲	0	
chèo	𢴿	0	
chèo	𣛨	0	
chèo	𩻹	0	
ché	𡍘	0	
ché	𬎭	0	
ché	𪨛	0	
ché	𫵨	0	
chém	𫥸	0	
chém	㓠	0	
chém	𠛤	0	
chém	𪟂	0	
chém	斩	0	
chém	剑	0	
chém	斬	0	
chém	劍	0	
chém	𡃍	0	
chén	盏	0	
chén	盞	0	
chén	𡓥	0	
chén	𡃹	0	
chén	𥗜	0	
chéo	召	0	
chéo	袑	0	
chéo	湥	0	
chéo	𧝨	0	
chép	𪠺	0	
chép	啧	0	
chép	剳	0	
chép	劄	0	
chép	箚	0	
chép	𠽃	0	
chép	嘖	0	
chép	鮿	0	
chép	𩺗	0	
chét	折	0	
chét	哳	0	
chét	紥	0	
chét	𧋺	0	
chét	𧋍	0	
chét	𦄃	0	
chê	支	0	
chê	吱	0	
chêm	拈	0	
chêm	袩	0	
chêm	襜	0	
chênh	正	0	
chênh	征	0	
chênh	崢	0	
chênh	𦲵	0	
chênh	徵	0	
chênh	邅	0	
chênh	𫤎	0	
chì	持	0	
chì	鈘	0	
chì	𨦥	0	
chì	𨨲	0	
chìa	匙	0	
chìa	鈙	0	
chìa	鈘	0	
chìa	𠸽	0	
chìa	𢹌	0	
chìm	沉	0	
chìm	沈	0	
chình	征	0	
chình	埕	0	
chình	徵	0	
chình	𩶝	0	
chình	𩸵	0	
chí	至	0	
chí	志	0	
chí	挚	0	
chí	贽	0	
chí	鸷	0	
chí	蛭	0	
chí	痣	0	
chí	𧋺	0	
chí	疐	0	
chí	誌	0	
chí	摯	0	
chí	踬	0	
chí	𤴡	0	
chí	𩶪	0	
chí	贄	0	
chí	識	0	
chí	躓	0	
chí	鷙	0	
chích	只	0	
chích	折	0	
chích	炙	0	
chích	泽	0	
chích	刺	0	
chích	隻	0	
chích	跖	0	
chích	摭	0	
chích	鹡	0	
chích	澤	0	
chích	蹠	0	
chích	鶺	0	
chích	𩹹	0	
chích	𬷩	0	
chích	𪅥	0	
chích	𪇪	0	
chím	占	0	
chím	呫	0	
chín	𢒂	0	
chín	㐱	0	
chín	𫡦	0	
chín	𠃩	0	
chín	𤇪	0	
chín	熟	0	
chín	𤒙	0	
chính	正	0	
chính	政	0	
chính	酲	0	
chíp	𢩾	0	
chíp	折	0	
chíp	𪠺	0	
chíp	𠽃	0	
chít	折	0	
chít	哳	0	
chít	哲	0	
chít	揗	0	
chít	𦄃	0	
chít	𡂒	0	
chít	㩫	0	
chíu	𠰉	0	
chò	朱	0	
chò	校	0	
chò	株	0	
chòi	𢬗	0	
chòi	椎	0	
chòi	𥴛	0	
chòi	𢋬	0	
chòm	呫	0	
chòm	𫇳	0	
chòm	移	0	
chòm	笘	0	
chòm	𥬧	0	
chòm	𥱱	0	
chòng	㤏	0	
chòng	呫	0	
chòng	湩	0	
chòng	𧰜	0	
chó	犬	0	
chó	犾	0	
chó	㹥	0	
chó	𤝹	0	
chó	𤠚	0	
chó	𦢞	0	
chóc	祝	0	
chói	𤈜	0	
chói	𠺦	0	
chói	𣉴	0	
chói	樶	0	
chói	熶	0	
chóng	𪭮	0	
chóng	㨂	0	
chóng	𨖼	0	
chóng	𬩓	0	
chóng	𢶢	0	
chóng	𨄞	0	
chóng	𫏢	0	
chóng	𨙛	0	
chóp	𡼈	0	
chóp	䉅	0	
chóp	𩅀	0	
chóp	𩮿	0	
chót	拙	0	
chót	卒	0	
chót	捽	0	
chót	啐	0	
chót	崒	0	
chót	𣖛	0	
chót	𩫛	0	
chôm	苫	0	
chôm	𣚽	0	
chôm	橬	0	
chôn	村	0	
chôn	墫	0	
chông	弄	0	
chông	拥	0	
chông	蔠	0	
chông	𪳘	0	
chông	䈺	0	
chõ	朱	0	
chõ	𡊲	0	
chõ	𠰍	0	
chõ	注	0	
chõ	拄	0	
chõ	𫼠	0	
chõ	𪨚	0	
chõ	𡓇	0	
chõm	呫	0	
chõn	准	0	
chõng	宋	0	
chõng	种	0	
chõng	重	0	
chõng	梇	0	
chõng	偅	0	
chõng	種	0	
chõng	榻	0	
chõng	𥵾	0	
chù	朱	0	
chù	𤝹	0	
chù	啁	0	
chù	厨	0	
chù	廚	0	
chù	𪻋	0	
chùa	厨	0	
chùa	㕑	0	
chùa	廚	0	
chùa	闘	0	
chùi	𢬗	0	
chùi	𣑳	0	
chùi	𢹉	0	
chùm	呫	0	
chùm	𫇳	0	
chùm	森	0	
chùn	𠱜	0	
chùn	尊	0	
chùng	虫	0	
chùng	𦙸	0	
chùng	𦇮	0	
chùng	𮈉	0	
chú	𬣣	0	
chú	住	0	
chú	诅	0	
chú	咒	0	
chú	㹥	0	
chú	注	0	
chú	昼	0	
chú	炷	0	
chú	疰	0	
chú	晝	0	
chú	蛀	0	
chú	註	0	
chú	铸	0	
chú	詛	0	
chú	鋳	0	
chú	澍	0	
chú	鑄	0	
chúa	主	0	
chúc	祝	0	
chúc	烛	0	
chúc	铸	0	
chúc	属	0	
chúc	粥	0	
chúc	鋳	0	
chúc	嘱	0	
chúc	瞩	0	
chúc	𨃷	0	
chúc	燭	0	
chúc	屬	0	
chúc	鬻	0	
chúc	灟	0	
chúc	囑	0	
chúc	矚	0	
chúi	咥	0	
chúi	𫠮	0	
chúi	捶	0	
chúi	跮	0	
chúm	呫	0	
chúm	點	0	
chúm	𡆖	0	
chúng	众	0	
chúng	眾	0	
chúng	衆	0	
chúng	𨖙	0	
chút	出	0	
chút	拙	0	
chút	卒	0	
chút	㤕	0	
chút	𪨀	0	
chút	𡭧	0	
chút	𡭱	0	
chút	𡭲	0	
chút	祝	0	
chút	𫵀	0	
chút	𡮇	0	
chút	啐	0	
chút	𡮍	0	
chút	𢮬	0	
chút	悴	0	
chút	𪨃	0	
chăm	占	0	
chăm	针	0	
chăm	沾	0	
chăm	𫂷	0	
chăm	針	0	
chăm	𢟙	0	
chăm	𫃋	0	
chăm	𥊀	0	
chăm	鍼	0	
chăm	𢤝	0	
chăm	𥍒	0	
chăn	真	0	
chăn	搷	0	
chăn	𤛇	0	
chăn	𧜖	0	
chăn	𢅬	0	
chăn	𩝻	0	
chăng	丕	0	
chăng	庄	0	
chăng	庒	0	
chăng	张	0	
chăng	𠲕	0	
chăng	張	0	
chăng	𫽄	0	
chĩa	𢶾	0	
chĩnh	埩	0	
chĩnh	埕	0	
chĩnh	𫄺	0	
chĩnh	整	0	
chĩnh	𡓟	0	
chĩu	沼	0	
chũa	牲	0	
chũa	𤖸	0	
chũi	跮	0	
chũm	枕	0	
chũm	鸩	0	
chũm	朕	0	
chũm	𠶍	0	
chũm	鴆	0	
chũm	𨫇	0	
chũm	𣞅	0	
chũn	𦡤	0	
chơ	加	0	
chơ	诸	0	
chơ	諸	0	
chơi	支	0	
chơi	台	0	
chơi	制	0	
chơi	挃	0	
chơi	𠶜	0	
chơi	𨔈	0	
chơm	𩬑	0	
chư	诸	0	
chư	猪	0	
chư	諸	0	
chư	鯺	0	
chưa	朱	0	
chưa	诸	0	
chưa	猪	0	
chưa	渚	0	
chưa	𣗓	0	
chưa	諸	0	
chưa	豬	0	
chưa	𤀞	0	
chưa	𬚍	0	
chưa	𬄞	0	
chưa	𣜾	0	
chưa	𣠕	0	
chưa	𣠖	0	
chưn	蹎	0	
chưng	烝	0	
chưng	蒸	0	
chưng	㴥	0	
chưng	徵	0	
chương	张	0	
chương	胀	0	
chương	章	0	
chương	張	0	
chương	脹	0	
chương	獐	0	
chương	嫜	0	
chương	彰	0	
chương	樟	0	
chương	璋	0	
chương	蟑	0	
chương	麞	0	
chước	勺	0	
chước	妁	0	
chước	杓	0	
chước	灼	0	
chước	斫	0	
chước	酌	0	
chước	著	0	
chước	硳	0	
chước	焯	0	
chước	箸	0	
chước	缴	0	
chước	𫍍	0	
chước	繳	0	
chướng	张	0	
chướng	胀	0	
chướng	張	0	
chướng	脹	0	
chướng	障	0	
chướng	嶂	0	
chướng	瘴	0	
chườm	𤉠	0	
chường	呈	0	
chường	𠴔	0	
chường	悜	0	
chưởi	𠯽	0	
chưởng	仉	0	
chưởng	掌	0	
chạ	乍	0	
chạ	诈	0	
chạ	咋	0	
chạ	䖳	0	
chạ	詐	0	
chạ	藉	0	
chạ	𡁽	0	
chạc	啅	0	
chạc	鋜	0	
chạc	镯	0	
chạc	櫂	0	
chạc	戳	0	
chạc	鐯	0	
chạc	鐲	0	
chạch	宅	0	
chạch	坧	0	
chạch	䖳	0	
chạch	𧋇	0	
chạch	𩶱	0	
chạch	𩺢	0	
chạch	𩹹	0	
chạm	𫼜	0	
chạm	𠝻	0	
chạm	揕	0	
chạm	湛	0	
chạm	凿	0	
chạm	𢵺	0	
chạm	錾	0	
chạm	踸	0	
chạm	𪮻	0	
chạm	鏨	0	
chạm	鑿	0	
chạn	𣗑	0	
chạng	𣈚	0	
chạng	𩕆	0	
chạng	贑	0	
chạnh	郑	0	
chạnh	𫺫	0	
chạnh	鄭	0	
chạnh	踸	0	
chạnh	𢤜	0	
chạo	招	0	
chạo	𦚔	0	
chạo	鮉	0	
chạp	腊	0	
chạp	𣎖	0	
chạp	臘	0	
chạy	豸	0	
chạy	𧼌	0	
chạy	𬦳	0	
chạy	𧼋	0	
chạy	𨂼	0	
chả	炙	0	
chả	啫	0	
chả	渚	0	
chả	𫆢	0	
chả	鲊	0	
chả	𤌄	0	
chả	𬛃	0	
chả	稼	0	
chả	𤀞	0	
chả	鮓	0	
chả	𠁙	0	
chả	鮺	0	
chả	鯺	0	
chả	𪃲	0	
chả	𪃙	0	
chải	止	0	
chải	扯	0	
chải	豸	0	
chải	沚	0	
chải	𦃀	0	
chảm	針	0	
chảng	降	0	
chảng	贑	0	
chảo	早	0	
chảo	𨥿	0	
chảo	𨧪	0	
chảy	沚	0	
chảy	𬈰	0	
chấm	占	0	
chấm	枕	0	
chấm	点	0	
chấm	砧	0	
chấm	㴨	0	
chấm	點	0	
chấm	蘸	0	
chấn	振	0	
chấn	震	0	
chấp	汁	0	
chấp	𢩾	0	
chấp	执	0	
chấp	𪠺	0	
chấp	執	0	
chấp	𠽃	0	
chấp	𢴇	0	
chấp	𤎒	0	
chấp	𫌇	0	
chấp	褶	0	
chấp	襵	0	
chất	屹	0	
chất	质	0	
chất	厔	0	
chất	郅	0	
chất	貭	0	
chất	蛭	0	
chất	锧	0	
chất	膣	0	
chất	質	0	
chất	劕	0	
chất	𡂒	0	
chất	𤁩	0	
chất	鑕	0	
chất	V+607F1	0	
chấu	奏	0	
chấu	䖡	0	
chấu	蛀	0	
chấu	蛁	0	
chấu	𧋀	0	
chấu	𧍌	0	
chấu	𧎝	0	
chấu	蘸	0	
chấy	𤈜	0	
chấy	蛭	0	
chấy	𧋺	0	
chầm	占	0	
chầm	寻	0	
chầm	尋	0	
chầm	斟	0	
chần	尘	0	
chần	陈	0	
chần	陳	0	
chần	塵	0	
chầu	朝	0	
chầu	𠎫	0	
chầu	𨗛	0	
chầy	迟	0	
chầy	迡	0	
chầy	持	0	
chầy	遲	0	
chầy	𡂙	0	
chẩm	枕	0	
chẩm	怎	0	
chẩn	㐱	0	
chẩn	诊	0	
chẩn	胗	0	
chẩn	轸	0	
chẩn	怎	0	
chẩn	袗	0	
chẩn	疹	0	
chẩn	畛	0	
chẩn	赈	0	
chẩn	軫	0	
chẩn	診	0	
chẩn	缜	0	
chẩn	賑	0	
chẩn	縝	0	
chẩng	拯	0	
chẩu	朱	0	
chẩu	咮	0	
chẩu	𠶕	0	
chẩy	沚	0	
chẫm	酖	0	
chẫm	踸	0	
chẫu	蛁	0	
chẫu	𧋀	0	
chẫu	蛛	0	
chẫu	蛰	0	
chẫu	𧍌	0	
chẫu	蟄	0	
chẫu	𧐼	0	
chậm	鸩	0	
chậm	啿	0	
chậm	鴆	0	
chậm	踸	0	
chận	阵	0	
chận	陣	0	
chận	振	0	
chận	镇	0	
chận	鎮	0	
chập	习	0	
chập	执	0	
chập	泣	0	
chập	習	0	
chập	執	0	
chập	蛰	0	
chập	𪮞	0	
chập	蟄	0	
chật	帙	0	
chật	秩	0	
chật	踬	0	
chật	𡒻	0	
chật	躓	0	
chậu	沼	0	
chậu	𡊱	0	
chậu	𡎣	0	
chậu	𦈽	0	
chậu	𫵥	0	
chậu	𤭷	0	
chậu	𡔍	0	
chắc	则	0	
chắc	昃	0	
chắc	质	0	
chắc	结	0	
chắc	則	0	
chắc	祝	0	
chắc	聀	0	
chắc	貭	0	
chắc	职	0	
chắc	結	0	
chắc	𠺵	0	
chắc	𢟘	0	
chắc	質	0	
chắc	職	0	
chắc	軄	0	
chắm	枕	0	
chắn	振	0	
chắn	𪩔	0	
chắn	镇	0	
chắn	鎮	0	
chắng	𪭽	0	
chắp	及	0	
chắp	𢩾	0	
chắp	扱	0	
chắp	执	0	
chắp	招	0	
chắp	拾	0	
chắp	執	0	
chắp	插	0	
chắp	𢴇	0	
chắp	𦄌	0	
chắt	质	0	
chắt	揗	0	
chắt	𠹗	0	
chắt	質	0	
chắt	𡂒	0	
chắt	㩫	0	
chắt	𡦫	0	
chằm	占	0	
chằm	忱	0	
chằm	沈	0	
chằm	沉	0	
chằm	𢭽	0	
chằm	𢲥	0	
chằm	𣗒	0	
chằn	陈	0	
chằn	陳	0	
chằn	𤠶	0	
chằn	𤛇	0	
chằng	庄	0	
chằng	庒	0	
chằng	𦀐	0	
chằng	𤠶	0	
chằng	𦁢	0	
chẳm	枕	0	
chẳng	丕	0	
chẳng	庄丶	0	
chẳng	庄	0	
chẳng	丞	0	
chẳng	庒	0	
chẳng	亟	0	
chẳng	拯	0	
chẳng	𫽄	0	
chẵn	轸	0	
chẵn	振	0	
chẵn	軫	0	
chẵn	提	0	
chặm	揕	0	
chặm	𣻁	0	
chặn	阵	0	
chặn	尽	0	
chặn	陣	0	
chặn	拯	0	
chặn	振	0	
chặn	提	0	
chặn	盡	0	
chặng	拯	0	
chặp	执	0	
chặp	扱	0	
chặp	執	0	
chặp	蛰	0	
chặp	蟄	0	
chặt	质	0	
chặt	突	0	
chặt	秩	0	
chặt	𥾛	0	
chặt	揗	0	
chặt	𠞠	0	
chặt	锧	0	
chặt	𪮞	0	
chặt	質	0	
chặt	劕	0	
chặt	㩫	0	
chặt	鑕	0	
chẹ	䊼	0	
chẹn	𢸢	0	
chẹo	召	0	
chẹt	折	0	
chẻ	止	0	
chẻ	技	0	
chẻ	扯	0	
chẻ	𢯙	0	
chẻ	𨨪	0	
chẻm	㓠	0	
chẻm	鲇	0	
chẻm	鮎	0	
chẻn	𧝧	0	
chẻng	掙	0	
chẽ	扯	0	
chẽ	䊼	0	
chẽ	製	0	
chẽn	展	0	
chẽn	𧟀	0	
chế	吱	0	
chế	制	0	
chế	𠶜	0	
chế	製	0	
chế	𨨪	0	
chếch	只	0	
chếch	聀	0	
chếch	隻	0	
chếch	职	0	
chếch	𣉲	0	
chếch	職	0	
chếch	𣄥	0	
chếnh	正	0	
chếnh	𨠣	0	
chếp	𬏧	0	
chết	折	0	
chết	找	0	
chết	𣩁	0	
chết	𣩂	0	
chề	支	0	
chề	迟	0	
chề	迡	0	
chề	痆	0	
chề	提	0	
chề	滯	0	
chề	遲	0	
chểnh	整	0	
chễm	占	0	
chễm	呫	0	
chễm	𡓢	0	
chễu	占	0	
chệ	治	0	
chệ	篆	0	
chệch	只	0	
chệch	折	0	
chệch	隻	0	
chệch	掷	0	
chệch	篆	0	
chệch	擲	0	
chện	𧂁	0	
chệnh	篆	0	
chệnh	整	0	
chỉ	止	0	
chỉ	只	0	
chỉ	阯	0	
chỉ	旨	0	
chỉ	芷	0	
chỉ	扯	0	
chỉ	扺	0	
chỉ	纸	0	
chỉ	址	0	
chỉ	沚	0	
chỉ	帋	0	
chỉ	祇	0	
chỉ	衹	0	
chỉ	咫	0	
chỉ	恉	0	
chỉ	指	0	
chỉ	枳	0	
chỉ	脂	0	
chỉ	䊼	0	
chỉ	秪	0	
chỉ	䇛	0	
chỉ	紙	0	
chỉ	茝	0	
chỉ	砥	0	
chỉ	隻	0	
chỉ	趾	0	
chỉ	𥿗	0	
chỉ	黹	0	
chỉ	酯	0	
chỉ	跐	0	
chỉ	滓	0	
chỉ	躇	0	
chỉa	䤠	0	
chỉm	呫	0	
chỉm	砧	0	
chỉn	㐱	0	
chỉnh	整	0	
chỉu	炤	0	
chị	姉	0	
chị	姊	0	
chị	肺	0	
chịa	鈘	0	
chịt	折	0	
chịu	召	0	
chịu	招	0	
chịu	受	0	
chịu	𠹾	0	
chịu	𠺥	0	
chọc	浊	0	
chọc	祝	0	
chọc	𠺷	0	
chọc	𢴊	0	
chọc	濁	0	
chọc	𨫈	0	
chọc	𢹅	0	
chọc	矗	0	
chọi	挃	0	
chọi	跮	0	
chọi	𨀤	0	
chọi	㩡	0	
chọi	𧥃	0	
chọi	𩠵	0	
chọn	论	0	
chọn	𢮪	0	
chọn	𪮙	0	
chọn	論	0	
chọn	撰	0	
chọn	𫾗	0	
chọn	䠣	0	
chọt	𡊲	0	
chọt	捽	0	
chọt	啐	0	
chỏ	拄	0	
chỏ	指	0	
chỏ	𦙴	0	
chỏ	撸	0	
chỏ	擼	0	
chỏi	姪	0	
chỏm	枕	0	
chỏm	𫗹	0	
chỏm	𩮿	0	
chỏng	种	0	
chỏng	偅	0	
chỏng	種	0	
chỏng	𥵾	0	
chốc	祝	0	
chốc	𤹙	0	
chối	咥	0	
chối	啜	0	
chối	嘬	0	
chối	嚉	0	
chốn	坉	0	
chốn	准	0	
chốn	準	0	
chốn	撰	0	
chống	证	0	
chống	𪭮	0	
chống	挵	0	
chống	証	0	
chống	𢶢	0	
chống	證	0	
chốt	卒	0	
chốt	椊	0	
chốt	䱣	0	
chồ	𡊲	0	
chồi	𣑳	0	
chồi	䒹	0	
chồi	槯	0	
chồi	𦾣	0	
chồm	跕	0	
chồm	𨇸	0	
chồn	屯	0	
chồn	㹠	0	
chồn	𤞐	0	
chồn	𦛊	0	
chồn	𤶐	0	
chồng	重	0	
chồng	𫯳	0	
chồng	𫯰	0	
chồng	𠽚	0	
chồng	𥔧	0	
chồng	𨤯	0	
chổi	帚	0	
chổi	咥	0	
chổi	䇛	0	
chổi	筙	0	
chổi	䒹	0	
chổi	箒	0	
chổi	𥶲	0	
chổi	𭘒	0	
chổm	跕	0	
chổm	𨅺	0	
chổn	准	0	
chổng	种	0	
chổng	偅	0	
chổng	種	0	
chổng	𥵾	0	
chỗ	𡊲	0	
chỗ	祖	0	
chỗ	𡺐	0	
chỗ	𣗿	0	
chỗ	𡓇	0	
chỗi	㑍	0	
chỗi	跮	0	
chỗi	𠐞	0	
chỗm	跕	0	
chỗm	𨃵	0	
chộn	撰	0	
chộp	执	0	
chộp	𢩾	0	
chộp	捉	0	
chộp	執	0	
chộp	𢴊	0	
chột	𥄵	0	
chột	捽	0	
chột	椊	0	
chột	𥈳	0	
chớ	咀	0	
chớ	诸	0	
chớ	渚	0	
chớ	𤈪	0	
chớ	䐗	0	
chớ	諸	0	
chớ	𤀞	0	
chớ	𠤆	0	
chớ	𠤌	0	
chới	制	0	
chới	𨔈	0	
chới	𤈪	0	
chới	𤋽	0	
chớm	拈	0	
chớm	𠠭	0	
chớn	𡻗	0	
chớp	执	0	
chớp	𥅿	0	
chớp	執	0	
chớp	𤎒	0	
chớp	𣊎	0	
chớp	𥊝	0	
chớp	𩅀	0	
chớp	𮦉	0	
chớt	质	0	
chớt	質	0	
chớt	𡂒	0	
chờ	朱	0	
chờ	除	0	
chờ	徐	0	
chờ	𣇞	0	
chờ	渚	0	
chờ	蜍	0	
chờ	𪡷	0	
chờ	䟻	0	
chờn	𫯳	0	
chờn	廛	0	
chờn	𤒲	0	
chở	䢐	0	
chở	诸	0	
chở	𫽖	0	
chở	渚	0	
chở	𬨱	0	
chở	𨔾	0	
chở	𬩅	0	
chở	翥	0	
chở	𡪦	0	
chở	諸	0	
chở	𩅻	0	
chởm	崭	0	
chởm	𡹟	0	
chởm	嶄	0	
chởm	𥕌	0	
chởm	鍼	0	
chởm	𫓏	0	
chợ	助	0	
chợ	𢄂	0	
chợp	𢩾	0	
chợp	执	0	
chợp	𥅿	0	
chợp	執	0	
chợp	𢴇	0	
chợp	𥊝	0	
chợp	臘	0	
chợt	直	0	
chợt	卒	0	
chợt	突	0	
chợt	眣	0	
chợt	秩	0	
chợt	跌	0	
chợt	𡂒	0	
chụ	注	0	
chụ	炷	0	
chục	妯	0	
chục	柚	0	
chục	逐	0	
chục	蚰	0	
chục	𨔿	0	
chục	𠦹	0	
chụm	笘	0	
chụm	跕	0	
chụm	揕	0	
chụm	𥱱	0	
chụp	执	0	
chụp	執	0	
chụp	𨄴	0	
chụt	卒	0	
chụt	𠶯	0	
chụt	啐	0	
chủ	丶	0	
chủ	主	0	
chủ	𠰍	0	
chủ	注	0	
chủ	枓	0	
chủ	拄	0	
chủ	麈	0	
chủa	主	0	
chủn	准	0	
chủn	準	0	
chủng	肿	0	
chủng	种	0	
chủng	冡	0	
chủng	偅	0	
chủng	喠	0	
chủng	腫	0	
chủng	種	0	
chủng	踵	0	
chủng	𥵾	0	
chứ	诸	0	
chứ	渚	0	
chứ	諸	0	
chứ	𠹲	0	
chứ	著	0	
chứa	贮	0	
chứa	诸	0	
chứa	渚	0	
chứa	貯	0	
chứa	翥	0	
chứa	諸	0	
chứa	踷	0	
chứa	𦼥	0	
chứa	𤀞	0	
chứa	𥢳	0	
chứa	躇	0	
chứa	𧸓	0	
chức	织	0	
chức	聀	0	
chức	𥿗	0	
chức	职	0	
chức	𦀗	0	
chức	織	0	
chức	職	0	
chứng	证	0	
chứng	症	0	
chứng	証	0	
chứng	瘴	0	
chứng	證	0	
chứng	癥	0	
chừ	除	0	
chừ	𣇞	0	
chừa	除	0	
chừa	徐	0	
chừng	证	0	
chừng	烝	0	
chừng	証	0	
chừng	惩	0	
chừng	蒸	0	
chừng	澄	0	
chừng	懲	0	
chừng	證	0	
chử	杵	0	
chử	渚	0	
chử	楮	0	
chử	煮	0	
chử	煑	0	
chử	褚	0	
chử	翥	0	
chử	𤀞	0	
chửa	媎	0	
chửa	渚	0	
chửa	𦍺	0	
chửa	䐗	0	
chửa	𫲬	0	
chửa	𪦜	0	
chửa	𪳼	0	
chửa	𣜾	0	
chửa	𤁛	0	
chửa	𡤊	0	
chửa	𣠕	0	
chửa	𣠖	0	
chửi	𠯽	0	
chửi	𪴾	0	
chửng	拯	0	
chửng	𫫷	0	
chửu	箒	0	
chữ	宁	0	
chữ	字	0	
chữ	𫿰	0	
chữ	𫳘	0	
chữ	渚	0	
chữ	𡨸	0	
chữ	𡦂	0	
chữa	助	0	
chữa	抒	0	
chữa	𦔳	0	
chữa	渚	0	
chữa	𫦵	0	
chữa	𡪇	0	
chữa	𬛒	0	
chữa	𢵻	0	
chữa	𧸓	0	
chững	证	0	
chững	拯	0	
chững	証	0	
chững	𨅰	0	
chững	證	0	
chực	直	0	
chực	𫹦	0	
co	抓	0	
co	㧓	0	
co	孤	0	
co	姑	0	
co	枯	0	
co	𢯐	0	
co	𨔌	0	
co	𢮩	0	
co	𧿼	0	
co	觚	0	
co	𨂗	0	
coi	占	0	
coi	𫀅	0	
coi	嵬	0	
coi	𩲡	0	
coi	䁛	0	
coi	𫀢	0	
coi	𥋳	0	
con	昆	0	
con	𡥵	0	
cong	弓	0	
cong	工	0	
cong	𡉎	0	
cong	圮	0	
cong	𡉖	0	
cong	缸	0	
cong	𦈣	0	
cong	𢏢	0	
cong	𢏣	0	
cong	𣒳	0	
cong	釭	0	
cong	𧋄	0	
coong	工	0	
coóc	𧣳	0	
coóc	𬢗	0	
coóng	槓	0	
cu	俱	0	
cu	鸲	0	
cu	蚼	0	
cu	鴝	0	
cua	姑	0	
cua	蛄	0	
cua	蛌	0	
cua	𧍆	0	
cua	𧍏	0	
cua	蠏	0	
cui	𣔞	0	
cun	𪂳	0	
cung	弓	0	
cung	工	0	
cung	邛	0	
cung	卭	0	
cung	空	0	
cung	供	0	
cung	宫	0	
cung	烘	0	
cung	宮	0	
cung	恭	0	
cung	躬	0	
cung	筇	0	
cung	跫	0	
cuông	光	0	
cuông	宫	0	
cuả	𧶮	0	
cuốc	國	0	
cuốc	掬	0	
cuốc	脚	0	
cuốc	锔	0	
cuốc	腳	0	
cuốc	蝈	0	
cuốc	鋦	0	
cuốc	𨨠	0	
cuốc	蟈	0	
cuốc	𨫵	0	
cuốc	鵴	0	
cuốc	𪅦	0	
cuốc	𫛐	0	
cuối	会	0	
cuối	季	0	
cuối	𪭯	0	
cuối	桧	0	
cuối	會	0	
cuối	𡳃	0	
cuối	𡳜	0	
cuối	𢶒	0	
cuối	檜	0	
cuối	𣞄	0	
cuối	𨆝	0	
cuối	𡳳	0	
cuối	𨭗	0	
cuốn	卷	0	
cuốn	捲	0	
cuốn	眷	0	
cuốn	睠	0	
cuốn	𫡌	0	
cuống	况	0	
cuống	逛	0	
cuống	𫈃	0	
cuống	𧋵	0	
cuống	誑	0	
cuống	𨁨	0	
cuống	𬞷	0	
cuồn	滚	0	
cuồn	𪷧	0	
cuồng	狂	0	
cuổi	桧	0	
cuổi	檜	0	
cuổn	𬦸	0	
cuộc	局	0	
cuội	侩	0	
cuội	桧	0	
cuội	𬒊	0	
cuội	儈	0	
cuội	檜	0	
cuội	𥖩	0	
cuộn	卷	0	
cuộn	衮	0	
cuộn	捃	0	
cuộn	倦	0	
cuộn	淃	0	
cuộn	捲	0	
cuộn	袞	0	
cuộn	綣	0	
cuộn	滾	0	
cuộn	𦄣	0	
cà	其	0	
cà	咖	0	
cà	茄	0	
cà	袈	0	
cà	𫈥	0	
cà	𪲾	0	
cà	𣖚	0	
cà	歌	0	
cà	蜞	0	
cà	𣘁	0	
cà	𬞢	0	
cà	䔅	0	
cà	鎶	0	
cà	𫉸	0	
cài	㧡	0	
cài	掑	0	
cài	𢱙	0	
cài	瘸	0	
càn	干	0	
càn	菫	0	
càn	乾	0	
càn	𠼳	0	
càn	㨴	0	
càng	強	0	
càng	强	0	
càng	𪨈	0	
càng	彊	0	
càng	𫋙	0	
cành	更	0	
cành	挭	0	
cành	梗	0	
cành	𡙴	0	
cào	皋	0	
cào	搞	0	
cào	𢲵	0	
cào	觏	0	
cào	镐	0	
cào	𧎸	0	
cào	覯	0	
cào	檺	0	
cào	鎬	0	
càu	苟	0	
càu	𥬉	0	
càu	笱	0	
cày	其	0	
cày	掑	0	
cày	𫀵	0	
cày	𦓿	0	
cá	个	0	
cá	亇	0	
cá	𠮶	0	
cá	個	0	
cá	𫙏	0	
cá	箇	0	
cá	𩵜	0	
các	各	0	
các	阁	0	
các	𬮤	0	
các	铬	0	
các	搁	0	
các	閣	0	
các	閤	0	
các	鉻	0	
các	擱	0	
cách	肐	0	
cách	革	0	
cách	挌	0	
cách	咯	0	
cách	鬲	0	
cách	格	0	
cách	胳	0	
cách	硌	0	
cách	隔	0	
cách	蛒	0	
cách	嗝	0	
cách	觡	0	
cách	滆	0	
cách	膈	0	
cách	骼	0	
cách	镉	0	
cách	鎘	0	
cái	丐	0	
cái	匃	0	
cái	𫡔	0	
cái	该	0	
cái	钙	0	
cái	個	0	
cái	盖	0	
cái	鈣	0	
cái	摡	0	
cái	蓋	0	
cái	該	0	
cái	戤	0	
cái	槩	0	
cái	𡡇	0	
cái	𡣨	0	
cám	绀	0	
cám	敢	0	
cám	紺	0	
cám	感	0	
cám	𥼲	0	
cám	𥽇	0	
cám	V+60473	0	
cán	干	0	
cán	杆	0	
cán	桿	0	
cán	骭	0	
cán	幹	0	
cán	榦	0	
cán	擀	0	
cán	檊	0	
cáng	伉	0	
cáng	纲	0	
cáng	杭	0	
cáng	𫆥	0	
cáng	綱	0	
cánh	更	0	
cánh	勁	0	
cánh	哽	0	
cánh	挭	0	
cánh	竟	0	
cánh	梗	0	
cánh	𦑃	0	
cánh	𫅩	0	
cáo	告	0	
cáo	吿	0	
cáo	诰	0	
cáo	哠	0	
cáo	𤞺	0	
cáo	梏	0	
cáo	锆	0	
cáo	誥	0	
cáo	鋯	0	
cáp	甲	0	
cáp	合	0	
cáp	押	0	
cáp	哈	0	
cáp	鸽	0	
cáp	铪	0	
cáp	蛤	0	
cáp	𫎖	0	
cáp	鉿	0	
cáp	𨉣	0	
cáp	鴿	0	
cáp	𮈔	0	
cát	吉	0	
cát	佶	0	
cát	洁	0	
cát	𡋥	0	
cát	桔	0	
cát	秸	0	
cát	割	0	
cát	葛	0	
cát	𢲞	0	
cát	𣻅	0	
cát	𪶼	0	
cát	㮮	0	
cát	㵧	0	
cát	𡑪	0	
cáu	告	0	
cáu	吿	0	
cáu	呴	0	
cáu	逅	0	
cáu	垢	0	
cáu	𬈉	0	
cáu	𢞄	0	
cáu	㗕	0	
cáu	𡒫	0	
cáy	𢗡	0	
cáy	𧉝	0	
cáy	𢚲	0	
cáy	猉	0	
cáy	𦞍	0	
cáy	𧑂	0	
câm	今	0	
câm	钅	0	
câm	汵	0	
câm	釒	0	
câm	金	0	
câm	衾	0	
câm	唫	0	
câm	惍	0	
câm	㦗	0	
câm	噤	0	
câm	襟	0	
câm	𡅧	0	
cân	巾	0	
cân	斤	0	
cân	荕	0	
cân	䘜	0	
cân	觔	0	
cân	筋	0	
cân	靳	0	
cân	跟	0	
câng	疆	0	
câu	勹	0	
câu	勾	0	
câu	句	0	
câu	抅	0	
câu	佝	0	
câu	沟	0	
câu	泃	0	
câu	拘	0	
câu	钩	0	
câu	痀	0	
câu	阄	0	
câu	鸲	0	
câu	俱	0	
câu	鈎	0	
câu	鳩	0	
câu	㗕	0	
câu	鉤	0	
câu	𩾛	0	
câu	溝	0	
câu	褠	0	
câu	駒	0	
câu	篝	0	
câu	鴝	0	
câu	𪀊	0	
câu	鼩	0	
câu	齁	0	
câu	鞲	0	
câu	鬮	0	
cây	荄	0	
cây	核	0	
cây	𣘃	0	
cãi	改	0	
cãi	𠳚	0	
cãi	𠴜	0	
cãi	𠲹	0	
cãi	唤	0	
cãi	喚	0	
cò	孤	0	
cò	蛌	0	
cò	𨂗	0	
cò	𬷊	0	
cò	瞿	0	
cò	𪂮	0	
cò	𫛈	0	
cò	𪂯	0	
cò	𪂲	0	
cò	鸜	0	
còi	孤	0	
còi	嵬	0	
còi	𩲡	0	
còi	𧥇	0	
còi	𥶯	0	
còm	膁	0	
còm	𦟉	0	
còm	臁	0	
còn	哙	0	
còn	群	0	
còn	羣	0	
còn	噲	0	
còn	𫲳	0	
còng	穷	0	
còng	𢏣	0	
còng	躬	0	
còng	拲	0	
còng	𣌶	0	
còng	𪽱	0	
còng	𧋄	0	
còng	𬛉	0	
còng	鉷	0	
còng	窮	0	
còng	𣍗	0	
còng	𧔚	0	
còng	𧸺	0	
có	个	0	
có	古	0	
có	固	0	
có	故	0	
có	箇	0	
có	𣎏	0	
cóc	㭲	0	
cóc	𧋉	0	
cói	荟	0	
cói	桧	0	
cói	蒐	0	
cói	𦷭	0	
cói	薈	0	
cói	檜	0	
cón	群	0	
cón	𫤠	0	
cóng	贡	0	
cóng	貢	0	
cóng	𠗸	0	
cóp	合	0	
cóp	级	0	
cóp	哈	0	
cóp	给	0	
cóp	級	0	
cóp	給	0	
cót	咭	0	
cót	𥱪	0	
cót	𬗁	0	
cô	估	0	
cô	姑	0	
cô	沽	0	
cô	苦	0	
cô	孤	0	
cô	苽	0	
cô	轱	0	
cô	鸪	0	
cô	蛄	0	
cô	逭	0	
cô	菰	0	
cô	菇	0	
cô	辜	0	
cô	觚	0	
cô	軲	0	
cô	箍	0	
cô	鴣	0	
côi	孤	0	
côi	槶	0	
côi	𡦶	0	
côi	𪧄	0	
côn	昆	0	
côn	崑	0	
côn	裈	0	
côn	棍	0	
côn	琨	0	
côn	鹍	0	
côn	褌	0	
côn	緄	0	
côn	鲲	0	
côn	鵾	0	
côn	鯤	0	
công	工	0	
công	公	0	
công	功	0	
công	攻	0	
công	蚣	0	
công	釭	0	
công	䲨	0	
công	䲲	0	
côông	工	0	
cõi	𡎝	0	
cõi	揆	0	
cõi	𡑭	0	
cõi	𨇒	0	
cõng	拱	0	
cõng	𬛀	0	
cõng	𧶯	0	
cù	𡵺	0	
cù	求	0	
cù	虬	0	
cù	劬	0	
cù	虯	0	
cù	拘	0	
cù	岣	0	
cù	虮	0	
cù	枸	0	
cù	鸲	0	
cù	埧	0	
cù	樛	0	
cù	鴝	0	
cù	瞿	0	
cù	鼩	0	
cù	臞	0	
cù	氍	0	
cù	癯	0	
cù	蠷	0	
cù	衢	0	
cù	蠼	0	
cù	鸜	0	
cùi	㽿	0	
cùi	𪽵	0	
cùi	儈	0	
cùi	𢶟	0	
cùi	癞	0	
cùi	癩	0	
cùi	𪇋	0	
cùi	𪇫	0	
cùm	拑	0	
cùm	柑	0	
cùm	拱	0	
cùm	鉗	0	
cùm	𣘉	0	
cùn	𠝕	0	
cùn	𪟓	0	
cùn	勤	0	
cùn	𡀳	0	
cùn	𨮉	0	
cùng	共	0	
cùng	穷	0	
cùng	穹	0	
cùng	供	0	
cùng	拱	0	
cùng	蛩	0	
cùng	窮	0	
cùng	𡀳	0	
cùng	藭	0	
cú	勾	0	
cú	句	0	
cú	苟	0	
cú	枸	0	
cú	鸲	0	
cú	笱	0	
cú	𫚱	0	
cú	鴝	0	
cúa	固	0	
cúc	掬	0	
cúc	菊	0	
cúc	梮	0	
cúc	粷	0	
cúc	踘	0	
cúc	𨨠	0	
cúc	鞠	0	
cúc	鞫	0	
cúc	鵴	0	
cúi	侩	0	
cúi	哙	0	
cúi	桧	0	
cúi	儈	0	
cúi	𩠠	0	
cúi	噲	0	
cúi	𠁚	0	
cúi	𣍋	0	
cúi	檜	0	
cúi	𫏱	0	
cúi	𨆝	0	
cúi	𩠴	0	
cúm	噤	0	
cúm	𤻎	0	
cúng	供	0	
cúng	𬒸	0	
cúp	及	0	
cút	骨	0	
cút	咭	0	
cút	嗗	0	
cút	榾	0	
cút	𠬒	0	
cút	𪄥	0	
căm	今	0	
căm	扲	0	
căm	咁	0	
căm	㤌	0	
căm	唅	0	
căm	唫	0	
căm	惍	0	
căm	𫥕	0	
căm	𫺦	0	
căm	𫴐	0	
căm	𡄎	0	
căn	垠	0	
căn	根	0	
căn	𠶌	0	
căn	乾	0	
căng	扛	0	
căng	𢫮	0	
căng	矜	0	
căng	兢	0	
căng	膙	0	
cũ	具	0	
cũ	𫇰	0	
cũ	屡	0	
cũ	屢	0	
cũ	𪡻	0	
cũ	寠	0	
cũ	𦼨	0	
cũ	𬞰	0	
cũ	𬞺	0	
cũ	𡳰	0	
cũ	𬟛	0	
cũ	𬟗	0	
cũ	𡳵	0	
cũ	𡳶	0	
cũi	柜	0	
cũi	圚	0	
cũi	櫃	0	
cũn	滚	0	
cũng	共	0	
cũng	供	0	
cũng	拱	0	
cũng	㤨	0	
cơ	几	0	
cơ	讥	0	
cơ	叽	0	
cơ	饥	0	
cơ	肌	0	
cơ	机	0	
cơ	矶	0	
cơ	奇	0	
cơ	虮	0	
cơ	姬	0	
cơ	剞	0	
cơ	飢	0	
cơ	唧	0	
cơ	基	0	
cơ	埮	0	
cơ	萁	0	
cơ	幾	0	
cơ	犄	0	
cơ	碁	0	
cơ	箕	0	
cơ	箍	0	
cơ	綦	0	
cơ	槣	0	
cơ	機	0	
cơ	𦠄	0	
cơ	墼	0	
cơ	磯	0	
cơ	蟣	0	
cơ	譏	0	
cơ	饑	0	
cơi	该	0	
cơi	核	0	
cơi	𬂻	0	
cơi	棋	0	
cơi	該	0	
cơi	𣛣	0	
cơm	咁	0	
cơm	粓	0	
cơm	𩚵	0	
cơn	干	0	
cơn	杆	0	
cơn	𩂀	0	
cơn	群	0	
cơn	𬏎	0	
cư	居	0	
cư	据	0	
cư	琚	0	
cư	裾	0	
cư	锯	0	
cư	鋸	0	
cư	據	0	
cưa	剧	0	
cưa	锯	0	
cưa	鋸	0	
cưng	羌	0	
cưng	姜	0	
cưng	畺	0	
cưng	薑	0	
cưng	疆	0	
cưu	鸠	0	
cưu	𫦬	0	
cưu	鳩	0	
cưu	𩾛	0	
cương	冈	0	
cương	刚	0	
cương	岗	0	
cương	纲	0	
cương	岡	0	
cương	㭎	0	
cương	钢	0	
cương	剛	0	
cương	崗	0	
cương	畺	0	
cương	綱	0	
cương	僵	0	
cương	彊	0	
cương	缰	0	
cương	鋼	0	
cương	殭	0	
cương	繮	0	
cương	疆	0	
cương	韁	0	
cước	脚	0	
cước	腳	0	
cước	踋	0	
cưới	丐	0	
cưới	𡛔	0	
cưới	𡠣	0	
cưới	𡡇	0	
cưới	𡣨	0	
cướp	刧	0	
cướp	劫	0	
cướp	刦	0	
cướp	刼	0	
cướp	给	0	
cướp	給	0	
cướp	𪠱	0	
cười	𪤺	0	
cười	唭	0	
cười	䶞	0	
cườm	𥑠	0	
cườm	鉗	0	
cườm	𤪊	0	
cường	強	0	
cường	强	0	
cường	彊	0	
cường	镪	0	
cường	糨	0	
cường	鏹	0	
cưởng	囝	0	
cưởng	𪇏	0	
cưỡi	骑	0	
cưỡi	騎	0	
cưỡng	強	0	
cưỡng	强	0	
cưỡng	襁	0	
cưỡng	繦	0	
cược	㖸	0	
cược	𪨗	0	
cược	噱	0	
cược	屩	0	
cược	蹻	0	
cạc	咯	0	
cạc	𡁤	0	
cạch	劇	0	
cạch	磔	0	
cạm	槛	0	
cạm	橄	0	
cạm	檻	0	
cạn	汗	0	
cạn	件	0	
cạn	𣴓	0	
cạn	𣵲	0	
cạn	乾	0	
cạn	𭰃	0	
cạnh	竞	0	
cạnh	竟	0	
cạnh	梗	0	
cạnh	兢	0	
cạnh	𧣲	0	
cạnh	𧡟	0	
cạnh	劇	0	
cạnh	𥪰	0	
cạnh	競	0	
cạo	𠜯	0	
cạo	皋	0	
cạo	锆	0	
cạo	𠞟	0	
cạo	𫦑	0	
cạo	搞	0	
cạo	鋯	0	
cạp	及	0	
cạp	吸	0	
cạp	笈	0	
cạp	𫊩	0	
cạu	姤	0	
cạu	𡀭	0	
cạy	忌	0	
cạy	𢬹	0	
cạy	𢭮	0	
cạy	掑	0	
cạy	𫔷	0	
cả	奇	0	
cả	竒	0	
cả	架	0	
cả	哿	0	
cả	𪥘	0	
cải	改	0	
cải	𣒵	0	
cải	𦰦	0	
cải	𦀻	0	
cải	𪥞	0	
cảm	敢	0	
cảm	感	0	
cảm	橄	0	
cảm	贑	0	
cản	扞	0	
cản	艮	0	
cản	杆	0	
cản	捍	0	
cản	赶	0	
cản	𧻚	0	
cản	趕	0	
cảng	讲	0	
cảng	咺	0	
cảng	𪡝	0	
cảng	港	0	
cảng	講	0	
cảnh	顷	0	
cảnh	胫	0	
cảnh	耿	0	
cảnh	頃	0	
cảnh	颈	0	
cảnh	脛	0	
cảnh	景	0	
cảnh	境	0	
cảnh	儆	0	
cảnh	踁	0	
cảnh	憬	0	
cảnh	頸	0	
cảnh	警	0	
cảnh	鐛	0	
cảo	吿	0	
cảo	杲	0	
cảo	捁	0	
cảo	搞	0	
cảo	犒	0	
cảo	槁	0	
cảo	镐	0	
cảo	稿	0	
cảo	藁	0	
cảo	檺	0	
cảo	鎬	0	
cảu	苟	0	
cảu	笱	0	
cảu	𠸚	0	
cảu	𥰄	0	
cảy	𢭮	0	
cảy	𢚲	0	
cảy	𧋷	0	
cấc	亟	0	
cấm	妗	0	
cấm	禁	0	
cấm	噤	0	
cấm	㯲	0	
cấn	艮	0	
cấn	哏	0	
cấn	茛	0	
cấn	豤	0	
cấn	勤	0	
cấn	𪻊	0	
cấn	𤄲	0	
cấn		0	
cấp	汲	0	
cấp	级	0	
cấp	急	0	
cấp	級	0	
cấp	给	0	
cấp	笈	0	
cấp	給	0	
cấp	𠎨	0	
cất	吉	0	
cất	拮	0	
cấu	勾	0	
cấu	句	0	
cấu	诟	0	
cấu	购	0	
cấu	构	0	
cấu	逅	0	
cấu	垢	0	
cấu	姤	0	
cấu	𧵈	0	
cấu	梂	0	
cấu	夠	0	
cấu	够	0	
cấu	搆	0	
cấu	𢲤	0	
cấu	彀	0	
cấu	媾	0	
cấu	𢲱	0	
cấu	詬	0	
cấu	遘	0	
cấu	構	0	
cấu	觏	0	
cấu	褠	0	
cấu	𡒫	0	
cấu	覯	0	
cấu	購	0	
cấy	𥝽	0	
cấy	𫀵	0	
cấy	摡	0	
cấy	𦓿	0	
cấy	穊	0	
cấy	稼	0	
cấy	𦔙	0	
cầm	及	0	
cầm	扲	0	
cầm	芩	0	
cầm	琹	0	
cầm	鈙	0	
cầm	禽	0	
cầm	琴	0	
cầm	擒	0	
cầm	噙	0	
cầm	檎	0	
cầm	㩒	0	
cầm	𨆓	0	
cần	干	0	
cần	𫢍	0	
cần	芹	0	
cần	竿	0	
cần	𥬊	0	
cần	菫	0	
cần	𣔠	0	
cần	勤	0	
cần	慬	0	
cần	懃	0	
cần	𥵚	0	
cầu	虬	0	
cầu	求	0	
cầu	虯	0	
cầu	𥬉	0	
cầu	逑	0	
cầu	浗	0	
cầu	桥	0	
cầu	笱	0	
cầu	梂	0	
cầu	球	0	
cầu	毬	0	
cầu	𥿺	0	
cầu	裘	0	
cầu	橋	0	
cầy	猉	0	
cầy	𤊄	0	
cầy	𦓿	0	
cẩm	钅	0	
cẩm	金	0	
cẩm	釒	0	
cẩm	唫	0	
cẩm	锦	0	
cẩm	錦	0	
cẩn	仅	0	
cẩn	𢀷	0	
cẩn	卺	0	
cẩn	菫	0	
cẩn	僅	0	
cẩn	谨	0	
cẩn	瑾	0	
cẩn	謹	0	
cẩu	狗	0	
cẩu	苟	0	
cẩu	枸	0	
cẩu	笱	0	
cẫm	𢥅	0	
cậm	𦽔	0	
cận	近	0	
cận	菫	0	
cận	靳	0	
cận	馑	0	
cận	𣂷	0	
cận	觐	0	
cận	覲	0	
cận	饉	0	
cập	及	0	
cập	芨	0	
cập	岌	0	
cập	笈	0	
cật	吃	0	
cật	劼	0	
cật	诘	0	
cật	𦛋	0	
cật	詰	0	
cậu	舅	0	
cậy	忌	0	
cậy	𢚁	0	
cậy	𢭄	0	
cậy	𠲹	0	
cậy	梞	0	
cắc	各	0	
cắc	扱	0	
cắc	咯	0	
cắc	割	0	
cắc	蛒	0	
cắm	扲	0	
cắm	锦	0	
cắm	禁	0	
cắm	撼	0	
cắm	錦	0	
cắm	㩒	0	
cắn	哏	0	
cắn	撼	0	
cắng	亙	0	
cắng	亘	0	
cắp	及	0	
cắp	扱	0	
cắp	给	0	
cắp	𫱅	0	
cắp	給	0	
cắp	𢰽	0	
cắp	𢲩	0	
cắp	𠎨	0	
cắp	𢵰	0	
cắt	吉	0	
cắt	㓤	0	
cắt	拮	0	
cắt	洁	0	
cắt	咭	0	
cắt	割	0	
cắt	𫥘	0	
cắt	𢵷	0	
cắt	𠟸	0	
cắt	𪁄	0	
cắt	𪧱	0	
cằm	扲	0	
cằm	肣	0	
cằm	𦚕	0	
cằm	𦠴	0	
cằm	𦡬	0	
cằn	根	0	
cằn	勤	0	
cằn	𠼳	0	
cằn	𡀣	0	
cằn	𣝀	0	
cẳn	杆	0	
cẳn	谨	0	
cẳn	謹	0	
cẳn	𡄾	0	
cẳng	亙	0	
cẳng	𨀿	0	
cẳng	𨃈	0	
cẵng	強	0	
cặc	极	0	
cặc	胳	0	
cặc	極	0	
cặm	扲	0	
cặm	㩒	0	
cặn	近	0	
cặn	𣴓	0	
cặn	𠶌	0	
cặn	𣷯	0	
cặn	𫪿	0	
cặn	𤄲	0	
cặp	及	0	
cặp	扱	0	
cặp	笈	0	
cặp	𥝥	0	
cặp	𫮥	0	
cặp	𬥠	0	
cọ	𢮭	0	
cọ	椇	0	
cọc	极	0	
cọc	局	0	
cọc	㭲	0	
cọc	梮	0	
cọc	極	0	
cọm	膁	0	
cọm	臁	0	
cọng	共	0	
cọp	𤜯	0	
cọp	𤝰	0	
cọp	𧲫	0	
cọp	𧳇	0	
cọt	骨	0	
cọt	橛	0	
cỏ	古	0	
cỏ	苦	0	
cỏ	𦹯	0	
cỏ	𦹵	0	
cỏi	块	0	
cỏi	𫋻	0	
cỏi	𡎝	0	
cỏi	塊	0	
cỏi	襘	0	
cỏn	衮	0	
cỏn	袞	0	
cỏn	𫴾	0	
cỏn	群	0	
cố	估	0	
cố	固	0	
cố	故	0	
cố	顾	0	
cố	雇	0	
cố	锢	0	
cố	痼	0	
cố	僱	0	
cố	錮	0	
cố	顧	0	
cốc	卜	0	
cốc	谷	0	
cốc	﨏	0	
cốc	梏	0	
cốc	㭲	0	
cốc	𤥫	0	
cốc	𤭏	0	
cốc	鹆	0	
cốc	毂	0	
cốc	榖	0	
cốc	穀	0	
cốc	𣫂	0	
cốc	轂	0	
cốc	𪁵	0	
cốc	𪁴	0	
cốc	鵒	0	
cối	臼	0	
cối	脍	0	
cối	桧	0	
cối	𬒊	0	
cối	𫋻	0	
cối	𡑒	0	
cối	檜	0	
cối	膾	0	
cối	襘	0	
cối	𥖩	0	
cốm	感	0	
cốm	𥺻	0	
cốm	𬖮	0	
cốm	𥽍	0	
cốm	𨭺	0	
cốn	㫻	0	
cốn	𣙹	0	
cống	贡	0	
cống	貢	0	
cống	𠗸	0	
cống	𣹟	0	
cống	槓	0	
cống	𪄌	0	
cống	贑	0	
cốp	给	0	
cốp	給	0	
cốp	𠺻	0	
cốt	汨	0	
cốt	骨	0	
cốt	傦	0	
cốt	蓇	0	
cốt	滑	0	
cốt	榾	0	
cốt	鹘	0	
cốt	縎	0	
cốt	餶	0	
cốt	鶻	0	
cồ	瞿	0	
cồ	𡚝	0	
cồ	𬯵	0	
cồm	兼	0	
cồm	𨃰	0	
cồn	𪣋	0	
cồn	堒	0	
cồn	𡑱	0	
cồn	𡑳	0	
cồng	工	0	
cồng	槓	0	
cồng	𨫋	0	
cổ	古	0	
cổ	咕	0	
cổ	股	0	
cổ	牯	0	
cổ	罟	0	
cổ	贾	0	
cổ	蛊	0	
cổ	詁	0	
cổ	賈	0	
cổ	鼓	0	
cổ	鼔	0	
cổ	皷	0	
cổ	臌	0	
cổ	瞽	0	
cổ	盬	0	
cổ	蠱	0	
cổi	𪭯	0	
cổi	𫋻	0	
cổi	𢶒	0	
cổi	襘	0	
cổn	丨	0	
cổn	衮	0	
cổn	混	0	
cổn	袞	0	
cổn	滚	0	
cổn	滾	0	
cổn	磙	0	
cổn	鯀	0	
cổng	𢩉	0	
cổng	𫼌	0	
cổng	𥯏	0	
cổng	𤗤	0	
cổng	槓	0	
cổng	𢩛	0	
cổng	𨶛	0	
cỗ	古	0	
cỗ	具	0	
cỗ	股	0	
cỗ	钴	0	
cỗ	鈷	0	
cỗ	𩚩	0	
cỗ	𡪻	0	
cỗ	𩜃	0	
cỗi	根	0	
cỗi	桧	0	
cỗi	檜	0	
cỗi	𦓊	0	
cộ	椇	0	
cộ	𤚦	0	
cộ	𨍄	0	
cộc	局	0	
cộc	𥐏	0	
cội	桧	0	
cội	檜	0	
cộm	㯲	0	
cộm	𥽍	0	
cộng	共	0	
cộp	吸	0	
cột	扢	0	
cột	厥	0	
cột	榾	0	
cột	縎	0	
cột	撅	0	
cột	橛	0	
cớ	固	0	
cớ	故	0	
cớ	据	0	
cớ	㨿	0	
cớ	據	0	
cờ	旂	0	
cờ	棋	0	
cờ	棊	0	
cờ	碁	0	
cờ	旗	0	
cờ	𬄯	0	
cời	掑	0	
cời	棋	0	
cời	褀	0	
cởi	改	0	
cởi	𪭯	0	
cởi	绘	0	
cởi	𠳚	0	
cởi	𢭮	0	
cởi	解	0	
cởi	𢶷	0	
cởi	𢶒	0	
cởi	繪	0	
cỡ	㪯	0	
cỡ	举	0	
cỡ	筥	0	
cỡ	舉	0	
cỡ	擧	0	
cỡ	𢤫	0	
cỡi	骑	0	
cỡi	騎	0	
cỡm	慬	0	
cỡn	釬	0	
cỡn	慬	0	
cợ	𫭻	0	
cợm	俭	0	
cợm	儉	0	
cợm	𣋜	0	
cợn	𣴓	0	
cợn	𣵲	0	
cợp	𩭆	0	
cợt	吃	0	
cợt	恄	0	
cợt	𠹳	0	
cụ	具	0	
cụ	俱	0	
cụ	惧	0	
cụ	颶	0	
cụ	懼	0	
cục	局	0	
cục	侷	0	
cục	𫪐	0	
cục	𠸘	0	
cục	锔	0	
cục	跼	0	
cục	鋦	0	
cục	鋳	0	
cục	𫬊	0	
cụi	𪭯	0	
cụi	桧	0	
cụi	𢶒	0	
cụi	檜	0	
cụi	𨆝	0	
cụm	椹	0	
cụm	㩒	0	
cụm	噤	0	
cụm	𦽔	0	
cụm	㯲	0	
cụng	共	0	
cụp	级	0	
cụp	𠀨	0	
cụp	級	0	
cụp	𨸍	0	
cụt	𡭕	0	
cụt	梮	0	
cụt	橛	0	
cụt	𥐒	0	
cụt	𩪽	0	
củ	纠	0	
củ	句	0	
củ	糾	0	
củ	赳	0	
củ	矩	0	
củ	榘	0	
củ	𬄃	0	
củ	踽	0	
của	古	0	
của	𧵑	0	
của	𧶮	0	
củi	𪭯	0	
củi	桧	0	
củi	𢶒	0	
củi	檜	0	
củn	滾	0	
củng	𪜀	0	
củng	弓	0	
củng	廾	0	
củng	巩	0	
củng	共	0	
củng	供	0	
củng	拱	0	
củng	鞏	0	
củng	𫋐	0	
cứ	拠	0	
cứ	据	0	
cứ	锯	0	
cứ	㨿	0	
cứ	踞	0	
cứ	鋸	0	
cứ	據	0	
cứa	锯	0	
cứa	鋸	0	
cứa	鐻	0	
cức	亟	0	
cức	殛	0	
cức	棘	0	
cứng	亙	0	
cứng	亘	0	
cứng	劲	0	
cứng	𠡚	0	
cứng	勁	0	
cứng	𠠊	0	
cứt	吉	0	
cứt	结	0	
cứt	結	0	
cứt	𡳛	0	
cứt	𥻽	0	
cứu	灸	0	
cứu	究	0	
cứu	疚	0	
cứu	捄	0	
cứu	厩	0	
cứu	救	0	
cừ	佢	0	
cừ	居	0	
cừ	渠	0	
cừ	蕖	0	
cừ	璖	0	
cừ	磲	0	
cừ	讎	0	
cừu	仇	0	
cừu	裘	0	
cừu	讎	0	
cừu	讐	0	
cử	㪯	0	
cử	枸	0	
cử	举	0	
cử	筥	0	
cử	椐	0	
cử	榉	0	
cử	舉	0	
cử	擧	0	
cử	櫸	0	
cửa	㪯	0	
cửa	举	0	
cửa	𫔳	0	
cửa	𫔸	0	
cửa	𨴦	0	
cửa	𫔤	0	
cửa	𪭚	0	
cửa	𬮌	0	
cửa	𨵣	0	
cửa	舉	0	
cửa	擧	0	
cửa	𨷶	0	
cửa	𨷯	0	
cửi	𦀻	0	
cửu	九	0	
cửu	久	0	
cửu	犰	0	
cửu	玖	0	
cửu	疚	0	
cửu	柩	0	
cửu	韭	0	
cửu	韮	0	
cữ	忌	0	
cữ	㪯	0	
cữ	昛	0	
cữ	举	0	
cữ	晤	0	
cữ	𣈝	0	
cữ	筥	0	
cữ	𦝄	0	
cữ	𤯶	0	
cữ	舉	0	
cữ	擧	0	
cữ	攑	0	
cữ	𤰁	0	
cữu	臼	0	
cữu	咎	0	
cữu	柩	0	
cữu	桕	0	
cữu	舅	0	
cự	巨	0	
cự	讵	0	
cự	苣	0	
cự	拒	0	
cự	炬	0	
cự	柜	0	
cự	昛	0	
cự	钜	0	
cự	倨	0	
cự	詎	0	
cự	距	0	
cự	鉅	0	
cự	遽	0	
cự	鐻	0	
cựa	巨	0	
cựa	拒	0	
cựa	距	0	
cực	极	0	
cực	亟	0	
cực	極	0	
cựu	旧	0	
cựu	𫇰	0	
cựu	舊	0	
da	加	0	
da	坡	0	
da	䏢	0	
da	枷	0	
da	䏧	0	
da	𤿦	0	
da	𪤻	0	
da	椰	0	
da	𪾉	0	
dai	夷	0	
dai	佳	0	
dai	皆	0	
dai	带	0	
dai	帶	0	
dai	𦀊	0	
dai	𨱽	0	
dan	奸	0	
dan	延	0	
dan	扛	0	
dan	拦	0	
dan	𢬥	0	
dan	攔	0	
dan	𢺤	0	
dang	延	0	
dang	江	0	
dang	扛	0	
dang	扬	0	
dang	拦	0	
dang	𢬥	0	
dang	揚	0	
dang	攔	0	
danh	争	0	
danh	名	0	
danh	爭	0	
danh	萾	0	
danh	㨕	0	
dao	刀	0	
dao	交	0	
dao	𫥿	0	
dao	釖	0	
dao	铰	0	
dao	窑	0	
dao	谣	0	
dao	遙	0	
dao	猺	0	
dao	摇	0	
dao	𡏟	0	
dao	搖	0	
dao	鉸	0	
dao	瑤	0	
dao	窰	0	
dao	窯	0	
dao	謠	0	
dao	謡	0	
dao	鳐	0	
dao	鰩	0	
dao	鷂	0	
day	厓	0	
day	移	0	
day	崖	0	
day	揩	0	
day	𢴐	0	
day	𨃌	0	
denshin	𫌷	0	
di	㐌	0	
di	夷	0	
di	𢩵	0	
di	圯	0	
di	迆	0	
di	弥	0	
di	怡	0	
di	易	0	
di	饴	0	
di	迤	0	
di	洟	0	
di	咦	0	
di	荑	0	
di	姨	0	
di	迻	0	
di	拪	0	
di	㹫	0	
di	胰	0	
di	移	0	
di	痍	0	
di	蛦	0	
di	遗	0	
di	貽	0	
di	飴	0	
di	颐	0	
di	𣻗	0	
di	遺	0	
di	頤	0	
di	彛	0	
di	彜	0	
di	彌	0	
di	彝	0	
di	瀰	0	
dia	𧣧	0	
dim	淫	0	
dim	焰	0	
dim	𥇌	0	
dim	𥌸	0	
din	𡺦	0	
dinh	营	0	
dinh	營	0	
diu	鮡	0	
diu	鮧	0	
diêm	盐	0	
diêm	阎	0	
diêm	焰	0	
diêm	焯	0	
diêm	閻	0	
diêm	㙴	0	
diêm	檐	0	
diêm	𤒦	0	
diêm	鹽	0	
diên	延	0	
diên	㳄	0	
diên	鸢	0	
diên	娫	0	
diên	涎	0	
diên	铅	0	
diên	𣭻	0	
diên	筵	0	
diên	蜒	0	
diên	鉛	0	
diên	鳶	0	
diêu	佻	0	
diêu	姚	0	
diêu	傜	0	
diêu	䖴	0	
diêu	遙	0	
diêu	嗂	0	
diêu	遥	0	
diêu	徭	0	
diêu	搖	0	
diêu	鹞	0	
diêu	䁘	0	
diêu	窰	0	
diêu	繇	0	
diêu	鷂	0	
diếc	𠹗	0	
diếc	𩷉	0	
diến	缅	0	
diến	腼	0	
diến	緬	0	
diếp	叶	0	
diếp	葉	0	
diếp	𣋑	0	
diếu	𠰀	0	
diếu	窖	0	
diếu	酵	0	
diềm	檐	0	
diềng	盈	0	
diều	鸢	0	
diều	𠺧	0	
diều	鳶	0	
diều	鹞	0	
diều	鷂	0	
diểu	岙	0	
diểu	杳	0	
diểu	嶴	0	
diểu	藐	0	
diễm	艳	0	
diễm	琰	0	
diễm	焰	0	
diễm	燄	0	
diễm	艶	0	
diễm	艷	0	
diễm	豔	0	
diễn	𪵰	0	
diễn	衍	0	
diễn	演	0	
diễn	𠻤	0	
diễn	縯	0	
diễu	杪	0	
diễu	𠰉	0	
diễu	绕	0	
diễu	眇	0	
diễu	𠴕	0	
diễu	渺	0	
diễu	淼	0	
diễu	緲	0	
diễu	繞	0	
diễu	𡅍	0	
diệc	亦	0	
diệc	易	0	
diệc	𪁂	0	
diệm	艷	0	
diệm	豔	0	
diện	靣	0	
diện	面	0	
diện	愐	0	
diện	麪	0	
diện	麺	0	
diện	麵	0	
diệp	叶	0	
diệp	烨	0	
diệp	晔	0	
diệp	葉	0	
diệp	碟	0	
diệp	曄	0	
diệp	燁	0	
diệp	擛	0	
diệp	靥	0	
diệp	蹀	0	
diệp	爗	0	
diệp	㯿	0	
diệp	靨	0	
diệt	灭	0	
diệt	易	0	
diệt	姪	0	
diệt	拽	0	
diệt	滅	0	
diệt	搣	0	
diệu	兆	0	
diệu	岙	0	
diệu	妙	0	
diệu	玅	0	
diệu	渺	0	
diệu	曜	0	
diệu	燿	0	
diệu	矅	0	
diệu	耀	0	
do	由	0	
do	犹	0	
do	铀	0	
do	蚰	0	
do	猶	0	
do	楢	0	
do	鈾	0	
doanh	茔	0	
doanh	盈	0	
doanh	营	0	
doanh	萾	0	
doanh	溋	0	
doanh	塋	0	
doanh	楹	0	
doanh	營	0	
doanh	嬴	0	
doanh	赢	0	
doanh	瀛	0	
doanh	贏	0	
doi	耒	0	
doi	堆	0	
doi	唯	0	
doi	𣼲	0	
doi	𣼭	0	
dom	肛	0	
dom	𢶺	0	
dom	𣛱	0	
don	炖	0	
don	敦	0	
don	燉	0	
dong	𣳔	0	
dong	𢫝	0	
dong	容	0	
dong	庸	0	
dong	搈	0	
dong	溶	0	
dong	熔	0	
doành	盈	0	
doành	溋	0	
doá	挫	0	
doãn	尹	0	
doãn	允	0	
doãn		0	
doòng	容	0	
doạ	唑	0	
doạ	挫	0	
doạ	堕	0	
doạ	墮	0	
doạ	𡁜	0	
doạ	𡃏	0	
du	攸	0	
du	臾	0	
du	𨒣	0	
du	油	0	
du	𠱋	0	
du	柚	0	
du	谀	0	
du	㾄	0	
du	萸	0	
du	偷	0	
du	䣭	0	
du	悠	0	
du	愉	0	
du	逾	0	
du	腴	0	
du	裕	0	
du	媮	0	
du	㾞	0	
du	揄	0	
du	游	0	
du	渝	0	
du	遊	0	
du	榆	0	
du	猷	0	
du	腧	0	
du	牏	0	
du	瑜	0	
du	窬	0	
du	𨱎	0	
du	蝣	0	
du	蝓	0	
du	諛	0	
du	踰	0	
du	輸	0	
du	鮋	0	
du	鍮	0	
dua	谀	0	
dua	誽	0	
dua	諛	0	
dui	堆	0	
dum	森	0	
dun	搎	0	
dun	噋	0	
dun	撴	0	
dun	𧑒	0	
dung	用	0	
dung	佣	0	
dung	容	0	
dung	庸	0	
dung	溶	0	
dung	蓉	0	
dung	墉	0	
dung	慵	0	
dung	榕	0	
dung	熔	0	
dung	融	0	
dung	镛	0	
dung	鎔	0	
dung	鏞	0	
dung	鱅	0	
duy	惟	0	
duy	帷	0	
duy	唯	0	
duy	維	0	
duyên	延	0	
duyên	吮	0	
duyên	沿	0	
duyên	娫	0	
duyên	铅	0	
duyên	缘	0	
duyên	鉛	0	
duyên	椽	0	
duyên	縁	0	
duyên	緣	0	
duyên	橼	0	
duyên	櫞	0	
duyến	緣	0	
duyện	吮	0	
duyện	掾	0	
duyệt	悅	0	
duyệt	阅	0	
duyệt	𥆟	0	
duyệt	閲	0	
duôi	堆	0	
duôi	唯	0	
duẫn	尹	0	
duẫn	芛	0	
duẫn	笋	0	
duật	肀	0	
duật	𦘒	0	
duật	聿	0	
duật	矞	0	
duật	䋖	0	
duật	煜	0	
duật	遹	0	
duật	鹬	0	
duật	𧑐	0	
duật	鶏	0	
duật	鷸	0	
duật1	肀	0	
duật2	𦘒	0	
duềnh	溋	0	
duềnh	瀛	0	
duệ	曳	0	
duệ	抴	0	
duệ	泄	0	
duệ	呭	0	
duệ	洩	0	
duệ	㹭	0	
duệ	拽	0	
duệ	𤵺	0	
duệ	𥹞	0	
duệ	锐	0	
duệ	裔	0	
duệ	睿	0	
duệ	銳	0	
duệ	鋭	0	
duệ	叡	0	
duệ	𢶀	0	
duối	唯	0	
duối	𣝉	0	
duồng	扬	0	
duồng	𣳔	0	
duồng	拥	0	
duồng	揚	0	
duổc	赎	0	
duổc	贖	0	
duổi	𨆷	0	
duổi	𩧍	0	
duỗi	𢩽	0	
duỗi	唯	0	
duỗi	𨀤	0	
duỗi	𨁬	0	
duỗi	撮	0	
duỗi	𨅎	0	
duỗi	𬧕	0	
duỗi	𨇒	0	
duộc	勺	0	
duộc	杓	0	
dà	它	0	
dà	吔	0	
dà	伹	0	
dà	迦	0	
dà	夜	0	
dà	柁	0	
dà	枷	0	
dà	㭨	0	
dà	𧹟	0	
dà	椰	0	
dà	遮	0	
dài	才	0	
dài	曳	0	
dài	𪟞	0	
dài	𨱽	0	
dài	𨱾	0	
dàm	缄	0	
dàm	潭	0	
dàm	緘	0	
dàn	拦	0	
dàn	𢬥	0	
dàn	寅	0	
dàn	弹	0	
dàn	滇	0	
dàn	𢵧	0	
dàn	彈	0	
dàn	攔	0	
dàn	𢺤	0	
dàn	躝	0	
dàng	阳	0	
dàng	阦	0	
dàng	扛	0	
dàng	扬	0	
dàng	杨	0	
dàng	𠲞	0	
dàng	𢬥	0	
dàng	陽	0	
dàng	揚	0	
dàng	楊	0	
dành	仃	0	
dành	忊	0	
dành	𠯼	0	
dành	呈	0	
dành	爭	0	
dành	盈	0	
dành	𬋨	0	
dành	𠴔	0	
dành	停	0	
dành	𦱊	0	
dành	𪺓	0	
dành	𧶄	0	
dành	𠼵	0	
dành	𪩧	0	
dành	𤔷	0	
dào	滛	0	
dào	槽	0	
dào	𤁠	0	
dào	𤁓	0	
dào	𩆍	0	
dào	𮦡	0	
dàu	油	0	
dày	苔	0	
dày	持	0	
dày	移	0	
dày	𠼪	0	
dày	𪠗	0	
dày	𠫆	0	
dày	𠫅	0	
dác	弋	0	
dác	𢩮	0	
dác	度	0	
dác	𦬹	0	
dác	觉	0	
dác	笪	0	
dác	桷	0	
dác	覚	0	
dác	榷	0	
dác	覺	0	
dái	曳	0	
dái	戒	0	
dái	𠰺	0	
dái	𢘽	0	
dái	带	0	
dái	帶	0	
dái	𤲼	0	
dám	𪾋	0	
dám	监	0	
dám	敢	0	
dám	噉	0	
dám	監	0	
dán	旦	0	
dán	间	0	
dán	間	0	
dán	演	0	
dán	𧍴	0	
dán	𬖭	0	
dán	𬖷	0	
dáng	样	0	
dáng	𦍛	0	
dáng	𠍵	0	
dáng	樣	0	
dánh	酩	0	
dánh	颖	0	
dánh	穎	0	
dánh	頴	0	
dáo	狡	0	
dáo	眇	0	
dáo	教	0	
dáo	敎	0	
dáo	酵	0	
dát	妲	0	
dát	测	0	
dát	笪	0	
dát	測	0	
dát	𢟟	0	
dát	镒	0	
dát	鎰	0	
dáy	洩	0	
dâm	冘	0	
dâm	婬	0	
dâm	淫	0	
dâm	森	0	
dâm	𣓆	0	
dâm	滛	0	
dâm	䨙	0	
dâm	𦹻	0	
dâm	霪	0	
dân	民	0	
dân	咽	0	
dâng	扬	0	
dâng	揚	0	
dâng	登	0	
dâng	𤼸	0	
dâng	𫠿	0	
dâu	妯	0	
dâu	柚	0	
dâu	桑	0	
dâu	嫂	0	
dâu	𪳫	0	
dâu	𣘛	0	
dâu	橷	0	
dây	苔	0	
dây	洟	0	
dây	移	0	
dây	𦀊	0	
dây	絏	0	
dây	𠫆	0	
dây	𠫅	0	
dã	也	0	
dã	㐌	0	
dã	吔	0	
dã	冶	0	
dã	泻	0	
dã	者	0	
dã	虵	0	
dã	𣳮	0	
dã	野	0	
dã	埜	0	
dã	啫	0	
dã	瀉	0	
dãi	已	0	
dãi	汜	0	
dãi	待	0	
dãi	𢚵	0	
dãi	𤉒	0	
dãi	𣹘	0	
dãi	𪶩	0	
dãi	舄	0	
dãi	𤋵	0	
dãn	演	0	
dãng	荡	0	
dãng	蕩	0	
dãy	大	0	
dãy	𠖰	0	
dãy	圮	0	
dãy	圯	0	
dãy	𠯇	0	
dãy	𧿆	0	
dè	移	0	
dè	提	0	
dè	𠽮	0	
dèm	渐	0	
dèm	漸	0	
dèm	𡅩	0	
dèn	钱	0	
dèn	錢	0	
déo	𠰉	0	
déo	迢	0	
dép	蹀	0	
dép	蹛	0	
dép	𨆡	0	
dép	𩍣	0	
dép	躡	0	
dê	移	0	
dê	羝	0	
dê	喈	0	
dê	𫅕	0	
dêu	摇	0	
dì	之	0	
dì	夷	0	
dì	姨	0	
dìa	抴	0	
dìa	拽	0	
dìa	𧣧	0	
dìa	鮧	0	
dìm	沈	0	
dìm	浔	0	
dìm	潯	0	
dìm	霑	0	
dìm	𢸝	0	
dìm	𢺓	0	
dìn	银	0	
dìn	銀	0	
dình	情	0	
dìu	妙	0	
dìu	迢	0	
dìu	𠴕	0	
dìu	𢭼	0	
dìu	调	0	
dìu	遙	0	
dìu	遥	0	
dìu	調	0	
dìu	耀	0	
dìu	𤓛	0	
dí	挗	0	
dí	洟	0	
dí	𡡧	0	
dích	𪾀	0	
dím	𤝫	0	
dím	𤢾	0	
dín	𠱆	0	
dín	𠱉	0	
dính	订	0	
dính	性	0	
dính	訂	0	
dính	粘	0	
dính	颖	0	
dính	穎	0	
dính	頴	0	
dính	𬗀	0	
díp	折	0	
díp	釞	0	
díp	釟	0	
díp	鐷	0	
díu	𫼛	0	
díu	眇	0	
díu	𢬢	0	
díu	𥾗	0	
díu	𥙙	0	
díu	繞	0	
dò	伩	0	
dò	𠱋	0	
dò	𪭴	0	
dò	䌷	0	
dò	紬	0	
dò	𠻀	0	
dò	𢲛	0	
dò	𣺺	0	
dò	𨃝	0	
dòi	𧋆	0	
dòm	𥄮	0	
dòm	𥆡	0	
dòm	𥦝	0	
dòm	窞	0	
dòm	𥈺	0	
dòm	𥛗	0	
dòm	𥉰	0	
dòm	𥊥	0	
dòm	𥋺	0	
dòm	𥌸	0	
dòn	存	0	
dòn	𤵊	0	
dòn	𣆱	0	
dòn	𤈊	0	
dòn	𤶐	0	
dòng	用	0	
dòng	𣳔	0	
dó	柚	0	
dó	楮	0	
dó	𢷀	0	
dó	𦾤	0	
dó	𣜴	0	
dóc	育	0	
dóc	笃	0	
dóc	祝	0	
dóc	唷	0	
dóc	觫	0	
dóc	篤	0	
dói	唯	0	
dói	㩡	0	
dón	寸	0	
dón	䠣	0	
dóng	𢶢	0	
dót	埣	0	
dô	由	0	
dô	𠱋	0	
dô	𠴗	0	
dôi	𠐸	0	
dôn	敦	0	
dông	𣳔	0	
dông	柊	0	
dông	容	0	
dông	庸	0	
dông	搈	0	
dông	𩄱	0	
dông	𩘨	0	
dõi	烩	0	
dõi	唯	0	
dõi	𠼲	0	
dõi	燴	0	
dõn	𩊾	0	
dõng	勇	0	
dõng	俑	0	
dõng	洞	0	
dõng	㗈	0	
dõng	蛹	0	
dù	油	0	
dù	𢂎	0	
dù	𠱋	0	
dù	轴	0	
dù	𠶢	0	
dù	軸	0	
dù	愈	0	
dùa	朱	0	
dùa	咮	0	
dùa	捈	0	
dùa	揂	0	
dùi	椎	0	
dùi	搥	0	
dùi	锤	0	
dùi	楕	0	
dùi	槌	0	
dùi	锥	0	
dùi	錐	0	
dùi	錘	0	
dùi	鎚	0	
dùi	𨬉	0	
dùi	𣟩	0	
dùi	鑆	0	
dùi	𨯸	0	
dùn	屯	0	
dùn	𫄃	0	
dùng	用	0	
dùng	拥	0	
dùng	𬎽	0	
dùng	𢫡	0	
dùng	𣳔	0	
dùng	𨀍	0	
dùng	𢴋	0	
dú	瘐	0	
dú	癒	0	
dúa	瘐	0	
dúi	𢫊	0	
dúi	唯	0	
dúi	𢷮	0	
dúm	森	0	
dún	顿	0	
dún	頓	0	
dúng	𢪠	0	
dút	卒	0	
dút	莼	0	
dút	蒓	0	
dút	蓴	0	
dăm	𥭍	0	
dăm	𠄼	0	
dăm	箴	0	
dăm	𥶳	0	
dăn	因	0	
dăn	呡	0	
dăn	𤶑	0	
dăn	絪	0	
dăn	演	0	
dăng	扛	0	
dăng	张	0	
dăng	張	0	
dăng	蝇	0	
dăng	蠅	0	
dĩ	已	0	
dĩ	以	0	
dĩ	𠖰	0	
dĩ	𡵆	0	
dĩ	钇	0	
dĩ	迆	0	
dĩ	圯	0	
dĩ	苡	0	
dĩ	迤	0	
dĩ	胣	0	
dĩ	釔	0	
dĩ	既	0	
dĩa	圯	0	
dĩa	𥐦	0	
dĩnh	浧	0	
dĩnh	梬	0	
dĩnh	颖	0	
dĩnh	穎	0	
dĩnh	頴	0	
dũ	收	0	
dũ	俞	0	
dũ	诱	0	
dũ	庾	0	
dũ	匬	0	
dũ	揄	0	
dũ	瘐	0	
dũ	愈	0	
dũ	输	0	
dũ	瘉	0	
dũ	誘	0	
dũ	窳	0	
dũ	𢷀	0	
dũ	輸	0	
dũ	癒	0	
dũa	杜	0	
dũi	唯	0	
dũm	𡍛	0	
dũm	𡏟	0	
dũng	甬	0	
dũng	俑	0	
dũng	勇	0	
dũng	涌	0	
dũng	埇	0	
dũng	恿	0	
dũng	𧊊	0	
dũng	桶	0	
dũng	湧	0	
dũng	搈	0	
dũng	筩	0	
dũng	蛹	0	
dũng	踊	0	
dũng	踴	0	
dơ	汿	0	
dơ	拁	0	
dơ	洳	0	
dơ	除	0	
dơ	唋	0	
dơ	悇	0	
dơ	涂	0	
dơ	𦝔	0	
dơ	𬉣	0	
dơi	㹫	0	
dơi	猚	0	
dơi	蛦	0	
dơi	蝔	0	
dư	予	0	
dư	欤	0	
dư	妤	0	
dư	余	0	
dư	油	0	
dư	舁	0	
dư	誉	0	
dư	艅	0	
dư	舆	0	
dư	餘	0	
dư	輿	0	
dư	𡁎	0	
dư	㺞	0	
dư	歟	0	
dư	鮽	0	
dư	譽	0	
dưa	瓜	0	
dưa	芧	0	
dưa	荼	0	
dưa	𦯬	0	
dưa	𤬀	0	
dưa	𤫿	0	
dưa	𦼞	0	
dưa	𦾠	0	
dưa	鮽	0	
dưa	𧃋	0	
dưa	𩻓	0	
dưng	仍	0	
dưng	𣱽	0	
dưng	凌	0	
dưng	𤼸	0	
dương	𠃓	0	
dương	𦍌	0	
dương	扬	0	
dương	阳	0	
dương	羊	0	
dương	阦	0	
dương	杨	0	
dương	旸	0	
dương	炀	0	
dương	佯	0	
dương	疡	0	
dương	徉	0	
dương	昜	0	
dương	洋	0	
dương	烊	0	
dương	陽	0	
dương	揚	0	
dương	傳	0	
dương	暘	0	
dương	楊	0	
dương	敭	0	
dương	煬	0	
dương	瘍	0	
dương	⺶	0	
dưới	𨑜	0	
dưới	带	0	
dưới	𢃄	0	
dưới	帶	0	
dưới	𤲂	0	
dưới	𣻉	0	
dưới	𠁑	0	
dưới	𢋴	0	
dười	曳	0	
dường	杨	0	
dường	𦍛	0	
dường	羕	0	
dường	楊	0	
dường	𠍵	0	
dưỡng	呈	0	
dưỡng	养	0	
dưỡng	氧	0	
dưỡng	痒	0	
dưỡng	養	0	
dưỡng	癢	0	
dược	药	0	
dược	跃	0	
dược	葯	0	
dược	龠	0	
dược	藥	0	
dược	躍	0	
dượi	曳	0	
dượng	丈	0	
dượng	仗	0	
dượng	𬋼	0	
dượt	阅	0	
dượt	欲	0	
dượt	閲	0	
dạ	也	0	
dạ	肔	0	
dạ	夜	0	
dạ	亱	0	
dạ	胣	0	
dạ	㖡	0	
dạ	唯	0	
dạ	啫	0	
dạ	腋	0	
dạ	𦁹	0	
dạc	弋	0	
dạc	角	0	
dạc	度	0	
dạc	喥	0	
dạch	画	0	
dạch	畫	0	
dại	曳	0	
dại	呆	0	
dại	𢘽	0	
dại	㹭	0	
dại	𢚵	0	
dại	栧	0	
dại	𤵺	0	
dại	𥹞	0	
dại	𠻇	0	
dại	解	0	
dạm	淡	0	
dạm	啖	0	
dạm	𢴗	0	
dạm	𡃞	0	
dạn	𫺒	0	
dạn	弹	0	
dạn	惮	0	
dạn	简	0	
dạn	䃅	0	
dạn	演	0	
dạn	僤	0	
dạn	憚	0	
dạn	彈	0	
dạn	磾	0	
dạn	簡	0	
dạng	炀	0	
dạng	恙	0	
dạng	样	0	
dạng	𦍛	0	
dạng	羕	0	
dạng	煬	0	
dạng	漾	0	
dạng	𠍵	0	
dạng	樣	0	
dạng	𤎔	0	
dạng	𨄶	0	
dạo	䟞	0	
dạo	道	0	
dạo	𢳥	0	
dạo	蹈	0	
dạo	𨄹	0	
dạo	𬧖	0	
dạo	𭧙	0	
dạt	𢩮	0	
dạt	沃	0	
dạt	戞	0	
dạt	搣	0	
dạt	𣼸	0	
dạt	澾	0	
dạt	𪁄	0	
dạu	酉	0	
dạu	奏	0	
dạu	唒	0	
dạy	代	0	
dạy	曳	0	
dạy	𠰺	0	
dạy	敎	0	
dải	带	0	
dải	帶	0	
dải	解	0	
dải	滯	0	
dải	𢄩	0	
dải	䙊	0	
dải	𧜵	0	
dải	戴	0	
dải	𦄂	0	
dải	𧞊	0	
dải	繲	0	
dảo	交	0	
dảy	大	0	
dảy	𢩽	0	
dảy	𧿆	0	
dấm	酟	0	
dấm	𨠲	0	
dấm	𨡉	0	
dấm	𨡼	0	
dấm	𡗋	0	
dấm	𨣤	0	
dấm	𨣨	0	
dấn	𢪉	0	
dấn	振	0	
dấn	镇	0	
dấn	震	0	
dấn	鎮	0	
dấn	𤂪	0	
dấn	𤄱	0	
dấp	𢩾	0	
dấu	豆	0	
dấu	酉	0	
dấu	唒	0	
dấu	鬥	0	
dấu	𤶈	0	
dấu	𧿫	0	
dấu	𢰳	0	
dấu	㾞	0	
dấu	𥆺	0	
dấu	𨁪	0	
dấu	𨣥	0	
dấy	曳	0	
dấy	拽	0	
dấy	𧻭	0	
dấy	跩	0	
dấy	𬏌	0	
dấy	𧽇	0	
dấy	𧽈	0	
dầm	挦	0	
dầm	淋	0	
dầm	淫	0	
dầm	滛	0	
dầm	潭	0	
dầm	撏	0	
dầm	𫶻	0	
dầm	霪	0	
dầm	𩆍	0	
dần	寅	0	
dần	简	0	
dần	𢴍	0	
dần	夤	0	
dần	𬒞	0	
dần	𥳄	0	
dần	𡫫	0	
dần	簡	0	
dầu	酉	0	
dầu	怞	0	
dầu	妯	0	
dầu	油	0	
dầu	𠱋	0	
dầu	喻	0	
dầu	𪽠	0	
dầy	𥻣	0	
dầy	𠫆	0	
dẩu	𠱋	0	
dẩu	唒	0	
dẩu	𠶢	0	
dẩu	𫇊	0	
dẩu	喻	0	
dẩy	𢩽	0	
dẩy	𧿆	0	
dẩư	诸	0	
dẩư	𫇊	0	
dẩư	諸	0	
dẫm	踸	0	
dẫn	廴	0	
dẫn	引	0	
dẫn	泯	0	
dẫn	胤	0	
dẫn	蚓	0	
dẫn	𤄱	0	
dẫu	酉	0	
dẫu	油	0	
dẫu	𠱋	0	
dẫu	唒	0	
dẫu	𠶢	0	
dẫu	喻	0	
dẫy	𠖰	0	
dẫy	𡉏	0	
dẫy	𢩵	0	
dẫy	𣲆	0	
dẫy	汜	0	
dẫy	𠯇	0	
dẫy	洗	0	
dẫy	𧿆	0	
dẫy	𬧕	0	
dậm	埮	0	
dậm	葚	0	
dậm	𨤮	0	
dậm	踸	0	
dậm	𫃒	0	
dận	引	0	
dận	胤	0	
dận	蚓	0	
dận	𢭝	0	
dận	𨄻	0	
dậng	𨀊	0	
dập	习	0	
dập	扱	0	
dập	𪭡	0	
dập	拉	0	
dập	㕸	0	
dập	迭	0	
dập	逸	0	
dập	習	0	
dập	𫃡	0	
dập	𫐶	0	
dập	搧	0	
dập	𡏽	0	
dập	㗩	0	
dập	摺	0	
dập	熠	0	
dập	䌌	0	
dật	佚	0	
dật	泆	0	
dật	迭	0	
dật	轶	0	
dật	逸	0	
dật	軼	0	
dật	𫐶	0	
dật	溢	0	
dật	镒	0	
dật	鎰	0	
dậu	丣	0	
dậu	酉	0	
dậu	莤	0	
dậu	梄	0	
dậu	棹	0	
dậu	簉	0	
dậu	𥴙	0	
dậy	代	0	
dậy	𠖰	0	
dậy	𠯅	0	
dậy	曳	0	
dậy	𠰺	0	
dậy	㖂	0	
dậy	𧿆	0	
dậy	跩	0	
dậy	𧻭	0	
dậy	𧽇	0	
dậy	𧽈	0	
dắc	𢴑	0	
dắng	孕	0	
dắng	𠱆	0	
dắng	賸	0	
dắng	𡅉	0	
dắt	弋	0	
dắt	𢩮	0	
dắt	迭	0	
dắt	怛	0	
dắt	逸	0	
dắt	揗	0	
dắt	𢴑	0	
dắt	𦄵	0	
dắt	𪮽	0	
dắt	㩫	0	
dằm	栣	0	
dằm	𥭍	0	
dằm	𣓆	0	
dằm	霪	0	
dằm	𥶳	0	
dằn	陈	0	
dằn	陳	0	
dằn	𢴍	0	
dằn	撊	0	
dằng	弋	0	
dằng	邓	0	
dằng	孕	0	
dằng	担	0	
dằng	𢫡	0	
dằng	浪	0	
dằng	寅	0	
dằng	㖫	0	
dằng	𨀊	0	
dằng	𥿱	0	
dằng	鄧	0	
dằng	𨄻	0	
dẳc	𬧜	0	
dẳng	讲	0	
dẳng	庄	0	
dẳng	庒	0	
dẳng	养	0	
dẳng	简	0	
dẳng	養	0	
dẳng	講	0	
dẳng	簡	0	
dẳng	𡄧	0	
dẵng	简	0	
dẵng	簡	0	
dặc	弋	0	
dặc	曳	0	
dặc	𢖺	0	
dặm	拰	0	
dặm	埮	0	
dặm	淡	0	
dặm	琰	0	
dặm	𫮡	0	
dặm	𨤮	0	
dặm	𨤵	0	
dặn	引	0	
dặn	吲	0	
dặn	胤	0	
dặn	𢚴	0	
dặn	𠸕	0	
dặn	𠼺	0	
dặn	噒	0	
dặn	𡃐	0	
dặng	孕	0	
dặng	庄	0	
dặng	庒	0	
dặng	𠱆	0	
dặng	𣞽	0	
dặng	𡅉	0	
dặt	迭	0	
dặt	逸	0	
dặt	撻	0	
dẹ	易	0	
dẹo	妙	0	
dẹp	𡮊	0	
dẹp	揲	0	
dẹp	擛	0	
dẹp	𠿚	0	
dẹp	𣜿	0	
dẻ	圯	0	
dẻ	𠯇	0	
dẻ	𦘺	0	
dẻ	底	0	
dẻ	易	0	
dẻ	杞	0	
dẻm	𡅪	0	
dẻo	妙	0	
dẻo	𠰉	0	
dẻo	眇	0	
dẻo	緲	0	
dẻo	𥻠	0	
dẽ	𠖰	0	
dẽ	𡉏	0	
dẽ	𢩵	0	
dẽ	圯	0	
dẽ	𠯇	0	
dẽ	易	0	
dẽ	𢭺	0	
dẽ	𧿆	0	
dẽ	鹈	0	
dẽ	雉	0	
dẽ	鵜	0	
dế	啼	0	
dế	喙	0	
dế	𧍝	0	
dề	池	0	
dề	抵	0	
dề	泜	0	
dề	洟	0	
dề	痍	0	
dề	匙	0	
dề	湜	0	
dề	提	0	
dề	㖷	0	
dề	𣻗	0	
dề	𣾸	0	
dề	𠽮	0	
dền	畑	0	
dền	𦹸	0	
dềnh	爭	0	
dềnh	盈	0	
dềnh	挰	0	
dềnh	情	0	
dềnh	溋	0	
dể	易	0	
dể	𠴭	0	
dể	啺	0	
dễ	礼	0	
dễ	𠖰	0	
dễ	曳	0	
dễ	弟	0	
dễ	易	0	
dễ	𬀺	0	
dễ	𥚯	0	
dễ	𣉷	0	
dễ	𪱁	0	
dễ	禮	0	
dện	𢴍	0	
dện	蝒	0	
dệnh	㨕	0	
dệt	𦂾	0	
dệt	𦄅	0	
dỉ	汜	0	
dỉ	洟	0	
dị	异	0	
dị	易	0	
dị	異	0	
dị	肄	0	
dịa	地	0	
dịa	泄	0	
dịa	洩	0	
dịa	𪵸	0	
dịch	译	0	
dịch	役	0	
dịch	怿	0	
dịch	驿	0	
dịch	绎	0	
dịch	易	0	
dịch	奕	0	
dịch	疫	0	
dịch	弈	0	
dịch	埸	0	
dịch	液	0	
dịch	掖	0	
dịch	𤶣	0	
dịch	腋	0	
dịch	蜴	0	
dịch	踢	0	
dịch	懌	0	
dịch	繹	0	
dịch	譯	0	
dịch	驛	0	
dịp	堞	0	
dịp	擛	0	
dịp	蹀	0	
dịp	𤗽	0	
dịp	𣋑	0	
dịt	绎	0	
dịt	繹	0	
dịu	妙	0	
dịu	易	0	
dịu	裕	0	
dịu	耀	0	
dọ	𠻀	0	
dọc	𢩮	0	
dọc	育	0	
dọc	独	0	
dọc	唷	0	
dọc	𫆡	0	
dọc	淥	0	
dọc	槈	0	
dọc	𨂔	0	
dọc	獨	0	
dọc	㯮	0	
dọc	𤣡	0	
dọi	烩	0	
dọi	唯	0	
dọi	𤐝	0	
dọi	燴	0	
dọi	𨅷	0	
dọn	屯	0	
dọn	论	0	
dọn	迍	0	
dọn	扽	0	
dọn	抡	0	
dọn	𢮪	0	
dọn	掄	0	
dọn	遁	0	
dọn	遯	0	
dọn	論	0	
dọn	撰	0	
dọn	𢵶	0	
dọn	𢵬	0	
dọn	𢶿	0	
dọng	洞	0	
dọt	突	0	
dọt	揬	0	
dỏ	㳶	0	
dỏng	董	0	
dỏng	𡀇	0	
dỏng	𦡦	0	
dỏng	𦡂	0	
dốc	诈	0	
dốc	祝	0	
dốc	詐	0	
dốc	渥	0	
dốc	嘞	0	
dốc	篤	0	
dốc	𡾬	0	
dốc	𡓞	0	
dối	对	0	
dối	𠲝	0	
dối	𫴬	0	
dối	𢇉	0	
dối	對	0	
dối	噲	0	
dối	嚉	0	
dối	𡂳	0	
dốn	撰	0	
dốn	𦠆	0	
dốt	讷	0	
dốt	咄	0	
dốt	訥	0	
dốt	椊	0	
dồ	𠱋	0	
dồi	洡	0	
dồi	𢬗	0	
dồi	捶	0	
dồi	𥹯	0	
dồi	搥	0	
dồi	漼	0	
dồi	𣼭	0	
dồi	𦟿	0	
dồi	䊚	0	
dồi	𬛎	0	
dồi	㵢	0	
dồi	𩅚	0	
dồn	屯	0	
dồn	存	0	
dồn	吨	0	
dồn	沌	0	
dồn	扽	0	
dồn	拵	0	
dồn	盆	0	
dồn	𠱜	0	
dồng	容	0	
dổ	扗	0	
dổ	撸	0	
dổ	擼	0	
dỗ	抚	0	
dỗ	杜	0	
dỗ	诱	0	
dỗ	𠴗	0	
dỗ	喻	0	
dỗ	𠻀	0	
dỗ	誘	0	
dỗ	撫	0	
dỗ	𡁹	0	
dỗ	嚕	0	
dỗi	磊	0	
dỗi	𢤡	0	
dội	队	0	
dội	洡	0	
dội	隊	0	
dội	唯	0	
dội	𣾶	0	
dội	𢵩	0	
dội	磊	0	
dộng	用	0	
dộng	洞	0	
dộng	𧊊	0	
dộng	湧	0	
dộp	爉	0	
dột	灭	0	
dột	突	0	
dột	悅	0	
dột	湥	0	
dột	𢝀	0	
dột	揬	0	
dột	慄	0	
dột	滅	0	
dớn	𠃤	0	
dớn	简	0	
dớn	𠻤	0	
dớn	瞷	0	
dớn	簡	0	
dớn	𧢑	0	
dớp	叶	0	
dớp	𨑰	0	
dớp	葉	0	
dờ	余	0	
dời	移	0	
dời	𢴐	0	
dời	𨖨	0	
dời	𧐹	0	
dời	𨄼	0	
dời	𬓟	0	
dờn	寅	0	
dờn	缠	0	
dờn	纏	0	
dở	唋	0	
dở	𧿨	0	
dở	𢷣	0	
dở	𡁎	0	
dởm	減	0	
dỡ	啫	0	
dỡ	㨋	0	
dỡ	𢷣	0	
dỡ	𡁎	0	
dợi	待	0	
dợn	引	0	
dợn	寅	0	
dợn	湎	0	
dợn	𣼹	0	
dợn	𪬦	0	
dợn	演	0	
dợp	叶	0	
dợp	葉	0	
dụ	𢂎	0	
dụ	诱	0	
dụ	峪	0	
dụ	谕	0	
dụ	裕	0	
dụ	喻	0	
dụ	誘	0	
dụ	諭	0	
dụa	堕	0	
dụa	墮	0	
dục	昗	0	
dục	育	0	
dục	浴	0	
dục	欲	0	
dục	唷	0	
dục	淯	0	
dục	鹆	0	
dục	喲	0	
dục	毓	0	
dục	慾	0	
dục	鵒	0	
dục	鬻	0	
dụi	队	0	
dụi	𢭺	0	
dụi	隊	0	
dụi	𢵌	0	
dụm	呫	0	
dụm	森	0	
dụng	用	0	
dụng	苚	0	
dụt	逸	0	
dụt	揬	0	
dụt	㷝	0	
dủ	诱	0	
dủ	誘	0	
dủi	㩡	0	
dứ	唋	0	
dứa	架	0	
dứa	预	0	
dứa	預	0	
dứa	𦼥	0	
dức	𠯅	0	
dức	𤴵	0	
dức	𠲧	0	
dức	𠺵	0	
dức	𠺒	0	
dứt	弋	0	
dứt	吊	0	
dứt	𢩮	0	
dứt	𠛣	0	
dứt	怛	0	
dứt	担	0	
dứt	秩	0	
dứt	悉	0	
dứt	𠞹	0	
dứt	𢴑	0	
dứt	𢲼	0	
dứt	𤎕	0	
dứt	𦄵	0	
dứu	釉	0	
dứu	牖	0	
dứu	鼬	0	
dừ	予	0	
dừ	如	0	
dừ	余	0	
dừa	梌	0	
dừa	㭨	0	
dừa	蒢	0	
dừa	椰	0	
dừa	蒣	0	
dừng	仃	0	
dừng	仍	0	
dừng	打	0	
dừng	𥩯	0	
dừng	停	0	
dừng	棱	0	
dừng	𨀊	0	
dừng	揨	0	
dừng	踭	0	
dừng	𨄻	0	
dử	字	0	
dử	汝	0	
dử	𪾟	0	
dử	唋	0	
dử	𪰿	0	
dử	𡁎	0	
dửc	𪧡	0	
dửng	仍	0	
dửng	孕	0	
dửng	𫢖	0	
dửng	𢘩	0	
dửu	柚	0	
dửu	莠	0	
dữ	与	0	
dữ	屿	0	
dữ	兴	0	
dữ	㑏	0	
dữ	與	0	
dữ	懙	0	
dữ	嶼	0	
dữ	㺞	0	
dữu	卣	0	
dữu	铕	0	
dữu	銪	0	
dự	与	0	
dự	吁	0	
dự	预	0	
dự	與	0	
dự	預	0	
dự	誉	0	
dự	豫	0	
dự	蕷	0	
dự	譽	0	
dự	𥸤	0	
dựa	汿	0	
dựa	诸	0	
dựa	预	0	
dựa	𢭸	0	
dựa	預	0	
dựa	諸	0	
dực	翊	0	
dực	翌	0	
dực	煜	0	
dực	熤	0	
dực	翼	0	
dựng	邓	0	
dựng	孕	0	
dựng	𢫡	0	
dựng	𢘩	0	
dựng	𥩯	0	
dựng	𨀊	0	
dựng	媵	0	
dựng	鄧	0	
dựng	𢸞	0	
dựt	秩	0	
e	衣	0	
e	依	0	
e	𢙬	0	
e	𠲖	0	
e	𠵱	0	
e	㥋	0	
em	奄	0	
em	俺	0	
em	㛪	0	
em	掩	0	
em	腌	0	
em	𫸽	0	
en	𬏪	0	
en	嚥	0	
eng	𫵄	0	
eng	𡂍	0	
eo	夭	0	
eo	㕭	0	
eo	殀	0	
eo	要	0	
eo	哓	0	
eo	𣍩	0	
eo	喓	0	
eo	腰	0	
eo	嘵	0	
gai	荄	0	
gai	核	0	
gai	𣘃	0	
gai	𦃮	0	
gan	旰	0	
gan	肝	0	
gan	𭆺	0	
gang	刚	0	
gang	㧏	0	
gang	钢	0	
gang	剛	0	
gang	𡱸	0	
gang	掆	0	
gang	𡬷	0	
gang	𡬼	0	
gang	𪮚	0	
gang	𨧠	0	
gang	鋼	0	
gang	𮢪	0	
ganh	坑	0	
ganh	爭	0	
ganh	竞	0	
ganh	兢	0	
ganh	競	0	
gao	耗	0	
gay	荄	0	
gay	垓	0	
gay	咳	0	
ghe	舸	0	
ghe	𠺳	0	
ghe	稽	0	
ghe	𥠻	0	
ghe	𡃊	0	
ghe	𦪵	0	
ghe	𦪼	0	
ghe	𬜜	0	
ghen	悭	0	
ghen	惚	0	
ghen	㭴	0	
ghen	慳	0	
ghen	樫	0	
ghi	记	0	
ghi	記	0	
ghi	掑	0	
ghi	𪡴	0	
ghi	劄	0	
ghi	𪟕	0	
ghi	𥱬	0	
ghi	𥶂	0	
ghi	𫍕	0	
ghi	𫂮	0	
ghim	钅	0	
ghim	金	0	
ghim	釒	0	
ghiì	持	0	
ghiếc	𢙕	0	
ghiền	坚	0	
ghiền	堅	0	
ghiền	㗔	0	
ghiềng	鍄	0	
ghè	掑	0	
ghè	𡒬	0	
ghèn	𥉸	0	
ghènh	更	0	
ghé	掎	0	
ghé	𥇚	0	
ghé	㨳	0	
ghé	踦	0	
ghé	𬑦	0	
ghé	𥊘	0	
ghé	𦗞	0	
ghé	𨄾	0	
ghé	艤	0	
ghém	剑	0	
ghém	检	0	
ghém	劍	0	
ghém	檢	0	
ghém	𧁴	0	
ghép	夹	0	
ghép	扱	0	
ghép	夾	0	
ghép	押	0	
ghép	𢯖	0	
ghép	接	0	
ghét	恄	0	
ghét	结	0	
ghét	結	0	
ghét	𢢂	0	
ghét	𪢍	0	
ghê	𠺳	0	
ghê	稽	0	
ghê	𡃊	0	
ghì	持	0	
ghì	掑	0	
ghìm	鉗	0	
ghím	𩸱	0	
ghín	谨	0	
ghín	謹	0	
ghẹ	𧋷	0	
ghẹm	剑	0	
ghẹm	劍	0	
ghẹo	𠰉	0	
ghẹo	哓	0	
ghẹo	挑	0	
ghẹo	𪴻	0	
ghẹo	憍	0	
ghẹo	嘵	0	
ghẹo	嘺	0	
ghẹo	𡃺	0	
ghẹo	𪢤	0	
ghẹo	𡅬	0	
ghẹo	𥍑	0	
ghẻ	几	0	
ghẻ	𤴪	0	
ghẻ	𡒬	0	
ghẻt	恄	0	
ghẽ	𢪊	0	
ghẽ	技	0	
ghẽ	稽	0	
ghế	几	0	
ghế	𧦔	0	
ghế	𪞴	0	
ghế	𧦕	0	
ghế	椅	0	
ghế	楴	0	
ghế	𣖟	0	
ghế	𬃪	0	
ghế	槣	0	
ghếch	击	0	
ghếch	格	0	
ghếch	𨃶	0	
ghếch	擊	0	
ghề	𡓈	0	
ghề	𥗎	0	
ghềnh	京	0	
ghềnh	埂	0	
ghềnh	𡌿	0	
ghềnh	𡹡	0	
ghềnh	涼	0	
ghềnh	𡹞	0	
ghềnh	溸	0	
ghềnh	䃄	0	
ghềnh	𡰏	0	
ghềnh	𨂙	0	
ghềnh	赢	0	
ghềnh	贏	0	
ghểnh	撔	0	
ghị	忌	0	
gi	椸	0	
gia	加	0	
gia	爷	0	
gia	伽	0	
gia	耶	0	
gia	咖	0	
gia	拁	0	
gia	茄	0	
gia	茶	0	
gia	枷	0	
gia	𧘪	0	
gia	珈	0	
gia	倻	0	
gia	家	0	
gia	啫	0	
gia	耞	0	
gia	跏	0	
gia	椰	0	
gia	爺	0	
gia	傢	0	
gia	嘉	0	
gia	镓	0	
gia	豭	0	
gia	鎵	0	
gia	𬷬	0	
giai	阶	0	
giai	佳	0	
giai	皆	0	
giai	階	0	
giai	谐	0	
giai	偕	0	
giai	秸	0	
giai	堦	0	
giai	喈	0	
giai	楷	0	
giai	稭	0	
giai	𪟦	0	
giai	諧	0	
giam	𪾋	0	
giam	监	0	
giam	㨔	0	
giam	𪬌	0	
giam	缄	0	
giam	監	0	
giam	緘	0	
giam	㩜	0	
gian	奸	0	
gian	间	0	
gian	艰	0	
gian	姦	0	
gian	菅	0	
gian	間	0	
gian	艱	0	
giang	阳	0	
giang	阦	0	
giang	江	0	
giang	扛	0	
giang	㧏	0	
giang	杠	0	
giang	肛	0	
giang	缸	0	
giang	𦈣	0	
giang	𠳹	0	
giang	豇	0	
giang	掆	0	
giang	陽	0	
giang	𥬮	0	
giang	𤭛	0	
giang	槓	0	
giang	𢺤	0	
gianh	江	0	
gianh	爭	0	
gianh	淨	0	
giao	艽	0	
giao	交	0	
giao	郊	0	
giao	茭	0	
giao	㬵	0	
giao	搅	0	
giao	蛟	0	
giao	跤	0	
giao	鲛	0	
giao	膠	0	
giao	鮫	0	
giao	鮻	0	
giao	攪	0	
giay	移	0	
giay	掾	0	
gieo	召	0	
gieo	招	0	
gieo	挍	0	
gieo	𪶎	0	
gieo	𫽟	0	
gieo	𢱐	0	
gieo	搖	0	
gieo	僚	0	
gieo	憭	0	
gieo	撩	0	
gion	敦	0	
giong	㠶	0	
giong	扛	0	
giong	冲	0	
giong	𨒟	0	
giong	终	0	
giong	𣳔	0	
giong	𢫝	0	
giong	𢬥	0	
giong	炵	0	
giong	終	0	
giong	𨀐	0	
giong	溶	0	
giong	蔠	0	
giong	衝	0	
giong	𩢦	0	
giong	𨄿	0	
gioè	唯	0	
gioèn	眩	0	
git	乙	0	
giun	𧉙	0	
giun	撴	0	
giun	𨘗	0	
giun	𧑒	0	
giun	䔻	0	
giung	戎	0	
giuã	銼	0	
giuã	𨮋	0	
giuã	鑥	0	
giuống	降	0	
giuỗi	𨀤	0	
giuỗi	㩡	0	
giuỗi	𨆷	0	
giuộc	勺	0	
giuộc	𣨧	0	
già	加	0	
già	伽	0	
già	迦	0	
già	夜	0	
già	茄	0	
già	枷	0	
già	查	0	
già	痂	0	
già	笳	0	
già	葭	0	
già	遮	0	
già	𦓅	0	
già	𫅷	0	
giàm	缄	0	
giàm	緘	0	
giàn	间	0	
giàn	床	0	
giàn	𣑴	0	
giàn	間	0	
giàn	滇	0	
giàn	𢵧	0	
giàn	橺	0	
giàn	𣠰	0	
giàng	江	0	
giàng	扛	0	
giàng	扬	0	
giàng	床	0	
giàng	降	0	
giàng	𢏠	0	
giàng	𢬥	0	
giàng	𢭩	0	
giàng	揚	0	
giành	伶	0	
giành	爭	0	
giành	𠲜	0	
giành	棦	0	
giành	掙	0	
giành	停	0	
giành	箏	0	
giành	𥱭	0	
giào	洨	0	
giào	槽	0	
giào	𤁓	0	
giàu	校	0	
giàu	朝	0	
giàu	𫡯	0	
giàu	蔞	0	
giàu	𢀭	0	
giày	持	0	
giày	𧿫	0	
giày	𥀌	0	
giày	𠼪	0	
giày	鞋	0	
giày	𦂄	0	
giày	履	0	
giày	𨃌	0	
giày	𨃐	0	
giày	𠫆	0	
giày	𩌂	0	
giá	价	0	
giá	这	0	
giá	驾	0	
giá	拁	0	
giá	架	0	
giá	柘	0	
giá	這	0	
giá	贾	0	
giá	假	0	
giá	液	0	
giá	賈	0	
giá	嫁	0	
giá	蔗	0	
giá	𦁹	0	
giá	稼	0	
giá	價	0	
giá	駕	0	
giá	鹧	0	
giá	𥳅	0	
giá	篾	0	
giá	𬰊	0	
giá	鷓	0	
giác	𢩮	0	
giác	角	0	
giác	觉	0	
giác	斍	0	
giác	桷	0	
giác	覚	0	
giác	搉	0	
giác	覺	0	
giái	戒	0	
giái	䐭	0	
giám	𪾋	0	
giám	监	0	
giám	敢	0	
giám	尲	0	
giám	鉴	0	
giám	尴	0	
giám	槛	0	
giám	監	0	
giám	鍳	0	
giám	尶	0	
giám	檻	0	
giám	鑒	0	
giám	鑑	0	
gián	间	0	
gián	𫔮	0	
gián	谏	0	
gián	間	0	
gián	閒	0	
gián	演	0	
gián	𧍴	0	
gián	諫	0	
gián	覵	0	
gián	𫋨	0	
giáng	降	0	
giáng	绛	0	
giáng	揀	0	
giáng	絳	0	
giáng	𩄐	0	
giáo	眇	0	
giáo	饺	0	
giáo	挍	0	
giáo	教	0	
giáo	敎	0	
giáo	铰	0	
giáo	窖	0	
giáo	酵	0	
giáo	鉸	0	
giáo	槊	0	
giáo	餃	0	
giáo	𪳞	0	
giáo	𨬊	0	
giáp	甲	0	
giáp	夹	0	
giáp	夾	0	
giáp	岬	0	
giáp	挟	0	
giáp	胛	0	
giáp	峡	0	
giáp	郟	0	
giáp	荚	0	
giáp	峽	0	
giáp	钾	0	
giáp	挾	0	
giáp	莢	0	
giáp	袷	0	
giáp	裌	0	
giáp	颊	0	
giáp	鉀	0	
giáp	頬	0	
giáp	頰	0	
giát	戛	0	
giát	戞	0	
giâm	滛	0	
giâm	𢹽	0	
giâu	校	0	
giây	之	0	
giây	𣆰	0	
giây	絏	0	
giây	𦀊	0	
giã	也	0	
giã	写	0	
giã	吔	0	
giã	啫	0	
giã	𣨕	0	
giã	𨔾	0	
giã	㨋	0	
giã	𦩳	0	
giã	𪢆	0	
giã	寫	0	
giãi	戒	0	
giãi	豸	0	
giãi	待	0	
giãi	𤉒	0	
giãi	𠸤	0	
giãi	𤋵	0	
giãi	解	0	
giãn	𠡚	0	
giãng	𠷬	0	
giãng	𡅉	0	
giãy	䟢	0	
giãy	𨃉	0	
gièm	谗	0	
gièm	𡅩	0	
gièm	讒	0	
gièm	𡆙	0	
gié	秷	0	
giéo	𠰉	0	
giê	支	0	
giêng	正	0	
giêng	征	0	
giêng	𦙫	0	
giêng	𣦓	0	
giêng	徵	0	
giêng	𥢆	0	
giò	蓗	0	
giò	𥱰	0	
giò	𨃝	0	
giòi	𧋆	0	
giòi	蜼	0	
giòi	𧔾	0	
giòn	屯	0	
giòn	存	0	
giòn	吨	0	
giòn	𤵊	0	
giòn	𤶐	0	
giòn	𦎍	0	
giòn	𬙴	0	
giòn	𦟒	0	
giòng	𣳔	0	
gió	这	0	
gió	這	0	
gió	逾	0	
gió	愈	0	
gió	𨗮	0	
gió	𬰅	0	
gió	𫖾	0	
gió	𫕲	0	
gió	𫗄	0	
gió	𫗃	0	
gió	𩙌	0	
gió	𩙍	0	
gió	𩙋	0	
gióc	祝	0	
gióc	𠺷	0	
giói	𢫊	0	
giói	𢬭	0	
giói	唯	0	
giói	𢷮	0	
gióng	仲	0	
gióng	冻	0	
gióng	拣	0	
gióng	𢫝	0	
gióng	咚	0	
gióng	栋	0	
gióng	容	0	
gióng	凍	0	
gióng	㨂	0	
gióng	棟	0	
gióng	揀	0	
gióng	喠	0	
gióng	𢶢	0	
giót	埣	0	
giô	𥳉	0	
giôi	𣑳	0	
giôn	敦	0	
giôn	燉	0	
giông	𣳔	0	
giông	容	0	
giông	庸	0	
giông	𧊕	0	
giông	溶	0	
giông	𩄱	0	
giông	𩘪	0	
giõi	烩	0	
giõi	燴	0	
giõng	㗈	0	
giùa	捈	0	
giùa	𢭳	0	
giùa	楢	0	
giùi	搥	0	
giùm	用	0	
giùm	𡑓	0	
giùng	屯	0	
giùng	用	0	
giú	注	0	
giúi	𢬗	0	
giúi	㩡	0	
giúm	揕	0	
giúng	𢪠	0	
giúp	丸	0	
giúp	𢩾	0	
giúp	执	0	
giúp	𪜾	0	
giúp	執	0	
giúp	𠢟	0	
giúp	𠢞	0	
giúp	𢴇	0	
giăm	箴	0	
giăng	江	0	
giăng	扛	0	
giăng	𢬥	0	
giăng	㖫	0	
giăng	绫	0	
giăng	𪩮	0	
giăng	𦝄	0	
giăng	綾	0	
giăng	綾	0	
giũ	𪮴	0	
giũ	𢷀	0	
giũ	𢷱	0	
giũ	𣜴	0	
giũa	锉	0	
giũa	銼	0	
giũa	镥	0	
giũa	𨮋	0	
giũa	鑥	0	
giơ	加	0	
giơ	拁	0	
giơ	𫼰	0	
giơ	捈	0	
giơi	磊	0	
giưa	荼	0	
giưòng	牀	0	
giương	扛	0	
giương	扬	0	
giương	张	0	
giương	𢬥	0	
giương	𥆄	0	
giương	𥆀	0	
giương	張	0	
giương	揚	0	
giường	扬	0	
giường	床	0	
giường	牀	0	
giường	𪲝	0	
giường	揚	0	
giường	棖	0	
giường	𦀾	0	
giường	𦀚	0	
giường	樑	0	
giạ	𣂃	0	
giạ	箸	0	
giạc	𠯅	0	
giạc	喥	0	
giại	豸	0	
giạm	𢪭	0	
giạm	谈	0	
giạm	談	0	
giạm	𠾻	0	
giạm	嚂	0	
giạng	𢬥	0	
giạng	𢏠	0	
giạng	𨀹	0	
giạng	𨄶	0	
giạt	札	0	
giạt	𪵳	0	
giạt	𢫄	0	
giạt	卓	0	
giạt	挞	0	
giạt	淖	0	
giạt	搣	0	
giạt	𣼸	0	
giạt	撻	0	
giạt	𨆹	0	
giả	伽	0	
giả	驾	0	
giả	者	0	
giả	柘	0	
giả	贾	0	
giả	偖	0	
giả	假	0	
giả	啫	0	
giả	斝	0	
giả	㨋	0	
giả	賈	0	
giả	锗	0	
giả	𪝪	0	
giả	赭	0	
giả	駕	0	
giả	鍺	0	
giải	豸	0	
giải	带	0	
giải	帶	0	
giải	𤉒	0	
giải	𤋵	0	
giải	觧	0	
giải	解	0	
giải	𢄩	0	
giải	䙊	0	
giải	邂	0	
giải	𦃿	0	
giải	獬	0	
giải	𧜵	0	
giải	懈	0	
giải	螮	0	
giải	𦄂	0	
giải	蠏	0	
giải	蟹	0	
giải	繲	0	
giải	𩺌	0	
giảm	减	0	
giảm	啖	0	
giảm	減	0	
giảm	简	0	
giảm	撊	0	
giảm	簡	0	
giản	但	0	
giản	拣	0	
giản	柬	0	
giản	揀	0	
giản	简	0	
giản	澗	0	
giản	橺	0	
giản	𥳑	0	
giản	簡	0	
giản	劗	0	
giảng	讲	0	
giảng	拣	0	
giảng	揀	0	
giảng	講	0	
giảnh	颖	0	
giảnh	穎	0	
giảnh	頴	0	
giảo	佼	0	
giảo	咬	0	
giảo	姣	0	
giảo	𤞑	0	
giảo	绞	0	
giảo	狡	0	
giảo	饺	0	
giảo	较	0	
giảo	铰	0	
giảo	啮	0	
giảo	絞	0	
giảo	較	0	
giảo	𫜪	0	
giảo	鉸	0	
giảo	餃	0	
giảo	𪘂	0	
giảo	齩	0	
giảo	齧	0	
giảo	囓	0	
giảo	䶧	0	
giảp	甲	0	
giấc	弋	0	
giấc	𢩮	0	
giấc	𠯅	0	
giấc	聀	0	
giấc	𦕛	0	
giấc	职	0	
giấc	𥋏	0	
giấc	職	0	
giấm	𪾋	0	
giấm	监	0	
giấm	酟	0	
giấm	𨠲	0	
giấm	𨡉	0	
giấm	監	0	
giấm	𨡼	0	
giấm	𨣤	0	
giấm	𨣨	0	
giấm	釅	0	
giấn	𢴍	0	
giấn	镇	0	
giấn	鎮	0	
giấp	叶	0	
giấp	葉	0	
giấp	蓻	0	
giấp	𤎒	0	
giấu	丑	0	
giấu	丒	0	
giấu	酉	0	
giấu	𢭳	0	
giấu	唒	0	
giấu	𫫅	0	
giấu	𨁪	0	
giấu	𠥤	0	
giấu	𡆞	0	
giấu	𭔰	0	
giấy	纸	0	
giấy	紙	0	
giấy	䊼	0	
giấy	𥿗	0	
giấy	絏	0	
giấy	𫷏	0	
giấy	繶	0	
giầm	淫	0	
giầm	㨔	0	
giầm	滛	0	
giầm	𢴏	0	
giầm	氳	0	
giầm	樳	0	
giầm	橝	0	
giầm	霪	0	
giầm	𩆍	0	
giần	寅	0	
giần	𥳄	0	
giần	𣠰	0	
giầu	芙	0	
giầu	油	0	
giầu	茱	0	
giầu	朝	0	
giầu	蒌	0	
giầu	蒥	0	
giầu	蔞	0	
giầu	𦺓	0	
giầu	𢀭	0	
giầy	持	0	
giầy	摡	0	
giầy	鞋	0	
giầy	履	0	
giầy	𥻣	0	
giầy	𠫆	0	
giầy	𩌂	0	
giẩng	拯	0	
giẩu	喻	0	
giẩy	𢩽	0	
giẫm	𣨮	0	
giẫm	踸	0	
giẫm	𨃵	0	
giẫy	𢩽	0	
giẫy	扯	0	
giẫy	洗	0	
giẫy	洙	0	
giẫy	𢬿	0	
giẫy	𧿆	0	
giẫy	䟢	0	
giậm	滥	0	
giậm	𦂼	0	
giậm	踸	0	
giậm	濫	0	
giậm	濫	0	
giậm	𥸄	0	
giận	引	0	
giận	阵	0	
giận	限	0	
giận	陣	0	
giận	恨	0	
giận	𢚷	0	
giận	𠻆	0	
giận	𫺶	0	
giận	𢠣	0	
giận	𫻂	0	
giận	𪬲	0	
giận	𭉆	0	
giập	执	0	
giập	拉	0	
giập	執	0	
giập	𢴇	0	
giập	熠	0	
giật	迭	0	
giật	秩	0	
giật	𪮞	0	
giậu	酉	0	
giậu	酒	0	
giậu	莤	0	
giậu	梄	0	
giậu	笤	0	
giậu	𥭛	0	
giậu	𣙭	0	
giậu	簉	0	
giậu	𬕩	0	
giậu	𥴙	0	
giậu	𥵙	0	
giắng	𠱆	0	
giắt	揗	0	
giắt	𢴑	0	
giắt	㩫	0	
giằm	㨔	0	
giằm	箴	0	
giằn	简	0	
giằn	撊	0	
giằn	簡	0	
giằng	払	0	
giằng	庄	0	
giằng	扛	0	
giằng	庒	0	
giằng	𢬥	0	
giằng	𢏠	0	
giằng	𢬂	0	
giằng	𢭩	0	
giằng	㖫	0	
giằng	兢	0	
giằng	蝇	0	
giằng	𢴍	0	
giằng	蠅	0	
giẳn	引	0	
giẵm	踸	0	
giẵm	𨃵	0	
giặc	弋	0	
giặc	贼	0	
giặc	賊	0	
giặm	引	0	
giặm	拰	0	
giặm	湛	0	
giặn	吲	0	
giặp	习	0	
giặp	習	0	
giặt	佚	0	
giặt	泆	0	
giặt	迭	0	
giặt	秩	0	
giặt	逸	0	
giặt	逸	0	
giặt	𪶵	0	
giặt	㴽	0	
giặt	𣾹	0	
giẹo	召	0	
giẹo	招	0	
giẹo	𬦪	0	
giẹp	甲	0	
giẹp	叶	0	
giẹp	折	0	
giẹp	押	0	
giẹp	𡮊	0	
giẹp	葉	0	
giẹt	𠲔	0	
giẻ	币	0	
giẻ	䌽	0	
giẻ	綵	0	
giẻ	弊	0	
giẻ	幣	0	
giẻ	𪂰	0	
giẻo	渺	0	
giẽ	𡉏	0	
giẽ	𧿆	0	
giẽ	雉	0	
giẽ	𬦳	0	
giẽ	𪂰	0	
giếc	𩷉	0	
giếc	𩷳	0	
giếc	𩷛	0	
giếc	䱑	0	
giếc	𩹹	0	
giếm	占	0	
giếm	掂	0	
giến	因	0	
giếng	井	0	
giếng	汫	0	
giếng	泟	0	
giếng	𥐹	0	
giếng	𠄺	0	
giếng	𬈈	0	
giết	折	0	
giết	𪲽	0	
giết	𢷄	0	
giết	𤄌	0	
giếu	酵	0	
giề	𠽮	0	
giền	萾	0	
giền	𧁶	0	
giềng	征	0	
giềng	盈	0	
giềng	埕	0	
giềng	唐	0	
giềng	𫣂	0	
giềng	𪝕	0	
giềng	𡎠	0	
giềng	萾	0	
giềng	溋	0	
giềng	𧋸	0	
giềng	𦀚	0	
giềng	䋼	0	
giềng	徵	0	
giềnh	征	0	
giềnh	徵	0	
giễ	𥫟	0	
giễu	𠰉	0	
giễu	眇	0	
giễu	𠴕	0	
giễu	𬕓	0	
giệnh	征	0	
giệnh	徵	0	
giệu	兆	0	
giệu	咷	0	
giọ	住	0	
giọi	队	0	
giọi	𪭯	0	
giọi	烩	0	
giọi	隊	0	
giọi	唯	0	
giọi	𢶒	0	
giọi	燴	0	
giọn	论	0	
giọn	論	0	
giọng	咚	0	
giọng	𣳔	0	
giọng	喠	0	
giọt	突	0	
giọt	湥	0	
giọt	𠸂	0	
giỏ	𠰍	0	
giỏ	祖	0	
giỏ	𬚶	0	
giỏ	䇠	0	
giỏ	𬕷	0	
giỏi	𤈜	0	
giỏi	磊	0	
giỏi	𠐞	0	
giỏi	㩡	0	
giỏi	𡤟	0	
giỏn	吮	0	
giốc	角	0	
giốc	祝	0	
giống	𣐄	0	
giống	种	0	
giống	𥞖	0	
giống	𥞁	0	
giống	偅	0	
giống	種	0	
giống	𥠭	0	
giống	𠏳	0	
giống	𧀑	0	
giống	𥵾	0	
giốt	卒	0	
giồ	𠻀	0	
giồi	𢬗	0	
giồi	𬁻	0	
giồi	搥	0	
giồi	䊚	0	
giồi	㵢	0	
giồi	㩡	0	
giồng	仝	0	
giồng	𡊸	0	
giồng	𢲣	0	
giổ	吐	0	
giổi	𣑳	0	
giổi	𣞂	0	
giổi	㰁	0	
giỗ	吐	0	
giỗ	杜	0	
giỗ	𠰍	0	
giỗ	祖	0	
giỗ	𥣒	0	
giỗ	𣋼	0	
giỗ	𬲠	0	
giỗi	𢙩	0	
giỗi	𠾕	0	
giội	洡	0	
giội	𢬗	0	
giội	𣾶	0	
giội	㩡	0	
giộng	挵	0	
giộp	执	0	
giộp	𢩾	0	
giộp	執	0	
giộp	㷝	0	
giột	湥	0	
giớ	贺	0	
giớ	贾	0	
giớ	賀	0	
giớ	賈	0	
giới	介	0	
giới	价	0	
giới	𠆷	0	
giới	戒	0	
giới	芥	0	
giới	届	0	
giới	炌	0	
giới	屆	0	
giới	诫	0	
giới	界	0	
giới	疥	0	
giới	蚧	0	
giới	𪽐	0	
giới	𤈪	0	
giới	械	0	
giới	𤋽	0	
giới	誡	0	
giới	價	0	
giới	瀣	0	
giớm	𪾋	0	
giớm	监	0	
giớm	監	0	
giớn	䒡	0	
giớn	瞷	0	
giớn	𧢈	0	
giớn	𧢑	0	
giớn	覵	0	
giớn	覸	0	
giờ	除	0	
giờ	徐	0	
giờ	𣇞	0	
giờ	𪱡	0	
giờ	𣉹	0	
giờ	𬁊	0	
giờ	𬁐	0	
giờ	𪬪	0	
giời	𡗶	0	
giời	炌	0	
giời	𤈪	0	
giời	𤋽	0	
giời	𧋹	0	
giời	𧍊	0	
giờn	湎	0	
giờn	𭰫	0	
giở	𧿨	0	
giở	𢷣	0	
giở	𡁎	0	
giỡ	啫	0	
giỡ	𢷣	0	
giỡn	屯	0	
giỡn	引	0	
giỡn	折	0	
giỡn	𫸷	0	
giỡn	简	0	
giỡn	演	0	
giỡn	簡	0	
giỡn	𢥣	0	
giỡn	𡅌	0	
giợm	𪾋	0	
giợm	监	0	
giợm	監	0	
giợn	喕	0	
giợn	愐	0	
giợt	𤁩	0	
giục	促	0	
giục	逐	0	
giục	欲	0	
giục	唷	0	
giục	𬨲	0	
giục	𠽖	0	
giụi	𢬗	0	
giụi	㩡	0	
giụm	呫	0	
giụm	𡑓	0	
giụm	踸	0	
giủi	𢬗	0	
giủi	㩡	0	
giủng	嵎	0	
giữ	宁	0	
giữ	守	0	
giữ	佇	0	
giữ	㑏	0	
giữ	拧	0	
giữ	贮	0	
giữ	𢬇	0	
giữ	渚	0	
giữ	𡨺	0	
giữ	𡨹	0	
giữ	𫳘	0	
giữ	𡨸	0	
giữ	貯	0	
giữ	𪧚	0	
giữ	𧵤	0	
giữa	𫡇	0	
giữa	𡧲	0	
giữa	𡨌	0	
giữa	𫡉	0	
giữa	𠁵	0	
giữa	𠁹	0	
giựt	秩	0	
go	姑	0	
go	孤	0	
go	箛	0	
go	𦁿	0	
go	𦁣	0	
go	𩸰	0	
gom	搛	0	
gon	昆	0	
gon	棍	0	
goá	过	0	
goá	過	0	
goá	寡	0	
goằng	肱	0	
goỏc	梮	0	
goỏc	槶	0	
gu	俱	0	
gu	塸	0	
guá	𤺮	0	
guốc	國	0	
guốc	梮	0	
guốc	椈	0	
guốc	槶	0	
guốc	踘	0	
guốt	𩄨	0	
guộc	局	0	
guộc	𤶹	0	
guỷ	跪	0	
gà	呵	0	
gà	𪰏	0	
gà	猗	0	
gà	𤠄	0	
gà	𬞢	0	
gà	鵸	0	
gà	𪂮	0	
gà	𬷤	0	
gà	𫰄	0	
gà	𪃴	0	
gà	𪃿	0	
gài	咳	0	
gài	掑	0	
gài	摡	0	
gài	𢹆	0	
gàm	𫏄	0	
gàn	杆	0	
gàn	近	0	
gàn	乾	0	
gàn	強	0	
gàn	𢠥	0	
gàn	𢢈	0	
gàng	強	0	
gành	䃄	0	
gành	瀛	0	
gào	哠	0	
gào	嗃	0	
gào	嚎	0	
gàu	浗	0	
gàu	脙	0	
gàu	笱	0	
gàu	篙	0	
gàu	𣠘	0	
gá	妸	0	
gá	呵	0	
gá	架	0	
gá	嫁	0	
gác	各	0	
gác	阁	0	
gác	挌	0	
gác	搁	0	
gác	閣	0	
gác	閤	0	
gác	擱	0	
gác	櫊	0	
gác	𨆿	0	
gái	丐	0	
gái	𡛔	0	
gán	㨴	0	
gán	擀	0	
gán	檊	0	
gánh	挭	0	
gánh	梗	0	
gáo	吿	0	
gáo	𫧂	0	
gáo	梏	0	
gáo	𤭚	0	
gáo	𣂋	0	
gáo	𪢡	0	
gáy	丐	0	
gáy	𠰁	0	
gáy	嘅	0	
gáy	摡	0	
gáy	𩬆	0	
gáy	𬛑	0	
gáy	𦢾	0	
gáy	𩯂	0	
gáy	𩺺	0	
gân	荕	0	
gân	筋	0	
gâu	𠯜	0	
gâu	呴	0	
gây	㧡	0	
gây	垓	0	
gây	咳	0	
gây	掑	0	
gây	𢲧	0	
gây	𧻭	0	
gây	𨠳	0	
gây	𦟍	0	
gây	磋	0	
gây	𨡨	0	
gây	𨢟	0	
gây	𫾑	0	
gây	𥶂	0	
gã	何	0	
gã	𡥚	0	
gã	奇	0	
gã	妸	0	
gã	哿	0	
gã	𪟡	0	
gã	𤯱	0	
gã	𠏠	0	
gã	𭓊	0	
gãi	改	0	
gãi	𢭮	0	
gãi	掑	0	
gãi	𫼿	0	
gãi	摡	0	
gãy	技	0	
gãy	折	0	
gãy	改	0	
gãy	𢭮	0	
gãy	𪮣	0	
gãy	𢴛	0	
gì	之	0	
gì	夷	0	
gì	咦	0	
gìn	吲	0	
gìn	廛	0	
gìn	𡃚	0	
gí	挗	0	
gò	孤	0	
gò	坵	0	
gò	𡍢	0	
gò	𦁿	0	
gò	塸	0	
gò	㩴	0	
gòn	棍	0	
gòng	扛	0	
góc	角	0	
góc	谷	0	
góc	𣃺	0	
góc	𫈅	0	
góc	㭲	0	
góc	𣍂	0	
góc	𧣳	0	
góc	𬢗	0	
gói	绘	0	
gói	𪭯	0	
gói	𫋻	0	
gói	絵	0	
gói	𢶒	0	
gói	襘	0	
gói	繪	0	
góp	合	0	
góp	给	0	
góp	給	0	
góp	𢵰	0	
gót	嗗	0	
gót	𨃴	0	
gót	𬛟	0	
gô	𦁿	0	
gô	𪂯	0	
gôi	𡼾	0	
gôm	搛	0	
gông	杠	0	
gõ	𢫈	0	
gõ	𢮭	0	
gõ	楛	0	
gõ	𢱗	0	
gõ	𦩛	0	
gõ	𧑁	0	
gù	虬	0	
gù	俱	0	
gù	鸲	0	
gù	㖵	0	
gù	鴝	0	
gù	臞	0	
gù	𡆚	0	
gùi	其	0	
gùi	蒉	0	
gùi	蕢	0	
gùi	𥯜	0	
gùi	簣	0	
gùn	扲	0	
gùng	贡	0	
gùng	穷	0	
gùng	𠴛	0	
gùng	貢	0	
gùng	窮	0	
gùng	𡃕	0	
gúa	𤺮	0	
gúng	貢	0	
gúng	𠗸	0	
gút	骨	0	
gút	縎	0	
găm	钅	0	
găm	针	0	
găm	金	0	
găm	釒	0	
găm	針	0	
găm	鍼	0	
găng	矜	0	
gũi	柜	0	
gũi	哙	0	
gũi	𫠴	0	
gũi	噲	0	
gũi	櫃	0	
gươm	剑	0	
gươm	劍	0	
gươm	鎌	0	
gương	強	0	
gương	葁	0	
gương	鉴	0	
gương	𠻁	0	
gương	𦎛	0	
gương	镜	0	
gương	鍳	0	
gương	鏡	0	
gương	鑒	0	
gương	鑑	0	
gườm	睒	0	
gườm	䁠	0	
gườm	𥋼	0	
gượm	睒	0	
gượm	𥊗	0	
gượm	𨇓	0	
gượng	強	0	
gượng	强	0	
gượng	𠼢	0	
gượng	摾	0	
gạ	妸	0	
gạ	𠶄	0	
gạc	各	0	
gạc	挌	0	
gạc	觡	0	
gạc	𫜍	0	
gạch	划	0	
gạch	坧	0	
gạch	砖	0	
gạch	劃	0	
gạch	𤮄	0	
gạch	劇	0	
gạch	甎	0	
gạch	𡑞	0	
gạch	磚	0	
gạch	𤮘	0	
gạch	壢	0	
gạch	𥗌	0	
gạch	𥗩	0	
gạch	𥗳	0	
gại	𥒅	0	
gạn	伴	0	
gạn	𣴓	0	
gạn	𠲟	0	
gạn	𢭬	0	
gạn	𣵲	0	
gạn	𫪿	0	
gạo	杲	0	
gạo	㫧	0	
gạo	𥺊	0	
gạo	槹	0	
gạo	𬖰	0	
gạo	檤	0	
gạo	檰	0	
gạo	𥽌	0	
gạt	诘	0	
gạt	拔	0	
gạt	拮	0	
gạt	詰	0	
gạy	𢭮	0	
gả	妸	0	
gả	哿	0	
gả	婍	0	
gả	嫁	0	
gảng	𪻈	0	
gảp	吸	0	
gảy	技	0	
gảy	改	0	
gảy	𢭮	0	
gấc	葛	0	
gấc	棘	0	
gấm	锦	0	
gấm	錦	0	
gấm	𬬃	0	
gấp	及	0	
gấp	扱	0	
gấp	急	0	
gấp	𥄫	0	
gấp	𠍭	0	
gấu	𤠰	0	
gấu	𦵷	0	
gấu	褠	0	
gấy	𠰁	0	
gấy	嘅	0	
gầm	吟	0	
gầm	呤	0	
gầm	唅	0	
gầm	㖗	0	
gầm	𪡆	0	
gầm	噙	0	
gầm	蠄	0	
gần	斤	0	
gần	𫶾	0	
gần	近	0	
gần	𧵆	0	
gầu	勾	0	
gầu	𫲢	0	
gầu	𥬉	0	
gầu	浗	0	
gầu	脙	0	
gầu	槁	0	
gầu	篙	0	
gầu	𥴚	0	
gầy	𤷍	0	
gầy	𫈺	0	
gầy	𤻓	0	
gầy	𤼞	0	
gẩy	折	0	
gẩy	𢭮	0	
gẫm	吟	0	
gẫm	唫	0	
gẫm	𬑛	0	
gẫm	噤	0	
gẫm	𡄎	0	
gẫu	㗕	0	
gẫy	𢭮	0	
gậm	汵	0	
gậm	埁	0	
gậm	𡄎	0	
gập	及	0	
gập	岌	0	
gập	岋	0	
gập	趿	0	
gật	乞	0	
gật	𡴯	0	
gật	讫	0	
gật	扢	0	
gật	屹	0	
gật	𪨣	0	
gật	各	0	
gật	𪜒	0	
gật	拮	0	
gật	咭	0	
gật	訖	0	
gật	𦛋	0	
gật	掘	0	
gật	颉	0	
gật	𩠓	0	
gật	頡	0	
gậy	忌	0	
gậy	𢭮	0	
gậy	梞	0	
gậy	𧋷	0	
gắm	吟	0	
gắm	锦	0	
gắm	錦	0	
gắm	𥋴	0	
gắn	坚	0	
gắn	哏	0	
gắn	拫	0	
gắn	𠴍	0	
gắn	堅	0	
gắn	𠦯	0	
gắng	亙	0	
gắng	𪟙	0	
gắng	𠡚	0	
gắng	哏	0	
gắng	強	0	
gắp	扱	0	
gắp	𢰽	0	
gắt	刻	0	
gắt	咭	0	
gắt	噶	0	
gằm	吟	0	
gằm	䁠	0	
gằn	近	0	
gằn	垠	0	
gằn	𧵆	0	
gằn	𠼹	0	
gẳp	及	0	
gẳp	吸	0	
gặm	钅	0	
gặm	吟	0	
gặm	金	0	
gặm	釒	0	
gặm	啃	0	
gặm	唫	0	
gặm	噤	0	
gặm	𡄎	0	
gặm	𡅧	0	
gặn	近	0	
gặng	𠶌	0	
gặp	及	0	
gặp	吸	0	
gặp	汲	0	
gặp	扱	0	
gặp	﨤	0	
gặp	𠳖	0	
gặp	趿	0	
gặt	𥝎	0	
gặt	拮	0	
gặt	秸	0	
gặt	割	0	
gặt	䣷	0	
gặt	𠟸	0	
gặt	𥢫	0	
gềnh	京	0	
gềnh	𡌿	0	
gềnh	𡹞	0	
gỉ	已	0	
gịt	绎	0	
gịt	繹	0	
gọi	侩	0	
gọi	哙	0	
gọi	儈	0	
gọi	噲	0	
gọn	论	0	
gọn	衮	0	
gọn	混	0	
gọn	袞	0	
gọn	論	0	
gọn	𭫊	0	
gọng	共	0	
gọt	𠚯	0	
gọt	𤮾	0	
gọt	𠞡	0	
gọt	搰	0	
gọt	𨪷	0	
gỏi	回	0	
gỏi	会	0	
gỏi	哙	0	
gỏi	脍	0	
gỏi	會	0	
gỏi	鲙	0	
gỏi	噲	0	
gỏi	𫙛	0	
gỏi	𩷆	0	
gỏi	膾	0	
gỏi	鱠	0	
gỏng	贡	0	
gỏng	貢	0	
gốc	梏	0	
gốc	㭲	0	
gốc	楃	0	
gối	𪭯	0	
gối	桧	0	
gối	𫋻	0	
gối	絵	0	
gối	𢶒	0	
gối	檜	0	
gối	襘	0	
gối	𨆝	0	
gốm	𡑲	0	
gốt	𫵢	0	
gồ	𥐰	0	
gồ	㮧	0	
gồ	𥕥	0	
gồi	𧀐	0	
gồm	𠔮	0	
gồm	歉	0	
gồm	𪞍	0	
gồm	𠁝	0	
gồm	𡗄	0	
gồm	𫡂	0	
gồm	𠁟	0	
gồm	𫡁	0	
gồng	工	0	
gồng	扛	0	
gổm	锦	0	
gổm	錦	0	
gỗ	具	0	
gỗ	枯	0	
gỗ	楛	0	
gỗ	椇	0	
gỗ	㮧	0	
gộc	梮	0	
gộc	㭲	0	
gội	浍	0	
gội	澮	0	
gộp	合	0	
gộp	𠄦	0	
gột	滑	0	
gớm	剑	0	
gớm	感	0	
gớm	劍	0	
gớm	憾	0	
gớm	𡃍	0	
gờm	𢢬	0	
gở	𪡽	0	
gở	𢤫	0	
gởi	改	0	
gởi	𢭮	0	
gỡ	𫡛	0	
gỡ	𨔉	0	
gỡ	𫑀	0	
gỡ	𢷣	0	
gỡ	攑	0	
gợ	𡱶	0	
gợ	据	0	
gợ	據	0	
gợi	𢭮	0	
gợi	𢴖	0	
gợi	㨳	0	
gợn	湎	0	
gợn	𭰫	0	
gợt	诘	0	
gợt	詰	0	
gụ	椇	0	
gụ	槁	0	
gụ	𦩛	0	
gụ	𣛡	0	
gục	局	0	
gục	𩠧	0	
gụi	浍	0	
gụi	澮	0	
gụng	共	0	
gủt	掘	0	
gừ	㖵	0	
gừa	渠	0	
gừn	𪤷	0	
gừn	𢁯	0	
gừng	羌	0	
gừng	姜	0	
gừng	𦹱	0	
gừng	薑	0	
gừng	𤃥	0	
gửi	改	0	
gửi	𠳚	0	
gửi	𢭮	0	
gửi	𦰦	0	
gửi	寄	0	
gửi	㗇	0	
gửi	㨳	0	
gửi	𫏍	0	
ha	诃	0	
ha	何	0	
ha	呵	0	
ha	哬	0	
ha	訶	0	
hai	台	0	
hai	𠄩	0	
hai	咍	0	
hai	𪱜	0	
hai	胎	0	
ham	函	0	
ham	蚶	0	
ham	酣	0	
ham	歆	0	
ham	颔	0	
ham	嗿	0	
ham	頷	0	
ham	𢣇	0	
ham	噷	0	
han	叹	0	
han	汉	0	
han	轩	0	
han	軒	0	
han	𪡗	0	
han	𠻃	0	
han	漢	0	
han	嘆	0	
han	鼾	0	
han	𨫪	0	
han	𧄊	0	
hang	缸	0	
hang	﨏	0	
hang	𪬏	0	
hang	𡎟	0	
hang	𥧎	0	
hang	𪨝	0	
hang	𧯅	0	
hang	𧯄	0	
hanh	亨	0	
hanh	哼	0	
hanh	脝	0	
hanh	㨘	0	
hanh	擤	0	
hanh	馨	0	
hao	灲	0	
hao	哮	0	
hao	耗	0	
hao	虓	0	
hao	𪡱	0	
hao	滈	0	
hao	嚆	0	
hau	耗	0	
hau	嚆	0	
hay	𫧇	0	
hay	台	0	
hay	咍	0	
hay	𫨩	0	
hay	能	0	
hay	𣕘	0	
haăng	响	0	
he	希	0	
he	唏	0	
he	𢬾	0	
he	䖷	0	
he	熙	0	
he	𡁱	0	
he	鯑	0	
hem	嫌	0	
hem	㾾	0	
hem	𫅸	0	
hen	叹	0	
hen	轩	0	
hen	軒	0	
hen	𠻃	0	
hen	嘆	0	
hen	𤹖	0	
hen	𨪚	0	
heng	𬠇	0	
heo	嚣	0	
heo	囂	0	
heo	㺧	0	
hi	希	0	
hi	牺	0	
hi	唏	0	
hi	浠	0	
hi	欷	0	
hi	晞	0	
hi	稀	0	
hi	䖷	0	
hi	僖	0	
hi	熙	0	
hi	嬉	0	
hi	嘻	0	
hi	熹	0	
hi	戲	0	
hi	𦏁	0	
hi	𣌀	0	
hi	犧	0	
hi	嚱	0	
hi	䂀	0	
hia	𩊽	0	
hia	鞵	0	
him	𥇶	0	
him	𥋵	0	
hinh	馨	0	
hiu	休	0	
hiu	咻	0	
hiu	嚣	0	
hiu	囂	0	
hiêm	莶	0	
hiêm	薟	0	
hiên	轩	0	
hiên	顸	0	
hiên	莶	0	
hiên	軒	0	
hiên	掀	0	
hiên	萱	0	
hiên	頇	0	
hiên	蜆	0	
hiên	锨	0	
hiên	薟	0	
hiên	鍁	0	
hiêu	哓	0	
hiêu	枵	0	
hiêu	痚	0	
hiêu	嘵	0	
hiêu	嚣	0	
hiêu	囂	0	
hiếm	险	0	
hiếm	俭	0	
hiếm	險	0	
hiếm	儉	0	
hiến	宪	0	
hiến	哯	0	
hiến	献	0	
hiến	憲	0	
hiến	獻	0	
hiếng	䁐	0	
hiếng	𥌷	0	
hiếp	胁	0	
hiếp	協	0	
hiếp	脇	0	
hiếp	脅	0	
hiếp	鐷	0	
hiết	歇	0	
hiếu	好	0	
hiếu	孝	0	
hiếu	傳	0	
hiềm	嫌	0	
hiền	贤	0	
hiền	䝨	0	
hiền	賢	0	
hiền	㘋	0	
hiều	枵	0	
hiểm	险	0	
hiểm	險	0	
hiển	显	0	
hiển	顕	0	
hiển	䘆	0	
hiển	顯	0	
hiểu	晓	0	
hiểu	曉	0	
hiệm	贍	0	
hiện	见	0	
hiện	苋	0	
hiện	見	0	
hiện	现	0	
hiện	莧	0	
hiện	哯	0	
hiện	蚬	0	
hiện	現	0	
hiện	蜆	0	
hiện	㦓	0	
hiệp	协	0	
hiệp	協	0	
hiệp	侠	0	
hiệp	拹	0	
hiệp	柙	0	
hiệp	挟	0	
hiệp	峡	0	
hiệp	狭	0	
hiệp	俠	0	
hiệp	洽	0	
hiệp	峽	0	
hiệp	挾	0	
hiệp	狹	0	
hiệp	陿	0	
hiệt	页	0	
hiệt	頁	0	
hiệt	籺	0	
hiệt	颉	0	
hiệt	頡	0	
hiệt	撷	0	
hiệt	黠	0	
hiệt	擷	0	
hiệt	纈	0	
hiệu	号	0	
hiệu	効	0	
hiệu	哠	0	
hiệu	校	0	
hiệu	效	0	
hiệu	皎	0	
hiệu	皓	0	
hiệu	傚	0	
hiệu	號	0	
hiệu	斅	0	
ho	呼	0	
ho	𤵡	0	
ho	𫚶	0	
hoa	化	0	
hoa	划	0	
hoa	华	0	
hoa	花	0	
hoa	找	0	
hoa	骅	0	
hoa	哗	0	
hoa	華	0	
hoa	桦	0	
hoa	铧	0	
hoa	𢯘	0	
hoa	葩	0	
hoa	嘩	0	
hoa	傳	0	
hoa	樺	0	
hoa	劃	0	
hoa	譁	0	
hoa	鏵	0	
hoa	驊	0	
hoai	坏	0	
hoai	𪢖	0	
hoai	壞	0	
hoai	𡅯	0	
hoan	欢	0	
hoan	歓	0	
hoan	獾	0	
hoan	懽	0	
hoan	歡	0	
hoan	讙	0	
hoan	貛	0	
hoan	驩	0	
hoang	肓	0	
hoang	荒	0	
hoang	塃	0	
hoang	慌	0	
hoang	䐠	0	
hoang	謊	0	
hoanh	轟	0	
hoay	挥	0	
hoay	畏	0	
hoay	渨	0	
hoay	揮	0	
hoe	晖	0	
hoe	槐	0	
hoe	暉	0	
hoen	欢	0	
hoen	欣	0	
hoen	𤸧	0	
hoen	𤸫	0	
hoen	歡	0	
hoi	灰	0	
hoi	回	0	
hoi	𤞑	0	
hoi	咴	0	
hoi	脄	0	
hoi	𦤠	0	
hom	愔	0	
hom	𪵦	0	
hom	歆	0	
hom	𩩿	0	
hom	𤻐	0	
hom	𥵗	0	
hom	𨮈	0	
hom	𫘃	0	
hon	昏	0	
hon	焝	0	
hon	燉	0	
hong	洪	0	
hong	烘	0	
hong	𤈤	0	
hong	𣈞	0	
hoà	禾	0	
hoà	花	0	
hoà	和	0	
hoà	龢	0	
hoài	怀	0	
hoài	𢙇	0	
hoài	淮	0	
hoài	懷	0	
hoàn	丸	0	
hoàn	芄	0	
hoàn	纨	0	
hoàn	汍	0	
hoàn	完	0	
hoàn	还	0	
hoàn	环	0	
hoàn	紈	0	
hoàn	桓	0	
hoàn	脘	0	
hoàn	烷	0	
hoàn	鲩	0	
hoàn	寰	0	
hoàn	還	0	
hoàn	環	0	
hoàn	鹮	0	
hoàn	鯇	0	
hoàn	鯶	0	
hoàn	鬟	0	
hoàn	䴉	0	
hoàng	皇	0	
hoàng	隍	0	
hoàng	黄	0	
hoàng	凰	0	
hoàng	喤	0	
hoàng	黃	0	
hoàng	惶	0	
hoàng	堭	0	
hoàng	徨	0	
hoàng	遑	0	
hoàng	煌	0	
hoàng	潢	0	
hoàng	蝗	0	
hoàng	篁	0	
hoàng	磺	0	
hoàng	癀	0	
hoàng	簧	0	
hoàng	鳇	0	
hoàng	𨱑	0	
hoàng	蟥	0	
hoàng	鐄	0	
hoàng	鰉	0	
hoành	竑	0	
hoành	珩	0	
hoành	鸻	0	
hoành	横	0	
hoành	衡	0	
hoành	鴴	0	
hoành	蘅	0	
hoành	鑅	0	
hoá	化	0	
hoá	货	0	
hoá	貨	0	
hoác	霍	0	
hoác	壑	0	
hoán	奂	0	
hoán	奐	0	
hoán	换	0	
hoán	浣	0	
hoán	涣	0	
hoán	唤	0	
hoán	焕	0	
hoán	逭	0	
hoán	換	0	
hoán	痪	0	
hoán	喚	0	
hoán	渙	0	
hoán	缓	0	
hoán	煥	0	
hoán	瘓	0	
hoán	緩	0	
hoán	澣	0	
hoáng	晄	0	
hoát	眓	0	
hoát	豁	0	
hoáy	畏	0	
hoáy	渨	0	
hoã	踝	0	
hoãn	缓	0	
hoãn	暖	0	
hoãn	緩	0	
hoãng	宏	0	
hoè	槐	0	
hoé	吪	0	
hoét	穴	0	
hoét	血	0	
hoét	𠲣	0	
hoăn	㬻	0	
hoăng	荒	0	
hoăng	薨	0	
hoạ	𥘑	0	
hoạ	和	0	
hoạ	画	0	
hoạ	祸	0	
hoạ	畫	0	
hoạ	𪽗	0	
hoạ	禍	0	
hoạ	觟	0	
hoạ	夥	0	
hoạ	𤲿	0	
hoạch	划	0	
hoạch	画	0	
hoạch	捇	0	
hoạch	畫	0	
hoạch	劃	0	
hoạch	㩇	0	
hoạch	獲	0	
hoạch	嚄	0	
hoạch	擭	0	
hoạch	穫	0	
hoạch	镬	0	
hoạch	𥽍	0	
hoạch	鑊	0	
hoại	坏	0	
hoại	壞	0	
hoạn	宦	0	
hoạn	患	0	
hoạn	豢	0	
hoạn	𭓡	0	
hoạng	妄	0	
hoạng	恍	0	
hoạnh	横	0	
hoạt	活	0	
hoạt	搰	0	
hoạt	滑	0	
hoả	一	0	
hoả	灬	0	
hoả	火	0	
hoả	钬	0	
hoả	鈥	0	
hoả	夥	0	
hoả2	灬	0	
hoải	坏	0	
hoải	壞	0	
hoảng	怳	0	
hoảng	恍	0	
hoảng	晄	0	
hoảng	晃	0	
hoảng	慌	0	
hoảng	㨪	0	
hoảng	幌	0	
hoảnh	怳	0	
hoảnh	𣹔	0	
hoắc	或	0	
hoắc	霍	0	
hoắc	攉	0	
hoắc	藿	0	
hoắm	陷	0	
hoắm	𬔒	0	
hoắm	𥩇	0	
hoắt	𠟥	0	
hoắt	𨨅	0	
hoằn	𡮗	0	
hoằng	弘	0	
hoằng	泓	0	
hoẳn	𦞔	0	
hoẳn	䐠	0	
hoẵng	𤠤	0	
hoẵng	麂	0	
hoẵng	䴟	0	
hoẵng	𬹀	0	
hoẵng	麞	0	
hoặc	或	0	
hoặc	惑	0	
hoẹ	𠽡	0	
hoẹ	𡁜	0	
hoẹt	穴	0	
hoẹt	𠱇	0	
hoẻn	幻	0	
hoẻn	𠲣	0	
hoẻn	𡮄	0	
hu	吁	0	
hu	纡	0	
hu	旴	0	
hu	㽳	0	
hu	紆	0	
hu	昫	0	
hu	冔	0	
hu	𠳲	0	
hu	樗	0	
hu	籲	0	
hua	𫗶	0	
hui	灰	0	
hum	𥮈	0	
hum	歆	0	
hum	𥵗	0	
hun	焝	0	
hun	魂	0	
hun	熏	0	
hun	燻	0	
hung	凶	0	
hung	匈	0	
hung	讻	0	
hung	㐫	0	
hung	兇	0	
hung	恟	0	
hung	胷	0	
hung	胸	0	
hung	訩	0	
hung	詾	0	
huy	㧑	0	
huy	挥	0	
huy	晖	0	
huy	眭	0	
huy	辉	0	
huy	揮	0	
huy	煇	0	
huy	暉	0	
huy	撝	0	
huy	輝	0	
huy	噅	0	
huy	𧗼	0	
huy	麾	0	
huy	徽	0	
huy	𮥠	0	
huynh	兄	0	
huyên	玄	0	
huyên	泫	0	
huyên	埙	0	
huyên	谖	0	
huyên	喧	0	
huyên	渲	0	
huyên	萱	0	
huyên	煊	0	
huyên	塤	0	
huyên	暄	0	
huyên	諠	0	
huyên	諼	0	
huyên	蘐	0	
huyẹn	玄	0	
huyến	绚	0	
huyến	絢	0	
huyết	血	0	
huyết	眓	0	
huyền	玄	0	
huyền	县	0	
huyền	弦	0	
huyền	痃	0	
huyền	悬	0	
huyền	絃	0	
huyền	舷	0	
huyền	縣	0	
huyền	懸	0	
huyễn	幻	0	
huyễn	炫	0	
huyễn	眩	0	
huyễn	烜	0	
huyễn	晅	0	
huyễn	铉	0	
huyễn	衒	0	
huyễn	楥	0	
huyễn	楦	0	
huyễn	鉉	0	
huyện	县	0	
huyện	縣	0	
huyệt	穴	0	
huân	荤	0	
huân	勋	0	
huân	埙	0	
huân	勛	0	
huân	葷	0	
huân	熏	0	
huân	𦞢	0	
huân	勳	0	
huân	薰	0	
huân	壎	0	
huân	曛	0	
huân	燻	0	
huân	醺	0	
huê	花	0	
huênh	𨋌	0	
huênh	轟	0	
huý	讳	0	
huý	伵	0	
huý	諱	0	
huých	鬩	0	
huýnh	迥	0	
huýt	𠲣	0	
huýt	𬕫	0	
huơ	挥	0	
huơ	𢯘	0	
huơ	揮	0	
huơi	揮	0	
huấn	训	0	
huấn	訓	0	
huần	𡮗	0	
huế	化	0	
huếch	扩	0	
huếch	擴	0	
huếnh	呪	0	
huếnh	迥	0	
huề	和	0	
huề	畦	0	
huề	携	0	
huề	𢹂	0	
huề	攜	0	
huệ	恚	0	
huệ	惠	0	
huệ	慱	0	
huệ	僡	0	
huệ	憓	0	
huệ	蕙	0	
huệ	慧	0	
huệ	蟪	0	
huống	况	0	
huống	況	0	
huống	贶	0	
huống	貺	0	
huỳnh	兄	0	
huỳnh	𫇦	0	
huỳnh	荧	0	
huỳnh	萤	0	
huỳnh	黄	0	
huỳnh	黃	0	
huỳnh	熒	0	
huỳnh	螢	0	
huỵch	鬩	0	
huỷ	𠦄	0	
huỷ	虺	0	
huỷ	毀	0	
huỷ	𤌋	0	
huỷ	燬	0	
huỷ	䃣	0	
huỷ	譭	0	
hy	希	0	
hy	熙	0	
hà	何	0	
hà	河	0	
hà	苛	0	
hà	呵	0	
hà	虾	0	
hà	荷	0	
hà	哬	0	
hà	蚵	0	
hà	菏	0	
hà	瑕	0	
hà	蝦	0	
hà	蝴	0	
hà	霞	0	
hài	孩	0	
hài	谐	0	
hài	𠹛	0	
hài	骸	0	
hài	鞋	0	
hài	諧	0	
hài	鞵	0	
hàm	含	0	
hàm	函	0	
hàm	炶	0	
hàm	咸	0	
hàm	唅	0	
hàm	圅	0	
hàm	涵	0	
hàm	梒	0	
hàm	𦛜	0	
hàm	衔	0	
hàm	𥆡	0	
hàm	啣	0	
hàm	㮀	0	
hàm	酣	0	
hàm	嗛	0	
hàm	颔	0	
hàm	銜	0	
hàm	憨	0	
hàm	𥻧	0	
hàm	頷	0	
hàm	𬺍	0	
hàm	鹹	0	
hàm	𧂄	0	
hàn	焊	0	
hàn	釬	0	
hàn	寒	0	
hàn	韩	0	
hàn	𬭍	0	
hàn	蔊	0	
hàn	憪	0	
hàn	㩃	0	
hàn	銲	0	
hàn	翰	0	
hàn	韓	0	
hàng	行	0	
hàng	吭	0	
hàng	沆	0	
hàng	杭	0	
hàng	降	0	
hàng	绗	0	
hàng	姮	0	
hàng	𠲓	0	
hàng	航	0	
hàng	桁	0	
hàng	䟘	0	
hàng	絎	0	
hàng	頏	0	
hành	行	0	
hành	茎	0	
hành	荇	0	
hành	珩	0	
hành	莖	0	
hành	桁	0	
hành	莕	0	
hành	衡	0	
hào	爻	0	
hào	号	0	
hào	肴	0	
hào	蚝	0	
hào	毫	0	
hào	淆	0	
hào	殽	0	
hào	號	0	
hào	嗥	0	
hào	豪	0	
hào	𣉶	0	
hào	嘷	0	
hào	餚	0	
hào	𡀱	0	
hào	嚎	0	
hào	濠	0	
hào	壕	0	
hào	蠔	0	
hàu	䗔	0	
hàu	蠔	0	
há	𬁶	0	
há	呵	0	
há	𪫧	0	
há	𠹛	0	
há	暇	0	
há	𧯶	0	
hác	郝	0	
hác	嗃	0	
hác	壑	0	
hác	𫫽	0	
hách	吓	0	
hách	㖪	0	
hách	赫	0	
hách	罅	0	
hách	嚇	0	
hái	挴	0	
hái	採	0	
hái	𢲨	0	
hái	𦷫	0	
hái	𨨫	0	
hám	噉	0	
hám	𠽏	0	
hám	憨	0	
hám	憾	0	
hám	撼	0	
hám	瞰	0	
hám	闞	0	
hám	矙	0	
hán	厂	0	
hán	汉	0	
hán	漢	0	
háng	汉	0	
háng	项	0	
háng	𫷇	0	
háng	𪩵	0	
háng	項	0	
háng	漢	0	
háo	好	0	
háo	𣉶	0	
háp	匣	0	
háp	柙	0	
hát	咭	0	
hát	欱	0	
hát	喝	0	
hát	渴	0	
hát	𠺴	0	
hát	𠿒	0	
háu	好	0	
háy	唉	0	
háy	𥉪	0	
hâm	喑	0	
hâm	𤋾	0	
hâm	歆	0	
hâm	噷	0	
hâm	𤐚	0	
hâm	鑫	0	
hân	忻	0	
hân	忺	0	
hân	欣	0	
hân	杴	0	
hân	惞	0	
hân	訢	0	
hân	焮	0	
hân	𣔙	0	
hân	锨	0	
hân	𪾯	0	
hân	㯊	0	
hân	鍁	0	
hâu	𬷎	0	
hâu	𪁆	0	
hâu	𪃱	0	
hâu	䳧	0	
hây	希	0	
hây	咍	0	
hây	俙	0	
hây	𪹎	0	
hây	𤍃	0	
hây	熙	0	
hây	熹	0	
hãi	㤥	0	
hãi	骇	0	
hãi	害	0	
hãi	駭	0	
hãm	陷	0	
hãm	馅	0	
hãm	㨔	0	
hãm	餡	0	
hãm	撼	0	
hãm	𦡶	0	
hãm	𧂄	0	
hãn	汗	0	
hãn	罕	0	
hãn	猂	0	
hãn	悍	0	
hãn	捍	0	
hãn	熯	0	
hãn	闞	0	
hãng	行	0	
hãng	桁	0	
hãnh	倖	0	
hãnh	悻	0	
hãnh	撔	0	
hão	好	0	
hão	𠲡	0	
hão	皞	0	
hão	皥	0	
hãy	矣	0	
hãy	骇	0	
hãy	咳	0	
hãy	涘	0	
hãy	唉	0	
hãy	駭	0	
hè	𢇱	0	
hè	复	0	
hè	唏	0	
hè	夏	0	
hè	厦	0	
hè	𡏘	0	
hè	廈	0	
hè	𡏛	0	
hè	複	0	
hè	𡕵	0	
hè	𡐯	0	
hèm	嫌	0	
hèm	槏	0	
hèm	𥻧	0	
hèm	𥽎	0	
hèn	闲	0	
hèn	䝨	0	
hèn	閑	0	
hèn	𠍦	0	
hèn	𪬡	0	
hèn	賢	0	
hèn	𡮷	0	
hèn	𢤞	0	
hèn	𡮺	0	
hèn	𫎤	0	
hèo	枵	0	
hèo	𣜵	0	
hé	戏	0	
hé	𬮶	0	
hé	戲	0	
héo	孝	0	
héo	㭳	0	
héo	𤉗	0	
héo	痚	0	
hét	喝	0	
hét	歇	0	
hét	𠿒	0	
hê	希	0	
hê	唏	0	
hên	轩	0	
hên	軒	0	
hên	𢟑	0	
hên	興	0	
hênh	馨	0	
hêu	嚣	0	
hêu	囂	0	
hì	唏	0	
hì	稀	0	
hì	嘻	0	
hình	刑	0	
hình	形	0	
hình	型	0	
hí	戏	0	
hí	屃	0	
hí	咥	0	
hí	屓	0	
hí	唏	0	
hí	嘻	0	
hí	曁	0	
hí	戲	0	
hí	屭	0	
hích	觋	0	
hích	覡	0	
hích	赫	0	
híp	协	0	
híp	協	0	
híp	㾑	0	
hít	喝	0	
hít	歇	0	
hít	𪗀	0	
hò	呼	0	
hò	胡	0	
hò	㗅	0	
hò	𧛞	0	
hòi	囘	0	
hòi	回	0	
hòi	𤞑	0	
hòi	㹯	0	
hòi	徊	0	
hòi	潰	0	
hòm	函	0	
hòm	梒	0	
hòm	㮀	0	
hòn	丸	0	
hòn	𡉕	0	
hòn	块	0	
hòn	𣏒	0	
hòn	塊	0	
hòn	𪢰	0	
hòng	哄	0	
hòng	洪	0	
hòng	烘	0	
hòng	䀧	0	
hòng	啌	0	
hòng	𢞃	0	
hòng	𢝳	0	
hòng	𪡥	0	
hòng	𠸣	0	
hòng	𫱏	0	
hó	嘑	0	
hóc	旭	0	
hóc	郁	0	
hóc	斛	0	
hóc	𬲑	0	
hóc	𫘲	0	
hói	洄	0	
hói	浍	0	
hói	晦	0	
hói	溃	0	
hói	潰	0	
hói	澮	0	
hóm	陷	0	
hóm	憨	0	
hóm	憾	0	
hóng	𤆺	0	
hóng	烘	0	
hóng	𠺱	0	
hóng	𥈰	0	
hóp	哈	0	
hóp	答	0	
hót	忽	0	
hót	㧾	0	
hót	唿	0	
hót	𡁾	0	
hô	戏	0	
hô	岵	0	
hô	呼	0	
hô	恗	0	
hô	虖	0	
hô	㗅	0	
hô	瑚	0	
hô	㦆	0	
hô	嘑	0	
hô	㙤	0	
hô	戱	0	
hô	戲	0	
hô	謼	0	
hôi	灰	0	
hôi	荤	0	
hôi	洃	0	
hôi	咴	0	
hôi	豗	0	
hôi	脄	0	
hôi	葷	0	
hôi	喂	0	
hôi	𦤠	0	
hôm	暗	0	
hôm	歆	0	
hôm	𣋚	0	
hôn	昏	0	
hôn	㖧	0	
hôn	惛	0	
hôn	阍	0	
hôn	婚	0	
hôn	焝	0	
hôn	𧍎	0	
hôn	閽	0	
hông	凶	0	
hông	㐫	0	
hông	烘	0	
hông	胷	0	
hông	胸	0	
hông	𤈤	0	
hông	𡏠	0	
hông	𤭶	0	
hõm	陷	0	
hù	吁	0	
hù	旴	0	
hùa	扶	0	
hùa	𠇼	0	
hùa	和	0	
hùa	抶	0	
hùa	谀	0	
hùa	諛	0	
hùi	𢌞	0	
hùi	廻	0	
hùi	悔	0	
hùm	𤞻	0	
hùm	𧳘	0	
hùn	魂	0	
hùn	𡄬	0	
hùng	官	0	
hùng	婎	0	
hùng	雄	0	
hùng	䧺	0	
hùng	熊	0	
hú	呴	0	
hú	呼	0	
hú	酗	0	
hú	煦	0	
hú	㦆	0	
hú	嘘	0	
hú	嘑	0	
hú	觳	0	
húc	旭	0	
húc	拗	0	
húc	诲	0	
húc	𪺬	0	
húc	顼	0	
húc	彧	0	
húc	勖	0	
húc	朂	0	
húc	触	0	
húc	頊	0	
húc	誨	0	
húc	觸	0	
húi	𠜮	0	
húi	诲	0	
húi	悔	0	
húi	誨	0	
húm	憨	0	
hún	𡂃	0	
húng	汹	0	
húng	𦭪	0	
húng	洶	0	
húng	酗	0	
húng	𠺱	0	
húng	𩷇	0	
húp	吸	0	
húp	𠾀	0	
hút	吸	0	
hút	忽	0	
hút	呴	0	
hút	唿	0	
húy	諱	0	
hăm	唅	0	
hăm	菡	0	
hăm	喑	0	
hăm	歆	0	
hăm	𢣇	0	
hăm	噷	0	
hăn	𬢀	0	
hăng	行	0	
hăng	興	0	
hăng	𢣇	0	
hăng	𡁝	0	
hăng	𤑉	0	
hĩ	矣	0	
hĩ	唉	0	
hĩm	险	0	
hĩm	險	0	
hĩnh	胫	0	
hĩnh	脛	0	
hũ	圬	0	
hũ	𪺛	0	
hũ	壼	0	
hũ	𧇍	0	
hũ	𤮒	0	
hơ	浠	0	
hơ	虚	0	
hơ	𪹣	0	
hơ	𤏤	0	
hơi	有	0	
hơi	希	0	
hơi	矣	0	
hơi	唏	0	
hơi	唉	0	
hơi	𣱬	0	
hơn	欣	0	
hư	虚	0	
hư	虛	0	
hư	欻	0	
hư	墟	0	
hư	嘘	0	
hư	𨼋	0	
hư	歔	0	
hưa	虚	0	
hưng	兴	0	
hưng	㒷	0	
hưng	興	0	
hưu	休	0	
hưu	㹯	0	
hưu	咻	0	
hưu	庥	0	
hưu	鸺	0	
hưu	貅	0	
hưu	鵂	0	
hươi	挥	0	
hươi	揮	0	
hươm	焓	0	
hương	乡	0	
hương	香	0	
hương	鄉	0	
hương	鄕	0	
hươu	休	0	
hươu	㹯	0	
hươu	貅	0	
hươu	㺧	0	
hước	谑	0	
hước	謔	0	
hướng	向	0	
hướng	饷	0	
hướng	餉	0	
hướng	嚮	0	
hướng	響	0	
hướng	饟	0	
hườm	𡌢	0	
hườm	𫼹	0	
hườm	焓	0	
hường	红	0	
hường	紅	0	
hường	𧹰	0	
hưởng	享	0	
hưởng	响	0	
hưởng	飨	0	
hưởng	萫	0	
hưởng	響	0	
hưởng	饗	0	
hượm	𧳘	0	
hạ	下	0	
hạ	贺	0	
hạ	复	0	
hạ	夏	0	
hạ	假	0	
hạ	賀	0	
hạ	厦	0	
hạ	嗄	0	
hạ	暇	0	
hạ	廈	0	
hạ	複	0	
hạc	涸	0	
hạc	貉	0	
hạc	鹤	0	
hạc	鶴	0	
hạc	䳽	0	
hạch	劾	0	
hạch	核	0	
hạch	覈	0	
hại	㧡	0	
hại	害	0	
hạm	𤞻	0	
hạm	舰	0	
hạm	菡	0	
hạm	䚀	0	
hạm	颔	0	
hạm	槛	0	
hạm	頷	0	
hạm	㺝	0	
hạm	檻	0	
hạm	艦	0	
hạn	旱	0	
hạn	限	0	
hạn	釬	0	
hạn	銲	0	
hạn	瀚	0	
hạng	项	0	
hạng	巷	0	
hạng	項	0	
hạng	𥈿	0	
hạnh	行	0	
hạnh	杏	0	
hạnh	幸	0	
hạnh	荇	0	
hạnh	倖	0	
hạnh	擤	0	
hạo	昊	0	
hạo	浩	0	
hạo	涸	0	
hạo	皓	0	
hạo	滈	0	
hạo	暠	0	
hạo	皜	0	
hạo	镐	0	
hạo	𣎣	0	
hạo	鎬	0	
hạp	合	0	
hạp	匣	0	
hạp	狎	0	
hạp	匼	0	
hạp	呷	0	
hạp	盇	0	
hạp	盍	0	
hạp	峽	0	
hạp	盒	0	
hạp	閘	0	
hạp	嗑	0	
hạp	闔	0	
hạt	纥	0	
hạt	抇	0	
hạt	籺	0	
hạt	曷	0	
hạt	紇	0	
hạt	涸	0	
hạt	搳	0	
hạt	辖	0	
hạt	褐	0	
hạt	鹖	0	
hạt	瞎	0	
hạt	蝎	0	
hạt	轄	0	
hạt	鎋	0	
hạt	蠍	0	
hạt	鶡	0	
hả	可	0	
hả	𫡲	0	
hả	呵	0	
hả	𪵤	0	
hả	哬	0	
hả	暇	0	
hả	嘑	0	
hải	矣	0	
hải	海	0	
hải	害	0	
hải	烸	0	
hải	醢	0	
hảm	喊	0	
hảng	项	0	
hảng	項	0	
hảng	萫	0	
hảnh	焞	0	
hảnh	擤	0	
hảo	好	0	
hảy	唉	0	
hảy	嘻	0	
hấc	吃	0	
hấm	噷	0	
hấm	𡄏	0	
hấn	衅	0	
hấn	釁	0	
hấng	秤	0	
hấng	称	0	
hấng	稱	0	
hấng	𢷲	0	
hấp	㲸	0	
hấp	吸	0	
hấp	翕	0	
hấp	噏	0	
hấp	熻	0	
hấp	歙	0	
hất	乞	0	
hất	讫	0	
hất	吃	0	
hất	迄	0	
hất	恄	0	
hất	訖	0	
hất	𤇳	0	
hấu	好	0	
hấu	垢	0	
hấu	鲎	0	
hấu	𦵷	0	
hấu	𤬈	0	
hấu	鱟	0	
hấy	海	0	
hầm	唅	0	
hầm	𡌢	0	
hầm	焓	0	
hầm	窨	0	
hầm	𢣇	0	
hầm	𤐚	0	
hầu	休	0	
hầu	侯	0	
hầu	倪	0	
hầu	候	0	
hầu	喉	0	
hầu	𤶿	0	
hầu	猴	0	
hầu	瘊	0	
hầu	篌	0	
hầu	䗔	0	
hầu	𧓏	0	
hầu	蠔	0	
hẩm	饮	0	
hẩm	飲	0	
hẩm	歆	0	
hẩm	噷	0	
hẩm	𥼲	0	
hẩn	很	0	
hẩng	閧	0	
hẩng	𣋱	0	
hẩng	𤑉	0	
hẩu	好	0	
hẩy	海	0	
hẩy	𢲨	0	
hẩy	𤍃	0	
hẩy	𫗀	0	
hẩy	𩘫	0	
hẩư	许	0	
hẩư	欥	0	
hẩư	許	0	
hẫng	项	0	
hẫng	項	0	
hẫng	𠾿	0	
hậm	槛	0	
hậm	噷	0	
hậm	檻	0	
hận	恨	0	
hật	肸	0	
hậu	后	0	
hậu	後	0	
hậu	侯	0	
hậu	厚	0	
hậu	候	0	
hậu	𤬈	0	
hậu	骺	0	
hắc	黒	0	
hắc	黑	0	
hắn	汉	0	
hắn	罕	0	
hắn	漢	0	
hắn	𪝳	0	
hắn	釁	0	
hắng	响	0	
hắng	𠶁	0	
hắng	𡁝	0	
hắt	乙	0	
hắt	乞	0	
hắt	𫤾	0	
hắt	忆	0	
hắt	𢩧	0	
hắt	吃	0	
hắt	迄	0	
hắt	憶	0	
hằm	卸	0	
hằm	唅	0	
hằm	菡	0	
hằm	喑	0	
hằm	歆	0	
hằm	𫺾	0	
hằm	𢣇	0	
hằm	𫻈	0	
hằn	垠	0	
hằn	拫	0	
hằn	恨	0	
hằn	痕	0	
hằn	𢢈	0	
hằng	𫰟	0	
hằng	恒	0	
hằng	姮	0	
hằng	恆	0	
hằng	桁	0	
hẳm	陷	0	
hẳn	罕	0	
hẳn	幸	0	
hẳn	恨	0	
hẳn	𪳨	0	
hẳng	𠽘	0	
hẵng	亙	0	
hẵng	亘	0	
hẵng	𣆯	0	
hặc	劾	0	
hẹ	係	0	
hẹ	𦵠	0	
hẹm	𡮞	0	
hẹn	现	0	
hẹn	限	0	
hẹn	哏	0	
hẹn	現	0	
hẹn	𠻷	0	
hẹn	𭉑	0	
hẹp	狭	0	
hẹp	狹	0	
hẹp	陿	0	
hẻ	矣	0	
hẻ	喜	0	
hẻm	险	0	
hẻm	險	0	
hẻo	哓	0	
hẻo	晓	0	
hẻo	䓔	0	
hẻo	嘵	0	
hẻo	曉	0	
hẻo	𪸊	0	
hếch	扢	0	
hếch	劾	0	
hến	蚬	0	
hến	蜆	0	
hến	䘆	0	
hến	𧖃	0	
hết	尽	0	
hết	喝	0	
hết	歇	0	
hết	盡	0	
hết	𣍊	0	
hết	𥃞	0	
hếu	好	0	
hếu	孝	0	
hếu	𤽴	0	
hề	兮	0	
hề	𠯋	0	
hề	係	0	
hề	奚	0	
hề	稀	0	
hề	嗘	0	
hề	嘻	0	
hề	鼷	0	
hề	𭛭	0	
hềnh	形	0	
hều	嚣	0	
hều	囂	0	
hể	係	0	
hể	盻	0	
hển	显	0	
hển	顯	0	
hển	𡆘	0	
hểnh	胫	0	
hểnh	脛	0	
hểu	晓	0	
hểu	曉	0	
hễ	𠯋	0	
hễ	係	0	
hễ	盻	0	
hễ	唉	0	
hệ	匚	0	
hệ	系	0	
hệ	係	0	
hệ	繋	0	
hệch	扢	0	
hệch	劾	0	
hệt	页	0	
hệt	頁	0	
hệt	颉	0	
hệt	頡	0	
hệt	頢	0	
hỉ	矣	0	
hỉ	喜	0	
hỉ	禧	0	
hỉnh	胫	0	
hỉnh	脛	0	
hỉnh	擤	0	
hịch	檄	0	
hịch	𪄧	0	
họ	戸	0	
họ	戶	0	
họ	户	0	
họ	𣱆	0	
họ	𬇋	0	
họ	𪭘	0	
họ	𢩜	0	
học	斈	0	
học	学	0	
học	斛	0	
học	學	0	
học	𭓇	0	
họng	𦙥	0	
họng	哄	0	
họng	𠸣	0	
họp	合	0	
họp	哈	0	
hỏi	诲	0	
hỏi	哙	0	
hỏi	𠳨	0	
hỏi	𫊹	0	
hỏi	誨	0	
hỏi	噲	0	
hỏm	吼	0	
hỏm	陷	0	
hỏn	混	0	
hỏn	𠽞	0	
hỏng	孔	0	
hỏng	吼	0	
hỏng	烘	0	
hỏng	閧	0	
hố	戽	0	
hố	呼	0	
hố	唬	0	
hố	㙤	0	
hố	諕	0	
hố	𬔑	0	
hốc	谷	0	
hốc	㕰	0	
hốc	𡐗	0	
hốc	嘝	0	
hốc	熇	0	
hốc	𫁚	0	
hốc	齷	0	
hối	汇	0	
hối	哕	0	
hối	诲	0	
hối	𢙽	0	
hối	悔	0	
hối	贿	0	
hối	晦	0	
hối	賄	0	
hối	彙	0	
hối	滙	0	
hối	匯	0	
hối	誨	0	
hối	擓	0	
hối	噦	0	
hối	濊	0	
hống	吼	0	
hống	汞	0	
hống	哄	0	
hống	䀧	0	
hống	閧	0	
hống	䈜	0	
hống	銾	0	
hống	鬨	0	
hốt	囫	0	
hốt	忽	0	
hốt	笏	0	
hốt	啒	0	
hốt	惚	0	
hốt	㧾	0	
hốt	唿	0	
hốt	嚛	0	
hồ	乎	0	
hồ	弧	0	
hồ	狐	0	
hồ	胡	0	
hồ	烀	0	
hồ	壶	0	
hồ	瓠	0	
hồ	湖	0	
hồ	猢	0	
hồ	𫗫	0	
hồ	壺	0	
hồ	葫	0	
hồ	㗅	0	
hồ	壼	0	
hồ	瑚	0	
hồ	煳	0	
hồ	𩚩	0	
hồ	𧛞	0	
hồ	鹕	0	
hồ	衚	0	
hồ	糊	0	
hồ	蝴	0	
hồ	醐	0	
hồ	餬	0	
hồ	鬍	0	
hồ	鶘	0	
hồi	灰	0	
hồi	回	0	
hồi	囬	0	
hồi	廻	0	
hồi	迴	0	
hồi	茴	0	
hồi	徊	0	
hồi	洄	0	
hồi	咴	0	
hồi	蚘	0	
hồi	蛔	0	
hồi	鮰	0	
hồn	诨	0	
hồn	浑	0	
hồn	馄	0	
hồn	隗	0	
hồn	渾	0	
hồn	𩲉	0	
hồn	𠺌	0	
hồn	魂	0	
hồn	餛	0	
hồn	諢	0	
hồn	𭡏	0	
hồng	讧	0	
hồng	红	0	
hồng	紅	0	
hồng	洪	0	
hồng	虹	0	
hồng	烘	0	
hồng	訌	0	
hồng	鸿	0	
hồng	𣖘	0	
hồng	鉷	0	
hồng	㗢	0	
hồng	魟	0	
hồng	鴻	0	
hổ	互	0	
hổ	许	0	
hổ	虍	0	
hổ	𢗝	0	
hổ	虎	0	
hổ	𬤀	0	
hổ	𢜜	0	
hổ	許	0	
hổ	唬	0	
hổ	琥	0	
hổ	䗂	0	
hổ	諕	0	
hổi	烸	0	
hổi	晦	0	
hổi	𤍃	0	
hổm	歆	0	
hổm	𨄽	0	
hổn	混	0	
hổn	𠽞	0	
hổng	孔	0	
hổng	吼	0	
hổng	𫁎	0	
hổng	嗊	0	
hổng	閧	0	
hổng	䈜	0	
hổng	鬨	0	
hỗ	互	0	
hỗ	岵	0	
hỗ	嘏	0	
hỗn	浑	0	
hỗn	圂	0	
hỗn	混	0	
hỗn	渾	0	
hỗn	焜	0	
hỗn	溷	0	
hộ	戶	0	
hộ	戸	0	
hộ	户	0	
hộ	冱	0	
hộ	护	0	
hộ	沪	0	
hộ	怙	0	
hộ	𧦈	0	
hộ	扈	0	
hộ	𫈈	0	
hộ	楛	0	
hộ	滬	0	
hộ	𫉚	0	
hộ	護	0	
hộ	鸌	0	
hộc	斛	0	
hộc	鹄	0	
hộc	槲	0	
hộc	觳	0	
hộc	鵠	0	
hội	会	0	
hội	荟	0	
hội	浍	0	
hội	绘	0	
hội	愦	0	
hội	缋	0	
hội	溃	0	
hội	會	0	
hội	㱮	0	
hội	潰	0	
hội	圚	0	
hội	憒	0	
hội	聩	0	
hội	殨	0	
hội	澮	0	
hội	薈	0	
hội	繢	0	
hội	聵	0	
hội	癐	0	
hội	繪	0	
hộn	混	0	
hộp	匣	0	
hộp	匼	0	
hộp	哈	0	
hộp	盒	0	
hộp	鋡	0	
hột	纥	0	
hột	籺	0	
hột	曷	0	
hột	紇	0	
hột	核	0	
hột	龁	0	
hột	辖	0	
hột	轄	0	
hột	齕	0	
hớ	许	0	
hớ	許	0	
hớ	𠼯	0	
hớ	𤾟	0	
hới	㖑	0	
hớn	汉	0	
hớn	忻	0	
hớn	欣	0	
hớn	焮	0	
hớn	𢠦	0	
hớn	漢	0	
hớn	𡁚	0	
hớp	吸	0	
hớp	咂	0	
hớp	呷	0	
hớp	哈	0	
hớt	𫤾	0	
hớt	吃	0	
hớt	㓭	0	
hớt	唿	0	
hớt	搳	0	
hớt	歇	0	
hờ	除	0	
hờ	哬	0	
hờ	𨼋	0	
hờ	嘘	0	
hờ	噓	0	
hời	侅	0	
hời	孩	0	
hờm	含	0	
hờn	恨	0	
hờn	𪬡	0	
hờn	𢤞	0	
hờn	㘋	0	
hờn	𪬼	0	
hở	许	0	
hở	矣	0	
hở	浒	0	
hở	許	0	
hở	䧺	0	
hở	滸	0	
hở	𢠇	0	
hở	𠼯	0	
hở	憘	0	
hởi	唉	0	
hởi	喜	0	
hỡi	亥	0	
hỡi	有	0	
hỡi	矣	0	
hỡi	咳	0	
hỡi	唉	0	
hỡi	𪠠	0	
hợi	亥	0	
hợi	咳	0	
hợi	𢬿	0	
hợm	唅	0	
hợm	颔	0	
hợm	頷	0	
hợp	合	0	
hợp	哈	0	
hợp	饸	0	
hợp	颌	0	
hợp	餄	0	
hợp	頜	0	
hợt	㖽	0	
hợt	喍	0	
hợt	辖	0	
hợt	轄	0	
hụ	戸	0	
hụ	戶	0	
hụ	户	0	
hục	学	0	
hục	勖	0	
hục	触	0	
hục	學	0	
hục	觸	0	
hụi	会	0	
hụi	會	0	
hụm	唅	0	
hụm	𡅋	0	
hụp	𣴚	0	
hụp	溘	0	
hụt	纥	0	
hụt	紇	0	
hụt	唿	0	
hủ	朽	0	
hủ	诩	0	
hủ	果	0	
hủ	栩	0	
hủ	詡	0	
hủ	腐	0	
hủi	𤹾	0	
hủi	𤻏	0	
hủi	癐	0	
hứ	呿	0	
hứ	嘘	0	
hứa	许	0	
hứa	許	0	
hứa	𠼯	0	
hức	洫	0	
hức	馘	0	
hức	䱛	0	
hứng	興	0	
hừ	嘑	0	
hừ	嘘	0	
hừng	𤊪	0	
hừng	𤑍	0	
hử	许	0	
hử	浒	0	
hử	虚	0	
hử	許	0	
hử	嘘	0	
hử	滸	0	
hửng	项	0	
hửng	𤊪	0	
hửng	焞	0	
hửng	項	0	
hửng	𢣹	0	
hửng	𤑍	0	
hữ	许	0	
hữ	許	0	
hững	𠾿	0	
hững	𡁝	0	
hững	𢸾	0	
hữu	友	0	
hữu	右	0	
hữu	有	0	
hữu	圀	0	
hữu	铕	0	
hữu	銪	0	
hự	虚	0	
hự	嘘	0	
hực	讫	0	
hực	訖	0	
hực	𠶗	0	
hực	𤊧	0	
hực	𠸡	0	
hực	𤍋	0	
hựu	又	0	
hựu	佑	0	
hựu	侑	0	
hựu	宥	0	
hựu	祐	0	
hỷ	喜	0	
hỷ	絺	0	
hỹ	矣	0	
i	㥋	0	
im	厌	0	
im	奄	0	
im	㛪	0	
im	庵	0	
im	淹	0	
im	厭	0	
in	印	0	
inh	英	0	
inh	𠸄	0	
inh	嚶	0	
iêng	英	0	
iả	𦟑	0	
iến	𬚈	0	
kamishimo	裃	0	
ke	𠴜	0	
ke	雞	0	
ke	鷄	0	
kem	兼	0	
ken	摼	0	
keng	更	0	
keng	坚	0	
keng	堅	0	
keng	铿	0	
keng	鍄	0	
keng	鏗	0	
keng	𮡸	0	
keo	呌	0	
keo	䐧	0	
keo	膠	0	
keo	鷮	0	
kha	可	0	
kha	诃	0	
kha	坷	0	
kha	柯	0	
kha	牁	0	
kha	珂	0	
kha	轲	0	
kha	疴	0	
kha	𬦡	0	
kha	哥	0	
kha	舸	0	
kha	訶	0	
kha	軻	0	
kha	跒	0	
khai	开	0	
khai	𫔭	0	
khai	開	0	
khai	锎	0	
khai	揩	0	
khai	楷	0	
khai	鐦	0	
kham	龛	0	
kham	谌	0	
kham	嵁	0	
kham	堪	0	
kham	戡	0	
kham	膁	0	
kham	諶	0	
kham	龕	0	
khan	刊	0	
khan	汗	0	
khan	旱	0	
khan	看	0	
khan	悭	0	
khan	乾	0	
khan	𠸦	0	
khan	慳	0	
khan	漧	0	
khang	吭	0	
khang	康	0	
khang	腔	0	
khang	槺	0	
khang	穅	0	
khang	糠	0	
khang	𩾌	0	
khang	鱇	0	
khanh	阬	0	
khanh	坑	0	
khanh	𡝕	0	
khanh	硁	0	
khanh	卿	0	
khanh	硜	0	
khanh	铿	0	
khanh	摼	0	
khanh	𥉸	0	
khanh	鏗	0	
khanh	𮡸	0	
khao	𪽽	0	
khao	嗃	0	
khao	蒿	0	
khao	滈	0	
khao	犒	0	
khao	槁	0	
khao	𫘶	0	
khao	稿	0	
khao	磽	0	
khau	𪯫	0	
khau	𥬨	0	
khay	开	0	
khay	𫔭	0	
khay	𬂻	0	
khay	開	0	
khay	𦼟	0	
khay	𦼠	0	
khay	𣛣	0	
khay	𥳐	0	
khay	𫣽	0	
khe	溪	0	
khem	谦	0	
khem	嗛	0	
khem	槏	0	
khem	謙	0	
khem	𡄫	0	
khen	𠰙	0	
khen	看	0	
khen	𠱝	0	
khen	𪮒	0	
khen	𠸦	0	
khen	𫽯	0	
kheo	丘	0	
kheo	挑	0	
kheo	𤵢	0	
kheo	䟬	0	
kheo	𩨼	0	
kheo	𪴁	0	
khi	𫢩	0	
khi	桤	0	
khi	欺	0	
khi	欹	0	
khi	攲	0	
khi	榿	0	
khin	牵	0	
khin	牽	0	
khinh	𢫞	0	
khinh	轻	0	
khinh	𠲮	0	
khinh	氫	0	
khinh	輕	0	
khiu	窍	0	
khiu	竅	0	
khiêm	咁	0	
khiêm	谦	0	
khiêm	嗛	0	
khiêm	謙	0	
khiên	肩	0	
khiên	牵	0	
khiên	䊹	0	
khiên	悭	0	
khiên	牽	0	
khiên	愆	0	
khiên	骞	0	
khiên	慳	0	
khiên	搴	0	
khiên	褰	0	
khiên	縴	0	
khiên	騫	0	
khiêng	扛	0	
khiêng	杭	0	
khiêng	掮	0	
khiêng	摼	0	
khiêng	撁	0	
khiêng	𢷰	0	
khiêu	挑	0	
khiêu	𢬹	0	
khiêu	翘	0	
khiêu	跳	0	
khiêu	墝	0	
khiêu	撬	0	
khiêu	橇	0	
khiêu	翹	0	
khiêu	㚁	0	
khiếm	欠	0	
khiếm	芡	0	
khiếm	堑	0	
khiếm	塹	0	
khiếm	槏	0	
khiến	遣	0	
khiến	谴	0	
khiến	缱	0	
khiến	繾	0	
khiến	譴	0	
khiếp	怯	0	
khiếp	𠲵	0	
khiếp	惬	0	
khiếp	愜	0	
khiếp	箧	0	
khiếp	篋	0	
khiết	乜	0	
khiết	洁	0	
khiết	挈	0	
khiết	啮	0	
khiết	㓶	0	
khiết	喫	0	
khiết	𣸲	0	
khiết	潔	0	
khiết	羯	0	
khiết	𪘂	0	
khiết	齧	0	
khiếu	叫	0	
khiếu	呌	0	
khiếu	侥	0	
khiếu	窍	0	
khiếu	啸	0	
khiếu	窖	0	
khiếu	僥	0	
khiếu	儌	0	
khiếu	徼	0	
khiếu	嘯	0	
khiếu	噭	0	
khiếu	竅	0	
khiền	愆	0	
khiểm	慊	0	
khiểm	歉	0	
khiển	肷	0	
khiển	遣	0	
khiển	膁	0	
khiển	谴	0	
khiển	缱	0	
khiển	𥳐	0	
khiển	繾	0	
khiển	譴	0	
khiễng	𨇀	0	
khiệu	𬰘	0	
kho	厍	0	
kho	库	0	
kho	厙	0	
kho	𤇌	0	
kho	庫	0	
kho	𢉽	0	
kho	𤋹	0	
kho	𤋼	0	
kho	𪹜	0	
kho	𧁷	0	
khoa	夸	0	
khoa	呙	0	
khoa	侉	0	
khoa	咼	0	
khoa	科	0	
khoa	垮	0	
khoa	咵	0	
khoa	恗	0	
khoa	姱	0	
khoa	蚪	0	
khoa	䚵	0	
khoa	誇	0	
khoa	窠	0	
khoa	蝌	0	
khoai	芌	0	
khoai	圬	0	
khoai	圭	0	
khoai	荂	0	
khoai	垮	0	
khoai	鲑	0	
khoai	鲙	0	
khoai	鮭	0	
khoai	𧃷	0	
khoai	鱠	0	
khoan	宽	0	
khoan	寬	0	
khoan	髋	0	
khoan	鑧	0	
khoan	鑛	0	
khoan	髖	0	
khoang	光	0	
khoang	挄	0	
khoang	舱	0	
khoang	桄	0	
khoang	椌	0	
khoang	𦨻	0	
khoang	𧧯	0	
khoang	艙	0	
khoang	𦪻	0	
khoanh	倾	0	
khoanh	傾	0	
khoay	开	0	
khoay	𫔭	0	
khoay	開	0	
khoe	夸	0	
khoe	恗	0	
khoe	誇	0	
khoe	𫏥	0	
khoen	圈	0	
khoi	𣾺	0	
khom	钦	0	
khom	欽	0	
khom	谦	0	
khom	堪	0	
khom	𢐎	0	
khom	𢐊	0	
khom	謙	0	
khom	𤺰	0	
khong	控	0	
khong	啌	0	
khoong	空	0	
khoá	挎	0	
khoá	胯	0	
khoá	课	0	
khoá	袴	0	
khoá	釫	0	
khoá	锁	0	
khoá	跨	0	
khoá	锞	0	
khoá	銙	0	
khoá	課	0	
khoá	骻	0	
khoá	錁	0	
khoá	鎖	0	
khoá	𩸄	0	
khoác	夸	0	
khoác	扩	0	
khoác	誇	0	
khoác	𡀵	0	
khoác	擴	0	
khoác	𢸠	0	
khoác	攉	0	
khoách	扩	0	
khoách	挄	0	
khoách	廓	0	
khoách	擴	0	
khoái	快	0	
khoái	侩	0	
khoái	𪭯	0	
khoái	哙	0	
khoái	浍	0	
khoái	𫪎	0	
khoái	脍	0	
khoái	烩	0	
khoái	蒯	0	
khoái	筷	0	
khoái	鲙	0	
khoái	儈	0	
khoái	𢶒	0	
khoái	噲	0	
khoái	澮	0	
khoái	𩷆	0	
khoái	膾	0	
khoái	燴	0	
khoái	鱠	0	
khoán	券	0	
khoáng	纩	0	
khoáng	圹	0	
khoáng	旷	0	
khoáng	矿	0	
khoáng	㳹	0	
khoáng	絖	0	
khoáng	壙	0	
khoáng	曠	0	
khoáng	爌	0	
khoáng	矌	0	
khoáng	礦	0	
khoáng	纊	0	
khoáng	鑛	0	
khoát	括	0	
khoát	阔	0	
khoát	闊	0	
khoát	濶	0	
khoáy	快	0	
khoèn	跳	0	
khoèo	跳	0	
khoèo	𨃑	0	
khoé	恗	0	
khoé	𥆁	0	
khoé	眭	0	
khoé	觟	0	
khoé	𠺺	0	
khoé	睽	0	
khoé	𥉯	0	
khoé	𥌥	0	
khoét	抉	0	
khoét	𪟅	0	
khoét	鈌	0	
khoét	劂	0	
khoăn	困	0	
khoăn	宽	0	
khoăn	魂	0	
khoăn	寬	0	
khoăn	𡂷	0	
khoạch	𠼴	0	
khoạt	蛞	0	
khoạt	豁	0	
khoả	𪝄	0	
khoả	课	0	
khoả	倮	0	
khoả	骒	0	
khoả	𬈎	0	
khoả	棵	0	
khoả	锁	0	
khoả	裸	0	
khoả	銙	0	
khoả	裹	0	
khoả	颗	0	
khoả	課	0	
khoả	顆	0	
khoả	髁	0	
khoả	騍	0	
khoả	鎖	0	
khoả	㰁	0	
khoả	臝	0	
khoả	攞	0	
khoải	快	0	
khoải	哙	0	
khoải	挂	0	
khoải	掛	0	
khoải	𧋿	0	
khoải	噲	0	
khoản	券	0	
khoản	欵	0	
khoản	款	0	
khoản	窾	0	
khoảng	圹	0	
khoảng	坎	0	
khoảng	旷	0	
khoảng	壙	0	
khoảng	曠	0	
khoảnh	圹	0	
khoảnh	坎	0	
khoảnh	顷	0	
khoảnh	頃	0	
khoảnh	壙	0	
khoắc	國	0	
khoắc	啯	0	
khoắc	域	0	
khoắc	嘓	0	
khoắng	矿	0	
khoắng	礦	0	
khoắt	阔	0	
khoắt	闊	0	
khoẳm	坎	0	
khoẳn	群	0	
khoẻ	圭	0	
khoẻ	劸	0	
khoẻ	跬	0	
khoẻ	𥉯	0	
khu	区	0	
khu	岖	0	
khu	抠	0	
khu	驱	0	
khu	枢	0	
khu	眍	0	
khu	躯	0	
khu	區	0	
khu	摳	0	
khu	嶇	0	
khu	塸	0	
khu	𦟏	0	
khu	敺	0	
khu	樞	0	
khu	䆰	0	
khu	瞘	0	
khu	軀	0	
khu	驅	0	
khua	区	0	
khua	抠	0	
khua	拞	0	
khua	枢	0	
khua	枯	0	
khua	區	0	
khua	摳	0	
khua	樞	0	
khui	开	0	
khui	𫔭	0	
khui	启	0	
khui	啓	0	
khui	啟	0	
khui	開	0	
khui	𢴖	0	
khum	穷	0	
khum	穹	0	
khum	窮	0	
khun	坤	0	
khung	芎	0	
khung	匡	0	
khung	空	0	
khung	穹	0	
khung	控	0	
khung	椌	0	
khuy	亏	0	
khuy	𧘚	0	
khuy	眭	0	
khuy	窥	0	
khuy	窺	0	
khuy	虧	0	
khuy	闚	0	
khuya	亏	0	
khuya	𢇡	0	
khuya	𣅘	0	
khuya	𣅙	0	
khuya	疞	0	
khuya	虧	0	
khuya	𣌉	0	
khuya	𩆾	0	
khuynh	顷	0	
khuynh	倾	0	
khuynh	頃	0	
khuynh	傾	0	
khuynh	𩑭	0	
khuyên	劝	0	
khuyên	圈	0	
khuyên	勸	0	
khuyên	𡅳	0	
khuyến	劝	0	
khuyến	勸	0	
khuyết	炔	0	
khuyết	袂	0	
khuyết	缺	0	
khuyết	鈌	0	
khuyết	阕	0	
khuyết	阙	0	
khuyết	劂	0	
khuyết	闋	0	
khuyết	闕	0	
khuyển	犭	0	
khuyển	犬	0	
khuá	抠	0	
khuá	摳	0	
khuân	囷	0	
khuân	捃	0	
khuân	𢮖	0	
khuâng	宽	0	
khuâng	倾	0	
khuâng	傾	0	
khuâng	寬	0	
khuây	亏	0	
khuây	𢗃	0	
khuây	𣅘	0	
khuây	𢚹	0	
khuây	雐	0	
khuây	𢢯	0	
khuây	𢣧	0	
khuây	虧	0	
khuê	圭	0	
khuê	刲	0	
khuê	劸	0	
khuê	奎	0	
khuê	闺	0	
khuê	珪	0	
khuê	恚	0	
khuê	硅	0	
khuê	喹	0	
khuê	暌	0	
khuê	鲑	0	
khuê	閨	0	
khuê	睽	0	
khuê	鮭	0	
khuôn	匡	0	
khuôn	困	0	
khuôn	坤	0	
khuôn	囷	0	
khuôn	悃	0	
khuôn	圈	0	
khuôn	𣟂	0	
khuông	匡	0	
khuông	劻	0	
khuông	哐	0	
khuông	框	0	
khuông	阃	0	
khuông	𣃱	0	
khuông	眶	0	
khuông	筐	0	
khuông	𨀕	0	
khuông	閫	0	
khuýt	掘	0	
khuất	屈	0	
khuất	阒	0	
khuất	闃	0	
khuấy	快	0	
khuấy	𢭴	0	
khuẩn	囷	0	
khuẩn	菌	0	
khuế	挂	0	
khuếch	扩	0	
khuếch	廓	0	
khuếch	擴	0	
khuể	跬	0	
khuống	𢬤	0	
khuốp	泣	0	
khuốt	屈	0	
khuỳnh	倾	0	
khuỳnh	傾	0	
khuỳnh	𢷳	0	
khuỵ	𨇶	0	
khuỷu	肘	0	
khuỷu	鬼	0	
khuỷu	窍	0	
khuỷu	𬁥	0	
khuỷu	𣎣	0	
khuỷu	竅	0	
khà	𠀪	0	
khà	呵	0	
khàn	𠸦	0	
khành	卿	0	
khào	尻	0	
khào	𡂀	0	
khá	可	0	
khá	坷	0	
khá	呵	0	
khá	哿	0	
khác	恪	0	
khác	𢙵	0	
khách	咯	0	
khách	客	0	
khách	揢	0	
khách	喀	0	
khách	髂	0	
khái	忾	0	
khái	咳	0	
khái	欬	0	
khái	唭	0	
khái	𤈪	0	
khái	慨	0	
khái	嘅	0	
khái	𤠲	0	
khái	愾	0	
khái	概	0	
khái	槩	0	
khái	𤡚	0	
khái	漒	0	
khám	𠥈	0	
khám	勘	0	
khám	龛	0	
khám	闞	0	
khám	龕	0	
khán	看	0	
kháng	亢	0	
kháng	夯	0	
kháng	伉	0	
kháng	抗	0	
kháng	炕	0	
kháng	肮	0	
kháng	钪	0	
kháng	䂫	0	
kháng	鈧	0	
kháng	頏	0	
khánh	庆	0	
khánh	汫	0	
khánh	慶	0	
khánh	磬	0	
khánh	罄	0	
khánh	謦	0	
kháo	稿	0	
kháo	靠	0	
kháp	匼	0	
kháp	恰	0	
kháp	掐	0	
khát	吃	0	
khát	咭	0	
khát	曷	0	
khát	渴	0	
khát	㵣	0	
kháu	叩	0	
kháu	扣	0	
kháu	寇	0	
kháu	𬦨	0	
kháu	𫅖	0	
kháu	𫅟	0	
kháy	看	0	
kháy	𠹛	0	
kháy	𡁙	0	
khâm	衽	0	
khâm	钦	0	
khâm	衾	0	
khâm	欽	0	
khâm	襟	0	
khân	巾	0	
khâu	丘	0	
khâu	扣	0	
khâu	邱	0	
khâu	坵	0	
khâu	蚯	0	
khâu	𥿤	0	
khè	契	0	
khèo	𨅻	0	
khé	契	0	
khé	栔	0	
khéc	客	0	
khém	㳄	0	
khéo	巧	0	
khéo	呌	0	
khéo	矫	0	
khéo	窖	0	
khéo	靠	0	
khéo	矯	0	
khép	押	0	
khép	抾	0	
khép	怯	0	
khép	𢬱	0	
khép	𢯖	0	
khép	惬	0	
khép	𫽅	0	
khép	揳	0	
khép	愜	0	
khép	𤋸	0	
khép	𨨤	0	
khét	𤋸	0	
khét	𤏦	0	
khê	奚	0	
khê	溪	0	
khê	𥻺	0	
khê	𤐓	0	
khê	蹊	0	
khê	谿	0	
khê	鞵	0	
khênh	𢷰	0	
khêu	丘	0	
khêu	拞	0	
khêu	挑	0	
khêu	挢	0	
khêu	跳	0	
khêu	撟	0	
khì	唭	0	
khì	𫫀	0	
khì	𠿁	0	
khìa	𠿁	0	
khí	气	0	
khí	𠖯	0	
khí	弃	0	
khí	汽	0	
khí	炁	0	
khí	氣	0	
khí	棄	0	
khí	𡮪	0	
khí	噐	0	
khí	器	0	
khía	抾	0	
khía	契	0	
khía	㓶	0	
khích	隙	0	
khích	𨻶	0	
khích	綌	0	
khích	激	0	
khín	𫠺	0	
khín	缱	0	
khín	繾	0	
khít	契	0	
khít	栔	0	
khít	𢝛	0	
khít	潔	0	
khít	𫾌	0	
khít	𢹫	0	
khíu	呌	0	
khíu	窍	0	
khíu	竅	0	
khò	枯	0	
khò	𠺟	0	
khòm	谦	0	
khòm	謙	0	
khó	库	0	
khó	苦	0	
khó	厙	0	
khó	庫	0	
khó	𠸋	0	
khó	𧁹	0	
khó	𧁷	0	
khó	𪪫	0	
khó	𭝩	0	
khóc	泣	0	
khóc	㕸	0	
khóc	哭	0	
khói	灰	0	
khói	块	0	
khói	塊	0	
khói	𤌋	0	
khói	𤐜	0	
khói	𤐡	0	
khóm	坎	0	
khóm	莰	0	
khóm	勘	0	
khóm	㯲	0	
khóp	泣	0	
khô	刳	0	
khô	枯	0	
khô	骷	0	
khô	𩹬	0	
khôi	灰	0	
khôi	诙	0	
khôi	恢	0	
khôi	咴	0	
khôi	盔	0	
khôi	詼	0	
khôi	魁	0	
khôi	瑰	0	
khôi	㾯	0	
khôn	𠚯	0	
khôn	坤	0	
khôn	髠	0	
khôn	髡	0	
khôn	𫒨	0	
không	空	0	
không	崆	0	
không	箜	0	
khù	区	0	
khù	區	0	
khù	𦟾	0	
khù	𣞃	0	
khùa	抠	0	
khùa	摳	0	
khùng	穷	0	
khùng	穹	0	
khùng	窮	0	
khú	坷	0	
khú	痀	0	
khú	疴	0	
khú	疿	0	
khú	𤹪	0	
khú	𪪫	0	
khúa	抠	0	
khúa	摳	0	
khúc	曲	0	
khúc	𪲇	0	
khúc	蛐	0	
khúc	粬	0	
khúc	麹	0	
khúc	麯	0	
khúc	麴	0	
khúm	坎	0	
khúm	莰	0	
khúm	𨆃	0	
khúm	𨆂	0	
khúng	𠶥	0	
khăm	坎	0	
khăm	堪	0	
khăn	巾	0	
khăn	斤	0	
khăn	𫩒	0	
khăn	坤	0	
khăn	看	0	
khăn	䘜	0	
khăn	𠸦	0	
khăng	𢬂	0	
khăng	康	0	
khăng	掯	0	
khăng	𠻞	0	
khăng	慷	0	
khăng	𢳧	0	
khũ	龋	0	
khũ	齲	0	
khơi	开	0	
khơi	𫔭	0	
khơi	启	0	
khơi	洃	0	
khơi	啓	0	
khơi	啟	0	
khơi	開	0	
khơi	摡	0	
khơi	𢴖	0	
khơi	𢵱	0	
khơi	𣾺	0	
khơi	𤁔	0	
khư	厶	0	
khư	圩	0	
khư	抾	0	
khư	呿	0	
khư	祛	0	
khư	胠	0	
khư	袪	0	
khư	虚	0	
khư	墟	0	
khư	嘘	0	
khư	𢴮	0	
khư	䆰	0	
khưu	丘	0	
khưu	邱	0	
khưu	坵	0	
khươi	妋	0	
khươi	𫯿	0	
khươm	参	0	
khươm	參	0	
khương	庆	0	
khương	羌	0	
khương	姜	0	
khương	康	0	
khương	蜣	0	
khương	慶	0	
khương	薑	0	
khước	呌	0	
khước	却	0	
khước	卻	0	
khướt	肐	0	
khướt	𠡺	0	
khướu	𩿚	0	
khướu	𩿨	0	
khướu	𫛕	0	
khướu	𪆥	0	
khưỡng	仰	0	
khạc	咯	0	
khạc	𠸧	0	
khại	𥳃	0	
khạng	𠀖	0	
khạng	䟘	0	
khạo	叩	0	
khạp	匼	0	
khạp	盍	0	
khạp	溘	0	
khạp	榼	0	
khạp	瞌	0	
khạp	磕	0	
khả	可	0	
khải	启	0	
khải	剀	0	
khải	凯	0	
khải	垲	0	
khải	恺	0	
khải	咳	0	
khải	啓	0	
khải	铠	0	
khải	剴	0	
khải	凱	0	
khải	揩	0	
khải	愷	0	
khải	塏	0	
khải	闓	0	
khải	鎧	0	
khảm	凵	0	
khảm	坎	0	
khảm	砍	0	
khảm	嵌	0	
khảm	歃	0	
khản	侃	0	
khản	看	0	
khản	𠸦	0	
khảng	亢	0	
khảng	忼	0	
khảng	骯	0	
khảng	慷	0	
khảnh	景	0	
khảnh	𠾶	0	
khảo	攷	0	
khảo	考	0	
khảo	拷	0	
khảo	洘	0	
khảo	烤	0	
khảo	栲	0	
khảo	铐	0	
khảo	𥹬	0	
khảo	銬	0	
khảu	叺	0	
khảy	𠹛	0	
khảy	𢴖	0	
khấc	刻	0	
khấm	揿	0	
khấm	搇	0	
khấm	撳	0	
khấn	哏	0	
khấn	恳	0	
khấn	𢢽	0	
khấn	懇	0	
khấn	𡄩	0	
khấp	岌	0	
khấp	泣	0	
khấp	㕸	0	
khấp	湆	0	
khất	乞	0	
khất	刻	0	
khấu	叩	0	
khấu	扣	0	
khấu	𪸘	0	
khấu	釦	0	
khấu	寇	0	
khấu	蔻	0	
khấu	𬆮	0	
khấu	𣫠	0	
khấư	呿	0	
khẩm	揿	0	
khẩm	撳	0	
khẩn	垦	0	
khẩn	恳	0	
khẩn	紧	0	
khẩn	緊	0	
khẩn	𢢽	0	
khẩn	墾	0	
khẩn	懇	0	
khẩu	口	0	
khẩu	𬖏	0	
khẩy	𢭮	0	
khập	匼	0	
khập	𨂖	0	
khật	吃	0	
khật	迄	0	
khật	迭	0	
khắc	克	0	
khắc	刻	0	
khắc	剋	0	
khắc	尅	0	
khắc	啯	0	
khắc	㖪	0	
khắc	嘓	0	
khắm	龛	0	
khắm	𦤯	0	
khắm	龕	0	
khắn	恳	0	
khắn	𢢽	0	
khắn	𠿵	0	
khắn	懇	0	
khắng	𠿵	0	
khắp	泣	0	
khắp	掐	0	
khắp	插	0	
khắt	乞	0	
khắt	刻	0	
khằn	𥺾	0	
khẳm	坎	0	
khẳm	龛	0	
khẳm	龕	0	
khẳn	𦤱	0	
khẳng	肯	0	
khẳng	啃	0	
khẳng	𣔨	0	
khẳng	龈	0	
khẳng	齦	0	
khẳng	𮎟	0	
khặc	咯	0	
khẹt	𠹳	0	
khẻ	契	0	
khẻ	栔	0	
khẻ	稽	0	
khẻo	巧	0	
khẻo	窖	0	
khẽ	契	0	
khẽ	栔	0	
khẽ	稽	0	
khẽ	𡃊	0	
khế	契	0	
khế	栔	0	
khế	喫	0	
khế	揳	0	
khế	楔	0	
khế	瘈	0	
khề	𠀫	0	
khề	𠿁	0	
khềnh	𧸰	0	
khều	挑	0	
khể	綮	0	
khể	稽	0	
khểnh	警	0	
khểu	挑	0	
khểu	跳	0	
khệ	憇	0	
khệ	憩	0	
khệnh	𠀗	0	
khệnh	耿	0	
khỉ	岂	0	
khỉ	𥫟	0	
khỉ	豈	0	
khỉ	起	0	
khỉ	𡸈	0	
khỉ	婍	0	
khỉ	𤠳	0	
khỉ	𤠲	0	
khỉnh	顷	0	
khỉnh	轻	0	
khỉnh	烦	0	
khỉnh	𠲮	0	
khỉnh	頃	0	
khỉnh	煩	0	
khỉnh	輕	0	
khỉnh	𪡿	0	
khỉu	呌	0	
khỉu	拷	0	
khỉu	窍	0	
khỉu	儌	0	
khỉu	竅	0	
khị	憩	0	
khịa	喫	0	
khịt	契	0	
khịt	𣸲	0	
khịt	喫	0	
khịt	噄	0	
khọm	谦	0	
khọm	謙	0	
khọn	㹠	0	
khọn	𤞧	0	
khỏ	𢫈	0	
khỏ	苦	0	
khỏi	圤	0	
khỏi	块	0	
khỏi	塊	0	
khỏm	㯲	0	
khỏn	𢮖	0	
khỏng	孔	0	
khỏng	吼	0	
khỏng	空	0	
khỏng	窒	0	
khố	厍	0	
khố	库	0	
khố	厙	0	
khố	庫	0	
khố	胯	0	
khố	趶	0	
khố	袴	0	
khố	袵	0	
khố	裤	0	
khố	褲	0	
khốc	哭	0	
khốc	酷	0	
khối	块	0	
khối	㘨	0	
khối	塊	0	
khối	嵬	0	
khốn	困	0	
khốn	睏	0	
khống	控	0	
khống	鞚	0	
khốp	吸	0	
khốp	㕸	0	
khổ	苦	0	
khổ	𧁷	0	
khổi	傀	0	
khổn	困	0	
khổn	坤	0	
khổn	阃	0	
khổn	捆	0	
khổn	梱	0	
khổn	綑	0	
khổn	閫	0	
khổng	孔	0	
khổng	空	0	
khới	启	0	
khới	啓	0	
khới	慨	0	
khớp	级	0	
khớp	級	0	
khờ	𤵕	0	
khờ	疴	0	
khờ	虚	0	
khờ	渠	0	
khờn	愆	0	
khởi	级	0	
khởi	屺	0	
khởi	杞	0	
khởi	級	0	
khởi	起	0	
khởi	𡸈	0	
khởi	绮	0	
khởi	𦜹	0	
khởi	綺	0	
khụ	𦒵	0	
khụ	痀	0	
khụ	俱	0	
khụ	𦓇	0	
khụ	䆰	0	
khục	㖆	0	
khụy	𨇶	0	
khủ	𦒵	0	
khủ	苦	0	
khủ	𦓇	0	
khủng	孔	0	
khủng	共	0	
khủng	㤨	0	
khủng	恐	0	
khủng	啌	0	
khủng	𠺱	0	
khứ	去	0	
khứ	呿	0	
khứ	𠼯	0	
khứa	许	0	
khứa	呿	0	
khứa	抾	0	
khứa	許	0	
khứa	𠼯	0	
khứng	肯	0	
khứu	䟬	0	
khứu	溴	0	
khứu	嗅	0	
khứu	糗	0	
khừ	居	0	
khừ	除	0	
khừ	𤹒	0	
khừ	𠹱	0	
khừng	肯	0	
khử	去	0	
khửu	搝	0	
khựng	肯	0	
ki	饥	0	
ki	机	0	
ki	飢	0	
ki	麂	0	
ki	箕	0	
ki	機	0	
ki	羁	0	
ki	饑	0	
ki	羈	0	
ki	覊	0	
kia	箕	0	
kim	今	0	
kim	钅	0	
kim	针	0	
kim	金	0	
kim	釒	0	
kim	針	0	
kim	鈐	0	
kinh	茎	0	
kinh	经	0	
kinh	泾	0	
kinh	京	0	
kinh	径	0	
kinh	胫	0	
kinh	荆	0	
kinh	莖	0	
kinh	㹵	0	
kinh	涇	0	
kinh	徑	0	
kinh	痉	0	
kinh	惊	0	
kinh	脛	0	
kinh	𠶛	0	
kinh	痙	0	
kinh	經	0	
kinh	踁	0	
kinh	驚	0	
kiêm	拣	0	
kiêm	兼	0	
kiêm	揀	0	
kiêm	缣	0	
kiêm	搛	0	
kiêm	鹣	0	
kiêm	㾾	0	
kiêm	縑	0	
kiêm	鳒	0	
kiêm	鰜	0	
kiêm	鶼	0	
kiên	坚	0	
kiên	肩	0	
kiên	悭	0	
kiên	掮	0	
kiên	堅	0	
kiên	慳	0	
kiên	鲣	0	
kiên	鰹	0	
kiêng	坚	0	
kiêng	忌	0	
kiêng	京	0	
kiêng	堅	0	
kiêng	惊	0	
kiêng	𠶛	0	
kiêng	𠼤	0	
kiêng	𪬧	0	
kiêu	枭	0	
kiêu	骁	0	
kiêu	骄	0	
kiêu	浇	0	
kiêu	梟	0	
kiêu	矫	0	
kiêu	澆	0	
kiêu	鴞	0	
kiêu	矯	0	
kiêu	䌑	0	
kiêu	驕	0	
kiêu	驍	0	
kiêu	鷮	0	
kiếm	剑	0	
kiếm	兼	0	
kiếm	敛	0	
kiếm	劍	0	
kiếm	劎	0	
kiếm	劒	0	
kiếm	斂	0	
kiến	见	0	
kiến	見	0	
kiến	建	0	
kiến	蚬	0	
kiến	蜆	0	
kiếng	镜	0	
kiếng	鏡	0	
kiếp	刧	0	
kiếp	劫	0	
kiếp	刦	0	
kiếp	刼	0	
kiếp	𥝥	0	
kiếp	𦀖	0	
kiết	了	0	
kiết	孑	0	
kiết	孒	0	
kiết	讦	0	
kiết	吉	0	
kiết	拮	0	
kiết	结	0	
kiết	訐	0	
kiết	𤵹	0	
kiết	戛	0	
kiết	絜	0	
kiết	戞	0	
kiết	結	0	
kiết	𫵊	0	
kiếu	告	0	
kiếu	吿	0	
kiếu	哠	0	
kiềm	拑	0	
kiềm	钤	0	
kiềm	检	0	
kiềm	硷	0	
kiềm	鈐	0	
kiềm	堿	0	
kiềm	鉗	0	
kiềm	碱	0	
kiềm	箝	0	
kiềm	黔	0	
kiềm	檢	0	
kiềm	礆	0	
kiền	虔	0	
kiền	䖍	0	
kiền	乾	0	
kiền	揠	0	
kiền	犍	0	
kiền	榩	0	
kiền	㨴	0	
kiền	繭	0	
kiềng	綡	0	
kiềng	鍄	0	
kiềng	𨪝	0	
kiềng	𨰈	0	
kiều	乔	0	
kiều	侨	0	
kiều	娇	0	
kiều	荞	0	
kiều	荍	0	
kiều	桥	0	
kiều	梂	0	
kiều	翘	0	
kiều	喬	0	
kiều	僑	0	
kiều	蕎	0	
kiều	嘺	0	
kiều	嬌	0	
kiều	橋	0	
kiều	翹	0	
kiểm	莶	0	
kiểm	捡	0	
kiểm	检	0	
kiểm	脸	0	
kiểm	睑	0	
kiểm	签	0	
kiểm	㾾	0	
kiểm	撿	0	
kiểm	薟	0	
kiểm	臉	0	
kiểm	檢	0	
kiểm	瞼	0	
kiểm	簽	0	
kiểm	籤	0	
kiển	囝	0	
kiển	茧	0	
kiển	笕	0	
kiển	挸	0	
kiển	趼	0	
kiển	絸	0	
kiển	筧	0	
kiển	謇	0	
kiển	蹇	0	
kiển	繭	0	
kiểng	景	0	
kiểu	纠	0	
kiểu	侥	0	
kiểu	杲	0	
kiểu	糾	0	
kiểu	峤	0	
kiểu	挢	0	
kiểu	皎	0	
kiểu	矫	0	
kiểu	僥	0	
kiểu	撟	0	
kiểu	儌	0	
kiểu	嶠	0	
kiểu	缴	0	
kiểu	徼	0	
kiểu	矯	0	
kiểu	藁	0	
kiểu	蹻	0	
kiểu	繳	0	
kiễng	景	0	
kiễng	蹇	0	
kiệm	俭	0	
kiệm	儉	0	
kiện	件	0	
kiện	健	0	
kiện	腱	0	
kiện	毽	0	
kiện	键	0	
kiện	㩃	0	
kiện	鍵	0	
kiện	鞬	0	
kiệp	鋏	0	
kiệt	杰	0	
kiệt	桀	0	
kiệt	傑	0	
kiệt	搩	0	
kiệt	歇	0	
kiệt	碣	0	
kiệt	竭	0	
kiệu	荞	0	
kiệu	挢	0	
kiệu	轿	0	
kiệu	蕎	0	
kiệu	撟	0	
kiệu	𢄹	0	
kiệu	轎	0	
kiệu	𧄳	0	
kiỉ	麂	0	
kon	崑	0	
kutabireru	萙	0	
ky	箕	0	
kè	掑	0	
kè	棋	0	
kè	蜞	0	
kè	𥰇	0	
kèm	钤	0	
kèm	兼	0	
kèm	鈐	0	
kèm	睑	0	
kèm	鉗	0	
kèm	搛	0	
kèm	瞼	0	
kèn	𥱲	0	
kèn	𧤥	0	
kèn	𨪝	0	
kèo	挢	0	
kèo	桥	0	
kèo	撟	0	
kèo	橋	0	
ké	計	0	
ké	寄	0	
ké	𦵗	0	
ké	𬚌	0	
ké	薊	0	
kéc	鴼	0	
kém	俭	0	
kém	剑	0	
kém	检	0	
kém	儉	0	
kém	劍	0	
kém	劔	0	
kém	劒	0	
kém	歛	0	
kém	檢	0	
kén	见	0	
kén	見	0	
kén	现	0	
kén	茧	0	
kén	𫪄	0	
kén	挸	0	
kén	現	0	
kén	絸	0	
kén	繭	0	
kéo	抖	0	
kéo	吿	0	
kéo	呌	0	
kéo	𢫃	0	
kéo	挢	0	
kéo	𪭸	0	
kéo	捁	0	
kéo	矫	0	
kéo	锆	0	
kéo	𨦀	0	
kéo	𦀽	0	
kéo	鋯	0	
kéo	撟	0	
kéo	橋	0	
kéo	镜	0	
kéo	矯	0	
kéo	鏡	0	
kéo	𨙍	0	
kéo	𢹣	0	
kép	甲	0	
kép	夹	0	
kép	劫	0	
kép	夾	0	
kép	刦	0	
kép	刼	0	
kép	急	0	
kép	𠄳	0	
kép	𬒱	0	
kép	𡝔	0	
kép	𦀖	0	
két	孑	0	
két	拮	0	
két	咭	0	
két	鴶	0	
két	𪁄	0	
kê	计	0	
kê	乩	0	
kê	鸡	0	
kê	計	0	
kê	嵇	0	
kê	筓	0	
kê	筭	0	
kê	溪	0	
kê	鳮	0	
kê	稽	0	
kê	雞	0	
kê	鷄	0	
kên	𪅤	0	
kênh	泾	0	
kênh	涇	0	
kênh	𣻽	0	
kêu	叫	0	
kêu	呌	0	
kêu	嗃	0	
kêu	嘺	0	
kêu	𡆌	0	
kì	礻	0	
kì	祁	0	
kì	机	0	
kì	芪	0	
kì	芰	0	
kì	圻	0	
kì	岐	0	
kì	歧	0	
kì	其	0	
kì	祈	0	
kì	奇	0	
kì	虮	0	
kì	旂	0	
kì	耆	0	
kì	埼	0	
kì	崎	0	
kì	猉	0	
kì	淇	0	
kì	骐	0	
kì	掑	0	
kì	琪	0	
kì	棊	0	
kì	祺	0	
kì	棋	0	
kì	期	0	
kì	琦	0	
kì	碁	0	
kì	頎	0	
kì	蜞	0	
kì	旗	0	
kì	綦	0	
kì	畿	0	
kì	機	0	
kì	鲯	0	
kì	騏	0	
kì	鳍	0	
kì	蟣	0	
kì	麒	0	
kì	鯕	0	
kì	鰭	0	
kìa	其	0	
kìa	𣈒	0	
kìa	箕	0	
kìm	钤	0	
kìm	鈐	0	
kìm	琴	0	
kìm	鉗	0	
kìm	䰼	0	
kìn	虔	0	
kìn	𨊰	0	
kình	劲	0	
kình	京	0	
kình	勁	0	
kình	勍	0	
kình	檠	0	
kình	擎	0	
kình	鲸	0	
kình	鯨	0	
kình	黥	0	
kí	彑	0	
kí	彐	0	
kí	记	0	
kí	既	0	
kí	記	0	
kí	旣	0	
kí	寄	0	
kí	㨳	0	
kí	嘰	0	
kí	槣	0	
kí	冀	0	
kí	羁	0	
kí	骥	0	
kí	羈	0	
kí	驥	0	
kí	⼹	0	
kía	𣉸	0	
kích	击	0	
kích	㦸	0	
kích	戟	0	
kích	激	0	
kích	擊	0	
kín	建	0	
kín	谨	0	
kín	𡫨	0	
kín	謹	0	
kín	𡄾	0	
kính	劲	0	
kính	径	0	
kính	勁	0	
kính	逕	0	
kính	徑	0	
kính	𠲮	0	
kính	敬	0	
kính	镜	0	
kính	鏡	0	
kíp	及	0	
kíp	急	0	
kíp	洎	0	
kíp	趿	0	
kíp	𤌀	0	
kít	拮	0	
kít	结	0	
kít	戛	0	
kít	結	0	
kít	戞	0	
kíu	叫	0	
ký	彑	0	
ký	彐	0	
ký	記	0	
ký	寄	0	
kĩ	几	0	
kĩ	伎	0	
kĩ	纪	0	
kĩ	妓	0	
kĩ	忮	0	
kĩ	技	0	
kĩ	庋	0	
kĩ	紀	0	
kĩ	鈘	0	
kĩ	𩺺	0	
kĩa	𣇠	0	
kĩnh	刭	0	
kĩnh	剄	0	
kĩu	矫	0	
kĩu	矯	0	
kẹ	几	0	
kẹ	彐	0	
kẹ	寄	0	
kẹ	偈	0	
kẹn	件	0	
kẹn	健	0	
kẹn	䌑	0	
kẹo	𥼱	0	
kẹp	扱	0	
kẹp	劫	0	
kẹp	鋏	0	
kẹt	桀	0	
kẹt	搩	0	
kẹt	𠹳	0	
kẹt	磔	0	
kẻ	几	0	
kẻ	计	0	
kẻ	仉	0	
kẻ	古	0	
kẻ	易	0	
kẻ	計	0	
kẻm	脸	0	
kẻm	睑	0	
kẻm	臉	0	
kẻm	瞼	0	
kẻng	耿	0	
kẻng	景	0	
kẻng	镜	0	
kẻng	鏡	0	
kẻo	呌	0	
kẻo	矫	0	
kẻo	翘	0	
kẻo	矯	0	
kẻo	翹	0	
kẽ	几	0	
kẽ	计	0	
kẽ	仉	0	
kẽ	技	0	
kẽ	枝	0	
kẽ	計	0	
kẽ	𠴜	0	
kẽm	钤	0	
kẽm	峡	0	
kẽm	峽	0	
kẽm	鈐	0	
kẽm	嶮	0	
kẽm	𢸟	0	
kẽm	鐱	0	
kẽm	𨯘	0	
kẽm	𨰇	0	
kẽo	矫	0	
kẽo	嘺	0	
kẽo	矯	0	
kế	计	0	
kế	計	0	
kế	继	0	
kế	継	0	
kế	髻	0	
kế	薊	0	
kế	繼	0	
kếch	击	0	
kếch	劇	0	
kếch	𡚄	0	
kếch	擊	0	
kếp	𢰽	0	
kết	结	0	
kết	割	0	
kết	結	0	
kết	锲	0	
kết	鍥	0	
kề	其	0	
kề	倛	0	
kề	掑	0	
kề	𪜝	0	
kề	期	0	
kề	𫑇	0	
kề	稽	0	
kề	𬛛	0	
kềm	鉗	0	
kền	𨪝	0	
kềnh	京	0	
kềnh	鲸	0	
kềnh	鯨	0	
kều	掑	0	
kều	蹻	0	
kể	计	0	
kể	技	0	
kể	計	0	
kể	𧦕	0	
kể	𠸥	0	
kể	稽	0	
kễnh	𤠃	0	
kệ	彐	0	
kệ	偈	0	
kệ	喝	0	
kệch	劇	0	
kỉ	𠘨	0	
kỉ	几	0	
kỉ	己	0	
kỉ	纪	0	
kỉ	紀	0	
kỉ	幾	0	
kỉ	椅	0	
kỉ	麂	0	
kỉa	𣅗	0	
kỉnh	耿	0	
kị	忌	0	
kị	芰	0	
kị	𠲹	0	
kị	骑	0	
kị	梞	0	
kị	跭	0	
kị	暨	0	
kị	騎	0	
kị	𩺺	0	
kị	鱆	0	
kịa	𣇡	0	
kịch	屐	0	
kịch	剧	0	
kịch	劇	0	
kịn	件	0	
kịp	及	0	
kịp	扱	0	
kịp	趿	0	
kịt	桀	0	
kỳ	其	0	
kỳ	奇	0	
kỳ	期	0	
kỳ	旗	0	
kỳ	畿	0	
kỳ	麒	0	
kỳ	䶞	0	
kỵ	忌	0	
kỵ	褀	0	
kỵ	騎	0	
kỵ	𩺺	0	
kỷ	几	0	
kỷ	己	0	
kỷ	紀	0	
kỹ	几	0	
kỹ	伎	0	
kỹ	妓	0	
kỹ	技	0	
kỹ	紀	0	
la	罗	0	
la	𨔍	0	
la	萝	0	
la	啰	0	
la	逻	0	
la	𪡔	0	
la	椤	0	
la	锣	0	
la	骡	0	
la	𬫤	0	
la	羅	0	
la	騾	0	
la	囉	0	
la	蘿	0	
la	邏	0	
la	纙	0	
la	鑼	0	
lai	来	0	
lai	來	0	
lai	佳	0	
lai	徕	0	
lai	莱	0	
lai	倈	0	
lai	𫼲	0	
lai	涞	0	
lai	勑	0	
lai	𢯦	0	
lai	萊	0	
lai	唻	0	
lai	梾	0	
lai	徠	0	
lai	淶	0	
lai	铼	0	
lai	棶	0	
lai	𥟂	0	
lai	琜	0	
lai	睐	0	
lai	䅘	0	
lai	睞	0	
lai	𫯓	0	
lai	𤳆	0	
lai	𤢗	0	
lai	錸	0	
lam	岚	0	
lam	惏	0	
lam	婪	0	
lam	啉	0	
lam	葻	0	
lam	琳	0	
lam	嵐	0	
lam	蓝	0	
lam	篮	0	
lam	藍	0	
lam	𥜓	0	
lam	籃	0	
lam	糮	0	
lan	兰	0	
lan	拦	0	
lan	栏	0	
lan	萝	0	
lan	阑	0	
lan	𢒞	0	
lan	谰	0	
lan	澜	0	
lan	𪢌	0	
lan	𬞕	0	
lan	斓	0	
lan	闌	0	
lan	镧	0	
lan	蘭	0	
lan	㘓	0	
lan	攔	0	
lan	瀾	0	
lan	欄	0	
lan	斕	0	
lan	蘿	0	
lan	𫇡	0	
lan	灡	0	
lan	籣	0	
lan	囒	0	
lan	𫲴	0	
lan	欗	0	
lan	讕	0	
lan	鑭	0	
lan	𬵿	0	
lang	泷	0	
lang	郎	0	
lang	栏	0	
lang	狼	0	
lang	琅	0	
lang	廊	0	
lang	瑯	0	
lang	锒	0	
lang	榔	0	
lang	筤	0	
lang	蜋	0	
lang	螂	0	
lang	㾿	0	
lang	鋃	0	
lang	鎯	0	
lang	𫉱	0	
lang	瀧	0	
lang	欄	0	
lanh	令	0	
lanh	灵	0	
lanh	伶	0	
lanh	冷	0	
lanh	姈	0	
lanh	泠	0	
lanh	拎	0	
lanh	怜	0	
lanh	玲	0	
lanh	𠴌	0	
lanh	𧼍	0	
lanh	𫑅	0	
lanh	靈	0	
lao	劳	0	
lao	牢	0	
lao	捞	0	
lao	哰	0	
lao	唠	0	
lao	铹	0	
lao	痨	0	
lao	勞	0	
lao	㗦	0	
lao	𨦭	0	
lao	潦	0	
lao	憦	0	
lao	嶗	0	
lao	撈	0	
lao	嘮	0	
lao	癆	0	
lao	醪	0	
lao	簩	0	
lao	鐒	0	
lau	劳	0	
lau	捞	0	
lau	𦰤	0	
lau	𣓿	0	
lau	勞	0	
lau	撈	0	
lau	𦺜	0	
lau	橯	0	
lau	簩	0	
lay	来	0	
lay	來	0	
lay	𫼲	0	
lay	涞	0	
lay	唻	0	
lay	𢯦	0	
lay	淶	0	
lay	摛	0	
le	𠲥	0	
le	离	0	
le	𠻗	0	
le	離	0	
le	囄	0	
le	𪅆	0	
lem	淋	0	
lem	𥋲	0	
len	连	0	
len	連	0	
len	𨖲	0	
len	縺	0	
len	蹥	0	
len	𨈆	0	
leng	灵	0	
leng	泠	0	
leng	玲	0	
leng	靈	0	
leo	𠖭	0	
leo	僚	0	
leo	缭	0	
leo	嘹	0	
leo	撩	0	
leo	燎	0	
leo	繚	0	
leo	蹽	0	
leo	𤃜	0	
leo	𨇉	0	
leo	𩻻	0	
li	厘	0	
li	骊	0	
li	离	0	
li	浬	0	
li	狸	0	
li	梩	0	
li	瓼	0	
li	喱	0	
li	鹂	0	
li	嗫	0	
li	漓	0	
li	嫠	0	
li	璃	0	
li	氂	0	
li	犛	0	
li	罹	0	
li	縭	0	
li	篱	0	
li	釐	0	
li	離	0	
li	黧	0	
li	蘺	0	
li	囁	0	
li	灕	0	
li	籬	0	
li	驪	0	
li	鸝	0	
lia	俚	0	
lia	离	0	
lia	離	0	
lia	攡	0	
lim	林	0	
lim	睑	0	
lim	歛	0	
lim	𣜰	0	
lim	𥋲	0	
lim	瞼	0	
lim	𣟚	0	
linh	令	0	
linh	灵	0	
linh	冷	0	
linh	伶	0	
linh	拎	0	
linh	苓	0	
linh	泠	0	
linh	呤	0	
linh	柃	0	
linh	玲	0	
linh	鸰	0	
linh	铃	0	
linh	𬌴	0	
linh	蛄	0	
linh	笭	0	
linh	蛉	0	
linh	翎	0	
linh	舲	0	
linh	紷	0	
linh	羚	0	
linh	𪹂	0	
linh	龄	0	
linh	傳	0	
linh	零	0	
linh	鈴	0	
linh	鲮	0	
linh	鴒	0	
linh	鯪	0	
linh	齡	0	
linh	靈	0	
linh	𤅷	0	
liu	了	0	
liu	流	0	
liu	蟟	0	
liêm	奁	0	
liêm	帘	0	
liêm	溓	0	
liêm	廉	0	
liêm	搛	0	
liêm	熑	0	
liêm	奩	0	
liêm	稴	0	
liêm	匳	0	
liêm	薕	0	
liêm	臁	0	
liêm	镰	0	
liêm	鎌	0	
liêm	蠊	0	
liêm	簾	0	
liêm	蘝	0	
liêm	鐮	0	
liên	连	0	
liên	怜	0	
liên	涟	0	
liên	連	0	
liên	莲	0	
liên	链	0	
liên	联	0	
liên	裢	0	
liên	嗹	0	
liên	蓮	0	
liên	漣	0	
liên	鲢	0	
liên	聫	0	
liên	褳	0	
liên	噒	0	
liên	縺	0	
liên	蹥	0	
liên	𧐖	0	
liên	聯	0	
liên	鏈	0	
liên	鰱	0	
liêng	令	0	
liêng	灵	0	
liêng	靈	0	
liêu	辽	0	
liêu	聊	0	
liêu	廖	0	
liêu	綹	0	
liêu	僚	0	
liêu	寥	0	
liêu	缭	0	
liêu	寮	0	
liêu	獠	0	
liêu	撩	0	
liêu	遼	0	
liêu	潦	0	
liêu	燎	0	
liêu	暸	0	
liêu	鹩	0	
liêu	镣	0	
liêu	𧐖	0	
liêu	瞭	0	
liêu	繚	0	
liêu	蟟	0	
liêu	鐐	0	
liêu	髎	0	
liêu	鷯	0	
liếc	列	0	
liếc	挒	0	
liếc	烈	0	
liếc	𥆁	0	
liếc	𥆀	0	
liếc	𥉬	0	
liếc	𥋷	0	
liếm	舐	0	
liếm	舔	0	
liếm	舓	0	
liếm	舚	0	
liếm	𦧷	0	
liếm	𡄥	0	
liến	连	0	
liến	連	0	
liến	嗹	0	
liếng	另	0	
liếng	玲	0	
liếng	翎	0	
liếp	笠	0	
liếp	𡓍	0	
liếp	䉭	0	
liếp	𥸆	0	
liềm	镰	0	
liềm	鎌	0	
liềm	鐮	0	
liền	连	0	
liền	吝	0	
liền	𫢧	0	
liền	連	0	
liền	联	0	
liền	聯	0	
liều	料	0	
liều	嘹	0	
liều	療	0	
liển	连	0	
liển	連	0	
liểng	冷	0	
liểng	𨀌	0	
liểu	簝	0	
liễm	莶	0	
liễm	殓	0	
liễm	敛	0	
liễm	薟	0	
liễm	殮	0	
liễm	歛	0	
liễm	斂	0	
liễm	蘝	0	
liễn	辇	0	
liễn	联	0	
liễn	摙	0	
liễn	璉	0	
liễn	輦	0	
liễn	撵	0	
liễn	䃛	0	
liễn	聯	0	
liễn	攆	0	
liễu	了	0	
liễu	钌	0	
liễu	柳	0	
liễu	釕	0	
liễu	蓼	0	
liễu	缭	0	
liễu	瞭	0	
liễu	簝	0	
liễu	繚	0	
liệm	敛	0	
liệm	殓	0	
liệm	斂	0	
liệm	殮	0	
liệm	歛	0	
liện	连	0	
liện	連	0	
liệng	令	0	
liệng	呤	0	
liệng	𫅤	0	
liệng	翎	0	
liệng	𩙳	0	
liệng	𠖝	0	
liệp	猎	0	
liệp	巤	0	
liệp	獵	0	
liệp	擸	0	
liệp	𧀨	0	
liệp	䉭	0	
liệp	躐	0	
liệp	鬣	0	
liệp	鱲	0	
liệt	劣	0	
liệt	列	0	
liệt	冽	0	
liệt	㤡	0	
liệt	咧	0	
liệt	洌	0	
liệt	挒	0	
liệt	迾	0	
liệt	烈	0	
liệt	捋	0	
liệt	𬏩	0	
liệt	裂	0	
liệt	趔	0	
liệt	鴷	0	
liệt	𩷈	0	
liệt	䴕	0	
liệu	尥	0	
liệu	疗	0	
liệu	料	0	
liệu	憭	0	
liệu	嘹	0	
liệu	撩	0	
liệu	燎	0	
liệu	療	0	
liệu	瞭	0	
liệu	鐐	0	
lo	𢗼	0	
lo	𠰷	0	
lo	慮	0	
lo	嚧	0	
lo	𢥈	0	
loa	脶	0	
loa	腡	0	
loa	蔂	0	
loa	骡	0	
loa	瘰	0	
loa	螺	0	
loa	騾	0	
loa	驘	0	
loan	峦	0	
loan	弯	0	
loan	孪	0	
loan	栾	0	
loan	鸾	0	
loan	脔	0	
loan	湙	0	
loan	銮	0	
loan	鵉	0	
loan	孿	0	
loan	圝	0	
loan	彎	0	
loan	欒	0	
loan	灣	0	
loan	臠	0	
loan	鑾	0	
loan	鸞	0	
loang	郎	0	
loang	挛	0	
loang	攣	0	
loanh	令	0	
loanh	𮞊	0	
loay	挥	0	
loay	揮	0	
loe	螺	0	
loe	蘺	0	
loen	郎	0	
loi	𡀂	0	
loi	㵢	0	
loi	𩁦	0	
lom	林	0	
lom	临	0	
lom	臨	0	
lom	𦡶	0	
lom	𡄦	0	
lom	𥍍	0	
lon	轮	0	
lon	崙	0	
lon	輪	0	
lon	𨫅	0	
long	龙	0	
long	拢	0	
long	泷	0	
long	咙	0	
long	㚅	0	
long	珑	0	
long	竜	0	
long	隆	0	
long	滝	0	
long	𢲣	0	
long	龍	0	
long	嚨	0	
long	瀧	0	
long	攏	0	
long	瓏	0	
loà	𥅦	0	
loà	𤍶	0	
loà	𫤡	0	
loà	蠃	0	
loà	𩇍	0	
loài	爻	0	
loài	类	0	
loài	𩑛	0	
loài	𩔗	0	
loài	類	0	
loàn	乱	0	
loàn	亂	0	
loá	𤆷	0	
loá	𤍶	0	
loáng	湙	0	
loáng	爌	0	
loáng	灣	0	
loát	轧	0	
loát	軋	0	
loát	刷	0	
loát	捋	0	
loát	涮	0	
loát	揠	0	
loát	𠷈	0	
loã	伙	0	
loã	钬	0	
loã	𪡉	0	
loã	鈥	0	
loã	裸	0	
loã	夥	0	
loã	颗	0	
loã	顆	0	
loã	𤁖	0	
loã	臝	0	
loã	攭	0	
loãng	湙	0	
loãng	灣	0	
loè	𤍶	0	
loè	𫤡	0	
loè	𤑬	0	
loé	𤍶	0	
loé	𤑬	0	
loét	刷	0	
loét	𪽯	0	
loét	𤷯	0	
loại	类	0	
loại	𩑛	0	
loại	𩔗	0	
loại	類	0	
loại	巒	0	
loạn	乱	0	
loạn	亂	0	
loạng	𨂺	0	
loạng	𨈊	0	
loạt	刷	0	
loạt	拉	0	
loả	蠃	0	
loảp	𪺦	0	
loắt	搮	0	
loẹt	列	0	
loẻn	郎	0	
loọng	哢	0	
lu	卢	0	
lu	娄	0	
lu	婁	0	
lu	偻	0	
lu	僂	0	
lu	盧	0	
lua	𠰷	0	
lui	𫩍	0	
lui	𬰉	0	
lui	𨆢	0	
lui	𬧾	0	
lui	𨙝	0	
lum	林	0	
lun	纶	0	
lun	綸	0	
lung	龙	0	
lung	𢫝	0	
lung	咙	0	
lung	茏	0	
lung	泷	0	
lung	珑	0	
lung	栊	0	
lung	昽	0	
lung	胧	0	
lung	眬	0	
lung	砻	0	
lung	隆	0	
lung	笼	0	
lung	㖫	0	
lung	𢲣	0	
lung	𢴋	0	
lung	癃	0	
lung	龍	0	
lung	篭	0	
lung	蘢	0	
lung	𢥆	0	
lung	𢹈	0	
lung	嚨	0	
lung	櫳	0	
lung	瓏	0	
lung	曨	0	
lung	朧	0	
lung	礱	0	
lung	矓	0	
lung	蠪	0	
lung	籠	0	
lung	䏊	0	
lung	躘	0	
lung	鑨	0	
luy	嫘	0	
luy	缧	0	
luy	瘰	0	
luy	縲	0	
luy	羸	0	
luyên	挛	0	
luyên	攣	0	
luyến	娈	0	
luyến	恋	0	
luyến	孌	0	
luyến	戀	0	
luyện	练	0	
luyện	栋	0	
luyện	炼	0	
luyện	湅	0	
luyện	楝	0	
luyện	煉	0	
luyện	𧍴	0	
luyện	練	0	
luyện	鍊	0	
luá	𧀦	0	
luá	穭	0	
luân	仑	0	
luân	伦	0	
luân	纶	0	
luân	囵	0	
luân	沦	0	
luân	抡	0	
luân	轮	0	
luân	侖	0	
luân	倫	0	
luân	惀	0	
luân	崙	0	
luân	圇	0	
luân	菕	0	
luân	掄	0	
luân	淪	0	
luân	腀	0	
luân	綸	0	
luân	蜦	0	
luân	輪	0	
luã	屡	0	
luã	屢	0	
luôm	襤	0	
luôn	沦	0	
luôn	轮	0	
luôn	淪	0	
luôn	㫻	0	
luôn	輪	0	
luôn	𫷓	0	
luông	㳥	0	
luông	笼	0	
luông	𪥛	0	
luông	篭	0	
luông	籠	0	
luýnh	恋	0	
luýnh	戀	0	
luẩn	悋	0	
luẩn	惀	0	
luận	论	0	
luận	論	0	
luật	律	0	
luật	𧊐	0	
luật	箻	0	
luốc	绿	0	
luốc	綠	0	
luốc	緑	0	
luống	陇	0	
luống	𪽏	0	
luống	𨻫	0	
luống	滝	0	
luống	𡏡	0	
luống	隴	0	
luống	𬕺	0	
luốt	律	0	
luốt	𢯰	0	
luốt	𦂻	0	
luồn	论	0	
luồn	伦	0	
luồn	沦	0	
luồn	抡	0	
luồn	纯	0	
luồn	倫	0	
luồn	純	0	
luồn	淪	0	
luồn	𠁄	0	
luồn	𫐮	0	
luồn	掄	0	
luồn	𫠳	0	
luồn	𠍓	0	
luồn	𢳳	0	
luồn	論	0	
luồn	𫁛	0	
luồng	龙	0	
luồng	弄	0	
luồng	笼	0	
luồng	𧏵	0	
luồng	龍	0	
luồng	篭	0	
luồng	𪚓	0	
luồng	籠	0	
luồng	蠪	0	
luồng	蠬	0	
luổc	绿	0	
luổc	綠	0	
luổc	緑	0	
luỗi	𤻳	0	
luộc	𤈠	0	
luộc	淥	0	
luộc	𤊒	0	
luộc	磊	0	
luộc	𤐠	0	
luộc	灟	0	
luộc	爥	0	
luộm	滥	0	
luộm	濫	0	
luột	𧙀	0	
luột	䋖	0	
luột	𦂻	0	
luỵ	戾	0	
luỵ	淚	0	
luỵ	累	0	
luỵ	誄	0	
luỵ	纍	0	
luỹ	垒	0	
luỹ	累	0	
luỹ	絫	0	
luỹ	藟	0	
luỹ	壘	0	
luỹ	纍	0	
luỹ	虆	0	
ly	厘	0	
ly	璃	0	
ly	氂	0	
ly	離	0	
ly	釐	0	
là	𪜀	0	
là	罗	0	
là	羅	0	
là	纙	0	
lài	来	0	
lài	來	0	
lài	莉	0	
lài	萊	0	
lài	𢆠	0	
làm	三	0	
làm	爫	0	
làm	𪵯	0	
làm	𬈋	0	
làm	滥	0	
làm	濫	0	
làn	阑	0	
làn	澜	0	
làn	篮	0	
làn	闌	0	
làn	籃	0	
làn	瀾	0	
làn	灡	0	
làn	𡔔	0	
làng	郎	0	
làng	廊	0	
làng	榔	0	
lành	令	0	
lành	伶	0	
lành	冷	0	
lành	姈	0	
lành	苓	0	
lành	怜	0	
lành	𫅜	0	
lành	𬙽	0	
lành	𫅞	0	
lành	𡅑	0	
lành	𡅐	0	
lào	牢	0	
lào	𠈭	0	
lào	狫	0	
làu	耂	0	
làu	𠮩	0	
làu	老	0	
làu	𬚊	0	
làu	恅	0	
làu	咾	0	
làu	𬑑	0	
làu	喽	0	
làu	嘍	0	
làu	漏	0	
lày	𢹿	0	
lá	萝	0	
lá	𦲿	0	
lá	蘿	0	
lác	咧	0	
lác	栎	0	
lác	咯	0	
lác	落	0	
lác	𡀩	0	
lác	嚛	0	
lác	𥋷	0	
lác	櫟	0	
lách	藶	0	
lách	攊	0	
lách	𫇀	0	
lách	𥷒	0	
lái	𫶵	0	
lái	俚	0	
lái	梩	0	
lái	𬃻	0	
lái	𢁑	0	
lám	𤃢	0	
lán	栏	0	
lán	欄	0	
láng	邻	0	
láng	烂	0	
láng	浪	0	
láng	朗	0	
láng	廊	0	
láng	㫰	0	
láng	𠌇	0	
láng	鄰	0	
láng	𣼽	0	
láng	爛	0	
lánh	另	0	
lánh	伶	0	
lánh	映	0	
lánh	𪸝	0	
lánh	𪡎	0	
lánh	𨀌	0	
láo	耂	0	
láo	老	0	
láo	咾	0	
láo	島	0	
láp	拉	0	
láp	啦	0	
láp	措	0	
láp	邋	0	
láp	擸	0	
láp	躐	0	
lát	落	0	
lát	辣	0	
lát	𣋛	0	
lát	𤁕	0	
lát	𣋩	0	
lát	𬅀	0	
láu	耂	0	
láu	老	0	
láu	喽	0	
láy	𥙩	0	
láy	𠸨	0	
láy	𥈯	0	
láy	𨅼	0	
lâm	林	0	
lâm	临	0	
lâm	淋	0	
lâm	崊	0	
lâm	啉	0	
lâm	琳	0	
lâm	霖	0	
lâm	臨	0	
lân	邻	0	
lân	吝	0	
lân	怜	0	
lân	粦	0	
lân	鄰	0	
lân	粼	0	
lân	隣	0	
lân	獜	0	
lân	撛	0	
lân	噒	0	
lân	遴	0	
lân	憐	0	
lân	嶙	0	
lân	辚	0	
lân	燐	0	
lân	磷	0	
lân	瞵	0	
lân	轔	0	
lân	鳞	0	
lân	麟	0	
lân	鱗	0	
lâng	凌	0	
lâng	淩	0	
lâu	旧	0	
lâu	娄	0	
lâu	剅	0	
lâu	婁	0	
lâu	𫦉	0	
lâu	偻	0	
lâu	𥹰	0	
lâu	喽	0	
lâu	蒌	0	
lâu	搂	0	
lâu	𠞭	0	
lâu	僂	0	
lâu	楼	0	
lâu	摟	0	
lâu	䁖	0	
lâu	漏	0	
lâu	嘍	0	
lâu	瘘	0	
lâu	蔞	0	
lâu	樓	0	
lâu	蝼	0	
lâu	耧	0	
lâu	篓	0	
lâu	瘻	0	
lâu	瘺	0	
lâu	瞜	0	
lâu	簍	0	
lâu	螻	0	
lâu	舊	0	
lâu	耬	0	
lâu	髅	0	
lâu	髏	0	
lâu	䱾	0	
lâu	𦧃	0	
lây	来	0	
lây	涞	0	
lây	唻	0	
lây	淶	0	
lã	吕	0	
lã	呂	0	
lã	𣳮	0	
lã	铝	0	
lã	鋁	0	
lã	㩡	0	
lã	藞	0	
lãi	礼	0	
lãi	𥚄	0	
lãi	赉	0	
lãi	𥚥	0	
lãi	賚	0	
lãi	禮	0	
lãi	蠡	0	
lãi	𧕬	0	
lãm	览	0	
lãm	缆	0	
lãm	揽	0	
lãm	𥦝	0	
lãm	榄	0	
lãm	罱	0	
lãm	覧	0	
lãm	㩜	0	
lãm	擥	0	
lãm	㰖	0	
lãm	𤒢	0	
lãm	覽	0	
lãm	䌫	0	
lãm	攬	0	
lãm	欖	0	
lãm	纜	0	
lãn	懒	0	
lãn	懶	0	
lãn	嬾	0	
lãng	浪	0	
lãng	朗	0	
lãng	𢭹	0	
lãng	烺	0	
lãng	㫰	0	
lãng	𢠯	0	
lãng	𫻠	0	
lãnh	冷	0	
lãnh	冷	0	
lãnh	囹	0	
lãnh	岭	0	
lãnh	聆	0	
lãnh	领	0	
lãnh	紷	0	
lãnh	領	0	
lãnh	嶺	0	
lão	耂	0	
lão	老	0	
lão	佬	0	
lão	恅	0	
lão	姥	0	
lão	咾	0	
lão	栳	0	
lão	铑	0	
lão	銠	0	
lè	离	0	
lè	摛	0	
lè	漓	0	
lè	𣗱	0	
lè	𠻗	0	
lè	𫬎	0	
lè	離	0	
lè	囄	0	
lè	𪺇	0	
lèm	廉	0	
lèm	𠿳	0	
lèm	醶	0	
lèn	摙	0	
lèo	了	0	
lèo	料	0	
lèo	尞	0	
lèo	缭	0	
lèo	撩	0	
lèo	𫃼	0	
lèo	膫	0	
lèo	橑	0	
lèo	繚	0	
lé	𥆼	0	
lém	𠿳	0	
lém	歛	0	
lém	蘝	0	
lén	练	0	
lén	辇	0	
lén	联	0	
lén	𨖲	0	
lén	輦	0	
lén	練	0	
lén	蹥	0	
lén	聯	0	
lén	𥌦	0	
lén	躒	0	
lén	𨇍	0	
léo	了	0	
léo	𠮩	0	
léo	𢬢	0	
léo	嘹	0	
lép	笠	0	
lép	粒	0	
lép	𥼕	0	
lép	臘	0	
lét	烈	0	
lét	𥆁	0	
lét	𥉬	0	
lét	𦤭	0	
lê	犁	0	
lê	梨	0	
lê	棃	0	
lê	犂	0	
lê	璃	0	
lê	黎	0	
lê	蔾	0	
lê	𠠍	0	
lê	藜	0	
lê	瓈	0	
lên	𨑗	0	
lên	𬨠	0	
lên	连	0	
lên	連	0	
lên	莲	0	
lên	蓮	0	
lên	𬨺	0	
lên	𨕭	0	
lên	𨖲	0	
lên	𫧧	0	
lênh	令	0	
lênh	灵	0	
lênh	冷	0	
lênh	泠	0	
lênh	舲	0	
lênh	龄	0	
lênh	零	0	
lênh	齡	0	
lênh	靈	0	
lêu	撩	0	
lì	利	0	
lì	離	0	
lìa	里	0	
lìa	例	0	
lìa	离	0	
lìa	詈	0	
lìa	𬓞	0	
lìa	離	0	
lìm	𠿳	0	
lìn	连	0	
lìn	連	0	
lình	令	0	
lình	灵	0	
lình	昤	0	
lình	𣉏	0	
lình	𨩖	0	
lình	靈	0	
lí	里	0	
lí	李	0	
lí	俚	0	
lí	荲	0	
lí	逦	0	
lí	哩	0	
lí	娌	0	
lí	理	0	
lí	锂	0	
lí	裡	0	
lí	裏	0	
lí	鲡	0	
lí	鋰	0	
lí	履	0	
lí	鲤	0	
lí	鯉	0	
lí	邐	0	
lí	鱺	0	
lía	俚	0	
lính	另	0	
lính	𪜯	0	
lính	领	0	
lính	𠔦	0	
lính	𫫑	0	
lính	領	0	
lít	列	0	
líu	了	0	
líu	𠮩	0	
líu	哩	0	
lò	伩	0	
lò	炉	0	
lò	垆	0	
lò	爐	0	
lòi	耒	0	
lòi	𢬗	0	
lòi	𤞖	0	
lòi	𡋃	0	
lòi	䋘	0	
lòi	磊	0	
lòi	𤢗	0	
lòi	㵢	0	
lòi	㩡	0	
lòi	𥋸	0	
lòi	𤢿	0	
lòi	𦇒	0	
lòm	爫	0	
lòm	滥	0	
lòm	𧹫	0	
lòm	濫	0	
lòn	论	0	
lòn	𫐮	0	
lòn	論	0	
lòn	𨅽	0	
lòng	弄	0	
lòng	㺯	0	
lòng	𢙱	0	
lòng	𪫵	0	
lòng	𢚸	0	
lòng	𬚼	0	
ló	𤍊	0	
ló	撸	0	
ló	擼	0	
ló	𣋼	0	
ló	𥌧	0	
ló	露	0	
lóc	六	0	
lóc	𠯿	0	
lóc	𫼚	0	
lóc	𡉽	0	
lóc	𬧡	0	
lóc	淥	0	
lóc	祿	0	
lóc	膔	0	
lóc	𡂎	0	
lóc	䱚	0	
lóc	𭋙	0	
lói	𤈞	0	
lói	磊	0	
lói	𤑭	0	
lóm	览	0	
lóm	覧	0	
lóm	覽	0	
lóm	𥗽	0	
lóng	弄	0	
lóp	㕸	0	
lót	律	0	
lót	捽	0	
lót	𢯰	0	
lô	卢	0	
lô	芦	0	
lô	泸	0	
lô	炉	0	
lô	轳	0	
lô	栌	0	
lô	鸬	0	
lô	𬬻	0	
lô	𪾦	0	
lô	盧	0	
lô	㔧	0	
lô	瀘	0	
lô	嚧	0	
lô	蘆	0	
lô	爐	0	
lô	矑	0	
lô	轤	0	
lô	鑪	0	
lô	鸕	0	
lôi	𠱤	0	
lôi	雷	0	
lôi	擂	0	
lôi	𡀂	0	
lôi	㵢	0	
lôi	檑	0	
lôi	礌	0	
lôi	镭	0	
lôi	𨆢	0	
lôi	鐳	0	
lôi	𪆼	0	
lôi	𭡏	0	
lôm	𨇣	0	
lôn	仑	0	
lôn	侖	0	
lôn	崙	0	
lông	𣭜	0	
lông	𣯡	0	
lông	𪱨	0	
lông	𥪝	0	
lông	𫅮	0	
lông	𣰳	0	
lông	𣰴	0	
lông	𣰵	0	
lông	𦒮	0	
lông	𬖅	0	
lông	𫅲	0	
lõ	鲁	0	
lõ	魯	0	
lõi	𣑳	0	
lõi	磊	0	
lõi	㰁	0	
lõm	凹	0	
lõm	𪷃	0	
lõm	𫬠	0	
lõm	𤂺	0	
lõm	𤃢	0	
lõm	𡔑	0	
lõm	𨰲	0	
lõng	陇	0	
lõng	𨻫	0	
lõng	𨁦	0	
lõng	隴	0	
lù	泸	0	
lù	瀘	0	
lùa	𢫘	0	
lùa	𫰮	0	
lùa	搂	0	
lùa	摟	0	
lùa	攎	0	
lùi	𤈞	0	
lùi	𨀤	0	
lùi	𤑭	0	
lùi	𨇒	0	
lùm	林	0	
lùm	菻	0	
lùm	啉	0	
lùm	𦼚	0	
lùm	䕺	0	
lùn	伦	0	
lùn	倫	0	
lùn	𪿏	0	
lùng	咙	0	
lùng	茏	0	
lùng	𢙐	0	
lùng	𫥌	0	
lùng	㳥	0	
lùng	𨓡	0	
lùng	𫣏	0	
lùng	𫴳	0	
lùng	𠺠	0	
lùng	𣼰	0	
lùng	憹	0	
lùng	𬏖	0	
lùng	蘢	0	
lùng	嚨	0	
lùng	𡫶	0	
lú	缕	0	
lú	屡	0	
lú	路	0	
lú	屢	0	
lú	縷	0	
lúa	穭	0	
lúc	六	0	
lúc	陆	0	
lúc	𫼚	0	
lúc	𣅶	0	
lúc	陸	0	
lúi	𢬗	0	
lúi	㩡	0	
lúi	𩽊	0	
lúm	廩	0	
lúm	廪	0	
lúm	𡄁	0	
lún	沦	0	
lún	顿	0	
lún	𠗣	0	
lún	淪	0	
lún	巽	0	
lún	頓	0	
lún	潠	0	
lúng	龙	0	
lúng	陇	0	
lúng	𨻫	0	
lúng	𠺠	0	
lúng	龍	0	
lúng	隴	0	
lút	𣹕	0	
lý	李	0	
lý	里	0	
lý	俚	0	
lý	哩	0	
lý	娌	0	
lý	理	0	
lăm	林	0	
lăm	啉	0	
lăm	惏	0	
lăm	𬂽	0	
lăm	𠄻	0	
lăn	邻	0	
lăn	陵	0	
lăn	凌	0	
lăn	涟	0	
lăn	漣	0	
lăn	鄰	0	
lăn	𡑝	0	
lăn	撛	0	
lăn	輘	0	
lăn	遴	0	
lăn	𬖩	0	
lăn	辚	0	
lăn	𬹏	0	
lăn	𢸜	0	
lăn	轔	0	
lăn	𫬪	0	
lăn	𨊌	0	
lăng	凌	0	
lăng	陵	0	
lăng	浪	0	
lăng	朗	0	
lăng	凌	0	
lăng	崚	0	
lăng	淩	0	
lăng	绫	0	
lăng	堎	0	
lăng	㖫	0	
lăng	菱	0	
lăng	塄	0	
lăng	愣	0	
lăng	棱	0	
lăng	楞	0	
lăng	稜	0	
lăng	睖	0	
lăng	稜	0	
lăng	䗀	0	
lăng	綾	0	
lăng	薐	0	
lăng	鲮	0	
lăng	鯪	0	
lĩnh	彾	0	
lĩnh	岭	0	
lĩnh	袊	0	
lĩnh	领	0	
lĩnh	紷	0	
lĩnh	領	0	
lĩnh	嶺	0	
lĩnh	𦆺	0	
lœ	蘺	0	
lũ	卢	0	
lũ	泸	0	
lũ	娄	0	
lũ	婁	0	
lũ	偻	0	
lũ	屡	0	
lũ	溇	0	
lũ	缕	0	
lũ	僂	0	
lũ	褛	0	
lũ	漊	0	
lũ	屢	0	
lũ	瘘	0	
lũ	𠎪	0	
lũ	寠	0	
lũ	𬉆	0	
lũ	𫫵	0	
lũ	屦	0	
lũ	瘻	0	
lũ	盧	0	
lũ	褸	0	
lũ	屨	0	
lũ	𡀿	0	
lũ	縷	0	
lũ	瀘	0	
lũa	屡	0	
lũa	屢	0	
lũi	𬜽	0	
lũm	廩	0	
lũm	廪	0	
lũn	仑	0	
lũn	侖	0	
lũng	陇	0	
lũng	拢	0	
lũng	垄	0	
lũng	𨻫	0	
lũng	𡏡	0	
lũng	隴	0	
lũng	壟	0	
lũng	壠	0	
lũng	攏	0	
lũy	摞	0	
lơ	卢	0	
lơ	𠰷	0	
lơ	闾	0	
lơ	𣆐	0	
lơ	𪾦	0	
lơ	閭	0	
lơ	閭	0	
lơ	盧	0	
lơ	嚧	0	
lơ	曥	0	
lơ	矑	0	
lơ	𪭃	0	
lơi	来	0	
lơi	來	0	
lơi	涞	0	
lơi	𢯦	0	
lơi	淶	0	
lơi	𬯩	0	
lơn	兰	0	
lơn	栏	0	
lơn	谰	0	
lơn	𪢌	0	
lơn	㘓	0	
lơn	蘭	0	
lơn	欄	0	
lơn	囒	0	
lơn	讕	0	
lơn	欗	0	
lư	卢	0	
lư	驴	0	
lư	芦	0	
lư	庐	0	
lư	𢫘	0	
lư	炉	0	
lư	𣆐	0	
lư	闾	0	
lư	鸬	0	
lư	捋	0	
lư	颅	0	
lư	榈	0	
lư	鲈	0	
lư	閭	0	
lư	𩢬	0	
lư	閭	0	
lư	𫙔	0	
lư	盧	0	
lư	櫚	0	
lư	瀘	0	
lư	廬	0	
lư	攎	0	
lư	嚧	0	
lư	蘆	0	
lư	爐	0	
lư	曥	0	
lư	矑	0	
lư	籚	0	
lư	鑪	0	
lư	顱	0	
lư	驢	0	
lư	鱸	0	
lư	鸕	0	
lưa	侶	0	
lưng	凌	0	
lưng	𣇾	0	
lưng	𦝄	0	
lưng	𠦻	0	
lưng	𨉞	0	
lưng	𦡟	0	
lưu	刘	0	
lưu	𪽋	0	
lưu	浏	0	
lưu	流	0	
lưu	留	0	
lưu	琉	0	
lưu	旈	0	
lưu	畱	0	
lưu	硫	0	
lưu	馏	0	
lưu	蒥	0	
lưu	溜	0	
lưu	熘	0	
lưu	鹠	0	
lưu	劉	0	
lưu	镏	0	
lưu	橊	0	
lưu	鹨	0	
lưu	蹓	0	
lưu	瀏	0	
lưu	餾	0	
lưu	鎏	0	
lưu	鎦	0	
lưu	鏐	0	
lưu	騮	0	
lưu	鶹	0	
lưu	鷚	0	
lưu	𭄁	0	
lươm	襤	0	
lươn	鲢	0	
lươn	𧐖	0	
lươn	𩷕	0	
lươn	鳝	0	
lươn	鰱	0	
lươn	鱔	0	
lươn	𩽥	0	
lương	良	0	
lương	莨	0	
lương	凉	0	
lương	梁	0	
lương	涼	0	
lương	粱	0	
lương	粮	0	
lương	踉	0	
lương	綡	0	
lương	樑	0	
lương	𩷕	0	
lương	糧	0	
lưới	䋥	0	
lướp	㕸	0	
lướt	列	0	
lướt	迾	0	
lướt	挒	0	
lướt	洌	0	
lướt	𬆒	0	
lướt	律	0	
lướt	烈	0	
lướt	掠	0	
lướt	淬	0	
lướt	𪩤	0	
lướt	辣	0	
lướt	𤁕	0	
lười	倈	0	
lười	𫪁	0	
lười	唻	0	
lười	𢜞	0	
lười	懒	0	
lười	懶	0	
lườm	𥋲	0	
lườn	𦝹	0	
lườn	𦟪	0	
lườn	欗	0	
lườn	𢺤	0	
lường	量	0	
lường	𪬨	0	
lường	𫾄	0	
lưởn	炼	0	
lưởn	煉	0	
lưởt	𬠼	0	
lưỡi	礼	0	
lưỡi	吏	0	
lưỡi	𥚇	0	
lưỡi	𦧜	0	
lưỡi	禮	0	
lưỡi	𦧽	0	
lưỡng	两	0	
lưỡng	兩	0	
lưỡng	俩	0	
lưỡng	倆	0	
lưỡng	辆	0	
lưỡng	輛	0	
lược	略	0	
lược	掠	0	
lược	畧	0	
lược	撂	0	
lược	𥳂	0	
lượi	𣳪	0	
lượm	歛	0	
lượm	𢹦	0	
lượn	论	0	
lượn	扙	0	
lượn	𫅤	0	
lượn	𦑅	0	
lượn	論	0	
lượn	𤀚	0	
lượn	歛	0	
lượn	灡	0	
lượng	两	0	
lượng	兩	0	
lượng	亮	0	
lượng	哴	0	
lượng	谅	0	
lượng	量	0	
lượng	喨	0	
lượng	晾	0	
lượng	緉	0	
lượng	諒	0	
lượt	列	0	
lượt	例	0	
lượt	掠	0	
lượt	𧙷	0	
lượt	𦀎	0	
lượt	𠞺	0	
lượt	辣	0	
lượt	𦃾	0	
lạ	吕	0	
lạ	呂	0	
lạ	罗	0	
lạ	𬨨	0	
lạ	𨓐	0	
lạ	𨓡	0	
lạ	𨔍	0	
lạ	逻	0	
lạ	𡚎	0	
lạ	𤳧	0	
lạ	羅	0	
lạ	𡄀	0	
lạ	邏	0	
lạ	纙	0	
lạ	𡆗	0	
lạ	𦍉	0	
lạ	𤴏	0	
lạc	乐	0	
lạc	泺	0	
lạc	荦	0	
lạc	洛	0	
lạc	咯	0	
lạc	络	0	
lạc	烙	0	
lạc	䀩	0	
lạc	铬	0	
lạc	硌	0	
lạc	落	0	
lạc	絡	0	
lạc	跞	0	
lạc	𧳇	0	
lạc	貉	0	
lạc	楽	0	
lạc	鉻	0	
lạc	犖	0	
lạc	雒	0	
lạc	樂	0	
lạc	駱	0	
lạc	鴼	0	
lạc	㦡	0	
lạc	濼	0	
lạc	躒	0	
lạch	沥	0	
lạch	勒	0	
lạch	㴖	0	
lạch	瀝	0	
lạch	𤃝	0	
lại	又	0	
lại	吏	0	
lại	来	0	
lại	來	0	
lại	徕	0	
lại	徠	0	
lại	赉	0	
lại	赖	0	
lại	𠻇	0	
lại	𬃻	0	
lại	𫣚	0	
lại	賚	0	
lại	賴	0	
lại	癞	0	
lại	籁	0	
lại	癩	0	
lại	籟	0	
lạm	𬈋	0	
lạm	滥	0	
lạm	㜮	0	
lạm	嚂	0	
lạm	濫	0	
lạm	爁	0	
lạn	烂	0	
lạn	㦨	0	
lạn	爛	0	
lạn	䃹	0	
lạng	两	0	
lạng	兩	0	
lạng	倆	0	
lạng	谅	0	
lạng	唡	0	
lạng	啢	0	
lạng	諒	0	
lạng	魎	0	
lạnh	令	0	
lạnh	冷	0	
lạnh	㳥	0	
lạnh	𨗺	0	
lạo	劳	0	
lạo	捞	0	
lạo	涝	0	
lạo	唠	0	
lạo	𣓿	0	
lạo	勞	0	
lạo	耢	0	
lạo	澇	0	
lạo	嘹	0	
lạo	嘮	0	
lạo	撈	0	
lạo	潦	0	
lạo	橯	0	
lạo	繚	0	
lạo	耮	0	
lạp	旯	0	
lạp	垃	0	
lạp	拉	0	
lạp	㡴	0	
lạp	剌	0	
lạp	柆	0	
lạp	笠	0	
lạp	啦	0	
lạp	粒	0	
lạp	猎	0	
lạp	腊	0	
lạp	𤟰	0	
lạp	蜡	0	
lạp	蝲	0	
lạp	臈	0	
lạp	鞡	0	
lạp	邋	0	
lạp	獵	0	
lạp	爉	0	
lạp	臘	0	
lạp	镴	0	
lạp	𨮎	0	
lạp	蠟	0	
lạp	躐	0	
lạp	鑞	0	
lạp	鬣	0	
lạt	剌	0	
lạt	茖	0	
lạt	络	0	
lạt	喇	0	
lạt	絡	0	
lạt	笿	0	
lạt	瘌	0	
lạt	辣	0	
lạt	蝲	0	
lạt	𪢘	0	
lạt	𤁕	0	
lạt	𫶼	0	
lạt	𬅀	0	
lạt	𤻬	0	
lạt	䱨	0	
lạt	𥶁	0	
lạu	陋	0	
lạu	漏	0	
lạy	礼	0	
lạy	吏	0	
lạy	𫼲	0	
lạy	𥚄	0	
lạy	𢯦	0	
lạy	𥛉	0	
lạy	禮	0	
lả	扡	0	
lả	呂	0	
lả	把	0	
lả	拖	0	
lả	𪫦	0	
lả	𣳮	0	
lả	𫤉	0	
lảc	𭢥	0	
lải	𫪁	0	
lải	𢯦	0	
lải	唻	0	
lảm	啉	0	
lảm	𠼖	0	
lảng	郎	0	
lảng	浪	0	
lảng	朗	0	
lảng	𨃹	0	
lảng	𨅉	0	
lảnh	冷	0	
lảnh	𪽏	0	
lảnh	领	0	
lảnh	領	0	
lảo	耂	0	
lảo	老	0	
lảo	㧯	0	
lảo	𢭂	0	
lảo	憦	0	
lảo	潦	0	
lảp	臘	0	
lảu	耂	0	
lảu	老	0	
lảu	𦕳	0	
lảy	𢬦	0	
lảy	𥙒	0	
lảy	𢯦	0	
lảy	𢴙	0	
lảy	𢹿	0	
lảy	攭	0	
lấc	勒	0	
lấm	伦	0	
lấm	临	0	
lấm	倫	0	
lấm	淋	0	
lấm	𡍚	0	
lấm	霖	0	
lấm	𡒄	0	
lấm	壈	0	
lấm	臨	0	
lấm	𥋶	0	
lấm	𤃢	0	
lấm	𡓔	0	
lấn	论	0	
lấn	吝	0	
lấn	林	0	
lấn	𪡍	0	
lấn	𠳺	0	
lấn	𢭹	0	
lấn	粦	0	
lấn	論	0	
lấn	遴	0	
lấng	𨃹	0	
lấp	立	0	
lấp	垃	0	
lấp	拉	0	
lấp	𤇥	0	
lất	勒	0	
lất	㗚	0	
lấu	䱾	0	
lấy	礼	0	
lấy	𥙩	0	
lấy	𫩉	0	
lấy	禮	0	
lầm	林	0	
lầm	惏	0	
lầm	啉	0	
lầm	淋	0	
lầm	𡍚	0	
lầm	𪩦	0	
lầm	𪾭	0	
lầm	懍	0	
lầm	懔	0	
lầm	檒	0	
lầm	瀶	0	
lần	纶	0	
lần	吝	0	
lần	𢭹	0	
lần	寅	0	
lần	𠞺	0	
lần	路	0	
lần	綸	0	
lần	𨁮	0	
lần	𡫫	0	
lầu	娄	0	
lầu	婁	0	
lầu	蒌	0	
lầu	楼	0	
lầu	蔞	0	
lầu	漏	0	
lầu	樓	0	
lầy	𣱽	0	
lầy	洡	0	
lầy	浰	0	
lầy	涞	0	
lầy	淶	0	
lầy	漓	0	
lầy	𤀛	0	
lầy	癞	0	
lầy	癩	0	
lẩm	啉	0	
lẩm	廩	0	
lẩn	论	0	
lẩn	吝	0	
lẩn	𠳺	0	
lẩn	論	0	
lẩu	耂	0	
lẩu	老	0	
lẩu	𪶾	0	
lẩu	𨠴	0	
lẩu	𨢇	0	
lẩy	礼	0	
lẩy	𫸱	0	
lẩy	𢬦	0	
lẩy	禮	0	
lẩy	𫌖	0	
lẩy	𢹿	0	
lẫm	菻	0	
lẫm	稟	0	
lẫm	凜	0	
lẫm	凛	0	
lẫm	澟	0	
lẫm	廩	0	
lẫm	𡒄	0	
lẫm	廪	0	
lẫm	懍	0	
lẫm	懔	0	
lẫm	壈	0	
lẫm	檁	0	
lẫm	檩	0	
lẫm	𤃢	0	
lẫm	𫏠	0	
lẫm	𡓔	0	
lẫm	𫬠	0	
lẫn	耒	0	
lẫn	吝	0	
lẫn	免	0	
lẫn	悋	0	
lẫn	磊	0	
lẫu	𦓜	0	
lẫy	礼	0	
lẫy	𢬦	0	
lẫy	𢙔	0	
lẫy	𠲥	0	
lẫy	禮	0	
lẫy	𡅏	0	
lẫy	𡅐	0	
lẫy	𢹿	0	
lận	吝	0	
lận	恡	0	
lận	悋	0	
lận	蔺	0	
lận	撛	0	
lận	遴	0	
lận	橉	0	
lận	䗲	0	
lận	藺	0	
lập	立	0	
lập	立	0	
lập	苙	0	
lập	㕸	0	
lập	𤇥	0	
lật	栗	0	
lật	勒	0	
lật	凓	0	
lật	㗚	0	
lật	慄	0	
lật	慄	0	
lật	溧	0	
lật	搮	0	
lật	篥	0	
lậu	陋	0	
lậu	镂	0	
lậu	漏	0	
lậu	瘺	0	
lậu	𨢇	0	
lậu	𨩐	0	
lậu	鏤	0	
lậy	𥚄	0	
lậy	𥛉	0	
lắc	𢩮	0	
lắc	𬜑	0	
lắc	刻	0	
lắc	勒	0	
lắc	𢳝	0	
lắm	禀	0	
lắm	𪩦	0	
lắm	稟	0	
lắm	夦	0	
lắm	廩	0	
lắm	廪	0	
lắm	𡗋	0	
lắm	𪥀	0	
lắm	𤯑	0	
lắn	仑	0	
lắn	侖	0	
lắng	朗	0	
lắng	啷	0	
lắng	𢠯	0	
lắng	𣼽	0	
lắng	𠻴	0	
lắng	𫆍	0	
lắng	𦗏	0	
lắp	立	0	
lắp	垃	0	
lắp	拉	0	
lắp	㕸	0	
lắp	擸	0	
lắt	律	0	
lắt	㗚	0	
lắt	搮	0	
lắt	𢴑	0	
lằm	林	0	
lằm	啉	0	
lằn	吝	0	
lằn	𤶾	0	
lằn	𧋻	0	
lằn	䗲	0	
lằng	䗀	0	
lẳm	紧	0	
lẳm	緊	0	
lẳm	𬷞	0	
lẳm	𬷶	0	
lẳn	𢭹	0	
lẳn	𣵰	0	
lẳn	𣍵	0	
lẳng	𢭗	0	
lẳng	凌	0	
lẳng	朗	0	
lẳng	㖫	0	
lẳng	𣼽	0	
lẵm	澟	0	
lẵng	朗	0	
lẵng	筤	0	
lẵng	𬕨	0	
lặc	忇	0	
lặc	肋	0	
lặc	胳	0	
lặc	勒	0	
lặc	𫃶	0	
lặc	鳓	0	
lặc	鰳	0	
lặm	滥	0	
lặm	凜	0	
lặm	凛	0	
lặm	濫	0	
lặn	吝	0	
lặn	𠓬	0	
lặn	𣵰	0	
lặn	凌	0	
lặng	洛	0	
lặng	𣵰	0	
lặng	𠳺	0	
lặng	浪	0	
lặng	朗	0	
lặng	𣼽	0	
lặng	𠻴	0	
lặng	𢀬	0	
lặp	立	0	
lặp	㕸	0	
lặt	什	0	
lặt	抇	0	
lặt	栗	0	
lặt	搮	0	
lặt	𣙬	0	
lặt	𤁕	0	
lẹ	厉	0	
lẹ	励	0	
lẹ	呂	0	
lẹ	淚	0	
lẹ	厲	0	
lẹ	勵	0	
lẹ	𫑐	0	
lẹm	歛	0	
lẹm	鐮	0	
lẹn	练	0	
lẹn	練	0	
lẹng	冷	0	
lẹng	炩	0	
lẹo	𡡅	0	
lẹo	瞭	0	
lẹp	笠	0	
lẹp	躐	0	
lẹp	𩻑	0	
lẹp	鱲	0	
lẹt	劣	0	
lẹt	劣	0	
lẹt	烈	0	
lẹt	𨀺	0	
lẹt	蹥	0	
lẹt	𨃻	0	
lẹt	𦤭	0	
lẻ	礼	0	
lẻ	𥘶	0	
lẻ	𥙪	0	
lẻ	𥛭	0	
lẻ	𬯰	0	
lẻ	禮	0	
lẻm	歛	0	
lẻn	辇	0	
lẻn	联	0	
lẻn	輦	0	
lẻn	𥊩	0	
lẻn	聯	0	
lẻn	𢤠	0	
lẻn	躒	0	
lẻn	𨇍	0	
lẻng	灵	0	
lẻng	玲	0	
lẻng	靈	0	
lẻo	了	0	
lẻo	𠖭	0	
lẻo	𠮩	0	
lẻo	𣱾	0	
lẻo	𢬢	0	
lẻo	𧾿	0	
lẻo	𬈚	0	
lẻo	𣼾	0	
lẻo	潦	0	
lẻo	嘹	0	
lẽ	礼	0	
lẽ	𫰣	0	
lẽ	𠲥	0	
lẽ	𥙪	0	
lẽ	理	0	
lẽ	𨤧	0	
lẽ	𥛭	0	
lẽn	𢤠	0	
lẽo	了	0	
lẽo	𠖭	0	
lẽo	耂	0	
lẽo	𣱾	0	
lẽo	老	0	
lẽo	𪞠	0	
lẽo	料	0	
lẽo	尞	0	
lẽo	瞭	0	
lếch	历	0	
lếch	𬫂	0	
lếch	歷	0	
lếch	𤃝	0	
lếch	𤻤	0	
lếch	癧	0	
lết	烈	0	
lết	𨀺	0	
lết	蹥	0	
lết	𨃻	0	
lếu	了	0	
lếu	耂	0	
lếu	𠮩	0	
lếu	老	0	
lề	例	0	
lề	𠅜	0	
lề	𣈙	0	
lề	𨦙	0	
lềnh	令	0	
lềnh	伶	0	
lềnh	苓	0	
lềnh	泠	0	
lều	了	0	
lều	𦫼	0	
lều	𬝮	0	
lều	寮	0	
lều	𦼔	0	
lều	簝	0	
lể	礼	0	
lể	例	0	
lể	𠲥	0	
lể	𥙧	0	
lể	禮	0	
lể	𡅏	0	
lểnh	泠	0	
lểnh	领	0	
lểnh	領	0	
lểu	了	0	
lểu	疗	0	
lểu	𫘵	0	
lểu	僚	0	
lểu	療	0	
lễ	礼	0	
lễ	𠯋	0	
lễ	撸	0	
lễ	禮	0	
lễ	擼	0	
lễ	醴	0	
lễ	蠡	0	
lễ	鳢	0	
lễ	鱧	0	
lễnh	领	0	
lễnh	領	0	
lệ	礼	0	
lệ	厉	0	
lệ	励	0	
lệ	丽	0	
lệ	戾	0	
lệ	泪	0	
lệ	例	0	
lệ	隶	0	
lệ	疠	0	
lệ	疬	0	
lệ	俪	0	
lệ	荔	0	
lệ	茘	0	
lệ	浰	0	
lệ	砺	0	
lệ	淚	0	
lệ	唳	0	
lệ	棣	0	
lệ	厲	0	
lệ	勵	0	
lệ	隷	0	
lệ	癘	0	
lệ	禮	0	
lệ	隸	0	
lệ	麐	0	
lệ	麗	0	
lệ	礪	0	
lệ	𤻤	0	
lệ	癧	0	
lệ	儷	0	
lệch	历	0	
lệch	列	0	
lệch	沥	0	
lệch	歷	0	
lệch	𪯯	0	
lệch	瀝	0	
lệch	𣄬	0	
lệnh	令	0	
lệnh	令	0	
lệnh	怜	0	
lệnh	炩	0	
lệnh	鸰	0	
lệnh	铃	0	
lệnh	鈴	0	
lệnh	鴒	0	
lệp	𨅀	0	
lệt	𥆁	0	
lệt	𨀺	0	
lệt	蹥	0	
lệt	𨃻	0	
lỉa	𨁫	0	
lỉn	连	0	
lỉn	連	0	
lỉnh	领	0	
lỉnh	領	0	
lỉt	挒	0	
lị	俐	0	
lị	涖	0	
lị	浰	0	
lị	唎	0	
lị	莉	0	
lị	蛎	0	
lị	痢	0	
lị	詈	0	
lị	䋥	0	
lị	鬁	0	
lị	蠣	0	
lịa	里	0	
lịch	历	0	
lịch	沥	0	
lịch	栃	0	
lịch	轹	0	
lịch	栎	0	
lịch	砾	0	
lịch	跞	0	
lịch	厤	0	
lịch	雳	0	
lịch	歷	0	
lịch	曆	0	
lịch	嚦	0	
lịch	藶	0	
lịch	壢	0	
lịch	櫟	0	
lịch	𤃝	0	
lịch	瀝	0	
lịch	礫	0	
lịch	櫪	0	
lịch	躒	0	
lịch	轢	0	
lịch	𨇗	0	
lịch	靂	0	
lịch	𩽏	0	
lịm	殓	0	
lịm	殮	0	
lịm	𡗋	0	
lịn	𫇖	0	
lịnh	令	0	
lịt	列	0	
lịu	𠮩	0	
lọ	路	0	
lọ	㯝	0	
lọ	𤮗	0	
lọc	淥	0	
lọc	滤	0	
lọc	漉	0	
lọc	𤀓	0	
lọc	𡂎	0	
lọc	𤀼	0	
lọc	濾	0	
lọc	𭊛	0	
lọi	耒	0	
lọi	𤈞	0	
lọi	𥑶	0	
lọi	磊	0	
lọi	𤑭	0	
lọi	𫴷	0	
lọm	𦡶	0	
lọm	𥍍	0	
lọn	论	0	
lọn	𠓻	0	
lọn	𠓹	0	
lọn	論	0	
lọn	窿	0	
lọn	𬣎	0	
lọn	𫤍	0	
lọng	挵	0	
lọng	𢃈	0	
lọng	𠑋	0	
lọp	垃	0	
lọp	拉	0	
lọt	律	0	
lọt	津	0	
lọt	突	0	
lọt	𢯰	0	
lỏ	路	0	
lỏi	𥐧	0	
lỏi	𣢹	0	
lỏi	𨇒	0	
lỏm	览	0	
lỏm	𠼗	0	
lỏm	𦗝	0	
lỏm	覽	0	
lỏn	仑	0	
lỏn	侖	0	
lỏng	龙	0	
lỏng	弄	0	
lỏng	㳥	0	
lỏng	哢	0	
lỏng	挵	0	
lỏng	𢙱	0	
lỏng	𨁦	0	
lỏng	𣿅	0	
lỏng	龍	0	
lỏng	𨆞	0	
lố	𥌧	0	
lố	露	0	
lốc	祿	0	
lối	𠱤	0	
lối	𣷮	0	
lối	𫮇	0	
lối	磊	0	
lối	㩡	0	
lối	𡓃	0	
lối	𤂬	0	
lối	𨇒	0	
lốm	𤊭	0	
lốm	𬞑	0	
lốm	歛	0	
lốm	爁	0	
lốm	𤑸	0	
lốm	𤒢	0	
lốn	仑	0	
lốn	论	0	
lốn	侖	0	
lốn	論	0	
lốp	猎	0	
lốp	獵	0	
lốp	𡂏	0	
lốp	𧀨	0	
lốt	𧙻	0	
lốt	葎	0	
lốt	𪻃	0	
lốt	𫉡	0	
lồ	路	0	
lồ	露	0	
lồi	耒	0	
lồi	洡	0	
lồi	𡋃	0	
lồi	眭	0	
lồi	𥅦	0	
lồm	林	0	
lồm	𨂕	0	
lồm	𨃎	0	
lồn	𦟹	0	
lồn	𧐩	0	
lồng	弄	0	
lồng	栊	0	
lồng	𫠯	0	
lồng	笼	0	
lồng	𢲣	0	
lồng	𪱨	0	
lồng	篭	0	
lồng	𨃸	0	
lồng	櫳	0	
lồng	籠	0	
lồng	躘	0	
lổ	鲁	0	
lổ	魯	0	
lổm	𪾋	0	
lổm	监	0	
lổm	監	0	
lổn	仑	0	
lổn	侖	0	
lổng	挵	0	
lổng	梇	0	
lỗ	卤	0	
lỗ	虏	0	
lỗ	轳	0	
lỗ	鹵	0	
lỗ	掳	0	
lỗ	舻	0	
lỗ	鲁	0	
lỗ	𨋤	0	
lỗ	虜	0	
lỗ	滷	0	
lỗ	撸	0	
lỗ	魯	0	
lỗ	橹	0	
lỗ	擄	0	
lỗ	𪁇	0	
lỗ	镥	0	
lỗ	㯭	0	
lỗ	擼	0	
lỗ	嚕	0	
lỗ	瀂	0	
lỗ	𡓇	0	
lỗ	櫓	0	
lỗ	艣	0	
lỗ	𥶇	0	
lỗ	艪	0	
lỗ	艫	0	
lỗ	𨏧	0	
lỗ	鑥	0	
lỗ	轤	0	
lỗ	𥩍	0	
lỗi	耒	0	
lỗi	㑍	0	
lỗi	洡	0	
lỗi	𥅦	0	
lỗi	𥑶	0	
lỗi	𥓹	0	
lỗi	𨀤	0	
lỗi	酹	0	
lỗi	磊	0	
lỗi	蕾	0	
lỗi	儡	0	
lỗi	𢤡	0	
lỗi	颣	0	
lỗi	𤻳	0	
lỗi	纇	0	
lộ	赂	0	
lộ	路	0	
lộ	賂	0	
lộ	酪	0	
lộ	㯝	0	
lộ	鹭	0	
lộ	簬	0	
lộ	露	0	
lộ	鷺	0	
lộc	六	0	
lộc	𦬩	0	
lộc	鹿	0	
lộc	𢮑	0	
lộc	禄	0	
lộc	祿	0	
lộc	盝	0	
lộc	碌	0	
lộc	碌	0	
lộc	漉	0	
lộc	辘	0	
lộc	轆	0	
lộc	麓	0	
lội	耒	0	
lội	呐	0	
lội	洡	0	
lội	𣷮	0	
lội	𨀤	0	
lội	磊	0	
lội	𤂬	0	
lội	𨇒	0	
lộm	滥	0	
lộm	濫	0	
lộn	仑	0	
lộn	论	0	
lộn	伦	0	
lộn	侖	0	
lộn	倫	0	
lộn	𪵅	0	
lộn	孵	0	
lộn	論	0	
lộng	圹	0	
lộng	弄	0	
lộng	㳥	0	
lộng	哢	0	
lộng	挵	0	
lộng	梇	0	
lộng	衖	0	
lộng	壙	0	
lộp	猎	0	
lộp	笠	0	
lộp	𨀎	0	
lộp	獵	0	
lột	𢯰	0	
lột	𧎛	0	
lột	𦢴	0	
lớ	呂	0	
lớ	捛	0	
lớ	𥺓	0	
lớ	嚕	0	
lớn	吝	0	
lớn	𡘯	0	
lớn	𪩥	0	
lớn	𣁔	0	
lớn	懒	0	
lớn	𢀬	0	
lớn	懶	0	
lớn	𡚚	0	
lớn	㦨	0	
lớn	𢀲	0	
lớp	立	0	
lớp	垃	0	
lớp	苙	0	
lớp	泣	0	
lớp	拉	0	
lớp	𥘸	0	
lớp	𤖹	0	
lớp	笠	0	
lớt	乙	0	
lớt	𣼷	0	
lờ	𪾦	0	
lờ	盧	0	
lờ	矑	0	
lờ	𬜜	0	
lờ	籚	0	
lờ	𩆴	0	
lời	𢖵	0	
lời	𡗶	0	
lời	利	0	
lời	俐	0	
lời	唎	0	
lời	𢈱	0	
lời	𠳒	0	
lời	𠅜	0	
lời	𫜗	0	
lờm	崊	0	
lờm	啉	0	
lờn	吝	0	
lờn	𠳺	0	
lờn	𪢌	0	
lờn	㦦	0	
lờn	㘓	0	
lờn	㦨	0	
lờn	囒	0	
lờn	灡	0	
lờn	𢦂	0	
lờn	𬵿	0	
lở	呂	0	
lở	𨹬	0	
lở	𪡉	0	
lở	𡋿	0	
lở	𥓅	0	
lở	𥖕	0	
lởi	礼	0	
lởi	禮	0	
lởm	览	0	
lởm	覧	0	
lởm	𡽾	0	
lởm	𡾭	0	
lởm	覽	0	
lởm	囕	0	
lởm	𥗽	0	
lỡ	女	0	
lỡ	呂	0	
lỡ	捛	0	
lỡ	侶	0	
lỡ	𣳮	0	
lỡ	𢙲	0	
lỡ	𠴊	0	
lỡ	㛎	0	
lỡ	𥖕	0	
lỡ	𫶴	0	
lỡi	礼	0	
lỡi	禮	0	
lỡm	览	0	
lỡm	覽	0	
lợ	卢	0	
lợ	慮	0	
lợ	盧	0	
lợi	利	0	
lợi	俐	0	
lợi	唎	0	
lợi	莉	0	
lợi	蛎	0	
lợi	蜊	0	
lợi	蠣	0	
lợi	𪘌	0	
lợm	滥	0	
lợm	㜮	0	
lợm	濫	0	
lợn	吝	0	
lợn	𤞼	0	
lợn	𬍆	0	
lợp	苙	0	
lợp	拉	0	
lợp	笠	0	
lợt	𤁕	0	
lụ	偻	0	
lụ	僂	0	
lụ	𦓉	0	
lụa	缕	0	
lụa	𫃵	0	
lụa	縷	0	
lụa	𫄄	0	
lụa	𫄉	0	
lụa	𫄎	0	
lục	六	0	
lục	𪦸	0	
lục	陆	0	
lục	录	0	
lục	陸	0	
lục	淥	0	
lục	绿	0	
lục	氯	0	
lục	碌	0	
lục	碌	0	
lục	僇	0	
lục	𥭼	0	
lục	綠	0	
lục	緑	0	
lục	戮	0	
lục	錄	0	
lục	磟	0	
lục	錄	0	
lục	録	0	
lục	䱚	0	
lục	籙	0	
lụi	𣑳	0	
lụi	𥟹	0	
lụi	㰁	0	
lụm	仑	0	
lụm	伦	0	
lụm	侖	0	
lụm	倫	0	
lụm	滥	0	
lụm	濫	0	
lụn	仑	0	
lụn	论	0	
lụn	侖	0	
lụn	𧛈	0	
lụn	論	0	
lụng	弄	0	
lụp	立	0	
lụp	立	0	
lụp	㡴	0	
lụp	笠	0	
lụp	雴	0	
lụt	六	0	
lụt	津	0	
lụt	湥	0	
lụt	𣹕	0	
lủ	娄	0	
lủ	婁	0	
lủ	屡	0	
lủ	褛	0	
lủ	屢	0	
lủ	褸	0	
lủi	累	0	
lủi	𨀤	0	
lủi	藞	0	
lủi	纍	0	
lủi	𨇒	0	
lủm	𡄁	0	
lủm	V+60101	0	
lủn	仑	0	
lủn	侖	0	
lủng	陇	0	
lủng	𨻫	0	
lủng	𥨋	0	
lủng	隴	0	
lứa	卢	0	
lứa	呂	0	
lứa	𪪏	0	
lứa	侶	0	
lứa	𡋿	0	
lứa	盧	0	
lức	𫦨	0	
lứng	朗	0	
lứng	𨄂	0	
lứt	栗	0	
lừ	卢	0	
lừ	虏	0	
lừ	闾	0	
lừ	𪽮	0	
lừ	𪾦	0	
lừ	虜	0	
lừ	閭	0	
lừ	盧	0	
lừ	矑	0	
lừ	籚	0	
lừa	驭	0	
lừa	𢗼	0	
lừa	𢫘	0	
lừa	𫊮	0	
lừa	馭	0	
lừa	馿	0	
lừa	骡	0	
lừa	𩢬	0	
lừa	𡃖	0	
lừa	攎	0	
lừa	嚧	0	
lừa	𬐸	0	
lừa	𢥈	0	
lừa	騾	0	
lừa	驢	0	
lừng	夌	0	
lừng	凌	0	
lừng	㖫	0	
lừng	𤊥	0	
lử	呂	0	
lử	𠢬	0	
lử	㔧	0	
lửa	呂	0	
lửa	焒	0	
lửng	朗	0	
lửng	𣼽	0	
lửng	𨅉	0	
lữ	吕	0	
lữ	呂	0	
lữ	侣	0	
lữ	侶	0	
lữ	𢙲	0	
lữ	旅	0	
lữ	㛎	0	
lữ	梠	0	
lữ	铝	0	
lữ	閭	0	
lữ	膂	0	
lữ	鋁	0	
lữa	呂	0	
lữa	侶	0	
lữa	焒	0	
lững	朗	0	
lững	𨀊	0	
lững	𣼽	0	
lững	𨄂	0	
lững	𨅉	0	
lự	胪	0	
lự	虑	0	
lự	滤	0	
lự	慮	0	
lự	㔧	0	
lự	濾	0	
lự	𢥈	0	
lự	穭	0	
lự	臚	0	
lựa	呂	0	
lựa	芦	0	
lựa	𢫘	0	
lựa	捛	0	
lựa	𢭸	0	
lựa	𠴊	0	
lựa	摅	0	
lựa	路	0	
lựa	𡃖	0	
lựa	攄	0	
lựa	攎	0	
lựa	蘆	0	
lực	力	0	
lựng	朗	0	
lựng	掠	0	
lựng	𩡜	0	
lựu	𠮩	0	
lựu	溜	0	
lựu	榴	0	
lựu	瘤	0	
lựu	橊	0	
lựu	霤	0	
lỵ	痢	0	
ma	么	0	
ma	妈	0	
ma	吗	0	
ma	麻	0	
ma	嗎	0	
ma	媽	0	
ma	慴	0	
ma	蔴	0	
ma	麽	0	
ma	𬍄	0	
ma	嘛	0	
ma	摩	0	
ma	磨	0	
ma	嬷	0	
ma	䁲	0	
ma	蘑	0	
ma	魔	0	
ma	V+60715	0	
mai	玫	0	
mai	枚	0	
mai	玟	0	
mai	埋	0	
mai	莓	0	
mai	梩	0	
mai	𠶣	0	
mai	梅	0	
mai	媒	0	
mai	𥓄	0	
mai	𣈕	0	
mai	𢲪	0	
mai	楳	0	
mai	煤	0	
mai	槑	0	
mai	𪰹	0	
mai	㜥	0	
mai	霉	0	
mai	𨨦	0	
mai	𫂚	0	
mai	霾	0	
mai	黴	0	
man	芒	0	
man	悗	0	
man	埋	0	
man	曼	0	
man	蛮	0	
man	谩	0	
man	𤡁	0	
man	𫣢	0	
man	漫	0	
man	蔓	0	
man	馒	0	
man	熳	0	
man	瞒	0	
man	颟	0	
man	瞞	0	
man	镘	0	
man	𬡯	0	
man	謾	0	
man	饅	0	
man	鳗	0	
man	鏝	0	
man	顢	0	
man	鰻	0	
man	蠻	0	
mang	邙	0	
mang	芒	0	
mang	忙	0	
mang	牤	0	
mang	杧	0	
mang	恾	0	
mang	𫼳	0	
mang	茫	0	
mang	𤞽	0	
mang	𦛿	0	
mang	釯	0	
mang	𥇀	0	
mang	𧋽	0	
mang	𧋻	0	
mang	𤛘	0	
mang	蟒	0	
manh	甿	0	
manh	氓	0	
manh	盲	0	
manh	虻	0	
manh	萌	0	
manh	蛮	0	
manh	甍	0	
manh	𥯋	0	
manh	蕄	0	
manh	瞑	0	
manh	蝱	0	
mao	毛	0	
mao	牦	0	
mao	茅	0	
mao	茆	0	
mao	𬐒	0	
mao	旄	0	
mao	酕	0	
mao	瑁	0	
mao	髦	0	
mao	氂	0	
mau	毛	0	
mau	牟	0	
mau	㕰	0	
mau	枚	0	
mau	速	0	
mau	䋃	0	
mau	𣭻	0	
mau	𫐿	0	
mau	𨖧	0	
mau	𫑋	0	
may	买	0	
may	枚	0	
may	幸	0	
may	𫥏	0	
may	埋	0	
may	𪝅	0	
may	𬂸	0	
may	𠶣	0	
may	𡮋	0	
may	買	0	
may	𫋿	0	
may	𧛉	0	
may	𦁼	0	
may	𫃷	0	
may	𦄆	0	
may	𢆨	0	
may	𢆧	0	
may	𩘄	0	
may	𢆪	0	
me	眉	0	
me	咩	0	
me	迷	0	
me	𠋥	0	
me	湄	0	
me	𤚤	0	
me	楣	0	
mem	𣼺	0	
men	绵	0	
men	綿	0	
men	𬧆	0	
men	𥽔	0	
men	𧅬	0	
men	𥾃	0	
meo	苗	0	
meo	猫	0	
mi	吀	0	
mi	眉	0	
mi	𠋥	0	
mi	湄	0	
mi	嵋	0	
mi	楣	0	
mi	镅	0	
mi	縻	0	
mi	糜	0	
mi	鎇	0	
mi	靡	0	
mi	鶥	0	
mi	劘	0	
mi	𧃲	0	
mi	蘼	0	
mi	䕷	0	
mi	醿	0	
min	绵	0	
min	綿	0	
min	㒙	0	
minh	明	0	
minh	鸣	0	
minh	茗	0	
minh	冥	0	
minh	铭	0	
minh	盟	0	
minh	𨠲	0	
minh	溟	0	
minh	酩	0	
minh	銘	0	
minh	鳴	0	
minh	暝	0	
minh	瞑	0	
minh	螟	0	
miên	纟	0	
miên	宀	0	
miên	糹	0	
miên	糸	0	
miên	沔	0	
miên	眠	0	
miên	绵	0	
miên	棉	0	
miên	閍	0	
miên	綿	0	
miên	摱	0	
miên	蝒	0	
miên	緜	0	
miên	㒙	0	
miêng	明	0	
miêu	苗	0	
miêu	猫	0	
miêu	喵	0	
miêu	描	0	
miêu	锚	0	
miêu	瞄	0	
miêu	鹋	0	
miêu	蝥	0	
miêu	貓	0	
miêu	錨	0	
miêu	𦏒	0	
miêu	鶓	0	
miêu	䕯	0	
miẩu	㕰	0	
miến	靣	0	
miến	面	0	
miến	湎	0	
miến	缅	0	
miến	緬	0	
miến	麪	0	
miến	糆	0	
miến	麺	0	
miến	麵	0	
miến	𭰫	0	
miếng	皿	0	
miếng	𠰳	0	
miếng	𠰘	0	
miếng	𠲶	0	
miếng	唤	0	
miếng	喚	0	
miếng	𠷦	0	
miếng	𨬋	0	
miết	蔑	0	
miết	瞥	0	
miết	篾	0	
miết	鳖	0	
miết	鱉	0	
miếu	庙	0	
miếu	眇	0	
miếu	𫮂	0	
miếu	廟	0	
miền	沔	0	
miền	𫦇	0	
miền	𨢻	0	
miều	𦏒	0	
miểng	𨬋	0	
miểu	杪	0	
miểu	秒	0	
miểu	渺	0	
miểu	淼	0	
miễn	免	0	
miễn	勉	0	
miễn	㛟	0	
miễn	缅	0	
miễn	𡞵	0	
miễn	緬	0	
miễn	鮸	0	
miễu	庙	0	
miễu	眇	0	
miễu	廟	0	
miện	丏	0	
miện	沔	0	
miện	眄	0	
miện	冕	0	
miện	湎	0	
miện	糆	0	
miệng	皿	0	
miệng	𠱄	0	
miệng	𠰘	0	
miệt	𡌀	0	
miệt	袜	0	
miệt	𨡊	0	
miệt	蔑	0	
miệt	篾	0	
miệt	櫗	0	
miệt	㩢	0	
miệt	襪	0	
miệt	𣋻	0	
miệt	䁾	0	
miệt	衊	0	
miệt	𤻻	0	
miệt	蠛	0	
miệt	韈	0	
miệt	𪇴	0	
mo	谟	0	
mo	模	0	
mo	謨	0	
mo	𥀳	0	
mo	𧄲	0	
mo	𥷺	0	
moi	枚	0	
moi	娒	0	
moi	梅	0	
moi	𫴱	0	
moi	𧋟	0	
mon	门	0	
mon	们	0	
mon	門	0	
mon	𬦢	0	
mon	們	0	
mon	菛	0	
mon	𤷱	0	
mong	梦	0	
mong	夢	0	
mong	蒙	0	
mong	䝉	0	
mong	懞	0	
mong	矇	0	
mong	𭞾	0	
moóc	𬇏	0	
mu	模	0	
mua	𢱖	0	
mua	谟	0	
mua	摸	0	
mua	模	0	
mua	謨	0	
mua	𧷸	0	
mua	𡃗	0	
mua	𢺀	0	
mui	枚	0	
mui	梅	0	
mui	𦩚	0	
mui	𥯍	0	
mui	𠿃	0	
mui	𥴘	0	
mun	椚	0	
mung	𥵿	0	
muá	姥	0	
muá	𢱖	0	
muá	摹	0	
muá	𢷵	0	
muôi	枚	0	
muôi	梅	0	
muôi	媒	0	
muôi	𬄪	0	
muôn	万	0	
muôn	𬮙	0	
muôn	𫔬	0	
muôn	萬	0	
muôn	閍	0	
muôn	𨷈	0	
muông	𪺿	0	
muông	𤡌	0	
muông	獴	0	
muối	每	0	
muối	𠳨	0	
muối	㙁	0	
muối	酶	0	
muối	𪉥	0	
muối	𫜈	0	
muối	𪉴	0	
muốn	𫹰	0	
muốn	闷	0	
muốn	𫺓	0	
muốn	悶	0	
muốn	㦖	0	
muốn	𬅳	0	
muống	梦	0	
muống	夢	0	
muống	蒙	0	
muống	𬞁	0	
muống	蕄	0	
muống	𡗐	0	
muống	𤮠	0	
muống	𧃶	0	
muống	𧅭	0	
muồi	味	0	
muồi	枚	0	
muồi	迷	0	
muồi	煤	0	
muồng	菛	0	
muồng	椚	0	
muồng	檬	0	
muổi	枚	0	
muổng	𨮵	0	
muổt	末	0	
muổt	沒	0	
muỗi	𧋟	0	
muỗm	檬	0	
muỗm	𨮵	0	
muỗng	𢳠	0	
muỗng	𨮵	0	
muỗng	𨮒	0	
muội	抺	0	
muội	妹	0	
muội	沬	0	
muội	昧	0	
muội	㶬	0	
muội	眛	0	
muộn	𡭜	0	
muộn	闷	0	
muộn	焖	0	
muộn	𡮉	0	
muộn	𡮆	0	
muộn	晚	0	
muộn	悶	0	
muộn	㦖	0	
muộn	燜	0	
muộn	懑	0	
muộn	懣	0	
mà	麻	0	
mà	𣻕	0	
mà	𢳀	0	
mà	罵	0	
mà	𦓡	0	
mài	眉	0	
mài	迷	0	
mài	埋	0	
mài	𥓄	0	
mài	𥓴	0	
mài	𪿥	0	
mài	𢲪	0	
mài	詸	0	
mài	𦷯	0	
mài	𥕄	0	
mài	磨	0	
màn	满	0	
màn	幔	0	
màn	滿	0	
màn	蔓	0	
màn	幪	0	
màng	芒	0	
màng	忙	0	
màng	恾	0	
màng	茫	0	
màng	𠴏	0	
màng	𦛿	0	
màng	𥇀	0	
màng	幔	0	
màng	𬁌	0	
màng	𣊍	0	
màng	𩓜	0	
mành	萌	0	
mành	艋	0	
mành	甍	0	
mành	𥯋	0	
mành	𢅆	0	
mành	𫄁	0	
mào	毛	0	
mào	牟	0	
mào	㧌	0	
mào	芼	0	
mào	𦙤	0	
mào	冒	0	
mào	𣭰	0	
mào	𬚱	0	
mào	𬚶	0	
mào	帽	0	
mào	毷	0	
mào	𩠔	0	
mào	𩿘	0	
màu	牟	0	
màu	味	0	
màu	𬜝	0	
mày	眉	0	
mày	迷	0	
mày	𣭒	0	
mày	𠋥	0	
mày	淐	0	
mày	𣮮	0	
mày	𪵟	0	
mày	𡮠	0	
mày	𫵇	0	
mày	𥻡	0	
má	妈	0	
má	傌	0	
má	媽	0	
má	𦟐	0	
má	𥡗	0	
má	䔍	0	
má	𦢷	0	
mác	莫	0	
mác	博	0	
mác	漠	0	
mác	鉳	0	
mác	𢨃	0	
mác	鏌	0	
mách	𠰌	0	
mách	𠼽	0	
mái	买	0	
mái	枚	0	
mái	梅	0	
mái	買	0	
mái	𠃅	0	
mái	㜥	0	
mái	𣛠	0	
mái	𡣧	0	
mái	𬄹	0	
mám	𢶹	0	
mám	𧤸	0	
mán	蛮	0	
mán	𫣢	0	
mán	蠻	0	
máng	漫	0	
máng	𢳠	0	
máng	𣙷	0	
mánh	茗	0	
mánh	萌	0	
mánh	𥯋	0	
máo	𠰭	0	
mát	𠖾	0	
mát	沫	0	
mát	𧉿	0	
mát	𫖼	0	
mát	𩗂	0	
máu	卯	0	
máu	泖	0	
máu	昴	0	
máu	𥁚	0	
máu	𧖱	0	
máu	𧖰	0	
máu	湈	0	
máy	𠇍	0	
máy	𢵯	0	
máy	𣛠	0	
máy	䁲	0	
mâm	盘	0	
mâm	𣙺	0	
mâm	盤	0	
mâm	䊟	0	
mâm	鎫	0	
mâm	𥃑	0	
mâm	𨮍	0	
mâm	𥃚	0	
mâm	𥃛	0	
mâm	𪾝	0	
mân	旻	0	
mân	玟	0	
mân	抿	0	
mân	玫	0	
mân	珉	0	
mân	闽	0	
mân	蚊	0	
mân	䋋	0	
mân	缗	0	
mân	緍	0	
mân	閩	0	
mân	緡	0	
mân	𢺳	0	
mâng	𤶼	0	
mâu	矛	0	
mâu	牟	0	
mâu	侔	0	
mâu	哞	0	
mâu	眸	0	
mâu	蛑	0	
mâu	蟊	0	
mây	迷	0	
mây	𫡮	0	
mây	梅	0	
mây	𨗠	0	
mây	𫂗	0	
mây	𩄲	0	
mây	𩅹	0	
mây	𥷻	0	
mây	𮈵	0	
mã	马	0	
mã	犸	0	
mã	吀	0	
mã	玛	0	
mã	码	0	
mã	咩	0	
mã	蚂	0	
mã	馬	0	
mã	獁	0	
mã	媽	0	
mã	瑪	0	
mã	碼	0	
mã	𦄀	0	
mã	螞	0	
mã	𫘖	0	
mãi	买	0	
mãi	荬	0	
mãi	買	0	
mãi	𫡠	0	
mãi	蕒	0	
mãn	满	0	
mãn	滿	0	
mãn	𤡁	0	
mãn	螨	0	
mãn	蟎	0	
mãng	杧	0	
mãng	莽	0	
mãng	蟒	0	
mãnh	皿	0	
mãnh	黾	0	
mãnh	莬	0	
mãnh	猛	0	
mãnh	黽	0	
mãnh	艋	0	
mãnh	蜢	0	
mãnh	錳	0	
mãnh	𫙍	0	
mãnh	V+603C9	0	
mão	卯	0	
mão	泖	0	
mão	昴	0	
mão	铆	0	
mão	帽	0	
mão	鉚	0	
mãy	买	0	
mãy	買	0	
mè	米	0	
mè	眉	0	
mè	楣	0	
mè	𥻡	0	
mè	䱊	0	
mè	𩹪	0	
mè	𩺍	0	
mèm	𣼺	0	
mèm	𠻦	0	
mèn	𧓭	0	
mèng	𬠫	0	
mèo	猫	0	
mèo	貓	0	
mé	𠩕	0	
mé	美	0	
mé	𠸍	0	
mé	𠃅	0	
mé	𫎚	0	
méc	陌	0	
méc	𠼽	0	
mém	免	0	
mém	贬	0	
mém	貶	0	
mén	缅	0	
mén	緬	0	
méo	卯	0	
méo	𠰭	0	
méo	庙	0	
méo	𠶦	0	
méo	𬆆	0	
méo	廟	0	
mép	𠰏	0	
mép	法	0	
mép	𠲵	0	
mép	唼	0	
mép	𠵐	0	
mép	𠵽	0	
mép	𦝌	0	
mét	𠼽	0	
mét	衊	0	
mê	迷	0	
mê	詸	0	
mê	瞇	0	
mê	𣗌	0	
mê	醚	0	
mê	謎	0	
mê	麋	0	
mên	绵	0	
mên	綿	0	
mênh	明	0	
mênh	冥	0	
mênh	𣷠	0	
mênh	溟	0	
mênh	𫸏	0	
mì	眉	0	
mì	麪	0	
mì	麺	0	
mì	𫗗	0	
mì	麵	0	
mìa	媚	0	
mìn	绵	0	
mìn	𪦓	0	
mìn	綿	0	
mìn	𡡆	0	
mình	名	0	
mình	𠇮	0	
mình	命	0	
mình	𠵴	0	
mình	𨉓	0	
mình	𨉟	0	
mí	眉	0	
mí	𦝺	0	
mí	𥈢	0	
mí	睸	0	
mía	𣖙	0	
mích	觅	0	
mích	覓	0	
mích	覔	0	
mím	嘜	0	
mím	𠻦	0	
mím	𪢃	0	
mính	茗	0	
mính	酩	0	
míp	𦚖	0	
mít	蔑	0	
mít	櫗	0	
mò	𤇦	0	
mò	𢱖	0	
mò	摸	0	
mò	暮	0	
mò	摹	0	
mò	䗋	0	
mò	蟆	0	
mò	𫾕	0	
mò	𤂨	0	
mò	𢺀	0	
mòi	枚	0	
mòi	𠳨	0	
mòi	𠶣	0	
mòi	䱕	0	
mòi	𩸳	0	
mòm	𥊙	0	
mòn	𤷱	0	
mòng	梦	0	
mòng	夢	0	
mòng	蒙	0	
mòng	濛	0	
mòng	𪩨	0	
mòng	蠓	0	
mòng	鸏	0	
mòng	䴌	0	
mó	某	0	
mó	𢱖	0	
mó	𢱓	0	
mó	𪮍	0	
mó	摸	0	
mó	䮴	0	
móc	木	0	
móc	沐	0	
móc	𢪮	0	
móc	𠣛	0	
móc	㭉	0	
móc	莯	0	
móc	雬	0	
móc	鈢	0	
móc	霂	0	
mói	𢪛	0	
mói	枚	0	
mói	挴	0	
mói	梅	0	
mói	𢱖	0	
mói	𢵹	0	
mói	鋂	0	
móm	𠻦	0	
món	门	0	
món	们	0	
món	門	0	
món	們	0	
món	菛	0	
món	𦁺	0	
móng	梦	0	
móng	夢	0	
móng	幪	0	
móng	𡒯	0	
móng	𤔾	0	
móng	𤔻	0	
móng	𤘂	0	
móng	𤔽	0	
móng	𤘁	0	
móng	矇	0	
móng	蠓	0	
móng	𨮵	0	
móng	𧅭	0	
móp	𦚖	0	
móp	𢴓	0	
mót	𫽑	0	
mót	𬖫	0	
mót	懱	0	
mót	㩢	0	
mô	么	0	
mô	无	0	
mô	某	0	
mô	𢱖	0	
mô	谟	0	
mô	無	0	
mô	摸	0	
mô	馍	0	
mô	墓	0	
mô	模	0	
mô	摹	0	
mô	膜	0	
mô	麽	0	
mô	蟆	0	
mô	橅	0	
mô	謨	0	
mô	饃	0	
mô	饝	0	
môc	𬅧	0	
môi	每	0	
môi	枚	0	
môi	莓	0	
môi	㙁	0	
môi	𠶣	0	
môi	梅	0	
môi	媒	0	
môi	湈	0	
môi	㖼	0	
môi	𦲲	0	
môi	腜	0	
môi	𧋟	0	
môi	煤	0	
môi	楳	0	
môi	酶	0	
môi	鋂	0	
môi	𠿃	0	
môi	䱕	0	
môm	檬	0	
môn	门	0	
môn	们	0	
môn	扪	0	
môn	門	0	
môn	钔	0	
môn	們	0	
môn	菛	0	
môn	捫	0	
môn	鍆	0	
mông	虻	0	
mông	䝉	0	
mông	蒙	0	
mông	夢	0	
mông	蝱	0	
mông	幪	0	
mông	懞	0	
mông	濛	0	
mông	獴	0	
mông	檬	0	
mông	朦	0	
mông	曚	0	
mông	矇	0	
mông	艨	0	
mông	蠓	0	
mông	𦆟	0	
mông	靀	0	
mõ	某	0	
mõ	楳	0	
mõ	𫂋	0	
mõm	𠳨	0	
mõm	𤎑	0	
mõm	𡂅	0	
mù	戊	0	
mù	眓	0	
mù	𪾤	0	
mù	𫡪	0	
mù	𩂟	0	
mù	雾	0	
mù	模	0	
mù	瞙	0	
mù	𥊦	0	
mù	霧	0	
mù	𩹮	0	
mù	𩇅	0	
mùa	务	0	
mùa	𪫆	0	
mùa	務	0	
mùa	𬁒	0	
mùa	𫯊	0	
mùi	未	0	
mùi	味	0	
mùi	苿	0	
mùi	瑁	0	
mùn	𡍜	0	
mùn	椚	0	
mùng	梦	0	
mùng	夢	0	
mùng	幪	0	
mùng	曚	0	
mùng	𦆟	0	
mùng	𧅭	0	
mú	𩹮	0	
múa	姥	0	
múa	務	0	
múa	媒	0	
múa	𢱖	0	
múa	𢱓	0	
múa	𪮍	0	
múa	摹	0	
múa	舞	0	
múa	𢷵	0	
múa	𦨂	0	
múc	沐	0	
múc	𢪷	0	
múc	𢬐	0	
múi	每	0	
múi	𤗆	0	
múi	脢	0	
múi	梅	0	
múi	𧋟	0	
múi	䋦	0	
múp	柉	0	
mút	蔑	0	
mút	𡃙	0	
mút	嚜	0	
măn	𪮳	0	
măn	𢺳	0	
măng	忙	0	
măng	笀	0	
măng	𣒣	0	
măng	𥭎	0	
măng	𦀴	0	
măng	𥭶	0	
măng	𩷶	0	
măng	𬕼	0	
mĩ	美	0	
mĩ	渼	0	
mĩ	媄	0	
mĩ	媚	0	
mĩ	𠸍	0	
mĩ	镁	0	
mĩ	鎂	0	
mĩ	靡	0	
mĩm	𠲶	0	
mũ	某	0	
mũ	帽	0	
mũ	𢃱	0	
mũi	每	0	
mũi	㙁	0	
mũi	镅	0	
mũi	鋂	0	
mũi	鎇	0	
mũi	𪖫	0	
mũi	𪖬	0	
mũm	𦟣	0	
mơ	枚	0	
mơ	眉	0	
mơ	迷	0	
mơ	梅	0	
mơ	麻	0	
mơ	楣	0	
mơ	瞇	0	
mơ	𢠩	0	
mơ	𦟟	0	
mơ	𤎎	0	
mơ	𣙪	0	
mơ	𣊍	0	
mơ	𥊚	0	
mơ	𧫼	0	
mơi	𠶣	0	
mơn	蔓	0	
mơn	暪	0	
mơn	蠻	0	
mưa	某	0	
mưa	湄	0	
mưa	𩄎	0	
mưa	𩅹	0	
mưng	芒	0	
mưng	冥	0	
mưng	𤶼	0	
mưu	毋	0	
mưu	牟	0	
mưu	谋	0	
mưu	㖼	0	
mưu	謀	0	
mươi	𨑮	0	
mươi	𨒒	0	
mươi	𠦩	0	
mươi	𫡭	0	
mươi	𪜚	0	
mương	邙	0	
mương	茫	0	
mương	𤃞	0	
mướn	𫹗	0	
mướn	僈	0	
mướn	摱	0	
mướn	𠼦	0	
mướn	槾	0	
mướn	𢩤	0	
mướp	柉	0	
mướp	𤝑	0	
mướp	𦲾	0	
mướt	𠖾	0	
mướt	沫	0	
mướt	𣹕	0	
mướu	买	0	
mướu	買	0	
mười	辻	0	
mười	迈	0	
mười	𨑮	0	
mười	𨒒	0	
mười	枚	0	
mười	邁	0	
mường	芒	0	
mường	忙	0	
mường	恾	0	
mường	𠴏	0	
mường	𤞽	0	
mường	𡙧	0	
mưỡu	庙	0	
mưỡu	廟	0	
mưỡu	𬳙	0	
mưỡu	𫗻	0	
mượn	曼	0	
mượn	摱	0	
mượn	慢	0	
mượn	𢳁	0	
mượn	漫	0	
mượn	𠼦	0	
mượn	縵	0	
mượt	末	0	
mượt	沫	0	
mượt	𬗱	0	
mạ	妈	0	
mạ	吗	0	
mạ	骂	0	
mạ	傌	0	
mạ	嗎	0	
mạ	媽	0	
mạ	榪	0	
mạ	𥡗	0	
mạ	罵	0	
mạ	駡	0	
mạ	𥢂	0	
mạ	鎷	0	
mạ	𨬈	0	
mạ	𣟭	0	
mạ	𫓟	0	
mạc	莫	0	
mạc	幕	0	
mạc	漠	0	
mạc	摸	0	
mạc	模	0	
mạc	瘼	0	
mạc	貘	0	
mạc	邈	0	
mạc	鏌	0	
mạch	麦	0	
mạch	觅	0	
mạch	陌	0	
mạch	脉	0	
mạch	脈	0	
mạch	麥	0	
mạch	覓	0	
mạch	眽	0	
mạch	覔	0	
mạch	衇	0	
mạch	貉	0	
mạch	貊	0	
mạch	霡	0	
mạch	驀	0	
mại	万	0	
mại	劢	0	
mại	迈	0	
mại	卖	0	
mại	萬	0	
mại	勱	0	
mại	邁	0	
mại	賣	0	
mại	蠆	0	
mại	𫙽	0	
mạn	曼	0	
mạn	偭	0	
mạn	谩	0	
mạn	僈	0	
mạn	幔	0	
mạn	嫚	0	
mạn	摱	0	
mạn	慢	0	
mạn	墁	0	
mạn	漫	0	
mạn	蔓	0	
mạn	槾	0	
mạn	𫇞	0	
mạn	謾	0	
mạng	𠇮	0	
mạng	命	0	
mạng	𦛿	0	
mạng	𦀴	0	
mạng	𦁸	0	
mạng	幔	0	
mạnh	孟	0	
mạnh	命	0	
mạnh	猛	0	
mạo	皃	0	
mạo	芼	0	
mạo	眊	0	
mạo	冒	0	
mạo	耄	0	
mạo	帽	0	
mạo	媢	0	
mạo	瑁	0	
mạo	貌	0	
mạp	乏	0	
mạp	䏜	0	
mạp	𦚖	0	
mạt	末	0	
mạt	𠰌	0	
mạt	𡊉	0	
mạt	沫	0	
mạt	茉	0	
mạt	抹	0	
mạt	眜	0	
mạt	秣	0	
mạt	𧉿	0	
mạt	蔑	0	
mạt	蠛	0	
mạy	買	0	
mạy	𣖙	0	
mạy	𣛠	0	
mả	妈	0	
mả	媽	0	
mả	𡏢	0	
mả	𬳨	0	
mải	买	0	
mải	卖	0	
mải	買	0	
mải	賣	0	
mải	𬏽	0	
mảng	皿	0	
mảng	忙	0	
mảng	莽	0	
mảng	满	0	
mảng	滿	0	
mảng	𥮎	0	
mảng	𠻵	0	
mảnh	皿	0	
mảnh	孟	0	
mảnh	萌	0	
mảnh	景	0	
mảnh	𤗖	0	
mảnh	𥯋	0	
mảnh	𥕊	0	
mảu	茂	0	
mảy	买	0	
mảy	𡮔	0	
mảy	買	0	
mảy	𣖙	0	
mảy	𡮨	0	
mảy	𡮳	0	
mấm	𥢄	0	
mấn	缗	0	
mấn	𢄯	0	
mấn	緍	0	
mấn	緡	0	
mấn	鬂	0	
mấp	乏	0	
mấp	抸	0	
mấp	柉	0	
mấp	𠸾	0	
mất	末	0	
mất	𬆞	0	
mất	𠅐	0	
mất	𠅒	0	
mất	𠅎	0	
mất	𠅍	0	
mất	突	0	
mất	𬇮	0	
mất	𡘮	0	
mất	秩	0	
mất	密	0	
mất	𪶟	0	
mất	𠅼	0	
mất	蜜	0	
mấu	戊	0	
mấu	矛	0	
mấu	𥭏	0	
mấy	贝	0	
mấy	买	0	
mấy	𠇍	0	
mấy	貝	0	
mấy	免	0	
mấy	某	0	
mấy	買	0	
mấy	𫣿	0	
mấy		0	
mấư	买	0	
mấư	買	0	
mầm	𦹰	0	
mầm	𣙺	0	
mầm	𪴉	0	
mần	门	0	
mần	門	0	
mần	珉	0	
mần	缗	0	
mần	琘	0	
mần	𪡯	0	
mần	緍	0	
mần	摱	0	
mần	緡	0	
mầu	牟	0	
mầu	侔	0	
mầu	𬏡	0	
mầu	𢃱	0	
mầy	眉	0	
mầư	𠋥	0	
mẩm	𢠧	0	
mẩn	敏	0	
mẩn	𢠨	0	
mẩng	𢜠	0	
mẩu	亩	0	
mẩu	畝	0	
mẩy	𫋿	0	
mẩy	𪹏	0	
mẩy	𦝺	0	
mẩy	𨊋	0	
mẫm	𦟨	0	
mẫm	鎫	0	
mẫn	泯	0	
mẫn	悯	0	
mẫn	敏	0	
mẫn	愍	0	
mẫn	憫	0	
mẫn	鰵	0	
mẫu	卯	0	
mẫu	母	0	
mẫu	亩	0	
mẫu	牡	0	
mẫu	姆	0	
mẫu	拇	0	
mẫu	畝	0	
mẫu	𤙩	0	
mậm	𣙺	0	
mận	槾	0	
mận	𪴏	0	
mập	乏	0	
mập	䏜	0	
mập	𥄫	0	
mập	𦚖	0	
mập	𩶟	0	
mật	宓	0	
mật	密	0	
mật	谧	0	
mật	蜜	0	
mật	𦟽	0	
mật	𬖵	0	
mật	謐	0	
mật	𦢉	0	
mậu	冇	0	
mậu	戊	0	
mậu	茂	0	
mậu	荗	0	
mậu	贸	0	
mậu	袤	0	
mậu	貿	0	
mậu	楙	0	
mậu	谬	0	
mậu	缪	0	
mậu	瞀	0	
mậu	懋	0	
mậu	繆	0	
mậu	謬	0	
mắc	𪐝	0	
mắc	黓	0	
mắc	縸	0	
mắc	默	0	
mắc	𦄿	0	
mắc	𢹇	0	
mắc	𫄓	0	
mắm	𩷠	0	
mắm	𫑾	0	
mắm	𩻐	0	
mắm	𬸴	0	
mắm	𪊅	0	
mắn	敏	0	
mắn	𠽊	0	
mắn	慢	0	
mắn	𢟨	0	
mắn	慜	0	
mắn	𪪉	0	
mắng	吗	0	
mắng	忟	0	
mắng	骂	0	
mắng	嗎	0	
mắng	𠻵	0	
mắng	𠼦	0	
mắng	噒	0	
mắng	罵	0	
mắng	駡	0	
mắt	末	0	
mắt	𬑉	0	
mắt	眜	0	
mắt	𥉴	0	
mắt	𪾺	0	
mằn	摱	0	
mằn	漫	0	
mằn	𫽺	0	
mằn	𪮳	0	
mằn	𪉽	0	
mằn	𢺳	0	
mẳn	漫	0	
mẳn	䊟	0	
mẳn	𥼖	0	
mặc	𬉵	0	
mặc	袙	0	
mặc	黙	0	
mặc	墨	0	
mặc	默	0	
mặc	嚜	0	
mặc	𬡶	0	
mặc	𧞾	0	
mặc	䘃	0	
mặm	𩷠	0	
mặm	𩻐	0	
mặn	敏	0	
mặn	慢	0	
mặn	墁	0	
mặn	漫	0	
mặn	𠼦	0	
mặn	𨗮	0	
mặn	𨢥	0	
mặn	𪉾	0	
mặn	𪉽	0	
mặng	𪴞	0	
mặp	乏	0	
mặt	末	0	
mặt	牧	0	
mặt	密	0	
mặt	𩈘	0	
mặt	𬰠	0	
mặt	𫖀	0	
mặt	𫆴	0	
mặt	𬰢	0	
mẹ	母	0	
mẹ	妈	0	
mẹ	媄	0	
mẹ	媽	0	
mẹo	卯	0	
mẹo	冒	0	
mẹo	𫰸	0	
mẹo	𠶦	0	
mẹo	𬣌	0	
mẹp	泛	0	
mẹt	𥬎	0	
mẹt	篾	0	
mẻ	𫰤	0	
mẻ	美	0	
mẻ	𠝫	0	
mẻ	𢱒	0	
mẻ	渼	0	
mẻ	𠸍	0	
mẻ	𡎤	0	
mẻ	𬒙	0	
mẻ	𥻙	0	
mẻ	𫖿	0	
mẻ	𥖺	0	
mẻo	卯	0	
mẽ	玛	0	
mẽ	美	0	
mẽ	𠸍	0	
mẽ	瑪	0	
mẽ	𩴬	0	
mế	迷	0	
mếch	𠼽	0	
mến	𢗔	0	
mến	免	0	
mến	勉	0	
mến	悗	0	
mến	𢚽	0	
mến	唤	0	
mến	喚	0	
mến	𨢼	0	
mết	末	0	
mếu	苗	0	
mếu	𠶦	0	
mếu	喵	0	
mếu	𬈢	0	
mếu	𬉙	0	
mếu	𫬣	0	
mề	𣎊	0	
mề	𦟂	0	
mề	𫆿	0	
mềm	𥎁	0	
mềm	𩞝	0	
mềm	𣟮	0	
mềm	𣠳	0	
mền	绵	0	
mền	𧚭	0	
mền	綿	0	
mền	𢅧	0	
mền	𬡴	0	
mể	𫆭	0	
mễ	米	0	
mễ	咪	0	
mễ	敉	0	
mễ	眯	0	
mễ	瞇	0	
mễ	䱊	0	
mễm	免	0	
mễn	勉	0	
mệ	媄	0	
mệnh	𠇮	0	
mệnh	命	0	
mệt	末	0	
mệt	疲	0	
mệt	累	0	
mệt	𬏱	0	
mệt	蔑	0	
mệt	𫉼	0	
mệt	𤻻	0	
mệt	纍	0	
mỉ	美	0	
mỉ	𬘅	0	
mỉa	吗	0	
mỉa	𠸍	0	
mỉa	嗎	0	
mỉa	𡀍	0	
mỉm	𠲶	0	
mỉm	嘜	0	
mỉm	𠽊	0	
mỉm	𠻦	0	
mỉnh	酩	0	
mỉnh	𨠲	0	
mị	芈	0	
mị	羋	0	
mị	猕	0	
mị	媚	0	
mị	鬽	0	
mị	寐	0	
mị	𣖙	0	
mị	魅	0	
mị	睸	0	
mị	霉	0	
mị	嚜	0	
mị	靡	0	
mị	獼	0	
mị	黴	0	
mịch	冖	0	
mịch	纟	0	
mịch	糹	0	
mịch	糸	0	
mịch	汨	0	
mịch	觅	0	
mịch	覓	0	
mịch	覔	0	
mịch	幂	0	
mịch	寞	0	
mịch	冪	0	
mịn	皿	0	
mịn	勉	0	
mịn	冕	0	
mịnh	命	0	
mịt	𬯹	0	
mịt	櫗	0	
mịt	𣋻	0	
mịt	䁾	0	
mịt	𩆪	0	
mọ	摸	0	
mọ	模	0	
mọc	木	0	
mọc	目	0	
mọc	沐	0	
mọc	㕲	0	
mọc	𦙣	0	
mọc	𬎳	0	
mọc	𠚐	0	
mọi	毎	0	
mọi	每	0	
mọi	𤞦	0	
mọi	𬠱	0	
mọi	𧖦	0	
mọn	𡭜	0	
mọn	闷	0	
mọn	𡮉	0	
mọn	𡮆	0	
mọn	𨳒	0	
mọn	㥃	0	
mọn	悶	0	
mọn	𫵈	0	
mọn	𡮬	0	
mọn	㦖	0	
mọn	𡮮	0	
mọn	𬠬	0	
mọng	梦	0	
mọng	夢	0	
mọng	夣	0	
mọng	濛	0	
mọng	𭲿	0	
mọp	䏜	0	
mọp	𦚖	0	
mọp	𨅂	0	
mọt	沒	0	
mọt	𧋶	0	
mọt	蠛	0	
mỏ	某	0	
mỏ	𡎡	0	
mỏ	㖼	0	
mỏ	𡮘	0	
mỏ	𪤘	0	
mỏ	𫄼	0	
mỏ	𨪀	0	
mỏi	每	0	
mỏi	某	0	
mỏi	䀲	0	
mỏi	痗	0	
mỏi	𢵹	0	
mỏm	𡼇	0	
mỏm	檬	0	
mỏn	门	0	
mỏn	門	0	
mỏng	蒙	0	
mỏng	𤺯	0	
mỏng	𤘁	0	
mỏng	𡮹	0	
mỏng	𤾬	0	
mốc	木	0	
mốc	沐	0	
mốc	𡉿	0	
mốc	𦙣	0	
mối	每	0	
mối	媒	0	
mối	䋦	0	
mối	𧋟	0	
mối	䱕	0	
mống	梦	0	
mống	𦴋	0	
mống	夢	0	
mống	霓	0	
mống	䑅	0	
mống	蠓	0	
mống	𬠳	0	
mống	靀	0	
mống	𩆠	0	
mống	𠓔	0	
mống	𩆬	0	
mống	𬰖	0	
mốt	没	0	
mốt	沒	0	
mốt	蔑	0	
mốt	𣋻	0	
mồ	戊	0	
mồ	牟	0	
mồ	炐	0	
mồ	𣳡	0	
mồ	𤇦	0	
mồ	菩	0	
mồ	蒲	0	
mồ	墓	0	
mồ	慕	0	
mồ	𫮲	0	
mồ	𤑮	0	
mồi	枚	0	
mồi	味	0	
mồi	某	0	
mồi	烸	0	
mồi	𠶣	0	
mồi	媒	0	
mồi	㖼	0	
mồi	喟	0	
mồi	瑁	0	
mồi	䋦	0	
mồi	𠻽	0	
mồi	𩛸	0	
mồi	𠿃	0	
mồi	蝐	0	
mồi	蝟	0	
mồi	𩜫	0	
mồi	𩝇	0	
mồi	𬲞	0	
mồm	𫩖	0	
mồm	𠵘	0	
mồm	𠻦	0	
mồn	𠬠	0	
mồng	梦	0	
mồng	夢	0	
mồng	夣	0	
mồng	曚	0	
mồng	朦	0	
mồng	𬁜	0	
mồng	𠖨	0	
mổ	某	0	
mổ	剖	0	
mổ	𠝼	0	
mổ	𠝺	0	
mổ	㖼	0	
mỗ	某	0	
mỗ	姥	0	
mỗ	𪲣	0	
mỗi	每	0	
mỗi	挴	0	
mỗi	浼	0	
mỗng	矇	0	
mộ	募	0	
mộ	墓	0	
mộ	暮	0	
mộ	慕	0	
mộ	縸	0	
mộc	木	0	
mộc	沐	0	
mộc	霂	0	
mội	昧	0	
mội	莓	0	
mội	痗	0	
mội	瑁	0	
mộng	梦	0	
mộng	𦴋	0	
mộng	夢	0	
mộng	夣	0	
mộng	瞢	0	
mộng	䑅	0	
mộng	懵	0	
mộng	𣟃	0	
mộng	𨮒	0	
mộng	鸏	0	
một	𠬠	0	
một	没	0	
một	沒	0	
một	殁	0	
một	蔑	0	
mớ	吗	0	
mớ	𢲫	0	
mớ	嗎	0	
mớ	榪	0	
mớ	𧜗	0	
mớ	𣜋	0	
mới	贝	0	
mới	买	0	
mới	貝	0	
mới	某	0	
mới	買	0	
mới	㵋	0	
mới	𡤔	0	
mới	𪦲	0	
mới	𡤓	0	
mới	𬔫	0	
mớm	𠰏	0	
mớm	𠻦	0	
mớm	𡂇	0	
mớn	满	0	
mớn	滿	0	
mớn	漫	0	
mớn	蔓	0	
mờ	𢠩	0	
mờ	𦟟	0	
mờ	𣊍	0	
mờ	𤎎	0	
mờ	𥊚	0	
mời	迈	0	
mời	𨑮	0	
mời	𨒒	0	
mời	𠶆	0	
mời	𫐹	0	
mời	𠸼	0	
mời	邁	0	
mời	𫬱	0	
mờn	𩯮	0	
mở	马	0	
mở	吗	0	
mở	馬	0	
mở	𨸈	0	
mở	𢲫	0	
mở	嗎	0	
mở	𬮎	0	
mở	𫘑	0	
mở	𨷑	0	
mở	𩦓	0	
mởn	满	0	
mởn	滿	0	
mởn	𠽊	0	
mởn	蔓	0	
mởn	𤾯	0	
mỡ	吗	0	
mỡ	渼	0	
mỡ	嗎	0	
mỡ	𦟖	0	
mỡ	𦟐	0	
mợ	妈	0	
mợ	媽	0	
mợ	𫲍	0	
mợ	𫲎	0	
mợi	卖	0	
mợi	賣	0	
mụ	戊	0	
mụ	妈	0	
mụ	姥	0	
mụ	𠋦	0	
mụ	媒	0	
mụ	媽	0	
mục	木	0	
mục	目	0	
mục	苜	0	
mục	牧	0	
mục	钼	0	
mục	䀲	0	
mục	鉬	0	
mục	睦	0	
mục	穆	0	
mục	𭬙	0	
mụn	闷	0	
mụn	悶	0	
mụn	𦝋	0	
mụn	𬛗	0	
mụn	𤺯	0	
mụp	𦚖	0	
mụt	目	0	
mụt	荸	0	
mụt	𤶽	0	
mụt	𬏱	0	
mụt	𫂀	0	
mụt	𫆲	0	
mủ	湈	0	
mủ	𧗅	0	
mủi	每	0	
mủi	𢙽	0	
mủi	悔	0	
mủi	𪬶	0	
mủn	钔	0	
mủn	鍆	0	
mủng	𫂝	0	
mủng	矇	0	
mủng	𥶃	0	
mủt	沒	0	
mứa	马	0	
mứa	吗	0	
mứa	馬	0	
mứa	嗎	0	
mức	墨	0	
mức	𣞪	0	
mứt	蜜	0	
mừ	𪎚	0	
mừa	𪫆	0	
mừa	湄	0	
mừng	明	0	
mừng	𢜠	0	
mừng	𢜏	0	
mừng	𪢣	0	
mửa	吗	0	
mửa	嗎	0	
mự	彐	0	
mự	馹	0	
mựa	马	0	
mựa	吗	0	
mựa	骂	0	
mựa	馬	0	
mựa	嗎	0	
mựa	罵	0	
mựa	駡	0	
mực	墨	0	
mực	䘃	0	
na	那	0	
na	哪	0	
na	挪	0	
na	南	0	
na	娜	0	
na	䏧	0	
na	梛	0	
na	𦰡	0	
na	𪿣	0	
na	儺	0	
nach	膈	0	
nai	抳	0	
nai	坭	0	
nai	狔	0	
nai	𬸼	0	
nam	男	0	
nam	抩	0	
nam	枏	0	
nam	南	0	
nam	柟	0	
nam	湳	0	
nam	喃	0	
nam	楠	0	
nan	难	0	
nan	難	0	
nan	𥸁	0	
nan	䕼	0	
nang	𪹰	0	
nang	囊	0	
nang	囔	0	
nang	攮	0	
nang	齉	0	
nanh	狞	0	
nanh	𤡛	0	
nanh	𪺖	0	
nanh	獰	0	
nanh	𤘓	0	
nanh	𧰗	0	
nanh	𫜧	0	
nao	牢	0	
nao	怓	0	
nao	呶	0	
nao	孬	0	
nao	铙	0	
nao	猱	0	
nao	㝹	0	
nao	鬧	0	
nao	嶩	0	
nao	鐃	0	
nau	㝹	0	
nau	𣈰	0	
nau	耨	0	
nay	尼	0	
nay	𫢩	0	
nay	𠉞	0	
naị	耐	0	
ne	尒	0	
ne	尔	0	
ne	𪭧	0	
ne	泥	0	
ne	爾	0	
nem	腩	0	
nem	𦟗	0	
nem	𬛈	0	
nem	𦟶	0	
nem	𬍍	0	
nen	𢬧	0	
nen	𣑻	0	
nen	𦮴	0	
nen	揇	0	
neo	㧅	0	
neo	𢬢	0	
neo	𪲍	0	
neo	𣘽	0	
nga	牙	0	
nga	玡	0	
nga	呵	0	
nga	俄	0	
nga	莪	0	
nga	饿	0	
nga	哦	0	
nga	娥	0	
nga	峨	0	
nga	鹅	0	
nga	锇	0	
nga	蛾	0	
nga	餓	0	
nga	鋨	0	
nga	鵝	0	
ngai	呆	0	
ngai	凯	0	
ngai	皑	0	
ngai	凱	0	
ngai	獃	0	
ngai	皚	0	
ngan	岸	0	
ngan	狺	0	
ngan	𫛩	0	
ngan	鴳	0	
ngan	𪃛	0	
ngan	𪇩	0	
ngang	卬	0	
ngang	昂	0	
ngao	哓	0	
ngao	敖	0	
ngao	厫	0	
ngao	傲	0	
ngao	廒	0	
ngao	遨	0	
ngao	嗷	0	
ngao	熬	0	
ngao	獒	0	
ngao	㺗	0	
ngao	嘵	0	
ngao	聱	0	
ngao	螯	0	
ngao	𧑃	0	
ngao	爊	0	
ngao	鰲	0	
ngau	𠽀	0	
ngau	𡂮	0	
ngay	宜	0	
ngay	𣦍	0	
ngay	𬆄	0	
nghe	宜	0	
nghe	𠵌	0	
nghe	𦖑	0	
nghe	儀	0	
nghi	𪟽	0	
nghi	仪	0	
nghi	宜	0	
nghi	𡹠	0	
nghi	疑	0	
nghi	儀	0	
nghi	霓	0	
nghi	𩼨	0	
nghinh	迎	0	
nghiêm	严	0	
nghiêm	嚴	0	
nghiên	妍	0	
nghiên	砚	0	
nghiên	研	0	
nghiên	姸	0	
nghiên	硏	0	
nghiên	硯	0	
nghiên	㗴	0	
nghiêng	迎	0	
nghiêu	尧	0	
nghiêu	堯	0	
nghiêu	跷	0	
nghiêu	嶢	0	
nghiêu	磽	0	
nghiêu	蹻	0	
nghiêu	蹺	0	
nghiêu	鱙	0	
nghiến	见	0	
nghiến	見	0	
nghiến	哏	0	
nghiến	哯	0	
nghiến	喭	0	
nghiến	𧢟	0	
nghiến	㘙	0	
nghiền	研	0	
nghiền	砚	0	
nghiền	硯	0	
nghiễm	广	0	
nghiễm	俨	0	
nghiễm	噞	0	
nghiễm	儼	0	
nghiễn	岘	0	
nghiễn	砚	0	
nghiễn	峴	0	
nghiễn	唁	0	
nghiễn	趼	0	
nghiễn	硯	0	
nghiệm	验	0	
nghiệm	騐	0	
nghiệm	驗	0	
nghiện	研	0	
nghiện	咠	0	
nghiện	喭	0	
nghiện	𢞆	0	
nghiện	𨁍	0	
nghiện	谳	0	
nghiện	𬪮	0	
nghiện	讞	0	
nghiệp	业	0	
nghiệp	業	0	
nghiệt	歹	0	
nghiệt	𠯪	0	
nghiệt	𠰙	0	
nghiệt	臬	0	
nghiệt	棿	0	
nghiệt	孽	0	
nghiệt	蘖	0	
nghách	𠸺	0	
nghách	额	0	
nghách	額	0	
nghè	仪	0	
nghè	𠊁	0	
nghè	𠊙	0	
nghè	儀	0	
nghè	𠐅	0	
nghè	𠑢	0	
nghèo	危	0	
nghèo	嶤	0	
nghèo	嶢	0	
nghèo	𬥣	0	
nghèo	𠨪	0	
nghèo	𫶺	0	
nghèo	𫊐	0	
nghèo	𧹅	0	
nghé	猊	0	
nghé	𤚇	0	
nghé	𥇚	0	
nghé	𢲾	0	
nghé	𤛞	0	
nghé	霓	0	
nghé	𥊘	0	
nghé	犠	0	
nghé	麑	0	
nghén	䏹	0	
nghén	𤶻	0	
nghén	𪦎	0	
nghén	𦞎	0	
nghén	𬛝	0	
nghéo	鱙	0	
nghét	𡾤	0	
nghét	孽	0	
nghê	儿	0	
nghê	兒	0	
nghê	倪	0	
nghê	猊	0	
nghê	唲	0	
nghê	棿	0	
nghê	霓	0	
nghê	鲵	0	
nghê	麑	0	
nghê	鯢	0	
nghênh	迎	0	
nghênh	𠶐	0	
nghêu	侥	0	
nghêu	哓	0	
nghêu	僥	0	
nghêu	嘵	0	
nghêu	蟯	0	
nghì	义	0	
nghì	仪	0	
nghì	義	0	
nghì	儀	0	
nghì	儗	0	
nghìn	吀	0	
nghìn	𠦳	0	
nghía	𥇚	0	
nghía	𥊘	0	
nghĩ	议	0	
nghĩ	𢪀	0	
nghĩ	拟	0	
nghĩ	𪫢	0	
nghĩ	𠉝	0	
nghĩ	鈘	0	
nghĩ	𢣂	0	
nghĩ	儗	0	
nghĩ	擬	0	
nghĩ	艤	0	
nghĩ	議	0	
nghĩa	义	0	
nghĩa	初	0	
nghĩa	義	0	
nghạch	逆	0	
nghạch	𡏤	0	
nghạch	额	0	
nghạch	頟	0	
nghạch	額	0	
nghẹ	𤈝	0	
nghẹn	哽	0	
nghẹn	喭	0	
nghẹn	𫫹	0	
nghẹo	邵	0	
nghẹo	侥	0	
nghẹo	敖	0	
nghẹo	僥	0	
nghẹo	𫗺	0	
nghẹt	孽	0	
nghẹt	蘖	0	
nghẹt	𢌎	0	
nghẹt	𥗹	0	
nghẻo	尧	0	
nghẻo	堯	0	
nghẽn	砚	0	
nghẽn	硯	0	
nghẽn	𬒜	0	
nghế	艺	0	
nghế	芸	0	
nghế	藝	0	
nghếch	逆	0	
nghến	嵃	0	
nghề	艺	0	
nghề	芸	0	
nghề	𫶮	0	
nghề	藝	0	
nghề	𢺐	0	
nghều	跷	0	
nghều	蹺	0	
nghều	𬴝	0	
nghển	迎	0	
nghển	𠶐	0	
nghểnh	卬	0	
nghểnh	迎	0	
nghểnh	𨓑	0	
nghểnh	𠶐	0	
nghểnh	𥈁	0	
nghễ	艾	0	
nghễ	睨	0	
nghễ	𢣂	0	
nghễn	𠶐	0	
nghễnh	迎	0	
nghễnh	𠶐	0	
nghễu	尧	0	
nghễu	侥	0	
nghễu	堯	0	
nghễu	僥	0	
nghệ	乂	0	
nghệ	艺	0	
nghệ	艾	0	
nghệ	呓	0	
nghệ	芸	0	
nghệ	诣	0	
nghệ	羿	0	
nghệ	埶	0	
nghệ	睨	0	
nghệ	詣	0	
nghệ	藝	0	
nghệ	囈	0	
nghệ	讛	0	
nghệch	逆	0	
nghệch	额	0	
nghệch	頟	0	
nghệch	額	0	
nghệch	𪭄	0	
nghệt	臬	0	
nghệt	蘖	0	
nghệu	侥	0	
nghệu	傲	0	
nghệu	僥	0	
nghỉ	仪	0	
nghỉ	𢪀	0	
nghỉ	拧	0	
nghỉ	持	0	
nghỉ	𠉝	0	
nghỉ	儀	0	
nghỉ	儗	0	
nghỉ	擬	0	
nghỉn	喭	0	
nghỉnh	颈	0	
nghỉnh	頸	0	
nghị	议	0	
nghị	蚁	0	
nghị	谊	0	
nghị	誼	0	
nghị	踦	0	
nghị	毅	0	
nghị	劓	0	
nghị	螘	0	
nghị	蟻	0	
nghị	議	0	
nghịch	逆	0	
nghịch	𠸺	0	
nghịt	孽	0	
nghịt	𥗹	0	
nghịt	𪓈	0	
nginh	迎	0	
ngo	吳	0	
ngo	吾	0	
ngoa	瓦	0	
ngoa	讹	0	
ngoa	夸	0	
ngoa	囮	0	
ngoa	吪	0	
ngoa	訛	0	
ngoa	𧧀	0	
ngoa	誇	0	
ngoa	靴	0	
ngoa	鞾	0	
ngoa	譌	0	
ngoai	俄	0	
ngoai	𠱓	0	
ngoai	𭗪	0	
ngoan	顽	0	
ngoan	𠺿	0	
ngoan	頑	0	
ngoao	嗷	0	
ngoay	危	0	
ngoay	𢫑	0	
ngoe	危	0	
ngoe	𡳀	0	
ngoen	𠰂	0	
ngoen	𠺿	0	
ngoeo	哓	0	
ngoeo	嘵	0	
ngoi	𣳢	0	
ngoi	𢶼	0	
ngoi	𤀖	0	
ngom	𥍛	0	
ngon	言	0	
ngon	唁	0	
ngon	𤯆	0	
ngong	隅	0	
ngoài	外	0	
ngoài	𠰻	0	
ngoàm	含	0	
ngoàm	𠴥	0	
ngoàm	缄	0	
ngoàm	緘	0	
ngoàng	𠾛	0	
ngoác	嚯	0	
ngoái	外	0	
ngoái	𢫑	0	
ngoái	𩠘	0	
ngoái	𫑑	0	
ngoáo	奡	0	
ngoáy	外	0	
ngoáy	𢫑	0	
ngoáy	𨀑	0	
ngoã	瓦	0	
ngoãn	阮	0	
ngoãn	𠴉	0	
ngoãn	顽	0	
ngoãn	頑	0	
ngoèn	𨆸	0	
ngoèo	𣍕	0	
ngoé	蛫	0	
ngoé	𧓯	0	
ngoéo	挠	0	
ngoéo	撓	0	
ngoéo	𣩦	0	
ngoét	㳉	0	
ngoòng	喁	0	
ngoạ	臥	0	
ngoạ	卧	0	
ngoạc	㩇	0	
ngoạc	𭡭	0	
ngoạch	㩇	0	
ngoại	外	0	
ngoạm	𠶃	0	
ngoạm	𠻒	0	
ngoạm	𠻪	0	
ngoạm	𫫡	0	
ngoạm	嘬	0	
ngoạn	玩	0	
ngoạn	𠻪	0	
ngoạt	月	0	
ngoả	讹	0	
ngoả	訛	0	
ngoả	𦱽	0	
ngoảc	域	0	
ngoải	外	0	
ngoải	𦟺	0	
ngoảm	噉	0	
ngoản	阮	0	
ngoảng	𫊶	0	
ngoảnh	景	0	
ngoảnh	影	0	
ngoảnh	𥋓	0	
ngoảy	𢫑	0	
ngoảy	𢠪	0	
ngoảy	𪩜	0	
ngoắc	𢫛	0	
ngoắt	抈	0	
ngoắt	釟	0	
ngoằm	噉	0	
ngoằng	弘	0	
ngoặc	𢫛	0	
ngoặt	𣌴	0	
ngoẹo	卲	0	
ngoẹo	𨇷	0	
ngoẻn	阮	0	
ngoẻn	𠴉	0	
ngoẻo	𣩦	0	
ngu	俣	0	
ngu	娱	0	
ngu	娛	0	
ngu	嵎	0	
ngu	㥥	0	
ngu	喁	0	
ngu	虞	0	
ngu	愚	0	
ngu	髃	0	
ngung	禺	0	
ngung	隅	0	
ngung	嵎	0	
ngung	喁	0	
ngung	颙	0	
ngung	顒	0	
nguy	危	0	
nguy	诡	0	
nguy	恑	0	
nguy	嵬	0	
nguy	詭	0	
nguy	巍	0	
nguyên	元	0	
nguyên	芫	0	
nguyên	原	0	
nguyên	鼋	0	
nguyên	源	0	
nguyên	螈	0	
nguyên	黿	0	
nguyền	愿	0	
nguyền	願	0	
nguyền	𡅫	0	
nguyễn	阮	0	
nguyễn	䏓	0	
nguyện	愿	0	
nguyện	願	0	
nguyệt	月	0	
nguyệt	刖	0	
nguyệt	抈	0	
nguyệt	軏	0	
nguyệt	跀	0	
nguây	恑	0	
nguôi	嵬	0	
nguôi	𢢯	0	
nguôi	𠿯	0	
nguýt	𥊜	0	
nguấy	𢫑	0	
nguầy	危	0	
nguẩy	𫥊	0	
nguậy	外	0	
nguệch	廓	0	
nguệch	𠸺	0	
nguịch	𠸺	0	
nguồn	原	0	
nguồn	源	0	
nguội	𪤸	0	
nguội	𣳢	0	
nguội	𪸟	0	
nguội	嵬	0	
nguội	𫥖	0	
nguỳ	危	0	
nguỵ	伪	0	
nguỵ	诡	0	
nguỵ	偽	0	
nguỵ	詭	0	
nguỵ	僞	0	
nguỵ	魏	0	
nguỷu	哓	0	
nguỷu	嘵	0	
ngà	牙	0	
ngà	玡	0	
ngà	俄	0	
ngà	莪	0	
ngà	𤘋	0	
ngà	𬌘	0	
ngài	𠊚	0	
ngài	𠊛	0	
ngài	蛾	0	
ngài	𧍋	0	
ngài	𪝯	0	
ngài	𠏥	0	
ngài	𫣣	0	
ngàm	严	0	
ngàm	嚴	0	
ngàm	𤅙	0	
ngàn	𡶨	0	
ngàn	岸	0	
ngàn	彦	0	
ngàn	𠦳	0	
ngàng	卬	0	
ngàng	昂	0	
ngành	行	0	
ngành	梗	0	
ngào	敖	0	
ngào	嗷	0	
ngào	𪵧	0	
ngào	𢳆	0	
ngào	𫘀	0	
ngàu	牜	0	
ngàu	𠂒	0	
ngàu	牛	0	
ngàu	𤙮	0	
ngàu	𣼱	0	
ngày	㝵	0	
ngày	𬏝	0	
ngày	𣈜	0	
ngày	𣈗	0	
ngá	呆	0	
ngác	咢	0	
ngác	𥈭	0	
ngác	魬	0	
ngác	𦹛	0	
ngách	𠸺	0	
ngách	頟	0	
ngách	额	0	
ngách	𬤴	0	
ngách	額	0	
ngái	𥇹	0	
ngái	碍	0	
ngái	𣝅	0	
ngái	礙	0	
ngám	敢	0	
ngán	阮	0	
ngán	𠵚	0	
ngán	喭	0	
ngán	𢞆	0	
ngán	𢱘	0	
ngán	𩜽	0	
ngáng	昂	0	
ngáng	梗	0	
ngáng	𢯤	0	
ngáng	𢱘	0	
ngáng	𢵲	0	
ngánh	梗	0	
ngáo	傲	0	
ngáo	奡	0	
ngáo	獓	0	
ngáo	𤢫	0	
ngáo	𨎞	0	
ngáp	哈	0	
ngát	兀	0	
ngát	歹	0	
ngát	吃	0	
ngát	𠮾	0	
ngát	𠯪	0	
ngát	咯	0	
ngát	𬳜	0	
ngát	𠿸	0	
ngáu	𠽀	0	
ngáy	哎	0	
ngáy	𠵨	0	
ngáy	嘅	0	
ngáy	碍	0	
ngáy	𠿴	0	
ngáy	𥋹	0	
ngáy	礙	0	
ngáy	𪖺	0	
ngâm	吟	0	
ngâm	𣵴	0	
ngân	垠	0	
ngân	狺	0	
ngân	痕	0	
ngân	银	0	
ngân	龂	0	
ngân	跟	0	
ngân	龈	0	
ngân	銀	0	
ngân	齗	0	
ngân	齦	0	
ngâu	牜	0	
ngâu	牛	0	
ngâu	𠂒	0	
ngâu	䒜	0	
ngâu	䓊	0	
ngâu	𫉎	0	
ngây	宜	0	
ngây	𬏝	0	
ngây	𤽗	0	
ngây	𤵶	0	
ngây	𤷙	0	
ngây	疑	0	
ngây	𦟎	0	
ngây	癡	0	
ngã	我	0	
ngãi	刈	0	
ngãi	呆	0	
ngãi	騃	0	
ngãng	仰	0	
ngãng	昂	0	
ngão	傲	0	
ngò	𦬶	0	
ngò	莪	0	
ngò	䓊	0	
ngòi	外	0	
ngòi	𣳢	0	
ngòi	𤀖	0	
ngòi	𣰏	0	
ngòi	𤐜	0	
ngòi	𬉝	0	
ngòi	𥋳	0	
ngòm	𥆽	0	
ngòm	𪒷	0	
ngòn	言	0	
ngòn	𡀶	0	
ngòn	𪒳	0	
ngòng	𨲖	0	
ngó	午	0	
ngó	𪭟	0	
ngó	𡉦	0	
ngó	𦬶	0	
ngó	𥘪	0	
ngó	𥄭	0	
ngó	𥾿	0	
ngó	𦲼	0	
ngó	藕	0	
ngóc	呆	0	
ngóc	𫗷	0	
ngói	瓦	0	
ngói	𤬪	0	
ngói	𤬲	0	
ngói	𤮞	0	
ngói	𤮟	0	
ngói	𪇋	0	
ngóm	𦛽	0	
ngón	阮	0	
ngón	抏	0	
ngón	𪮀	0	
ngón	𢭫	0	
ngón	𢯥	0	
ngón	𦰟	0	
ngón	𢴝	0	
ngón	𫆻	0	
ngóng	𥈿	0	
ngóng	颙	0	
ngóng	顒	0	
ngóng	𪱮	0	
ngóng	𥍎	0	
ngót	𦬂	0	
ngót	𨓢	0	
ngót	𣾃	0	
ngô	吘	0	
ngô	吳	0	
ngô	吾	0	
ngô	𪣘	0	
ngô	悞	0	
ngô	梧	0	
ngô	𥟊	0	
ngô	䓊	0	
ngô	蜈	0	
ngô	鼯	0	
ngôi	桅	0	
ngôi	嵬	0	
ngôi	𡾵	0	
ngôi	𠑖	0	
ngôn	讠	0	
ngôn	言	0	
ngôn	訁	0	
ngông	喁	0	
ngông	𡿅	0	
ngõ	午	0	
ngõ	牛	0	
ngõ	吘	0	
ngõ	𡉦	0	
ngõ	𢨵	0	
ngõ	𫼎	0	
ngõ	𨳱	0	
ngõ	𨳰	0	
ngõi	嵬	0	
ngõi	𠺌	0	
ngõng	拱	0	
ngõng	𬅽	0	
ngõng	𣕃	0	
ngõng	颙	0	
ngõng	顒	0	
ngù	𣮇	0	
ngùi	嵬	0	
ngùi	㟴	0	
ngùi	𢢯	0	
ngùi	𠿯	0	
ngùn	源	0	
ngùn	𬇒	0	
ngùn	𤍉	0	
ngùng	㥥	0	
ngùng	喁	0	
ngùng	𥔘	0	
ngùng	𢢄	0	
ngùng	颙	0	
ngùng	𨲖	0	
ngùng	顒	0	
ngùng	𪿹	0	
ngú	𫠰	0	
ngúc	局	0	
ngúc	𣍀	0	
ngún	𤉘	0	
ngún	𪲭	0	
ngún	𤍉	0	
ngúng	愩	0	
ngúng	𤸒	0	
ngúng	𪽹	0	
ngút	兀	0	
ngút	𡴯	0	
ngút	𡵉	0	
ngút	𠮾	0	
ngút	𣲍	0	
ngút	𤈡	0	
ngút	𩂁	0	
ngăm	吟	0	
ngăm	𪑑	0	
ngăn	艮	0	
ngăn	吟	0	
ngăn	垠	0	
ngăn	𪭳	0	
ngăn	拫	0	
ngăn	银	0	
ngăn	銀	0	
ngăn	𭈷	0	
ngũ	五	0	
ngũ	伍	0	
ngơ	鱼	0	
ngơ	魚	0	
ngơ	𢠐	0	
ngơ	𩵜	0	
ngơ	䁩	0	
ngơ	𤹿	0	
ngơi	𪟽	0	
ngơi	仪	0	
ngơi	宜	0	
ngơi	𢯕	0	
ngơi	疑	0	
ngơi	𫺱	0	
ngơi	儀	0	
ngơi	𢥷	0	
ngơm	𥄯	0	
ngơn	妍	0	
ngơn	姸	0	
ngư	鱼	0	
ngư	渔	0	
ngư	魚	0	
ngư	漁	0	
ngư	䁩	0	
ngư	䱷	0	
ngưa	痒	0	
ngưa	癢	0	
ngưng	凝	0	
ngưu	牛	0	
ngưu	𠂒	0	
ngưu	牜	0	
ngưu	㭌	0	
ngưu	䒜	0	
ngưu	⺧	0	
ngươi	𤽗	0	
ngươi	𥇹	0	
ngươi	𥊤	0	
ngươi	𤾰	0	
ngươi	䂀	0	
ngước	虐	0	
ngước	㖸	0	
ngước	𥈴	0	
ngước	𬑥	0	
người	㝵	0	
người	𠊛	0	
người	倘	0	
người	𠊚	0	
người	𫴮	0	
ngưỡng	仰	0	
ngược	疟	0	
ngược	虐	0	
ngược	逆	0	
ngược	瘧	0	
ngượng	忸	0	
ngượng	𢗾	0	
ngượng	強	0	
ngượng	强	0	
ngượng	𢞆	0	
ngượng	𬚣	0	
ngạ	饿	0	
ngạ	餓	0	
ngạc	咢	0	
ngạc	鄂	0	
ngạc	愕	0	
ngạc	萼	0	
ngạc	㗁	0	
ngạc	腭	0	
ngạc	鹗	0	
ngạc	锷	0	
ngạc	諤	0	
ngạc	噩	0	
ngạc	鳄	0	
ngạc	鍔	0	
ngạc	顎	0	
ngạc	鶚	0	
ngạc	鰐	0	
ngạc	齶	0	
ngạc	鱷	0	
ngạch	逆	0	
ngạch	𡏤	0	
ngạch	额	0	
ngạch	額	0	
ngại	㝵	0	
ngại	𪿒	0	
ngại	㤳	0	
ngại	碍	0	
ngại	碨	0	
ngại	磑	0	
ngại	礒	0	
ngại	𣝅	0	
ngại	𤾰	0	
ngại	礙	0	
ngạn	岸	0	
ngạn	彦	0	
ngạn	唁	0	
ngạn	谚	0	
ngạn	喭	0	
ngạn	諺	0	
ngạn	𩜽	0	
ngạnh	更	0	
ngạnh	哽	0	
ngạnh	梗	0	
ngạnh	硬	0	
ngạnh	鲠	0	
ngạnh	骾	0	
ngạnh	鯁	0	
ngạo	敖	0	
ngạo	傲	0	
ngạo	奡	0	
ngạo	𢳆	0	
ngạo	驁	0	
ngạt	兀	0	
ngạt	歹	0	
ngạt	吃	0	
ngạt	𠯪	0	
ngạt	𠿸	0	
ngạy	议	0	
ngạy	議	0	
ngả	我	0	
ngải	艾	0	
ngải	戤	0	
ngảng	昂	0	
ngảnh	迎	0	
ngảnh	颈	0	
ngảnh	景	0	
ngảnh	撔	0	
ngảnh	頸	0	
ngảnh	𥋓	0	
ngảnh	𫖧	0	
ngảu	𢠉	0	
ngấc	扢	0	
ngấm	汵	0	
ngấm	𣵴	0	
ngấm	澿	0	
ngấm	𦡞	0	
ngấn	艮	0	
ngấn	垠	0	
ngấn	痕	0	
ngấn	跟	0	
ngấp	岌	0	
ngấp	𥄫	0	
ngấp	𥈲	0	
ngất	乞	0	
ngất	兀	0	
ngất	𡴭	0	
ngất	𡴯	0	
ngất	仡	0	
ngất	扢	0	
ngất	𠮾	0	
ngất	岌	0	
ngất	𤴥	0	
ngất	屹	0	
ngất	𪨣	0	
ngất	疙	0	
ngất	䇄	0	
ngất	𤴰	0	
ngất	𩁶	0	
ngất	𬴕	0	
ngấu	𣽀	0	
ngấu	𠽀	0	
ngấu	𣿃	0	
ngấy	嘅	0	
ngấy	溉	0	
ngấy	漒	0	
ngấy	𢣀	0	
ngầm	沈	0	
ngầm	沉	0	
ngầm	岑	0	
ngầm	砛	0	
ngầm	㖗	0	
ngầm	硶	0	
ngần	艮	0	
ngần	垠	0	
ngần	痕	0	
ngần	银	0	
ngần	谨	0	
ngần	銀	0	
ngần	謹	0	
ngầu	𤙮	0	
ngầu	𣼱	0	
ngầu	𠿄	0	
ngẩm	吟	0	
ngẩm	唫	0	
ngẩn	艮	0	
ngẩn	坦	0	
ngẩn	恨	0	
ngẩn	痕	0	
ngẩn	堇	0	
ngẩn	银	0	
ngẩn	菫	0	
ngẩn	靳	0	
ngẩn	谨	0	
ngẩn	慬	0	
ngẩn	銀	0	
ngẩn	謹	0	
ngẩn	𢥢	0	
ngẩng	仰	0	
ngẩng	𬳖	0	
ngẩu	偶	0	
ngẩu	𢠉	0	
ngẫm	吟	0	
ngẫm	唫	0	
ngẫm	锦	0	
ngẫm	噤	0	
ngẫm	錦	0	
ngẫm	𡄎	0	
ngẫng	仰	0	
ngẫu	吘	0	
ngẫu	偶	0	
ngẫu	耦	0	
ngẫu	藕	0	
ngậm	吟	0	
ngậm	含	0	
ngậm	唅	0	
ngậm	唫	0	
ngậm	𫕖	0	
ngậm	噤	0	
ngận	很	0	
ngận	狠	0	
ngập	及	0	
ngập	𫲼	0	
ngập	圾	0	
ngập	吸	0	
ngập	岌	0	
ngập	汲	0	
ngập	𣵵	0	
ngập	𠲺	0	
ngập	喦	0	
ngật	𡴯	0	
ngật	吃	0	
ngật	圪	0	
ngật	屹	0	
ngật	迄	0	
ngật	汔	0	
ngật	䇄	0	
ngật	疙	0	
ngật	訖	0	
ngật	喫	0	
ngậu	偶	0	
ngậu	𠿄	0	
ngậy	嘅	0	
ngậy	𦡡	0	
ngậy	𡅷	0	
ngắc	硌	0	
ngắc	愕	0	
ngắc	𦝈	0	
ngắc	㗁	0	
ngắm	吟	0	
ngắm	𬓛	0	
ngắm	𥋴	0	
ngắm	𡄎	0	
ngắm	𥌹	0	
ngắn	艮	0	
ngắn	𠦯	0	
ngắn	短	0	
ngắn	𬑵	0	
ngắn	𥐆	0	
ngắn	𬑶	0	
ngắn	𥐇	0	
ngắn	𥐉	0	
ngắn	𥐍	0	
ngắt	𫤾	0	
ngắt	𡴯	0	
ngắt	𠖯	0	
ngắt	扢	0	
ngắt	屹	0	
ngắt	汔	0	
ngắt	𢪰	0	
ngắt	𪞧	0	
ngắt	𢴑	0	
ngằm	沉	0	
ngằm	沈	0	
ngằn	痕	0	
ngằng	𢢋	0	
ngẳng	仰	0	
ngẵng	仰	0	
ngặt	兀	0	
ngặt	歹	0	
ngặt	𡴯	0	
ngặt	吃	0	
ngặt	𪽨	0	
ngọ	午	0	
ngọ	牛	0	
ngọc	𤣩	0	
ngọc	玉	0	
ngọc	鈺	0	
ngọc	⺩	0	
ngọn	𦰟	0	
ngọn	䓂	0	
ngọng	共	0	
ngọng	哄	0	
ngọng	喁	0	
ngọng	颙	0	
ngọng	顒	0	
ngọng	𡅒	0	
ngọng	𡅑	0	
ngọt	兀	0	
ngọt	𠮾	0	
ngọt	𤮿	0	
ngọt	𤮾	0	
ngọt	𫳹	0	
ngỏ	午	0	
ngỏ	牛	0	
ngỏ	许	0	
ngỏ	吘	0	
ngỏ	𪭟	0	
ngỏ	杵	0	
ngỏ	許	0	
ngỏ	𬮫	0	
ngỏ	𫔦	0	
ngỏm	𥆽	0	
ngỏn	言	0	
ngỏng	拱	0	
ngỏng	颙	0	
ngỏng	顒	0	
ngố	呆	0	
ngố	悞	0	
ngốc	禿	0	
ngốc	秃	0	
ngốc	呆	0	
ngốn	衮	0	
ngốn	袞	0	
ngốn	𠻂	0	
ngốn	𬜇	0	
ngốn	𠽓	0	
ngốn	𡁺	0	
ngốt	軏	0	
ngốt	𤍆	0	
ngốt	𪹰	0	
ngồi	外	0	
ngồi	坐	0	
ngồi	𫮋	0	
ngồi	嵬	0	
ngồi	𡎥	0	
ngồi	𡎢	0	
ngồi	𡎦	0	
ngồi	𡓮	0	
ngồm	巖	0	
ngồn	言	0	
ngồn	訔	0	
ngồng	茂	0	
ngồng	茙	0	
ngồng	𧄴	0	
ngổ	吘	0	
ngổ	𦬶	0	
ngổ	𪞸	0	
ngổ	𪞻	0	
ngổ	𦷮	0	
ngổm	巖	0	
ngổn	艮	0	
ngổn	言	0	
ngổn	衮	0	
ngổn	袞	0	
ngổn	滚	0	
ngổn	𪤍	0	
ngổn	滾	0	
ngổng	鹅	0	
ngổng	𡺥	0	
ngổng	鵝	0	
ngổng	𪃍	0	
ngỗ	五	0	
ngỗ	忤	0	
ngỗ	迕	0	
ngỗ	𪞸	0	
ngỗng	𤞒	0	
ngỗng	鹅	0	
ngỗng	鵝	0	
ngỗng	𪄌	0	
ngộ	误	0	
ngộ	悟	0	
ngộ	悞	0	
ngộ	晤	0	
ngộ	焐	0	
ngộ	牾	0	
ngộ	痦	0	
ngộ	遇	0	
ngộ	寤	0	
ngộ	𤸒	0	
ngộ	誤	0	
ngộc	𣔣	0	
ngội	傀	0	
ngộn	言	0	
ngộn	訔	0	
ngộn	𬢞	0	
ngộn	𦰟	0	
ngộn	𠻂	0	
ngộn	愿	0	
ngộn	願	0	
ngột	兀	0	
ngột	𠮾	0	
ngột	杌	0	
ngột	軏	0	
ngột	靰	0	
ngớ	鱼	0	
ngớ	魚	0	
ngớ	𠽐	0	
ngớ	𢠐	0	
ngớ	𡂂	0	
ngớn	觇	0	
ngớn	𢞆	0	
ngớn	覘	0	
ngớp	哈	0	
ngớp	𢚼	0	
ngớp	𥆹	0	
ngớt	𠯪	0	
ngớt	𣲠	0	
ngờ	𪟽	0	
ngờ	𪫢	0	
ngờ	𫠻	0	
ngờ	疑	0	
ngờ	𩵿	0	
ngờ	㘈	0	
ngờ	𩺋	0	
ngờ	𩼨	0	
ngời	𤊢	0	
ngờm	岌	0	
ngỡ	语	0	
ngỡ	語	0	
ngỡ	𡂂	0	
ngỡ	𢣸	0	
ngợ	语	0	
ngợ	御	0	
ngợ	語	0	
ngợi	义	0	
ngợi	议	0	
ngợi	谊	0	
ngợi	義	0	
ngợi	誼	0	
ngợi	𬢱	0	
ngợi	𠿿	0	
ngợi	𡃛	0	
ngợi	議	0	
ngợi	𡅷	0	
ngợm	吟	0	
ngợm	𤼔	0	
ngợp	岌	0	
ngợp	𫻅	0	
ngụ	庽	0	
ngụ	喁	0	
ngụ	寓	0	
ngục	獄	0	
ngụm	喁	0	
ngụp	𩓛	0	
ngụt	𣲍	0	
ngụt	𬉽	0	
ngụt	𤈡	0	
ngụt	𩂁	0	
ngụt	𤍉	0	
ngủ	午	0	
ngủ	𪟳	0	
ngủ	㬳	0	
ngủ	𥄭	0	
ngủ	𥄬	0	
ngủ	𫾆	0	
ngủ	𪿀	0	
ngủ	𬑩	0	
ngủi	𥐋	0	
ngủm	喁	0	
ngủn	言	0	
ngủn	𥐐	0	
ngủng	喁	0	
ngủng	𢥶	0	
ngứa	语	0	
ngứa	痒	0	
ngứa	語	0	
ngứa	𤺶	0	
ngứa	𤻔	0	
ngứa	癢	0	
ngứa	𤻭	0	
ngừ	鱼	0	
ngừ	魚	0	
ngừ	御	0	
ngừ	𩵿	0	
ngừ	𣊘	0	
ngừ	𩼨	0	
ngừa	驭	0	
ngừa	馭	0	
ngừa	御	0	
ngừa	𡐚	0	
ngừa	𢳶	0	
ngừa	禦	0	
ngừng	凝	0	
ngửa	仰	0	
ngửa	语	0	
ngửa	語	0	
ngửa	𠑕	0	
ngửa	𫤋	0	
ngửi	义	0	
ngửi	哎	0	
ngửi	義	0	
ngửi	𠿿	0	
ngửi	𬹯	0	
ngửi	𪖭	0	
ngửng	仰	0	
ngửt	吃	0	
ngữ	语	0	
ngữ	圄	0	
ngữ	圉	0	
ngữ	語	0	
ngữ	龉	0	
ngữ	齬	0	
ngự	驭	0	
ngự	馭	0	
ngự	御	0	
ngự	禦	0	
ngựa	驭	0	
ngựa	馭	0	
ngực	𦙏	0	
ngực	𦞐	0	
ngực	㘈	0	
nha	丫	0	
nha	㸦	0	
nha	牙	0	
nha	伢	0	
nha	呀	0	
nha	芽	0	
nha	鸦	0	
nha	蚜	0	
nha	桠	0	
nha	椏	0	
nha	衙	0	
nha	鴉	0	
nha	鵶	0	
nhai	厓	0	
nhai	捱	0	
nhai	涯	0	
nhai	崕	0	
nhai	猚	0	
nhai	崖	0	
nhai	啀	0	
nhai	街	0	
nhai	睚	0	
nhai	𠽎	0	
nhai	𪘬	0	
nham	岩	0	
nham	喦	0	
nham	碞	0	
nham	癌	0	
nham	巖	0	
nham	𡆑	0	
nhan	忍	0	
nhan	颜	0	
nhan	顔	0	
nhan	㘖	0	
nhang	仍	0	
nhang	香	0	
nhang	𬍀	0	
nhanh	伶	0	
nhanh	𠴌	0	
nhanh	速	0	
nhanh	𨗜	0	
nhanh	𪬭	0	
nhanh	𨘱	0	
nhao	尧	0	
nhao	哓	0	
nhao	堯	0	
nhao	嗃	0	
nhao	嘵	0	
nhao	𡆁	0	
nhau	侥	0	
nhau	饶	0	
nhau	胞	0	
nhau	跷	0	
nhau	僥	0	
nhau	憢	0	
nhau	膮	0	
nhau	𦡢	0	
nhau	蹺	0	
nhau	饒	0	
nhau	𠑬	0	
nhau	𦣗	0	
nhay	捱	0	
nhe	㖇	0	
nhem	苫	0	
nhem	岩	0	
nhem	啱	0	
nhem	𤊤	0	
nhem	𫽦	0	
nhem	髯	0	
nhem	巖	0	
nhen	然	0	
nhen	𤡮	0	
nhen	𡮫	0	
nhen	燃	0	
nhen	𤢔	0	
nheo	饶	0	
nheo	䁘	0	
nheo	𬇆	0	
nheo	嚅	0	
nheo	䁱	0	
nheo	饒	0	
nheo	鱙	0	
nheo	𥍘	0	
nheo	𩰈	0	
nheo	𩽸	0	
nhi	儿	0	
nhi	弍	0	
nhi	而	0	
nhi	兒	0	
nhi	洏	0	
nhi	㖇	0	
nhi	唲	0	
nhi	鸸	0	
nhi	鴯	0	
nhiêm	髯	0	
nhiên	然	0	
nhiên	𤡮	0	
nhiên	嘫	0	
nhiên	燃	0	
nhiêu	侥	0	
nhiêu	娆	0	
nhiêu	饶	0	
nhiêu	荛	0	
nhiêu	桡	0	
nhiêu	跷	0	
nhiêu	僥	0	
nhiêu	蕘	0	
nhiêu	嬈	0	
nhiêu	燃	0	
nhiêu	橈	0	
nhiêu	𡗉	0	
nhiêu	蟯	0	
nhiêu	蹺	0	
nhiêu	饒	0	
nhiếc	𠲔	0	
nhiếc	嗌	0	
nhiếp	聂	0	
nhiếp	喦	0	
nhiếp	摄	0	
nhiếp	慑	0	
nhiếp	慴	0	
nhiếp	镊	0	
nhiếp	颞	0	
nhiếp	燮	0	
nhiếp	聶	0	
nhiếp	攝	0	
nhiếp	懾	0	
nhiếp	躡	0	
nhiếp	鑷	0	
nhiếp	顳	0	
nhiết	咽	0	
nhiều	尧	0	
nhiều	饶	0	
nhiều	堯	0	
nhiều	𡗊	0	
nhiều	𡗉	0	
nhiều	饒	0	
nhiều	𤄮	0	
nhiễm	冄	0	
nhiễm	冉	0	
nhiễm	呥	0	
nhiễm	苒	0	
nhiễm	染	0	
nhiễm	蚺	0	
nhiễn	软	0	
nhiễn	軟	0	
nhiễu	扰	0	
nhiễu	妙	0	
nhiễu	绕	0	
nhiễu	遶	0	
nhiễu	繞	0	
nhiễu	擾	0	
nhiễu	𡅍	0	
nhiệm	冉	0	
nhiệm	任	0	
nhiệt	芮	0	
nhiệt	热	0	
nhiệt	熱	0	
nho	伩	0	
nho	坆	0	
nho	儒	0	
nho	薷	0	
nho	檽	0	
nho	颥	0	
nho	顬	0	
nho	𮒯	0	
nhoai	惴	0	
nhoang	絖	0	
nhoi	堆	0	
nhom	𤷳	0	
nhom	巖	0	
nhong	戎	0	
nhong	銊	0	
nhong	擃	0	
nhoà	𤍶	0	
nhoài	涯	0	
nhoài	愞	0	
nhoài	𨂉	0	
nhoái	惴	0	
nhoáng	晄	0	
nhoè	漯	0	
nhoè	𤍶	0	
nhoét	刷	0	
nhoét	𤷯	0	
nhoạng	𣋆	0	
nhoẻn	嘫	0	
nhu	茄	0	
nhu	茹	0	
nhu	柔	0	
nhu	𣐱	0	
nhu	葇	0	
nhu	揉	0	
nhu	煣	0	
nhu	需	0	
nhu	稬	0	
nhu	蹂	0	
nhu	儒	0	
nhu	嚅	0	
nhu	濡	0	
nhu	薷	0	
nhu	懦	0	
nhu	鞣	0	
nhu	襦	0	
nhu	穤	0	
nhu	糯	0	
nhua	濡	0	
nhum	𣐅	0	
nhung	戎	0	
nhung	𠈋	0	
nhung	软	0	
nhung	茙	0	
nhung	𠲦	0	
nhung	绒	0	
nhung	茸	0	
nhung	毧	0	
nhung	𣭲	0	
nhung	軟	0	
nhung	絨	0	
nhung	氄	0	
nhung	𪀚	0	
nhuy	蕤	0	
nhuyên	撋	0	
nhuyễn	软	0	
nhuyễn	軟	0	
nhuyễn	𣼴	0	
nhuyễn	蝡	0	
nhuyễn	輭	0	
nhuyễn	蠕	0	
nhuạ	濡	0	
nhuạ	懦	0	
nhuần	闰	0	
nhuần	润	0	
nhuần	閏	0	
nhuần	潤	0	
nhuần	𥌎	0	
nhuận	闰	0	
nhuận	润	0	
nhuận	閏	0	
nhuận	潤	0	
nhuế	芮	0	
nhuế	枘	0	
nhuệ	芮	0	
nhuệ	锐	0	
nhuệ	銳	0	
nhuệ	鋭	0	
nhuốc	辱	0	
nhuốc	溽	0	
nhuốc	𢟹	0	
nhuốm	洳	0	
nhuốm	染	0	
nhuốm	𤈟	0	
nhuộm	染	0	
nhuỵ	蕊	0	
nhuỵ	蕋	0	
nhuỵ	橤	0	
nhuỵ	蘂	0	
nhà	伽	0	
nhà	茄	0	
nhà	茹	0	
nhà	家	0	
nhài	桂	0	
nhài	莉	0	
nhài	𦲒	0	
nhài	𣔦	0	
nhài	𦹹	0	
nhàm	岩	0	
nhàm	啱	0	
nhàm	憮	0	
nhàm	懢	0	
nhàm	巖	0	
nhàm	𡆑	0	
nhàn	𫔮	0	
nhàn	闲	0	
nhàn	娴	0	
nhàn	痫	0	
nhàn	閒	0	
nhàn	鹇	0	
nhàn	閑	0	
nhàn	嫻	0	
nhàn	癇	0	
nhàn	𤺛	0	
nhàn	鷴	0	
nhàng	让	0	
nhàng	扬	0	
nhàng	杨	0	
nhàng	床	0	
nhàng	𪜉	0	
nhàng	样	0	
nhàng	揚	0	
nhàng	楊	0	
nhàng	𡡂	0	
nhàng	樣	0	
nhàng	攘	0	
nhàng	讓	0	
nhành	梗	0	
nhào	哓	0	
nhào	嘵	0	
nhào	嘲	0	
nhào	缴	0	
nhào	繳	0	
nhào	𨇵	0	
nhàu	投	0	
nhàu	饶	0	
nhàu	𠶕	0	
nhàu	缴	0	
nhàu	繳	0	
nhàu	饒	0	
nhàu	𡆁	0	
nhàu	𦈂	0	
nhá	呀	0	
nhá	𤆹	0	
nhá	蚜	0	
nhá	𪨁	0	
nhác	弋	0	
nhác	乐	0	
nhác	𢖺	0	
nhác	恪	0	
nhác	觉	0	
nhác	洛	0	
nhác	䀩	0	
nhác	斍	0	
nhác	戛	0	
nhác	覚	0	
nhác	戞	0	
nhác	落	0	
nhác	𥇸	0	
nhác	𥇍	0	
nhác	樂	0	
nhác	𢣅	0	
nhác	𥋷	0	
nhác	㦡	0	
nhác	覺	0	
nhác	䁻	0	
nhách	呃	0	
nhái	蚧	0	
nhái	㖑	0	
nhái	𧋁	0	
nhái	𧍊	0	
nhám	壬	0	
nhám	𪾋	0	
nhám	监	0	
nhám	監	0	
nhám	𩸶	0	
nháng	降	0	
nháng	𤌅	0	
nháng	爙	0	
nhánh	𦭒	0	
nhánh	梗	0	
nhánh	颖	0	
nhánh	穎	0	
nhánh	頴	0	
nháo	遶	0	
nháo	鬧	0	
nháo	𠿷	0	
nháo	㦡	0	
nháo	嚛	0	
nháo	𥋷	0	
nháp	甲	0	
nháp	𡊠	0	
nhát	戛	0	
nhát	戞	0	
nhát	𢟟	0	
nhát	瘌	0	
nhát	㦉	0	
nhát	𤻬	0	
nháu	𠿷	0	
nháy	𥅘	0	
nháy	𥈯	0	
nháy	V+6077F	0	
nháy	⺀	0	
nhâm	壬	0	
nhâm	任	0	
nhâm	妊	0	
nhâm	岩	0	
nhâm	姙	0	
nhâm	袴	0	
nhâm	𡆑	0	
nhân	亻	0	
nhân	儿	0	
nhân	人	0	
nhân	仁	0	
nhân	因	0	
nhân	忍	0	
nhân	洇	0	
nhân	茵	0	
nhân	姻	0	
nhân	氤	0	
nhân	胭	0	
nhân	铟	0	
nhân	働	0	
nhân	緍	0	
nhân	銦	0	
nhâng	仍	0	
nhâng	𠯹	0	
nhâu	哓	0	
nhâu	嘵	0	
nhây	㖇	0	
nhây	街	0	
nhã	讶	0	
nhã	若	0	
nhã	訝	0	
nhã	雅	0	
nhãi	耳	0	
nhãi	爾	0	
nhãi	𤛇	0	
nhãn	韧	0	
nhãn	沲	0	
nhãn	眼	0	
nhãn	韌	0	
nhãn	𣙧	0	
nhãn	橺	0	
nhãn	𣟫	0	
nhãn	𣠰	0	
nhãng	讲	0	
nhãng	講	0	
nhãng	𢥉	0	
nhãng	𫻠	0	
nhão	浇	0	
nhão	绕	0	
nhão	澆	0	
nhão	繞	0	
nhão	𤃤	0	
nhão	𦇇	0	
nhão	纏	0	
nhão	𥽵	0	
nhè	㖇	0	
nhè	𡮅	0	
nhè	唲	0	
nhè	提	0	
nhèm	𣲹	0	
nhèm	染	0	
nhèm	濓	0	
nhèm	濂	0	
nhèn	𤺱	0	
nhèo	𡗉	0	
nhé	尒	0	
nhé	𠰚	0	
nhé	𥏌	0	
nhé	唲	0	
nhém	抩	0	
nhéo	哓	0	
nhéo	挠	0	
nhéo	嘵	0	
nhéo	撓	0	
nhéo	𡃺	0	
nhéo	𡅠	0	
nhép	入	0	
nhép	摄	0	
nhép	攝	0	
nhép	𡆄	0	
nhét	折	0	
nhét	捏	0	
nhét	热	0	
nhét	熱	0	
nhênh	𤾱	0	
nhì	二	0	
nhì	貳	0	
nhìn	忍	0	
nhìn	𥚆	0	
nhìn	𥆾	0	
nhìn	𥈱	0	
nhìn	𥌬	0	
nhí	𦤶	0	
nhí	㖇	0	
nhí	𡭺	0	
nhí	致	0	
nhí	唲	0	
nhía	𣇙	0	
nhích	滴	0	
nhích	蹢	0	
nhím	𤝫	0	
nhím	𤞘	0	
nhím	㺝	0	
nhím	𤢾	0	
nhím	𤣚	0	
nhín	𠴍	0	
nhính	𠶞	0	
nhíp	𥃱	0	
nhíp	釟	0	
nhíp	釞	0	
nhíp	摄	0	
nhíp	镊	0	
nhíp	攝	0	
nhíp	鑷	0	
nhít	折	0	
nhít	涅	0	
nhít	湼	0	
nhíu	疚	0	
nhíu	皱	0	
nhíu	皺	0	
nhò	𥌎	0	
nhòm	𥄮	0	
nhòm	𥆂	0	
nhòm	𥇷	0	
nhòm	𥈺	0	
nhòm	𥛗	0	
nhòm	𥈹	0	
nhòm	𥉰	0	
nhòm	𥍛	0	
nhòn	𠱜	0	
nhòn	𡴢	0	
nhòng	𠈋	0	
nhòng	𨀻	0	
nhó	伩	0	
nhó	𤻪	0	
nhó	𥌙	0	
nhó	𥌎	0	
nhóc	嗕	0	
nhóc	𠒯	0	
nhói	对	0	
nhói	對	0	
nhóm	抩	0	
nhóm	呫	0	
nhóm	𤇲	0	
nhóm	𡖡	0	
nhóm	爁	0	
nhóm	𤑸	0	
nhóm	𩁱	0	
nhón	𧿬	0	
nhón	𨅄	0	
nhóng	𢟞	0	
nhóp	叺	0	
nhót	卒	0	
nhót	𣑵	0	
nhót	淬	0	
nhót	𦝬	0	
nhót	踤	0	
nhót	𨃍	0	
nhô	伩	0	
nhô	儒	0	
nhô	𡃽	0	
nhôi	浽	0	
nhôi	漼	0	
nhôi	𠼲	0	
nhôm	𠲏	0	
nhôm	銋	0	
nhôn	尊	0	
nhông	𠲦	0	
nhông	越	0	
nhông	𧊕	0	
nhông	𧻪	0	
nhông	𧻗	0	
nhông	𨀻	0	
nhõ	𥇽	0	
nhõi	𥅦	0	
nhõi	𥇼	0	
nhõng	冗	0	
nhõng	𠲦	0	
nhù	㖻	0	
nhùi	𠓩	0	
nhùi	𤈞	0	
nhùi	𤒟	0	
nhùng	冗	0	
nhùng	仍	0	
nhùng	𠲦	0	
nhùng	𨀻	0	
nhú	乳	0	
nhú	𠳘	0	
nhú	葇	0	
nhú	𪞺	0	
nhú	孺	0	
nhú	懦	0	
nhú	𠧍	0	
nhúa	濡	0	
nhúc	辱	0	
nhúc	职	0	
nhúc	𬌽	0	
nhúc	嗕	0	
nhúc	𧏷	0	
nhúc	𧏯	0	
nhúc	𨃽	0	
nhúc	職	0	
nhúi	𠓩	0	
nhúm	拰	0	
nhúm	炶	0	
nhúm	𤇲	0	
nhún	屯	0	
nhún	扪	0	
nhún	闰	0	
nhún	顿	0	
nhún	捫	0	
nhún	閏	0	
nhún	頓	0	
nhún	𠾽	0	
nhún	撋	0	
nhún	橺	0	
nhúng	佣	0	
nhúng	𣴛	0	
nhúng	㳚	0	
nhúng	𢴞	0	
nhúng	潀	0	
nhúng	𢶢	0	
nhút	葖	0	
nhăm	壬	0	
nhăm	任	0	
nhăm	𠄶	0	
nhăn	因	0	
nhăn	𤶑	0	
nhăn	絪	0	
nhăn	𦁿	0	
nhăn	㗴	0	
nhăn	颜	0	
nhăn	𥊟	0	
nhăn	顔	0	
nhăn	㘖	0	
nhăn	𤄰	0	
nhăng	仍	0	
nhăng	江	0	
nhăng	芿	0	
nhăng	㘖	0	
nhĩ	尔	0	
nhĩ	尒	0	
nhĩ	耳	0	
nhĩ	迩	0	
nhĩ	佴	0	
nhĩ	弭	0	
nhĩ	洱	0	
nhĩ	饵	0	
nhĩ	珥	0	
nhĩ	铒	0	
nhĩ	餌	0	
nhĩ	爾	0	
nhĩ	鉺	0	
nhĩ	𤛇	0	
nhĩ	邇	0	
nhũ	乳	0	
nhũ	㳶	0	
nhũ	𦜘	0	
nhũn	软	0	
nhũn	𤇳	0	
nhũn	𤇽	0	
nhũn	軟	0	
nhũng	冗	0	
nhũng	冘	0	
nhũng	宂	0	
nhũng	𡊸	0	
nhơ	汝	0	
nhơ	如	0	
nhơ	洳	0	
nhơ	𥆃	0	
nhơ	𥆂	0	
nhơi	啀	0	
nhơm	𣷰	0	
nhơn	人	0	
nhơn	仁	0	
nhơn	因	0	
nhơn	𥄰	0	
nhơn	然	0	
nhơn	㦓	0	
như	如	0	
như	茄	0	
như	茹	0	
như	洳	0	
như	銣	0	
nhưng	仍	0	
nhưng	扔	0	
nhưng	㭁	0	
nhưng	忍	0	
nhương	嚷	0	
nhương	攘	0	
nhương	禳	0	
nhương	瓤	0	
nhướng	涨	0	
nhướng	漲	0	
nhướng	嚷	0	
nhướng	攘	0	
nhười	涯	0	
nhười	𠽎	0	
nhường	让	0	
nhường	羕	0	
nhường	攘	0	
nhường	讓	0	
nhưỡng	酿	0	
nhưỡng	攘	0	
nhưỡng	壤	0	
nhưỡng	嚷	0	
nhưỡng	爙	0	
nhưỡng	釀	0	
nhược	若	0	
nhược	弱	0	
nhược	偌	0	
nhược	掿	0	
nhược	渃	0	
nhược	蒻	0	
nhượng	让	0	
nhượng	嚷	0	
nhượng	讓	0	
nhạ	迓	0	
nhạ	玡	0	
nhạ	砑	0	
nhạ	喏	0	
nhạ	惹	0	
nhạc	乐	0	
nhạc	岳	0	
nhạc	楽	0	
nhạc	樂	0	
nhạc	嶽	0	
nhại	𠱌	0	
nhại	奈	0	
nhại	㖑	0	
nhại	㖠	0	
nhạn	㕍	0	
nhạn	雁	0	
nhạn	鴈	0	
nhạn	赝	0	
nhạn	贋	0	
nhạn	𪃛	0	
nhạn	𪆒	0	
nhạn	𪈾	0	
nhạnh	拎	0	
nhạnh	𠴒	0	
nhạo	恼	0	
nhạo	道	0	
nhạo	惱	0	
nhạo	𠿱	0	
nhạo	嚛	0	
nhạp	入	0	
nhạt	日	0	
nhạt	溂	0	
nhạt	辣	0	
nhạu	豆	0	
nhạu	哣	0	
nhạy	尒	0	
nhạy	尔	0	
nhạy	𠰚	0	
nhạy	爾	0	
nhạy	𩜪	0	
nhả	吔	0	
nhả	𠰹	0	
nhả	咀	0	
nhả	啫	0	
nhả	𠽙	0	
nhả	𠾒	0	
nhải	耳	0	
nhảm	𠰃	0	
nhảm	岩	0	
nhảm	𠲏	0	
nhảm	憯	0	
nhản	𬑅	0	
nhản	眼	0	
nhảnh	颖	0	
nhảnh	穎	0	
nhảnh	頴	0	
nhảnh	𡂵	0	
nhảo	𨃫	0	
nhảu	饶	0	
nhảu	饒	0	
nhảu	𡆁	0	
nhảy	𧿆	0	
nhảy	趾	0	
nhảy	䟢	0	
nhảy	趂	0	
nhảy	𬦮	0	
nhấc	弋	0	
nhấc	掿	0	
nhấm	𠰃	0	
nhấm	𠲏	0	
nhấn	刃	0	
nhấn	扨	0	
nhấn	𢭝	0	
nhấn	V+60052	0	
nhấp	扖	0	
nhấp	𣱿	0	
nhấp	岌	0	
nhấp	𥃱	0	
nhấp	㕸	0	
nhấp	𠾾	0	
nhấp	𨅞	0	
nhất	一	0	
nhất	弌	0	
nhất	壹	0	
nhầm	任	0	
nhầm	𠰃	0	
nhầm	𢗖	0	
nhầm	𪾭	0	
nhầu	扰	0	
nhầu	投	0	
nhầu	擾	0	
nhầy	𠱌	0	
nhầy	徍	0	
nhầy	涯	0	
nhẩm	任	0	
nhẩm	饪	0	
nhẩm	𠲏	0	
nhẩm	恁	0	
nhẩm	飪	0	
nhẩm	餁	0	
nhẩm	𠿹	0	
nhẩn	仞	0	
nhẩn	忍	0	
nhẩn	𢪭	0	
nhẩn	𠴍	0	
nhẩu	𡅒	0	
nhẩu	𡅠	0	
nhẩy	𧿆	0	
nhẩy	䟢	0	
nhẩy	𠧌	0	
nhẫm	荏	0	
nhẫm	衽	0	
nhẫm	赁	0	
nhẫm	恁	0	
nhẫm	賃	0	
nhẫm	稔	0	
nhẫn	刃	0	
nhẫn	仞	0	
nhẫn	纫	0	
nhẫn	韧	0	
nhẫn	忍	0	
nhẫn	紉	0	
nhẫn	𠴍	0	
nhẫn	𢭝	0	
nhẫn	軔	0	
nhẫn	釰	0	
nhẫn	眼	0	
nhẫn	韌	0	
nhẫn	靭	0	
nhẫn	𨧟	0	
nhẫy	濔	0	
nhậm	任	0	
nhậm	𢗖	0	
nhậm	拰	0	
nhậm	㳝	0	
nhậm	恁	0	
nhậm	𤇲	0	
nhậm	栣	0	
nhậm	䇮	0	
nhậm	棯	0	
nhận	刃	0	
nhận	认	0	
nhận	仞	0	
nhận	扨	0	
nhận	芿	0	
nhận	牣	0	
nhận	忍	0	
nhận	𢭝	0	
nhận	認	0	
nhận	V+60052	0	
nhập	入	0	
nhật	日	0	
nhậu	豆	0	
nhậu	𠰉	0	
nhậu	𠶕	0	
nhậu	𠻼	0	
nhậu	嚅	0	
nhậy	𩜪	0	
nhắc	弋	0	
nhắc	叱	0	
nhắc	式	0	
nhắc	𢩮	0	
nhắc	𠲤	0	
nhắc	𧿑	0	
nhắc	掿	0	
nhắc	𨀳	0	
nhắc	𢲦	0	
nhắc	噎	0	
nhắm	任	0	
nhắm	𠰃	0	
nhắm	䏕	0	
nhắm	𠁪	0	
nhắm	𠲏	0	
nhắm	𥄮	0	
nhắm	恁	0	
nhắm	𥆂	0	
nhắm	𪾮	0	
nhắm	䁘	0	
nhắn	忍	0	
nhắn	哏	0	
nhắn	𠴍	0	
nhắng	𠯹	0	
nhắng	𡦮	0	
nhắp	入	0	
nhắp	扖	0	
nhắp	叺	0	
nhắp	执	0	
nhắp	𥃱	0	
nhắp	執	0	
nhắt	一	0	
nhắt	弌	0	
nhắt	𡥌	0	
nhắt	𫴸	0	
nhắt	壹	0	
nhắt	撎	0	
nhắt	噎	0	
nhắt	𤢽	0	
nhằm	壬	0	
nhằm	任	0	
nhằm	𢗖	0	
nhằm	𠰃	0	
nhằm	𥄮	0	
nhằm	𥆂	0	
nhằn	因	0	
nhằn	𫔮	0	
nhằn	闲	0	
nhằn	𠡛	0	
nhằn	咽	0	
nhằn	𤶑	0	
nhằn	閒	0	
nhằn	閑	0	
nhằn	㗴	0	
nhằn	㘖	0	
nhằng	仍	0	
nhằng	让	0	
nhằng	𨲅	0	
nhằng	𢢋	0	
nhằng	嚷	0	
nhằng	讓	0	
nhẳm	𫏊	0	
nhẳn	牣	0	
nhẳn	𪪄	0	
nhẳn	𠽗	0	
nhẳng	仍	0	
nhẳng	綛	0	
nhẳng	𦅯	0	
nhẳp	入	0	
nhẵm	㳝	0	
nhẵn	刃	0	
nhẵn	忍	0	
nhẵn	𠴍	0	
nhẵn	𣼴	0	
nhẵn	𨧟	0	
nhẵng	仍	0	
nhẵng	讲	0	
nhẵng	𠯹	0	
nhẵng	𣼴	0	
nhẵng	講	0	
nhặm	任	0	
nhặm	𤶄	0	
nhặm	𧹱	0	
nhặn	𠽗	0	
nhặng	蝇	0	
nhặng	𡃌	0	
nhặng	蠅	0	
nhặng	𧔛	0	
nhặt	日	0	
nhặt	汨	0	
nhặt	抇	0	
nhặt	𪰇	0	
nhặt	𫽰	0	
nhặt	搮	0	
nhặt	撎	0	
nhẹ	弍	0	
nhẹ	你	0	
nhẹ	弭	0	
nhẹ	挕	0	
nhẹ	珥	0	
nhẹ	铒	0	
nhẹ	貳	0	
nhẹ	𨌀	0	
nhẹ	鉺	0	
nhẹ	𫡸	0	
nhẹ	𨏄	0	
nhẹm	壬	0	
nhẹm	冉	0	
nhẹm	染	0	
nhẹm	髯	0	
nhẹn	雁	0	
nhẹn	鴈	0	
nhẹo	𠰉	0	
nhẹp	入	0	
nhẹp	扖	0	
nhẹp	摄	0	
nhẹp	攝	0	
nhẹt	热	0	
nhẹt	熱	0	
nhẹt	𪷴	0	
nhẻ	儿	0	
nhẻ	兒	0	
nhẻ	𠰚	0	
nhẻ	𡮅	0	
nhẻm	冉	0	
nhẻm	呥	0	
nhẻm	𬊁	0	
nhẻm	歛	0	
nhẻo	哓	0	
nhẻo	嘵	0	
nhẻo	𡮾	0	
nhẻo	𡅍	0	
nhẽ	尔	0	
nhẽ	尒	0	
nhẽ	你	0	
nhẽ	𥙧	0	
nhẽ	𫒂	0	
nhẽ	𨤧	0	
nhẽ	爾	0	
nhẽ	𨤰	0	
nhẽ	𥜡	0	
nhẽ	𨤻	0	
nhẽo	绕	0	
nhẽo	繞	0	
nhếch	滴	0	
nhếu	𡃺	0	
nhể	挕	0	
nhể	擟	0	
nhểu	沙	0	
nhễ	𥚅	0	
nhễ	濔	0	
nhệch	𩽏	0	
nhện	蝒	0	
nhỉ	𠰚	0	
nhỉ	洏	0	
nhỉ	㖇	0	
nhỉn	认	0	
nhỉn	認	0	
nhỉnh	𫰕	0	
nhỉnh	𠽒	0	
nhị	二	0	
nhị	弍	0	
nhị	弭	0	
nhị	珥	0	
nhị	貳	0	
nhị	蕊	0	
nhị	蕋	0	
nhị	蘂	0	
nhịn	忍	0	
nhịn	𠴍	0	
nhịn	𢚴	0	
nhịp	叶	0	
nhịp	喋	0	
nhịp	葉	0	
nhịp	揲	0	
nhịp	堞	0	
nhịp	擛	0	
nhịp	𠿚	0	
nhịp	𡑢	0	
nhịp	蹀	0	
nhịp	𣜿	0	
nhịt	𢤢	0	
nhọ	懦	0	
nhọ	孺	0	
nhọc	辱	0	
nhọc	𠢑	0	
nhọc	缛	0	
nhọc	𤹘	0	
nhọc	縟	0	
nhọm	任	0	
nhọn	尖	0	
nhọn	闰	0	
nhọn	钝	0	
nhọn	𡭻	0	
nhọn	锐	0	
nhọn	鈍	0	
nhọn	閏	0	
nhọn	銳	0	
nhọn	鋭	0	
nhọn	𡮭	0	
nhọn	𡮸	0	
nhọn	𡮽	0	
nhọn	𨮐	0	
nhọt	𦝬	0	
nhọt	𤷿	0	
nhỏ	乳	0	
nhỏ	洳	0	
nhỏ	啂	0	
nhỏ	𡮈	0	
nhỏ	㳶	0	
nhỏ	𨼼	0	
nhỏ	𤀒	0	
nhỏ	瀂	0	
nhỏm	䀡	0	
nhỏm	𠽦	0	
nhỏn	𥊡	0	
nhỏng	戎	0	
nhố	𠊜	0	
nhố	嗉	0	
nhối	𤻫	0	
nhốn	𥇈	0	
nhốn	噋	0	
nhốn	𠾽	0	
nhốt	拙	0	
nhốt	𡇻	0	
nhốt	𢱝	0	
nhốt	箤	0	
nhốt	噎	0	
nhồi	抐	0	
nhồi	𢬗	0	
nhồi	𠱤	0	
nhồi	𫝻	0	
nhồi	𧐻	0	
nhồi	𢹉	0	
nhồm	𠰃	0	
nhồm	𠲏	0	
nhồm	谈	0	
nhồm	跕	0	
nhồm	談	0	
nhồm	𡃘	0	
nhồng	𪀚	0	
nhổ	扗	0	
nhổ	吐	0	
nhổ	杜	0	
nhổ	𠰍	0	
nhổ	𢭰	0	
nhổ	𢭵	0	
nhổ	𠴗	0	
nhổ	啂	0	
nhổ	𢯚	0	
nhổ	𢮫	0	
nhổ	撸	0	
nhổ	𢷀	0	
nhổ	擼	0	
nhổ	𭉷	0	
nhổm	跕	0	
nhổm	𨃊	0	
nhổn	呠	0	
nhỗ	乳	0	
nhỗ	鲁	0	
nhỗ	魯	0	
nhội	𤏢	0	
nhộn	忍	0	
nhộn	闰	0	
nhộn	閏	0	
nhộn	遁	0	
nhộn	遯	0	
nhộn	𠾽	0	
nhộng	𣳔	0	
nhộng	𧊊	0	
nhộng	𧋼	0	
nhộng	蛹	0	
nhột	𤷿	0	
nhớ	女	0	
nhớ	𠯆	0	
nhớ	𢖵	0	
nhớ	汝	0	
nhớ	𫺈	0	
nhớ	渚	0	
nhớ	𪡑	0	
nhớm	𪾋	0	
nhớm	监	0	
nhớm	監	0	
nhớn	𢙫	0	
nhớn	𥅃	0	
nhớn	𢚴	0	
nhớn	寅	0	
nhớn	𡙵	0	
nhớn	𥈵	0	
nhớn	㦓	0	
nhớn	瞷	0	
nhớn	覵	0	
nhớp	叺	0	
nhớp	𣱿	0	
nhớp	㳌	0	
nhớt	𣼸	0	
nhờ	如	0	
nhờ	侞	0	
nhờ	𢘾	0	
nhờ	𫼰	0	
nhờ	洳	0	
nhời	𡗶	0	
nhời	𠳒	0	
nhờn	闲	0	
nhờn	忍	0	
nhờn	閑	0	
nhờn	𬚿	0	
nhờn	憪	0	
nhờn	𢡿	0	
nhờn	嘫	0	
nhờn	憦	0	
nhờn	澖	0	
nhờn	𦠯	0	
nhờn	𦠥	0	
nhờn	𤁕	0	
nhờn	𨆀	0	
nhờn	𨅽	0	
nhờn	𫻤	0	
nhở	汝	0	
nhở	𠲤	0	
nhởi	汝	0	
nhởi	䟢	0	
nhởm	啱	0	
nhởm	𡆑	0	
nhởn	忍	0	
nhởn	眼	0	
nhởn	简	0	
nhởn	𣼹	0	
nhởn	簡	0	
nhỡ	女	0	
nhỡ	洳	0	
nhỡ	𣳮	0	
nhỡ	㛎	0	
nhỡ	𨀾	0	
nhỡ	𫶯	0	
nhợ	𦀌	0	
nhợn	噋	0	
nhợn	㗴	0	
nhợt	泺	0	
nhợt	辣	0	
nhợt	𣼸	0	
nhợt	曀	0	
nhợt	𤁕	0	
nhợt	濼	0	
nhụ	肉	0	
nhụ	𫐓	0	
nhụ	輮	0	
nhụ	懦	0	
nhụ	孺	0	
nhụa	濡	0	
nhụa	懦	0	
nhụa	孺	0	
nhục	肉	0	
nhục	辱	0	
nhục	蓐	0	
nhục	缛	0	
nhục	溽	0	
nhục	嗕	0	
nhục	𢟹	0	
nhục	褥	0	
nhục	縟	0	
nhụi	队	0	
nhụi	乳	0	
nhụi	隊	0	
nhụi	啂	0	
nhụt	钝	0	
nhụt	鈍	0	
nhụt	𢟹	0	
nhụt	𨨷	0	
nhủ	乳	0	
nhủ	啂	0	
nhủ	喻	0	
nhủ	𣜻	0	
nhủi	𠓩	0	
nhủi	箒	0	
nhứ	汝	0	
nhứ	𢬨	0	
nhứ	预	0	
nhứ	絮	0	
nhứ	預	0	
nhức	𬏚	0	
nhức	𠯅	0	
nhức	𤴵	0	
nhức	𤵖	0	
nhức	聀	0	
nhức	𤹚	0	
nhức	𤼕	0	
nhứt	一	0	
nhứt	弌	0	
nhứt	壹	0	
nhứt	𣼸	0	
nhừ	予	0	
nhừ	汝	0	
nhừ	如	0	
nhừ	洳	0	
nhừ	𣴓	0	
nhừ	𤈟	0	
nhừa	茹	0	
nhừa	𣺾	0	
nhử	汝	0	
nhử	𠶁	0	
nhử	𩚔	0	
nhử	𡁎	0	
nhửt	日	0	
nhữ	女	0	
nhữ	汝	0	
những	仍	0	
những	忍	0	
những	𠳒	0	
nhữu	糅	0	
nhự	茹	0	
nhựa	汿	0	
nhựa	茄	0	
nhựa	茹	0	
nhựa	𦵙	0	
nhựa	𣺾	0	
nhựa	蕷	0	
nhựa	澦	0	
nhựt	日	0	
nhựu	禸	0	
nhựu	㖻	0	
ni	尼	0	
ni	伲	0	
ni	怩	0	
ni	妮	0	
ni	狔	0	
ni	呢	0	
ni	铌	0	
ni	𪠝	0	
ni	鈮	0	
nia	尼	0	
nia	𥬩	0	
ninh	宁	0	
ninh	泞	0	
ninh	咛	0	
ninh	拧	0	
ninh	狞	0	
ninh	聍	0	
ninh	甯	0	
ninh	寧	0	
ninh	擰	0	
ninh	獰	0	
ninh	嚀	0	
ninh	懧	0	
ninh	濘	0	
ninh	𦡲	0	
ninh	聹	0	
niu	𫼩	0	
niu	㝹	0	
niu	𫽠	0	
niêm	拈	0	
niêm	秥	0	
niêm	粘	0	
niêm	捻	0	
niêm	溓	0	
niêm	鲇	0	
niêm	鮎	0	
niêm	黏	0	
niên	年	0	
niên	囝	0	
niên	𥝝	0	
niêu	𡊱	0	
niêu	𡋁	0	
niêu	㙘	0	
niêu	㙩	0	
niêu	墝	0	
niêu	𡒭	0	
niêu	𦉗	0	
niếp	囡	0	
niếp	嗫	0	
niếp	囁	0	
niếp	躡	0	
niết	圼	0	
niết	苶	0	
niết	𬛸	0	
niết	涅	0	
niết	捏	0	
niết	臬	0	
niết	菍	0	
niết	捻	0	
niết	隉	0	
niết	揑	0	
niết	镍	0	
niết	鎳	0	
niềm	念	0	
niềm	腍	0	
niềm	鲇	0	
niềm	鮎	0	
niềm	鯰	0	
niền	𦀅	0	
niềng	𬞊	0	
niểu	裊	0	
niểu	櫟	0	
niễn	䟢	0	
niễn	撵	0	
niễn	碾	0	
niễn	攆	0	
niễng	𫈘	0	
niễu	袅	0	
niễu	嫋	0	
niễu	裊	0	
niễu	𡡅	0	
niễu	𢶑	0	
niệm	廿	0	
niệm	念	0	
niệm	埝	0	
niệm	唸	0	
niệm	捻	0	
niệm	撚	0	
niệp	捻	0	
niệu	尿	0	
niệu	溺	0	
nnơ	牙	0	
no	奴	0	
no	𪥯	0	
no	𩛂	0	
noa	孥	0	
noa	挼	0	
noi	浽	0	
noi	𨁡	0	
noi	𨁧	0	
noi	𬧇	0	
noi	𫏙	0	
noi	𬧗	0	
nom	南	0	
nom	窞	0	
nom	𥈶	0	
nom	𫌢	0	
non	嫩	0	
non	𡽫	0	
non	𧀒	0	
non	𡄨	0	
nong	农	0	
nong	農	0	
nong	擃	0	
nong	𥵛	0	
nong	𫓒	0	
noã	𣇫	0	
noãn	卵	0	
noãn	赧	0	
noãn	暖	0	
noãn	煖	0	
noòng	浓	0	
noòng	濃	0	
noạ	惰	0	
noạ	懦	0	
noản	赧	0	
noọng	𫰇	0	
noọng	侬	0	
noọng	娘	0	
noọng	儂	0	
nu	𦬻	0	
nu	𪺹	0	
nu	㝹	0	
nua	女	0	
nua	奴	0	
nua	孥	0	
nua	怒	0	
nua	𫅴	0	
nua	𫷗	0	
nua	𬖗	0	
nua	𬆎	0	
nung	𡏠	0	
nung	熔	0	
nung	𤐜	0	
nung	燶	0	
nung	𤒚	0	
nuy	萎	0	
nuy	痿	0	
nuôi	挼	0	
nuôi	哸	0	
nuôi	馁	0	
nuôi	餒	0	
nuôi	𬯜	0	
nuôi	𩝺	0	
nuôi	𬛠	0	
nuôi	𩟼	0	
nuầy	𫙖	0	
nuối	𢗉	0	
nuốt	讷	0	
nuốt	纳	0	
nuốt	呐	0	
nuốt	突	0	
nuốt	㖔	0	
nuốt	納	0	
nuốt	啐	0	
nuốt	訥	0	
nuốt	𠸂	0	
nuốt	𠽆	0	
nuốt	𠾹	0	
nuộc	𦁁	0	
nuộc	缛	0	
nuộc	𫃩	0	
nuộc	縟	0	
nuột	纳	0	
nuột	納	0	
nuột	湥	0	
nuột	𣻀	0	
nuỵ	倭	0	
nuỵ	矮	0	
nà	那	0	
nà	拿	0	
nà	𪽖	0	
nà	𫅷	0	
nài	奈	0	
nài	呢	0	
nài	耐	0	
nài	𪥑	0	
nài	㖠	0	
nài	捺	0	
nàn	难	0	
nàn	𪹰	0	
nàn	難	0	
nàn	𬥬	0	
nàn	𬥮	0	
nàn	𡅨	0	
nàn	𭉼	0	
nàn	𮥷	0	
nàng	娘	0	
nành	𥢃	0	
nành	𫎄	0	
nành	𧰗	0	
nào	芇	0	
nào	芾	0	
nào	闹	0	
nào	閙	0	
nào	鬧	0	
này	尼	0	
này	呢	0	
này	㖠	0	
ná	那	0	
ná	弩	0	
ná	挪	0	
ná	哪	0	
ná	梛	0	
ná	𫸶	0	
nác	匿	0	
nác	渃	0	
nác	𠽋	0	
nác	𦟻	0	
nách	𦙜	0	
nách	腋	0	
nách	溺	0	
nách	𦟱	0	
nách	𦟸	0	
nách	𦟜	0	
nách	𦡥	0	
nái	奶	0	
nái	𤜠	0	
nái	奈	0	
nái	𧈣	0	
nái	𥾋	0	
nái	𬤻	0	
nái	赖	0	
nái	賴	0	
nám	焾	0	
nán	曩	0	
nán	儾	0	
náng	娘	0	
náo	闹	0	
náo	恼	0	
náo	𠴼	0	
náo	淖	0	
náo	惱	0	
náo	閙	0	
náo	鬧	0	
nát	涅	0	
nát	捏	0	
nát	湼	0	
nát	揑	0	
nát	𢝘	0	
nát	𡐘	0	
nát	𦟻	0	
náu	搙	0	
náu	蓐	0	
náu	𤍇	0	
náu	鬧	0	
náu	耨	0	
náy	乃	0	
náy	扔	0	
náy	𫹭	0	
náy	怩	0	
nâm	您	0	
nân	𦣎	0	
nâng	𢪲	0	
nâng	娘	0	
nâng	能	0	
nâng	𫠹	0	
nâng	㨢	0	
nâng	𠹌	0	
nâng	擃	0	
nâu	𪲍	0	
nâu	𣘽	0	
nâu	𬞎	0	
nâu	𩹩	0	
nây	胒	0	
nây	𫆜	0	
nã	拏	0	
nã	拿	0	
nã	𫴲	0	
nã	镎	0	
nã	𫑏	0	
nã	鎿	0	
nãi	乃	0	
nãi	奶	0	
nãi	艿	0	
nãi	廼	0	
nãi	迺	0	
nãi	嬭	0	
nãm	揇	0	
nãm	䈒	0	
nãng	烫	0	
nãng	燙	0	
não	恼	0	
não	挠	0	
não	𢙐	0	
não	脑	0	
não	惱	0	
não	瑙	0	
não	腦	0	
não	撓	0	
não	𢣈	0	
não	憹	0	
nãy	乃	0	
nãy	𣅅	0	
nè	泥	0	
né	你	0	
né	泥	0	
né	𬨬	0	
né	𫐪	0	
ném	𦮴	0	
ném	捻	0	
ném	𢷁	0	
nén	𦮴	0	
nén	𨦧	0	
nén	篆	0	
nén	𥗨	0	
nén	𣡤	0	
nén	𤓢	0	
nén	𥘀	0	
nén	𥗾	0	
nén	𨰴	0	
néo	了	0	
néo	纽	0	
néo	紐	0	
néo	袅	0	
néo	裊	0	
néo	𢶑	0	
néo	𦆚	0	
nép	纳	0	
nép	納	0	
nép	𠌦	0	
nép	𢟕	0	
nép	摄	0	
nép	𬧮	0	
nép	攝	0	
nép	躡	0	
nét	𤵖	0	
nét	涅	0	
nét	湼	0	
nét	𢝘	0	
nê	尼	0	
nê	呢	0	
nê	坭	0	
nê	泥	0	
nêm	𢬧	0	
nêm	𣑻	0	
nêm	揇	0	
nêm	喃	0	
nêm	楠	0	
nêm	𨡯	0	
nên	年	0	
nên	妟	0	
nên	𫻽	0	
nên	揇	0	
nên	𢧚	0	
nênh	𬈿	0	
nêu	标	0	
nêu	𫼩	0	
nêu	𪲍	0	
nêu	標	0	
nì	尼	0	
nì	呢	0	
ních	弱	0	
ních	𠺁	0	
ních	𡀡	0	
nín	𠲃	0	
nín	𠴍	0	
nín	𠼶	0	
nính	佞	0	
nính	泞	0	
nính	𢴕	0	
nính	濘	0	
nính	𦡲	0	
níp	𫌇	0	
níp	襵	0	
níp	𥸓	0	
nít	涅	0	
nít	𪦼	0	
nít	𡥴	0	
nít	湼	0	
nít	𢝘	0	
nít	𡮛	0	
nít	𣻾	0	
níu	𫼩	0	
níu	𢯨	0	
níu	𢷃	0	
níu	𢶑	0	
níu	𢶐	0	
nò	奴	0	
nò	笯	0	
nòi	内	0	
nòi	㐻	0	
nòi	𡥤	0	
nòi	类	0	
nòi	𧞥	0	
nòi	類	0	
nòi	𬷸	0	
nòng	𬠥	0	
nòng	檂	0	
nòng	𧓅	0	
nó	奴	0	
nó	伮	0	
nó	怒	0	
nóc	屋	0	
nóc	恧	0	
nóc	祿	0	
nóc	蓐	0	
nóc	箼	0	
nóc	𦢢	0	
nóc	𦢡	0	
nóc	𧂭	0	
nóc	𣟪	0	
nóc	𡳽	0	
nóc	𩠸	0	
nói	内	0	
nói	叻	0	
nói	尼	0	
nói	讷	0	
nói	吶	0	
nói	呐	0	
nói	訥	0	
nói	𠺶	0	
nón	𡽫	0	
nón	𥶄	0	
nóng	𤎏	0	
nóng	燶	0	
nóp	纳	0	
nóp	衲	0	
nóp	納	0	
nô	奴	0	
nô	伮	0	
nô	帑	0	
nô	驽	0	
nô	呶	0	
nô	孥	0	
nô	笯	0	
nô	駑	0	
nôi	枘	0	
nôi	浽	0	
nôi	𪰤	0	
nôi	挼	0	
nôi	𪸯	0	
nôi	𣊌	0	
nôi	𥱮	0	
nôi	𥷓	0	
nôm	喃	0	
nôn	农	0	
nôn	農	0	
nôn	嫩	0	
nôn	𡽫	0	
nôn	𡁛	0	
nôn	𧀒	0	
nôn	𫬣	0	
nôn	𡄨	0	
nông	农	0	
nông	侬	0	
nông	浓	0	
nông	哝	0	
nông	農	0	
nông	儂	0	
nông	蕽	0	
nông	噥	0	
nông	濃	0	
nông	檂	0	
nông	𬉰	0	
nông	𪇌	0	
nõ	弩	0	
nõ	呶	0	
nõ	笯	0	
nõn	嫩	0	
nõn	𧀒	0	
nùi	芮	0	
nùi	𡍝	0	
nùn	蕽	0	
nùng	侬	0	
nùng	浓	0	
nùng	𢙐	0	
nùng	儂	0	
nùng	嶩	0	
nùng	憹	0	
nùng	濃	0	
nùng	檂	0	
nùng	膿	0	
nùng	燶	0	
nùng	醲	0	
núc	匿	0	
núc	𠴐	0	
núc	𫭵	0	
núc	耨	0	
núc	矗	0	
núi	𡶀	0	
núm	念	0	
núm	埝	0	
núm	捻	0	
núm	稔	0	
núng	农	0	
núng	農	0	
núp	纳	0	
núp	納	0	
núp	𥧩	0	
nút	鈕	0	
nút	鉃	0	
nút	𦄠	0	
nút	𨨷	0	
năm	年	0	
năm	南	0	
năm	𫧣	0	
năm	𫡵	0	
năm	𠄼	0	
năm	𫷜	0	
năm	𢆥	0	
năn	能	0	
năn	难	0	
năn	𢭹	0	
năn	𢟒	0	
năn	𬝴	0	
năn	噒	0	
năn	難	0	
năn	𡅧	0	
năn	𡅨	0	
năn	䕼	0	
năn	𭉼	0	
năng	𫧇	0	
năng	能	0	
năng	菱	0	
năng	䏻	0	
năng	攮	0	
năng	𮐝	0	
nĩ	抳	0	
nĩ	铌	0	
nĩ	鈮	0	
nũng	冗	0	
nũng	陇	0	
nũng	哝	0	
nũng	𨻫	0	
nũng	㗈	0	
nũng	噥	0	
nũng	隴	0	
nơ	𦀨	0	
nơi	尼	0	
nơi	坭	0	
nơm	䈒	0	
nư	哪	0	
nưa	𪥤	0	
nưa	𬪄	0	
nưa	𦰢	0	
nưa	𦰡	0	
nưa	𬠌	0	
nưng	能	0	
nưng	㨢	0	
nưng	𫠹	0	
nươm	湳	0	
nương	娘	0	
nương	𢭗	0	
nương	埌	0	
nương	𬏊	0	
nương	𬏒	0	
nương	孃	0	
nương	囊	0	
nước	匿	0	
nước	渃	0	
nước	著	0	
nước	𫭔	0	
nướng	𪹷	0	
nướng	𣡤	0	
nướng	𤓢	0	
nướu	腬	0	
nườm	湳	0	
nường	娘	0	
nược	𩺱	0	
nượp	纳	0	
nượp	納	0	
nạ	哪	0	
nạ	娜	0	
nạ	拿	0	
nạ	𠌧	0	
nạ	𫱗	0	
nạ	𫖂	0	
nạ	𩈩	0	
nạ	𫖄	0	
nạc	𦟻	0	
nạch	疒	0	
nạch	病	0	
nạch	搦	0	
nại	奈	0	
nại	柰	0	
nại	耐	0	
nại	萘	0	
nại	㖠	0	
nại	捺	0	
nại	𦄌	0	
nạm	萏	0	
nạm	捻	0	
nạm	棯	0	
nạm	腩	0	
nạn	难	0	
nạn	𪻉	0	
nạn	難	0	
nạng	娘	0	
nạng	𣠺	0	
nạng	㰙	0	
nạng	𣡤	0	
nạnh	佞	0	
nạnh	懧	0	
nạnh	𩕳	0	
nạo	挠	0	
nạo	𫿹	0	
nạo	𥑚	0	
nạo	铙	0	
nạo	硇	0	
nạo	鈕	0	
nạo	撓	0	
nạo	鐃	0	
nạp	纳	0	
nạp	肭	0	
nạp	钠	0	
nạp	衲	0	
nạp	納	0	
nạp	鈉	0	
nạp	㵊	0	
nạp	䈫	0	
nạt	捏	0	
nạt	涅	0	
nạt	揑	0	
nạt	𠽇	0	
nạy	奈	0	
nả	那	0	
nả	娜	0	
nả	拏	0	
nả	拿	0	
nả	𥭵	0	
nả	𫖂	0	
nả	𩈩	0	
nải	乃	0	
nải	𢖱	0	
nải	㭁	0	
nải	奈	0	
nảm	蝻	0	
nản	难	0	
nản	赧	0	
nản	難	0	
nản	𢥪	0	
nảo	恼	0	
nảo	惱	0	
nảp	纳	0	
nảp	納	0	
nảy	乃	0	
nảy	艿	0	
nảy	𫡐	0	
nảy	扔	0	
nảy	㭁	0	
nảy	𤆈	0	
nảy	此	0	
nảy	䄧	0	
nảy	運	0	
nảy	𬝡	0	
nấc	𠽋	0	
nấc	慝	0	
nấm	埝	0	
nấm	菍	0	
nấm	捻	0	
nấm	𡎜	0	
nấm	稔	0	
nấm	𪳋	0	
nấm	蕈	0	
nấn	拫	0	
nấn	振	0	
nấn	赧	0	
nấng	能	0	
nấng	㨢	0	
nấng	𪣾	0	
nấng	𫆽	0	
nấng	𦣙	0	
nấng	𦣘	0	
nấng	𩟻	0	
nấng	𫇄	0	
nấng	饢	0	
nấp	纳	0	
nấp	納	0	
nấp	𩄵	0	
nấu	恼	0	
nấu	惱	0	
nấu	𬊢	0	
nấu	𤋷	0	
nấu	𦞹	0	
nấu	𤍇	0	
nấu	𤐛	0	
nấu	𤒛	0	
nấy	乃	0	
nấy	伲	0	
nấy	呢	0	
nấy	𫡝	0	
nầm	纳	0	
nầm	納	0	
nầm	楠	0	
nần	𫱞	0	
nần	㨢	0	
nần	嫨	0	
nần	難	0	
nần	𡅨	0	
nầy	尼	0	
nẩm	南	0	
nẩy	乃	0	
nẩy	尼	0	
nẩy	艿	0	
nẩy	扔	0	
nẩy	䄧	0	
nẫm	卅	0	
nẫm	菍	0	
nẫm	稔	0	
nẫu	恼	0	
nẫu	惱	0	
nẫu	𤊲	0	
nẫu	𦼝	0	
nẫu	𤒛	0	
nẫy	扔	0	
nẫy	𣅅	0	
nậm	埝	0	
nậm	稔	0	
nậm	𡔃	0	
nậng	𠹌	0	
nập	纳	0	
nập	納	0	
nập	笠	0	
nập	𠌦	0	
nập	𨃺	0	
nậu	肉	0	
nậu	𡝦	0	
nậu	啂	0	
nậu	搙	0	
nậu	槈	0	
nậu	耨	0	
nậu	鎒	0	
nậu	𧂭	0	
nậy	捺	0	
nậy	㮈	0	
nắc	匿	0	
nắm	𪫶	0	
nắm	唸	0	
nắm	捻	0	
nắm	揇	0	
nắm	喃	0	
nắm	稔	0	
nắn	赧	0	
nắn	摊	0	
nắn	攤	0	
nắng	烫	0	
nắng	燙	0	
nắng	𪱆	0	
nắng	曩	0	
nắng	𣌝	0	
nắng	𤓢	0	
nắp	𠖘	0	
nắp	䈫	0	
nắp	𫒾	0	
nằm	南	0	
nằm	𬛩	0	
nằm	𦣰	0	
nằn	难	0	
nằn	噒	0	
nằn	難	0	
nằn	𡅧	0	
nằn	𡅨	0	
nằng	能	0	
nẳn	𤓩	0	
nẳn	𥸒	0	
nẵng	擃	0	
nẵng	曩	0	
nẵng	囊	0	
nẵng	儾	0	
nặc	昵	0	
nặc	诺	0	
nặc	匿	0	
nặc	喏	0	
nặc	锘	0	
nặc	暱	0	
nặc	諾	0	
nặc	鍩	0	
nặc	𩺱	0	
nặm	淰	0	
nặn	㨢	0	
nặn	摊	0	
nặn	攤	0	
nặn	𡔃	0	
nặng	曩	0	
nặng	𥗨	0	
nặng	𥘀	0	
nặng	𥗾	0	
nặng	𨤼	0	
nẹn	𢬧	0	
nẹo	袅	0	
nẹo	裊	0	
nẹp	衲	0	
nẹp	𣘆	0	
nẹt	㖏	0	
nẹt	𠵋	0	
nẹt	𠽇	0	
nẻ	尔	0	
nẻ	尒	0	
nẻ	你	0	
nẻ	𦕗	0	
nẻ	爾	0	
nẻ	儞	0	
nẻo	袅	0	
nẻo	裊	0	
nẻo	𡑩	0	
nẻo	𡀮	0	
nẻo	櫟	0	
nẽn	𢆘	0	
nếm	唸	0	
nếm	𫫞	0	
nến	佞	0	
nến	𢆭	0	
nến	𤓢	0	
nếp	摄	0	
nếp	𫌇	0	
nếp	𥻻	0	
nếp	𫒅	0	
nếp	攝	0	
nếp	𡓳	0	
nếp	襵	0	
nếp	𬗂	0	
nết	涅	0	
nết	湼	0	
nết	𢝘	0	
nết	𢟗	0	
nếu	𠮩	0	
nếu	袅	0	
nếu	裊	0	
nếu	𡀮	0	
nếu	櫟	0	
nếu	𭈥	0	
nề	尼	0	
nề	伲	0	
nề	泥	0	
nề	耐	0	
nề	𪿗	0	
nề	𪣮	0	
nề	𫒃	0	
nềm	𪪆	0	
nền	𡋂	0	
nền	𪤍	0	
nền	𫮱	0	
nền	𡔒	0	
nể	尔	0	
nể	尒	0	
nể	你	0	
nể	𢘝	0	
nể	𠰚	0	
nể	泥	0	
nể	呢	0	
nể	𪡇	0	
nể	旎	0	
nể	爾	0	
nể	𢣚	0	
nểt	涅	0	
nễ	你	0	
nễ	坭	0	
nễ	濔	0	
nệ	你	0	
nệ	泥	0	
nệ	胒	0	
nệm	𧛋	0	
nệm	𦁇	0	
nện	𢬧	0	
nện	搌	0	
nện	𪤍	0	
nện	𢵫	0	
nện	㩔	0	
nện	攮	0	
nện	𥘀	0	
nỉ	𢘝	0	
nỉ	𠰚	0	
nỉ	𠱈	0	
nỉ	呢	0	
nỉ	𥿡	0	
nỉ	𫷍	0	
nỉ	𢣚	0	
nỉa	铌	0	
nỉa	鈮	0	
nị	腻	0	
nị	膩	0	
nịch	腋	0	
nịch	溺	0	
nịnh	佞	0	
nịnh	柠	0	
nịnh	檸	0	
nịt	𦁻	0	
nịt	𦄇	0	
nịu	𠸔	0	
nịu	溺	0	
nịu	𡣄	0	
nọ	奴	0	
nọ	怒	0	
nọc	毒	0	
nọc	𬟻	0	
nọc	𠷮	0	
nọc	𣕬	0	
nọc	槈	0	
nọc	蝳	0	
nọc	𫯕	0	
nọc	𬠶	0	
nọi	𫴹	0	
nọi	𪧿	0	
nọi	肭	0	
nọn	嫩	0	
nọng	脓	0	
nọng	膿	0	
nọng	𬍎	0	
nọt	𢝘	0	
nỏ	弩	0	
nỏ	呶	0	
nỏ	𬊨	0	
nỏn	嫩	0	
nốc	衄	0	
nốc	𠴐	0	
nối	内	0	
nối	芮	0	
nối	浽	0	
nối	绥	0	
nối	𫃤	0	
nối	綏	0	
nối	𦀼	0	
nối	𨁡	0	
nối	𫃸	0	
nối	𫄌	0	
nối	𫄑	0	
nối	𦇒	0	
nống	浓	0	
nống	擃	0	
nống	濃	0	
nống	𫧪	0	
nốp	纳	0	
nốp	納	0	
nốt	讷	0	
nốt	咄	0	
nốt	訥	0	
nốt	脺	0	
nốt	𤹽	0	
nồi	内	0	
nồi	㘨	0	
nồm	南	0	
nồm	喃	0	
nồm	腩	0	
nồm	𩄑	0	
nồn	嫩	0	
nồng	浓	0	
nồng	脓	0	
nồng	秾	0	
nồng	濃	0	
nồng	燶	0	
nồng	膿	0	
nồng	穠	0	
nồng	𪞽	0	
nồng	醲	0	
nồng	𨐺	0	
nổ	奴	0	
nổ	弩	0	
nổ	𫯅	0	
nổi	妥	0	
nổi	浽	0	
nổi	㧵	0	
nổi	浮	0	
nổi	𬈗	0	
nổi	磊	0	
nổi	𤃠	0	
nổng	嶩	0	
nỗ	努	0	
nỗ	弩	0	
nỗ	𢫓	0	
nỗi	内	0	
nỗi	㧵	0	
nỗi	浽	0	
nỗi	馁	0	
nỗi	𢚶	0	
nỗi	𦁀	0	
nỗi	餒	0	
nộ	怒	0	
nộc	𬷨	0	
nội	内	0	
nội	㐻	0	
nội	㘨	0	
nộm	㑫	0	
nộm	菍	0	
nộn	嫩	0	
nộp	纳	0	
nộp	納	0	
nột	讷	0	
nột	𢗉	0	
nột	呐	0	
nột	肭	0	
nột	訥	0	
nớ	女	0	
nới	乃	0	
nới	扔	0	
nớp	纳	0	
nớp	納	0	
nớp	𠺶	0	
nớt	涅	0	
nớt	湼	0	
nở	汝	0	
nở	𦬑	0	
nở	𠴑	0	
nở	𫉅	0	
nỡ	女	0	
nỡ	𦬑	0	
nỡ	𡝖	0	
nỡm	覧	0	
nợ	女	0	
nợ	𢖵	0	
nợ	𧴱	0	
nợ	嫧	0	
nợ	𡢻	0	
nụ	𦬻	0	
nụ	莜	0	
nụ	𦵝	0	
nụ	𦵚	0	
nụ	𦾤	0	
nục	忸	0	
nục	肭	0	
nục	衂	0	
nục	恧	0	
nục	朒	0	
nục	䖡	0	
nục	衄	0	
nục	𦛾	0	
nục	䶊	0	
nụi	内	0	
nủa	怒	0	
nủng	襛	0	
nủng	𨆞	0	
nứa	𪱴	0	
nứa	𥫭	0	
nứa	梛	0	
nức	涅	0	
nức	匿	0	
nức	湼	0	
nức	𠽋	0	
nức	慝	0	
nức	𢴚	0	
nức	𤎐	0	
nức	𢢉	0	
nức	㘃	0	
nức	𬳤	0	
nứng	𦣘	0	
nứt	𤇩	0	
nứt	𡐘	0	
nứt	𢴚	0	
nứu	糅	0	
nừng	𥶰	0	
nửa	女	0	
nửa	𤖩	0	
nửa	𡛤	0	
nửa	姅	0	
nửa	美	0	
nữ	女	0	
nữ	钕	0	
nữ	釹	0	
nữa	女	0	
nữa	姅	0	
nữu	忸	0	
nữu	妞	0	
nữu	扭	0	
nữu	纽	0	
nữu	抝	0	
nữu	狃	0	
nữu	杻	0	
nữu	拗	0	
nữu	䖡	0	
nữu	紐	0	
nữu	鈕	0	
nự	女	0	
nựa	肗	0	
nực	𠽋	0	
nực	𤎐	0	
nựng	邓	0	
nựng	娘	0	
nựng	𠹌	0	
nựng	鄧	0	
o	乌	0	
o	呜	0	
o	姑	0	
o	烏	0	
o	嗚	0	
o	𪦭	0	
oa	呙	0	
oa	呱	0	
oa	咼	0	
oa	娃	0	
oa	洼	0	
oa	歪	0	
oa	哇	0	
oa	莴	0	
oa	㖞	0	
oa	倭	0	
oa	娲	0	
oa	涡	0	
oa	萵	0	
oa	媧	0	
oa	渦	0	
oa	喎	0	
oa	蛙	0	
oa	窝	0	
oa	锅	0	
oa	窩	0	
oa	蜗	0	
oa	窪	0	
oa	蝸	0	
oa	鍋	0	
oai	歪	0	
oai	威	0	
oai	㖞	0	
oai	喎	0	
oam	衫	0	
oan	苑	0	
oan	鸳	0	
oan	冤	0	
oan	眢	0	
oan	寃	0	
oan	鴛	0	
oan	鵷	0	
oang	咣	0	
oang	𨋌	0	
oang	𠻄	0	
oang	轟	0	
oanh	訇	0	
oanh	莺	0	
oanh	啨	0	
oanh	萦	0	
oanh	𨋌	0	
oanh	罃	0	
oanh	縈	0	
oanh	鶯	0	
oanh	轟	0	
oe	呱	0	
oe	喴	0	
oeo	腰	0	
oeo	𪱘	0	
oi	渨	0	
oi	煨	0	
om	堷	0	
om	萻	0	
om	喑	0	
om	𤋾	0	
om	𦽔	0	
om	𫉮	0	
om	𫇌	0	
om	𬛯	0	
on	嗢	0	
ong	蜂	0	
ong	螉	0	
oà	呙	0	
oà	咼	0	
oà	呱	0	
oà	哇	0	
oà	𫬢	0	
oàm	𠽛	0	
oàng	𠰈	0	
oàng	咣	0	
oàng	𨋌	0	
oàng	轟	0	
oác	霍	0	
oác	嚯	0	
oách	獲	0	
oách	蠖	0	
oái	荟	0	
oái	𠶔	0	
oái	喴	0	
oái	𡀧	0	
oái	薈	0	
oán	怨	0	
oán	盌	0	
oánh	莛	0	
oánh	瑩	0	
oát	腽	0	
oát	斡	0	
oè	哕	0	
oè	噦	0	
oè	𥖸	0	
oé	𥖸	0	
oóc	沃	0	
oóc	𫥫	0	
oăm	𣍍	0	
oạc	活	0	
oạp	唈	0	
oạt	穵	0	
oạt	挖	0	
oải	倭	0	
oải	痿	0	
oải	矮	0	
oản	苑	0	
oản	盌	0	
oản	㼝	0	
oản	菀	0	
oản	椀	0	
oản	腕	0	
oản	碗	0	
oản	𥺹	0	
oắt	𡯀	0	
oằn	𢫠	0	
oẳng	𬍌	0	
oặt	活	0	
oặt	𠴎	0	
oặt	倔	0	
oặt	掘	0	
oặt	𡯀	0	
oẹ	呱	0	
oẹ	哕	0	
oẹ	噦	0	
oẹt	穴	0	
oẻ	痿	0	
pang	邦	0	
pha	㓟	0	
pha	把	0	
pha	陂	0	
pha	坡	0	
pha	披	0	
pha	玻	0	
pha	颇	0	
pha	葩	0	
pha	㨢	0	
pha	頗	0	
pha	簸	0	
phai	沛	0	
phai	泒	0	
phai	拜	0	
phai	派	0	
phai	𬜞	0	
phan	拌	0	
phan	番	0	
phan	樊	0	
phan	幡	0	
phan	潘	0	
phan	旛	0	
phan	攀	0	
phang	㧍	0	
phang	𪭫	0	
phang	挷	0	
phang	滂	0	
phang	潘	0	
phanh	亨	0	
phanh	怦	0	
phanh	抨	0	
phanh	泙	0	
phanh	姘	0	
phanh	拼	0	
phanh	砰	0	
phanh	烹	0	
phanh	𫱋	0	
phanh	𢴒	0	
phao	抛	0	
phao	拋	0	
phao	砲	0	
phao	脬	0	
phao	漂	0	
phau	抛	0	
phau	𤽵	0	
phay	𠚵	0	
phay	沛	0	
phay	㓟	0	
phay	𦞓	0	
phay	霏	0	
phay	䤵	0	
phe	批	0	
phe	派	0	
phe	𫵫	0	
phen	畨	0	
phen	番	0	
phen	蕃	0	
phen	𬏗	0	
phen	藩	0	
pheo	漂	0	
pheo	𣠓	0	
phep	标	0	
phep	標	0	
phi	飞	0	
phi	丕	0	
phi	妃	0	
phi	纰	0	
phi	抷	0	
phi	坯	0	
phi	呸	0	
phi	非	0	
phi	披	0	
phi	苤	0	
phi	飛	0	
phi	疿	0	
phi	剕	0	
phi	紕	0	
phi	绯	0	
phi	菲	0	
phi	扉	0	
phi	鈹	0	
phi	蜚	0	
phi	緋	0	
phi	霏	0	
phi	鲱	0	
phi	𨅥	0	
phi	鯡	0	
phi	𩹉	0	
phia	𬒏	0	
phiu	膘	0	
phiên	萹	0	
phiên	番	0	
phiên	蕃	0	
phiên	幡	0	
phiên	翩	0	
phiên	膰	0	
phiên	翻	0	
phiên	旛	0	
phiên	藩	0	
phiên	䉒	0	
phiên	繙	0	
phiên	飜	0	
phiêu	标	0	
phiêu	剽	0	
phiêu	慓	0	
phiêu	嫖	0	
phiêu	漂	0	
phiêu	骠	0	
phiêu	飘	0	
phiêu	標	0	
phiêu	镖	0	
phiêu	瞟	0	
phiêu	薸	0	
phiêu	䉒	0	
phiêu	鏢	0	
phiêu	鳔	0	
phiêu	闝	0	
phiêu	飃	0	
phiêu	飄	0	
phiêu	驃	0	
phiêu	鰾	0	
phiếm	凡	0	
phiếm	氾	0	
phiếm	汛	0	
phiếm	汎	0	
phiếm	泛	0	
phiến	片	0	
phiến	扇	0	
phiến	骗	0	
phiến	骟	0	
phiến	搧	0	
phiến	煽	0	
phiến	幡	0	
phiến	翩	0	
phiến	𤗹	0	
phiến	旛	0	
phiến	騙	0	
phiến	騸	0	
phiết	丿	0	
phiết	苤	0	
phiết	𢬩	0	
phiết	撇	0	
phiết	撥	0	
phiếu	票	0	
phiếu	䄇	0	
phiếu	裱	0	
phiếu	摽	0	
phiếu	嫖	0	
phiếu	漂	0	
phiếu	缥	0	
phiếu	膘	0	
phiếu	縹	0	
phiếu	鏢	0	
phiếu	臕	0	
phiền	烦	0	
phiền	煩	0	
phiền	䋦	0	
phiền	燔	0	
phiền	襎	0	
phiền	繁	0	
phiền	藩	0	
phiện	片	0	
phiện	𬌖	0	
phiệt	丿	0	
phiệt	氕	0	
phiệt	阀	0	
phiệt	栰	0	
phiệt	惝	0	
phiệt	筏	0	
phiệt	閥	0	
phjôm	𬴫	0	
pho	夫	0	
pho	付	0	
pho	甫	0	
pho	哺	0	
pho	副	0	
pho	铺	0	
pho	舖	0	
pho	鋪	0	
phon	𪿱	0	
phong	风	0	
phong	丰	0	
phong	枫	0	
phong	疯	0	
phong	封	0	
phong	風	0	
phong	峯	0	
phong	峰	0	
phong	烽	0	
phong	锋	0	
phong	葑	0	
phong	蜂	0	
phong	豊	0	
phong	楓	0	
phong	瘋	0	
phong	鋒	0	
phong	豐	0	
phong	𧔧	0	
phong		0	
phoóc	卜	0	
phoóc	朴	0	
phu	夫	0	
phu	伕	0	
phu	孚	0	
phu	肤	0	
phu	𫓧	0	
phu	莩	0	
phu	趺	0	
phu	鈇	0	
phu	傳	0	
phu	孵	0	
phu	膚	0	
phu	麩	0	
phu	敷	0	
phu	䴸	0	
phua	夫	0	
phui	胚	0	
phun	喷	0	
phun	噴	0	
phung	疯	0	
phung	𢱚	0	
phung	瘋	0	
phuối	配	0	
phuối	𪡭	0	
phà	柀	0	
phà	𠶊	0	
phà	𣔡	0	
phà	𡀥	0	
phà	𪸁	0	
phàm	凡	0	
phàm	凣	0	
phàm	帆	0	
phàm	柉	0	
phàm	𥁷	0	
phàm	颿	0	
phàn	吩	0	
phàn	钒	0	
phàn	矾	0	
phàn	烦	0	
phàn	釩	0	
phàn	焚	0	
phàn	煩	0	
phàn	樊	0	
phàn	潘	0	
phàn	𡃎	0	
phàn	礬	0	
phàng	仿	0	
phàng	彷	0	
phàng	旁	0	
phàng	傍	0	
phành	烹	0	
phành	傍	0	
phành	𢴒	0	
phào	抛	0	
phào	胞	0	
phào	𠴋	0	
phào	𠷤	0	
phào	𡀥	0	
phá	披	0	
phá	破	0	
phá	耚	0	
phá	𫮒	0	
phá	霸	0	
phác	扑	0	
phác	朴	0	
phác	𢪗	0	
phác	撲	0	
phác	噗	0	
phác	樸	0	
phác	璞	0	
phác	镤	0	
phác	醭	0	
phác	鏷	0	
phách	拍	0	
phách	珀	0	
phách	魄	0	
phách	劈	0	
phách	噼	0	
phách	擘	0	
phách	霸	0	
phách	𥶱	0	
phái	沛	0	
phái	派	0	
phái	湃	0	
phán	判	0	
phán	泮	0	
phán	贩	0	
phán	盼	0	
phán	袢	0	
phán	販	0	
phán	襻	0	
pháo	包	0	
pháo	炮	0	
pháo	砲	0	
pháo	礮	0	
pháp	法	0	
pháp	珐	0	
pháp	砝	0	
pháp	𦝎	0	
phát	发	0	
phát	發	0	
phát	𤼵	0	
phát	髮	0	
phát	㗶	0	
pháy	沛	0	
pháy	派	0	
pháy	霈	0	
phân	分	0	
phân	份	0	
phân	芬	0	
phân	纷	0	
phân	坋	0	
phân	吩	0	
phân	氛	0	
phân	颁	0	
phân	紛	0	
phân	棻	0	
phân	酚	0	
phân	棼	0	
phân	雰	0	
phân	粪	0	
phân	頒	0	
phân	糞	0	
phân	𥽡	0	
phây	沛	0	
phè	肥	0	
phè	淝	0	
phè	㵒	0	
phè	噬	0	
phè	𫉳	0	
phèn	矾	0	
phèn	𥖎	0	
phèn	𧀭	0	
phèn	礬	0	
phèn	𥽢	0	
phèng	嗙	0	
phèo	咆	0	
phèo	嫖	0	
phèo	漂	0	
phèo	膘	0	
phèo	𬛡	0	
phèo	𦣕	0	
phé	㵒	0	
phép	法	0	
phép	𪶏	0	
phép	𪫚	0	
phét	撇	0	
phét	㗶	0	
phét	𦠱	0	
phê	批	0	
phê	披	0	
phê	砒	0	
phê	啡	0	
phên	片	0	
phên	梠	0	
phên	蕃	0	
phên	𤗹	0	
phên	𬌌	0	
phên	藩	0	
phên	䉒	0	
phì	肥	0	
phì	淝	0	
phì	腓	0	
phì	𤷂	0	
phì	蜰	0	
phình	泙	0	
phình	𫯡	0	
phình	萍	0	
phình	𬛙	0	
phí	狒	0	
phí	沸	0	
phí	费	0	
phí	費	0	
phí	镄	0	
phí	㵒	0	
phí	鐨	0	
phía	费	0	
phía	費	0	
phía	𠌨	0	
phía	𪰂	0	
phích	擗	0	
phích	癖	0	
phích	霹	0	
phím	乏	0	
phím	泛	0	
phím	𪣇	0	
phím	𠰏	0	
phím	柉	0	
phím	砭	0	
phím	𣓦	0	
phím	𫸿	0	
phính	𣍪	0	
phít	丿	0	
phò	付	0	
phò	扶	0	
phò	附	0	
phò	驸	0	
phò	抪	0	
phò	哺	0	
phò	駙	0	
phòng	防	0	
phòng	妨	0	
phòng	房	0	
phòng	肪	0	
phó	仆	0	
phó	讣	0	
phó	付	0	
phó	咐	0	
phó	訃	0	
phó	赴	0	
phó	副	0	
phó	傅	0	
phó	僕	0	
phóc	仆	0	
phóc	僕	0	
phóc	𢺁	0	
phóng	访	0	
phóng	放	0	
phóng	奉	0	
phóng	訪	0	
phô	甫	0	
phô	抪	0	
phô	捕	0	
phô	哺	0	
phô	铺	0	
phô	敷	0	
phô	舖	0	
phô	鋪	0	
phô	𪢜	0	
phôi	坏	0	
phôi	坯	0	
phôi	呸	0	
phôi	胚	0	
phôi	配	0	
phôi	𠸟	0	
phôi	醅	0	
phôi	壞	0	
phông	蓬	0	
phù	夫	0	
phù	扶	0	
phù	孚	0	
phù	芙	0	
phù	芣	0	
phù	咐	0	
phù	苻	0	
phù	俘	0	
phù	郛	0	
phù	枹	0	
phù	哺	0	
phù	蚨	0	
phù	浮	0	
phù	桴	0	
phù	符	0	
phù	蜉	0	
phùn	喷	0	
phùn	噴	0	
phùn	𤂫	0	
phùng	冯	0	
phùng	逢	0	
phùng	葻	0	
phùng	馮	0	
phùng	鳯	0	
phùng	漨	0	
phùng	缝	0	
phùng	蓬	0	
phùng	摓	0	
phùng	𢲵	0	
phùng	縫	0	
phú	付	0	
phú	富	0	
phú	赋	0	
phú	賦	0	
phú	覆	0	
phúc	畐	0	
phúc	幅	0	
phúc	愊	0	
phúc	腹	0	
phúc	辐	0	
phúc	煏	0	
phúc	福	0	
phúc	蝮	0	
phúc	輻	0	
phún	喯	0	
phún	喷	0	
phún	噴	0	
phún	歕	0	
phún	𤂫	0	
phúng	讽	0	
phúng	放	0	
phúng	逢	0	
phúng	赗	0	
phúng	賵	0	
phúng	諷	0	
phúp	乏	0	
phút	丿	0	
phút	笔	0	
phút	筆	0	
phút	發	0	
phút	𤼵	0	
phăm	法	0	
phăm	探	0	
phăm	𨮍	0	
phăn	分	0	
phăng	方	0	
phăng	氷	0	
phăng	冰	0	
phăng	𬦋	0	
phăng	播	0	
phĩnh	𠰳	0	
phũ	负	0	
phũ	庑	0	
phũ	負	0	
phũ	𢰺	0	
phũ	廡	0	
phũ	𫻉	0	
phơ	苤	0	
phơ	抷	0	
phơ	坯	0	
phơ	坡	0	
phơ	披	0	
phơ	排	0	
phơ	萉	0	
phơ	普	0	
phơ	𬐌	0	
phơ	𬐐	0	
phơi	坡	0	
phơi	披	0	
phơi	𤇨	0	
phơi	𣆏	0	
phơi	派	0	
phơi	配	0	
phơi	𤊫	0	
phơi	腓	0	
phơi	𤊬	0	
phơi	𣈓	0	
phơi	㫵	0	
phơn	坋	0	
phưng	放	0	
phưng	樊	0	
phương	匸	0	
phương	匚	0	
phương	方	0	
phương	芳	0	
phương	坊	0	
phương	妨	0	
phương	枋	0	
phương	钫	0	
phương	鈁	0	
phương	閍	0	
phương	鲂	0	
phương	魴	0	
phước	堛	0	
phước	缚	0	
phước	福	0	
phước	縛	0	
phướn	片	0	
phướn	𢁸	0	
phướn	幡	0	
phướn	𤗹	0	
phướn	旙	0	
phướn	旛	0	
phướn	𪰃	0	
phường	仿	0	
phường	坊	0	
phường	𠉱	0	
phưởng	纺	0	
phưởng	昉	0	
phưởng	紡	0	
phưỡn	𦙀	0	
phượng	凤	0	
phượng	鳯	0	
phượng	鳳	0	
phạ	帕	0	
phạ	怕	0	
phạ	𪥉	0	
phạ	袙	0	
phạch	拍	0	
phạch	𢫗	0	
phạch	𩗀	0	
phạm	犯	0	
phạm	汛	0	
phạm	范	0	
phạm	笵	0	
phạm	𫈣	0	
phạm	範	0	
phạn	饭	0	
phạn	板	0	
phạn	梵	0	
phạn	飯	0	
phạng	𪟀	0	
phạng	倣	0	
phạng	镑	0	
phạng	鎊	0	
phạnh	怦	0	
phạp	乏	0	
phạp	姂	0	
phạp	𤝑	0	
phạt	伐	0	
phạt	垡	0	
phạt	罰	0	
phạt	罸	0	
phả	叵	0	
phả	把	0	
phả	钷	0	
phả	笸	0	
phả	𪜘	0	
phả	颇	0	
phả	普	0	
phả	鉕	0	
phả	頗	0	
phả	谱	0	
phả	譜	0	
phải	沛	0	
phải	拜	0	
phải	派	0	
phải	𬆃	0	
phản	反	0	
phản	阪	0	
phản	返	0	
phản	岅	0	
phản	坂	0	
phản	板	0	
phản	版	0	
phản	呠	0	
phản	叛	0	
phản	𫷰	0	
phảng	仿	0	
phảng	彷	0	
phảng	钫	0	
phảng	舫	0	
phảng	𥾵	0	
phảng	鈁	0	
phảng	徬	0	
phảng	滂	0	
phảy	丿	0	
phảy	㧊	0	
phảy	沛	0	
phảy	𢭿	0	
phấn	分	0	
phấn	奋	0	
phấn	拚	0	
phấn	粉	0	
phấn	偾	0	
phấn	愤	0	
phấn	僨	0	
phấn	憤	0	
phấn	奮	0	
phấn	鼢	0	
phấn	瀵	0	
phấp	邑	0	
phấp	法	0	
phấp	𤎒	0	
phất	丿	0	
phất	仏	0	
phất	弗	0	
phất	佛	0	
phất	茀	0	
phất	拂	0	
phất	绋	0	
phất	彿	0	
phất	怫	0	
phất	沸	0	
phất	咈	0	
phất	袱	0	
phất	紼	0	
phất	𩂕	0	
phất	髴	0	
phấu	踣	0	
phần	分	0	
phần	仿	0	
phần	份	0	
phần	坟	0	
phần	枌	0	
phần	萉	0	
phần	棼	0	
phần	焚	0	
phần	𣸣	0	
phần	蕡	0	
phần	墳	0	
phần	燔	0	
phầu	抔	0	
phầu	裒	0	
phẩm	品	0	
phẩn	粪	0	
phẩn	糞	0	
phẩu	倍	0	
phẩu	剖	0	
phẩy	沛	0	
phẩy	拜	0	
phẩy	𢵪	0	
phẫn	坋	0	
phẫn	扮	0	
phẫn	忿	0	
phẫn	愤	0	
phẫn	憤	0	
phẫu	缶	0	
phẫu	剖	0	
phẫu	裒	0	
phẫu	蔀	0	
phận	分	0	
phập	乏	0	
phập	仏	0	
phập	佛	0	
phập	𠰏	0	
phập	法	0	
phập	𠵽	0	
phập	𨥧	0	
phập	慑	0	
phập	慴	0	
phập	㦄	0	
phập	懾	0	
phật	乀	0	
phật	仏	0	
phật	𫢋	0	
phật	佛	0	
phật	怫	0	
phật	炥	0	
phật	髴	0	
phật	𬽭	0	
phắc	朴	0	
phắc	噗	0	
phắc	樸	0	
phắc	𡃾	0	
phắng	旁	0	
phắp	法	0	
phắp	𬈅	0	
phắp	𪴹	0	
phắt	拂	0	
phắt	發	0	
phắt	𧿳	0	
phắt	𤼵	0	
phẳn	纷	0	
phẳn	紛	0	
phẳng	仿	0	
phẳng	彷	0	
phẳng	坂	0	
phẳng	凭	0	
phẳng	𢆕	0	
phẳng	旁	0	
phẳng	惔	0	
phẳng	滂	0	
phẳng	𪹚	0	
phẳng	𪪇	0	
phặp	乏	0	
phặp	𨥧	0	
phẹt	筏	0	
phẹt	㗶	0	
phế	废	0	
phế	肺	0	
phế	廢	0	
phếch	拍	0	
phếch	𤾷	0	
phết	丿	0	
phết	發	0	
phết	𬨙	0	
phết	𤼵	0	
phết	撇	0	
phết	撥	0	
phếu	嫖	0	
phề	肥	0	
phềnh	泙	0	
phềnh	萍	0	
phều	漂	0	
phều	𡁼	0	
phễn	𦝅	0	
phễu	缶	0	
phễu	𫿴	0	
phễu	瓿	0	
phễu	𧧀	0	
phệ	吠	0	
phệ	筮	0	
phệ	噬	0	
phệch	拍	0	
phện	抃	0	
phện	𢴔	0	
phệt	撇	0	
phỉ	丕	0	
phỉ	诽	0	
phỉ	疿	0	
phỉ	匪	0	
phỉ	悱	0	
phỉ	菲	0	
phỉ	棐	0	
phỉ	斐	0	
phỉ	痱	0	
phỉ	蜚	0	
phỉ	榧	0	
phỉ	翡	0	
phỉ	誹	0	
phỉ	䤵	0	
phỉnh	𠰳	0	
phỉnh	𠶏	0	
phỉnh	𫱤	0	
phị	𦜀	0	
phị	𤷂	0	
phịa	吠	0	
phịch	丿	0	
phịch	筏	0	
phịch	擗	0	
phịch	𦢟	0	
phịu	漂	0	
phọc	缚	0	
phọc	縛	0	
phọng	菶	0	
phỏng	仿	0	
phỏng	访	0	
phỏng	彷	0	
phỏng	放	0	
phỏng	倣	0	
phỏng	訪	0	
phỏng	𤊦	0	
phố	怖	0	
phố	圃	0	
phố	浦	0	
phố	庯	0	
phố	铺	0	
phố	舖	0	
phố	鋪	0	
phốc	仆	0	
phốc	扑	0	
phốc	僕	0	
phốc	撲	0	
phối	浿	0	
phối	配	0	
phốp	乏	0	
phốp	𬐆	0	
phốp	𦝎	0	
phốp	𪾁	0	
phồn	𪝕	0	
phồn	𢱨	0	
phồn	緐	0	
phồn	繁	0	
phồn	藩	0	
phồng	逢	0	
phồng	蓬	0	
phồng	篷	0	
phồng	𤂧	0	
phổ	普	0	
phổ	溥	0	
phổ	谱	0	
phổ	镨	0	
phổ	譜	0	
phổ	鐠	0	
phổc	卜	0	
phổi	肺	0	
phổi	配	0	
phổi	𦟊	0	
phổi	𦡮	0	
phổng	倣	0	
phổng	淎	0	
phỗng	俸	0	
phỗng	倣	0	
phỗng	捧	0	
phỗng	䏾	0	
phỗng	𪫊	0	
phỗng	𬥆	0	
phộc	攴	0	
phộc	攵	0	
phộng	菶	0	
phộng	𧯵	0	
phới	沛	0	
phới	派	0	
phới	配	0	
phới	𢄃	0	
phới	𤋻	0	
phớm	𠱍	0	
phớn	反	0	
phớt	彿	0	
phớt	拂	0	
phớt	咈	0	
phớt	發	0	
phớt	𤼵	0	
phờ	𠱀	0	
phờ	𤷵	0	
phở	颇	0	
phở	㗞	0	
phở	頗	0	
phở	𡂄	0	
phở	𬖾	0	
phỡn	𦙀	0	
phụ	阝	0	
phụ	父	0	
phụ	妇	0	
phụ	负	0	
phụ	附	0	
phụ	坿	0	
phụ	阜	0	
phụ	負	0	
phụ	婦	0	
phụ	辅	0	
phụ	埠	0	
phụ	媍	0	
phụ	跗	0	
phụ	鲋	0	
phụ	輔	0	
phụ	赙	0	
phụ	駙	0	
phụ	鮒	0	
phụ	賻	0	
phục	伏	0	
phục	服	0	
phục	茯	0	
phục	复	0	
phục	洑	0	
phục	袱	0	
phục	菔	0	
phục	愎	0	
phục	復	0	
phục	腹	0	
phục	複	0	
phục	幞	0	
phục	鳆	0	
phục	襆	0	
phục	鰒	0	
phụng	凤	0	
phụng	奉	0	
phụng	唪	0	
phụng	菶	0	
phụng	鳳	0	
phụp	乏	0	
phụp	𠰏	0	
phụt	炥	0	
phủ	甫	0	
phủ	抚	0	
phủ	庑	0	
phủ	否	0	
phủ	斧	0	
phủ	拊	0	
phủ	府	0	
phủ	俛	0	
phủ	釜	0	
phủ	𪺛	0	
phủ	俯	0	
phủ	莆	0	
phủ	脯	0	
phủ	赋	0	
phủ	腑	0	
phủ	蜅	0	
phủ	頫	0	
phủ	廡	0	
phủ	賦	0	
phủ	撫	0	
phủ	鬴	0	
phủ	覆	0	
phủi	𢲭	0	
phủng	捧	0	
phức	复	0	
phức	愎	0	
phức	𠸢	0	
phức	復	0	
phức	愊	0	
phức	複	0	
phức	馥	0	
phứt	拂	0	
phừng	炐	0	
phừng	𤇊	0	
phừng	焚	0	
phữu	缶	0	
phựt	拂	0	
pi	𪪈	0	
pi	𫷞	0	
piai	莱	0	
piai	萊	0	
piom	𡀫	0	
pioóng	捧	0	
piót	律	0	
piúc	朴	0	
piết	別	0	
po	圩	0	
pyá	把	0	
pá	把	0	
pác	百	0	
pát	钵	0	
pát	鉢	0	
pây	𫨯	0	
pây	𫨰	0	
pì	肥	0	
pích	𬲉	0	
pôm	𤒢	0	
pú	布	0	
pả	𪥷	0	
pản	扳	0	
pảng	梆	0	
pảng	𠳐	0	
pậu	倍	0	
pậu	剖	0	
pắn	本	0	
pắt	扒	0	
pịa	𫥴	0	
pốc	扑	0	
pủ	部	0	
qua	戈	0	
qua	瓜	0	
qua	过	0	
qua	𣏾	0	
qua	呱	0	
qua	剐	0	
qua	𦨜	0	
qua	埚	0	
qua	剮	0	
qua	㽿	0	
qua	過	0	
qua	堝	0	
qua	撾	0	
qua	𩿙	0	
qua	䯄	0	
qua	騧	0	
quai	乖	0	
quai	𠱅	0	
quai	𢮿	0	
quai	掛	0	
quan	关	0	
quan	光	0	
quan	观	0	
quan	官	0	
quan	贯	0	
quan	冠	0	
quan	宦	0	
quan	覌	0	
quan	𬮦	0	
quan	貫	0	
quan	棺	0	
quan	䦕	0	
quan	関	0	
quan	瘝	0	
quan	關	0	
quan	𩹌	0	
quan	鰥	0	
quan	觀	0	
quang	光	0	
quang	挄	0	
quang	咣	0	
quang	胱	0	
quang	桄	0	
quang	絖	0	
quang	觥	0	
quanh	光	0	
quanh	𨒺	0	
quanh	𪞀	0	
quanh	桄	0	
quanh	𢩊	0	
quanh	萦	0	
quanh	觥	0	
quanh	𬩌	0	
quanh	縈	0	
quanh	𠓐	0	
quay	乖	0	
quay	拐	0	
quay	歪	0	
quay	𢮿	0	
quay	𢵴	0	
quay	𨧰	0	
quay	𨆠	0	
que	圭	0	
que	挂	0	
que	桂	0	
que	𢹾	0	
que	𣠗	0	
quen	贯	0	
quen	娟	0	
quen	捐	0	
quen	涓	0	
quen	悁	0	
quen	惯	0	
quen	貫	0	
quen	𪡵	0	
quen	慣	0	
quen	𬙿	0	
queng	光	0	
queo	跳	0	
qui	龟	0	
qui	規	0	
qui	龜	0	
qui	歸	0	
quy	归	0	
quy	龟	0	
quy	规	0	
quy	皈	0	
quy	規	0	
quy	槣	0	
quy	龜	0	
quy	歸	0	
quy	V+6086B	0	
quynh	冂	0	
quynh	坰	0	
quynh	扃	0	
quyên	捐	0	
quyên	涓	0	
quyên	娟	0	
quyên	悁	0	
quyên	圈	0	
quyên	鹃	0	
quyên	鵑	0	
quyên	蠲	0	
quyến	汌	0	
quyến	畎	0	
quyến	绢	0	
quyến	悁	0	
quyến	眷	0	
quyến	罥	0	
quyến	睠	0	
quyến	絹	0	
quyết	亅	0	
quyết	孓	0	
quyết	诀	0	
quyết	决	0	
quyết	抉	0	
quyết	決	0	
quyết	㹟	0	
quyết	玦	0	
quyết	袂	0	
quyết	訣	0	
quyết	觖	0	
quyết	厥	0	
quyết	劂	0	
quyết	蕨	0	
quyết	鴂	0	
quyết	獗	0	
quyết	撅	0	
quyết	橛	0	
quyết	鳜	0	
quyết	鱖	0	
quyền	权	0	
quyền	卷	0	
quyền	拳	0	
quyền	惓	0	
quyền	捲	0	
quyền	圈	0	
quyền	𤷄	0	
quyền	踡	0	
quyền	鬈	0	
quyền	權	0	
quyền	颧	0	
quyền	顴	0	
quyển	卷	0	
quyển	捲	0	
quyển	綣	0	
quyển	管	0	
quyển	蜷	0	
quyện	卷	0	
quyện	倦	0	
quyện	捲	0	
quyện	𤷄	0	
quyệt	谲	0	
quyệt	撅	0	
quyệt	譎	0	
quà	菓	0	
quà	𩚧	0	
quà	𧵟	0	
quà	𩛃	0	
quà	𩟂	0	
quàn	权	0	
quàn	𣨭	0	
quàn	權	0	
quàng	光	0	
quàng	挄	0	
quàng	咣	0	
quàng	恍	0	
quàng	桄	0	
quàng	晃	0	
quàng	𪦍	0	
quàng	絖	0	
quàng	𫏈	0	
quành	琼	0	
quành	𥖒	0	
quành	瓊	0	
quào	搞	0	
quàu	㤹	0	
quàu	𥆿	0	
quày	拐	0	
quày	𢮿	0	
quày	𫏓	0	
quày	𨆠	0	
quá	戈	0	
quá	过	0	
quá	𬨨	0	
quá	過	0	
quá	𩟂	0	
quác	啯	0	
quác	嘓	0	
quác	嚄	0	
quách	挄	0	
quách	郭	0	
quách	椁	0	
quách	廓	0	
quách	槨	0	
quái	夬	0	
quái	卦	0	
quái	拐	0	
quái	怪	0	
quái	刽	0	
quái	诖	0	
quái	侩	0	
quái	𪭯	0	
quái	恠	0	
quái	浍	0	
quái	詿	0	
quái	褂	0	
quái	鲙	0	
quái	儈	0	
quái	劊	0	
quái	獪	0	
quái	𢶒	0	
quái	澮	0	
quái	鱠	0	
quán	丱	0	
quán	缶	0	
quán	串	0	
quán	贯	0	
quán	冠	0	
quán	倌	0	
quán	掼	0	
quán	惯	0	
quán	馆	0	
quán	脘	0	
quán	貫	0	
quán	綰	0	
quán	慣	0	
quán	摜	0	
quán	𬏸	0	
quán	舘	0	
quán	館	0	
quán	盥	0	
quán	罆	0	
quán	灌	0	
quán	鹳	0	
quán	罐	0	
quán	鑵	0	
quán	鸛	0	
quáng	𤈛	0	
quáng	桄	0	
quáng	晃	0	
quáng	䀨	0	
quáng	𥆄	0	
quáng	䨔	0	
quáng	廣	0	
quáng	爌	0	
quáng	矌	0	
quánh	迥	0	
quánh	獷	0	
quánh	𥗏	0	
quáo	𢭭	0	
quát	刮	0	
quát	咕	0	
quát	括	0	
quát	咶	0	
quát	柣	0	
quát	䀨	0	
quát	鸹	0	
quát	掘	0	
quát	𠵯	0	
quát	𠸓	0	
quát	聒	0	
quát	𠻉	0	
quát	鴰	0	
quát	鬠	0	
quân	匀	0	
quân	军	0	
quân	龟	0	
quân	𢗋	0	
quân	君	0	
quân	均	0	
quân	抣	0	
quân	钧	0	
quân	軍	0	
quân	皲	0	
quân	鈞	0	
quân	傳	0	
quân	筠	0	
quân	皸	0	
quân	龜	0	
quây	𡇸	0	
quây	𢮿	0	
quãng	圹	0	
quãng	旷	0	
quãng	廣	0	
quãng	壙	0	
quãng	曠	0	
què	跪	0	
què	蹷	0	
què	蹶	0	
què	𨅐	0	
quèn	拳	0	
quèn	𤷄	0	
quèo	跳	0	
qué	㹟	0	
qué	𠺺	0	
qué	𤡱	0	
quén	卷	0	
quén	捲	0	
quéo	𣐲	0	
quéo	窍	0	
quéo	竅	0	
quét	抉	0	
quét	拙	0	
quét	括	0	
quét	𪭱	0	
quét	𢭯	0	
quét	𪩺	0	
quét	撅	0	
quét	橛	0	
quét	𭎑	0	
quê	圭	0	
quê	闺	0	
quê	𬫀	0	
quên	捐	0	
quên	涓	0	
quên	𫡻	0	
quên	悁	0	
quên	𠅳	0	
quên	𫡾	0	
quên	𠅻	0	
quên	𢟚	0	
quên	𪬙	0	
quên	𫺴	0	
quên	𫯗	0	
quên	𪬳	0	
quì	跪	0	
quí	季	0	
quí	貴	0	
quí	䠏	0	
quít	𢵮	0	
quít	橘	0	
quít	𧑐	0	
quý	季	0	
quý	癸	0	
quý	贵	0	
quý	愧	0	
quý	貴	0	
quý	䁛	0	
quý	䠏	0	
quých	䦧	0	
quýnh	迥	0	
quýnh	炯	0	
quýnh	琼	0	
quýnh	𨖩	0	
quýnh	瓊	0	
quýt	抉	0	
quýt	𢵮	0	
quýt	橘	0	
quýt	𧑐	0	
quăn	均	0	
quăn	肱	0	
quăn	𫘿	0	
quăn	鬈	0	
quăn	𩭵	0	
quăn	𩮔	0	
quăng	光	0	
quăng	肱	0	
quăng	挄	0	
quăng	𧈽	0	
quăng	𫽶	0	
quăng	觥	0	
quĩ	軌	0	
quĩ	揆	0	
quĩ	匱	0	
quĩ	櫃	0	
quơ	戈	0	
quơ	找	0	
quơ	㧓	0	
quơ	撾	0	
quạ	𩾷	0	
quạ	𩿙	0	
quạ	𪀅	0	
quạ	𪁶	0	
quạ	𪂠	0	
quạ	𪇍	0	
quạc	啯	0	
quạc	嘓	0	
quạch	槨	0	
quạch	鴂	0	
quạch	𪅪	0	
quại	𠶔	0	
quại	跪	0	
quại	𬏴	0	
quạng	𥆄	0	
quạng	矌	0	
quạnh	郡	0	
quạnh	琼	0	
quạnh	𣔲	0	
quạnh	瓊	0	
quạt	抉	0	
quạt	扇	0	
quạt	掘	0	
quạt	搧	0	
quạt	𦑗	0	
quạt	𢅅	0	
quạt	撅	0	
quạt	橛	0	
quạt	𬚇	0	
quạu	姤	0	
quạu	㗕	0	
quả	划	0	
quả	果	0	
quả	菓	0	
quả	棵	0	
quả	锞	0	
quả	寡	0	
quả	蜾	0	
quả	錁	0	
quả	𩸄	0	
quải	拐	0	
quải	挂	0	
quải	𢯑	0	
quải	𠶔	0	
quải	掛	0	
quải	罣	0	
quải	𢮿	0	
quải	啩	0	
quải	跪	0	
quải	罫	0	
quản	筦	0	
quản	管	0	
quản	𩸘	0	
quảng	广	0	
quảng	邝	0	
quảng	廣	0	
quảng	癀	0	
quảng	鄺	0	
quảu	篝	0	
quảy	抉	0	
quảy	快	0	
quảy	拐	0	
quảy	怪	0	
quảy	柺	0	
quảy	挂	0	
quảy	掛	0	
quảy	𢮿	0	
quảy	揆	0	
quấn	卷	0	
quấn	郡	0	
quấn	捃	0	
quấn	眷	0	
quấn	捲	0	
quấn	𦄄	0	
quấn	𦄻	0	
quất	屈	0	
quất	括	0	
quất	桔	0	
quất	倔	0	
quất	掘	0	
quất	𧿺	0	
quất	橘	0	
quất	𨧱	0	
quất	繘	0	
quấy	怪	0	
quấy	卦	0	
quấy	𢫞	0	
quấy	癸	0	
quấy	掛	0	
quấy	𠶔	0	
quấy	𢯗	0	
quấy	啩	0	
quấy	撌	0	
quần	帬	0	
quần	捃	0	
quần	逭	0	
quần	裙	0	
quần	羣	0	
quần	群	0	
quần	𠹴	0	
quần	𢋟	0	
quần	攒	0	
quần	麕	0	
quần	攢	0	
quầng	晕	0	
quầng	琼	0	
quầng	暈	0	
quầng	橘	0	
quầng	瓊	0	
quầng	𤓇	0	
quầy	拐	0	
quầy	柜	0	
quầy	櫃	0	
quẩn	𨛦	0	
quẩn	郡	0	
quẩn	窘	0	
quẩn	管	0	
quẩy	拐	0	
quẩy	挂	0	
quẩy	掛	0	
quẫn	窘	0	
quẫy	轨	0	
quẫy	軌	0	
quẫy	掛	0	
quẫy	揆	0	
quẫy	𢷴	0	
quận	郡	0	
quận	捃	0	
quật	挗	0	
quật	倔	0	
quật	掘	0	
quật	崛	0	
quật	鸹	0	
quật	窟	0	
quật	鴰	0	
quậy	癸	0	
quậy	挂	0	
quậy	掛	0	
quậy	𢮿	0	
quậy	揆	0	
quậy	跪	0	
quắc	掴	0	
quắc	啯	0	
quắc	䀨	0	
quắc	𥆃	0	
quắc	帼	0	
quắc	𣈛	0	
quắc	锔	0	
quắc	腘	0	
quắc	嘓	0	
quắc	摑	0	
quắc	幗	0	
quắc	蝈	0	
quắc	膕	0	
quắc	𤎍	0	
quắc	鋦	0	
quắc	虢	0	
quắc	閾	0	
quắc	𥊞	0	
quắc	蟈	0	
quắc	馘	0	
quắc	矍	0	
quắc	鐝	0	
quắc	攫	0	
quắc	䦆	0	
quắc	钁	0	
quắm	禁	0	
quắm	𪇎	0	
quắn	𦄻	0	
quắp	及	0	
quắp	急	0	
quắp	𣌵	0	
quắt	啒	0	
quắt	掘	0	
quắt	𢯔	0	
quắt	𣈛	0	
quắt	橘	0	
quằn	𠲰	0	
quằn	嵬	0	
quằn	群	0	
quằn	𠹴	0	
quằn	𡀳	0	
quằn	𨆤	0	
quằng	𡀳	0	
quẳng	扩	0	
quẳng	挄	0	
quẳng	廣	0	
quẳng	擴	0	
quẳng	爌	0	
quẳng	𪠢	0	
quặc	啒	0	
quặc	掴	0	
quặc	摑	0	
quặc	擭	0	
quặm	脸	0	
quặm	㦗	0	
quặm	𣰙	0	
quặm	臉	0	
quặm	𥋴	0	
quặn	郡	0	
quặn	𤹓	0	
quặng	矿	0	
quặng	礦	0	
quặp	及	0	
quặp	𣌵	0	
quặt	倔	0	
quặt	啒	0	
quặt	掘	0	
quẹn	卷	0	
quẹn	倦	0	
quẹn	眷	0	
quẹn	𤷄	0	
quẹo	𢳙	0	
quẹo	䠏	0	
quẹp	擛	0	
quẹp	𣜿	0	
quẹt	抉	0	
quẹt	𢵮	0	
quẹt	鴃	0	
quẻ	卦	0	
quẻ	𩱻	0	
quẻ	掛	0	
quẻ	𫙌	0	
quẻ	𩳴	0	
quẽ	鬼	0	
quẽ	𡎝	0	
quẽ	揆	0	
quế	怪	0	
quế	挂	0	
quế	桂	0	
quế	眭	0	
quế	鈌	0	
quế	跬	0	
quế	劌	0	
quến	𫃔	0	
quết	决	0	
quết	𢵮	0	
quết	撅	0	
quềnh	琼	0	
quềnh	瓊	0	
quều	侨	0	
quều	僑	0	
quệ	跬	0	
quệ	撅	0	
quệ	蹶	0	
quệ	蹷	0	
quệch	廓	0	
quệch	𢵮	0	
quệt	决	0	
quệt	𢵮	0	
quỉ	鬼	0	
quị	跪	0	
quịt	倔	0	
quịt	掘	0	
quịt	谲	0	
quịt	譎	0	
quốc	囯	0	
quốc	国	0	
quốc	囻	0	
quốc	國	0	
quớ	過	0	
quớ	撾	0	
quớ	𢣄	0	
quờ	戈	0	
quờ	捰	0	
quờ	撾	0	
quờ	𢵵	0	
quở	过	0	
quở	𠵩	0	
quở	過	0	
quỳ	季	0	
quỳ	馗	0	
quỳ	逵	0	
quỳ	葵	0	
quỳ	跪	0	
quỳ	𧃰	0	
quỳnh	茕	0	
quỳnh	惸	0	
quỳnh	琼	0	
quỳnh	煢	0	
quỳnh	綡	0	
quỳnh	瓊	0	
quỳnh	𩽗	0	
quỵ	蛫	0	
quỵ	跪	0	
quỵt	掘	0	
quỷ	鬼	0	
quỷ	𩲡	0	
quỷ	簋	0	
quỷ	蟡	0	
quỷnh	炯	0	
quỹ	宄	0	
quỹ	轨	0	
quỹ	柜	0	
quỹ	匦	0	
quỹ	軌	0	
quỹ	匭	0	
quỹ	匮	0	
quỹ	揆	0	
quỹ	蒉	0	
quỹ	椇	0	
quỹ	晷	0	
quỹ	馈	0	
quỹ	匱	0	
quỹ	撌	0	
quỹ	蕢	0	
quỹ	餽	0	
quỹ	櫃	0	
quỹ	騤	0	
quỹ	饋	0	
ra	𪞷	0	
ra	𪡔	0	
ra	啰	0	
ra	𫥧	0	
ra	𬎷	0	
ra	𫥨	0	
ra	𦋦	0	
ra	𡅍	0	
ra	囉	0	
ra	𠚢	0	
rai	涞	0	
rai	淶	0	
ram	𪾋	0	
ram	监	0	
ram	監	0	
ram	爁	0	
ram	𤓆	0	
ran	噒	0	
ran	𪢌	0	
ran	𪢠	0	
ran	㘓	0	
rang	炀	0	
rang	㶥	0	
rang	𢬥	0	
rang	烊	0	
rang	朗	0	
rang	煬	0	
rang	𤍎	0	
rang	𤎜	0	
ranh	名	0	
ranh	伶	0	
ranh	棦	0	
ranh	棂	0	
ranh	𬎸	0	
ranh	𩲵	0	
ranh	𩳊	0	
ranh	欞	0	
rao	牢	0	
rao	咬	0	
rao	哰	0	
rao	嗂	0	
rao	遥	0	
rao	遙	0	
rao	嗃	0	
rao	撩	0	
rao	𤏪	0	
rau	𫆚	0	
rau	胞	0	
rau	蒌	0	
rau	蔞	0	
rau	膮	0	
rau	𦡢	0	
ray	来	0	
ray	來	0	
ray	𫪁	0	
ray	唻	0	
re	提	0	
re	𪏭	0	
ren	蓮	0	
ren	𨕡	0	
reo	招	0	
reo	嗂	0	
reo	僚	0	
reo	嘹	0	
ri	夷	0	
ri	咦	0	
ri	荑	0	
ri	𠶋	0	
ri	蛦	0	
ri	𠺹	0	
ri	鴺	0	
ri	𪅨	0	
ria	挗	0	
ria	𣭯	0	
ria	髭	0	
ria	𩮭	0	
rim	熑	0	
rim	燫	0	
rim	𥋲	0	
rinh	揁	0	
rinh	零	0	
riu	燎	0	
riu	燎	0	
riêng	贞	0	
riêng	貞	0	
riêng	盈	0	
riêng	𫨫	0	
riêng	𬓲	0	
riêng	𥢅	0	
riêng	𥢆	0	
riêng	𫁅	0	
riêu	䖴	0	
riêu	僚	0	
riêu	窰	0	
riêu	𦼔	0	
riẹm	𬝐	0	
riếp	叶	0	
riếp	葉	0	
riết	灭	0	
riết	列	0	
riết	𦀎	0	
riết	滅	0	
riết	𦃾	0	
riếu	𢟛	0	
riềng	贞	0	
riềng	貞	0	
riềng	萾	0	
riểc	𠲔	0	
riễu	𢟛	0	
riệc	𪁂	0	
riện	𧓇	0	
riệt	列	0	
riệt	列	0	
riệt	烈	0	
ro	由	0	
ro	刍	0	
ro	芻	0	
ro	腰	0	
ro	𬰹	0	
roi	榑	0	
roi	擂	0	
roi	鞕	0	
roi	檑	0	
roi	𩍢	0	
rom	𤊩	0	
rom	𦡶	0	
rong	双	0	
rong	苳	0	
rong	茏	0	
rong	𢫝	0	
rong	炵	0	
rong	𨀐	0	
rong	蓉	0	
rong	𩢦	0	
rong	雙	0	
rong	蘢	0	
roòng	𪪩	0	
roọng	哢	0	
ru	由	0	
ru	欤	0	
ru	油	0	
ru	𠱋	0	
ru	歟	0	
rua	𣉵	0	
rua	𬁚	0	
rua	𪱎	0	
rua	𣌌	0	
rui	榑	0	
rui	𣙯	0	
rui	檑	0	
run	惇	0	
run	敦	0	
run	慵	0	
run	𢟦	0	
run	蜳	0	
run	撴	0	
run	𢹈	0	
rung	冬	0	
rung	𣳔	0	
rung	𢫝	0	
rung	㧤	0	
rung	容	0	
rung	搈	0	
rung	溶	0	
rung	𢲣	0	
rung	𢴋	0	
rung	慵	0	
rung	𢹈	0	
ruã	𤀒	0	
ruông	躘	0	
ruả	嚕	0	
ruốc	𩽖	0	
ruối	树	0	
ruối	樹	0	
ruối	𣝉	0	
ruồi	𧋆	0	
ruồng	拢	0	
ruồng	拥	0	
ruồng	𣳔	0	
ruồng	笼	0	
ruồng	篭	0	
ruồng	攏	0	
ruồng	籠	0	
ruổi	𨘗	0	
ruổi	㩡	0	
ruổi	𨆷	0	
ruổi	𨇒	0	
ruổi	𩧍	0	
ruỗi	㩡	0	
ruỗi	𨆷	0	
ruỗi	𨇒	0	
ruộm	染	0	
ruộng	田	0	
ruộng	𫅹	0	
ruộng	𬏇	0	
ruộng	𤲌	0	
ruộng	𡏡	0	
ruộng	𪽞	0	
ruộng	𬏑	0	
ruộng	𪽣	0	
ruộng	𤳱	0	
ruộng	𤳽	0	
ruột	𦛌	0	
ruột	𦝬	0	
ruột	𫆧	0	
rà	加	0	
rà	夜	0	
rà	𦚐	0	
rà	𫢱	0	
rà	𦓅	0	
rà	儸	0	
rà	攞	0	
rài	𣱽	0	
rài	涞	0	
rài	淶	0	
rài	𨱽	0	
ràn	栏	0	
ràn	澜	0	
ràn	瀾	0	
ràn	欄	0	
ràng	床	0	
ràng	𢬥	0	
ràng	炩	0	
ràng	𠳹	0	
ràng	𤉜	0	
ràng	𠒥	0	
ràng	𦀾	0	
ràng	𤎜	0	
ràng	𤎔	0	
rành	仃	0	
rành	令	0	
rành	名	0	
rành	伶	0	
rành	冷	0	
rành	佲	0	
rành	炩	0	
rành	亭	0	
rành	柃	0	
rành	停	0	
rành	𣉏	0	
rành	𤋶	0	
rào	洨	0	
rào	淘	0	
rào	巢	0	
rào	𣓿	0	
rào	遙	0	
rào	滛	0	
rào	搖	0	
rào	摷	0	
rào	潮	0	
rào	槽	0	
rào	樔	0	
rào	簉	0	
rào	𠿱	0	
rào	橯	0	
rào	𬕩	0	
rào	𩆋	0	
rào	𩆍	0	
rào	𩆡	0	
rào	𮦡	0	
ràu	愁	0	
ràu	嘲	0	
rày	沃	0	
rày	𬀰	0	
rày	𣈙	0	
rày	𪰬	0	
rày	𡂲	0	
rá	个	0	
rá	夜	0	
rá	筥	0	
rá	箇	0	
rá	𥯊	0	
rá	𥳅	0	
rác	落	0	
rác	𦹺	0	
rác	覺	0	
rác	𧅫	0	
rách	册	0	
rách	沥	0	
rách	𫼢	0	
rách	𧙼	0	
rách	𦀎	0	
rách	𦀍	0	
rách	𧛊	0	
rách	𦃾	0	
rách	積	0	
rách	𧝦	0	
rách	𫌕	0	
rách	𤃝	0	
rách	瀝	0	
rách	𧞿	0	
rách	𦇔	0	
rái	𢘽	0	
rái	𤞫	0	
rái	𤠹	0	
rái	獭	0	
rái	獺	0	
rám	爁	0	
rám	𤑸	0	
rán	𠡎	0	
rán	𠡧	0	
rán	炟	0	
rán	𤑸	0	
ráng	𠡎	0	
ráng	𠡧	0	
ráng	蓢	0	
ráng	𩄐	0	
ráng	𣎦	0	
ráng	𩅜	0	
ráng	𬰌	0	
ráng	𤅉	0	
ráo	燥	0	
ráo	𣋝	0	
ráo	𫧭	0	
ráp	甲	0	
ráp	拉	0	
ráp	㕸	0	
ráp	搭	0	
ráp	撘	0	
rát	戛	0	
rát	𤌣	0	
rát	撒	0	
ráu	教	0	
ráu	𠴼	0	
ráu	𠸫	0	
ráy	𫇶	0	
ráy	哩	0	
ráy	𫈨	0	
ráy	𦵜	0	
ráy	𤀕	0	
ráy	𧒊	0	
râm	壬	0	
râm	菻	0	
râm	淫	0	
râm	𩂐	0	
râm	森	0	
râm	𩂇	0	
rân	民	0	
rân	嗂	0	
rân	𠽍	0	
rân	噒	0	
rân	𡂰	0	
râu	妯	0	
râu	油	0	
râu	𫘼	0	
râu	𩭶	0	
râu	𫙂	0	
râu	鬍	0	
râu	𩅺	0	
râu	𩯁	0	
rây	来	0	
rây	來	0	
rây	䇴	0	
rây	筛	0	
rây	縒	0	
rây	篩	0	
rây	𥵘	0	
rã	也	0	
rã	吔	0	
rã	呂	0	
rã	𣳮	0	
rãi	待	0	
rãnh	冷	0	
rãnh	汫	0	
rãnh	泠	0	
rãnh	𪷶	0	
rãnh	𤃡	0	
rãnh	𡓡	0	
rè	𠯋	0	
rè	𪧺	0	
rè	提	0	
rè	𥗍	0	
rèm	帘	0	
rèm	廉	0	
rèm	廉	0	
rèm	𡫐	0	
rèm	幨	0	
rèm	𧞋	0	
rèm	𦆆	0	
rèm	簷	0	
rèm	簾	0	
rèm	𢆁	0	
rèn	涟	0	
rèn	㷙	0	
rèn	漣	0	
rèn	廛	0	
rèn	𬋆	0	
rèn	鍊	0	
rèn	𡃚	0	
rèn	𡄮	0	
rèn	𨮻	0	
rèng	𪟚	0	
rèng	勐	0	
rèo	𬦹	0	
ré	䄫	0	
ré	㕽	0	
ré	哩	0	
rén	练	0	
rén	𨁍	0	
rén	練	0	
rén	鍊	0	
rén	𨅍	0	
réo	𠮩	0	
réo	吊	0	
réo	𠰉	0	
réo	𠲢	0	
réo	嘹	0	
rét	列	0	
rét	冽	0	
rét	洌	0	
rét	烈	0	
rét	𠗹	0	
rét	𪶭	0	
rét	𨦙	0	
rét	𫕪	0	
rê	黎	0	
rêm	𤻑	0	
rên	𠸩	0	
rên	嗹	0	
rên	𫫣	0	
rên	噒	0	
rênh	𠈳	0	
rêu	姚	0	
rêu	尞	0	
rêu	僚	0	
rêu	嘹	0	
rêu	鹞	0	
rêu	潦	0	
rêu	𦼔	0	
rêu	𫮹	0	
rêu	𬟖	0	
rêu	𧄈	0	
rêu	鷂	0	
rì	夷	0	
rì	迟	0	
rì	荑	0	
rì	洟	0	
rì	移	0	
rì	掑	0	
rì	遲	0	
rìa	𫯏	0	
rìa	𧣧	0	
rìa	𦄶	0	
rình	贞	0	
rình	伶	0	
rình	冷	0	
rình	侦	0	
rình	侱	0	
rình	貞	0	
rình	𠴔	0	
rình	挰	0	
rình	偵	0	
rình	情	0	
rình	睈	0	
rình	䄇	0	
rình	𨉑	0	
rìu	斤	0	
rìu	鉊	0	
rìu	僚	0	
rìu	镣	0	
rìu	𠠙	0	
rìu	𤖡	0	
rìu	𫿿	0	
rìu	鐐	0	
rí	里	0	
rí	哩	0	
rí	浬	0	
rích	的	0	
rích	𪠉	0	
rích	唶	0	
rích	雳	0	
rích	滴	0	
rích	曆	0	
rích	嚦	0	
rích	靂	0	
rím	𤢾	0	
rít	列	0	
rít	列	0	
rít	洌	0	
rít	蝎	0	
rít	𡂒	0	
ríu	𠮩	0	
ríu	𠲢	0	
ríu	𡭰	0	
ríu	𨀽	0	
ríu	𨃋	0	
ríu	镣	0	
ríu	鐐	0	
rò	𢲛	0	
rò	蕗	0	
rò	露	0	
ròi	耒	0	
ròi	𢬗	0	
ròi	𧋆	0	
ròi	𨆢	0	
ròm	𦝃	0	
ròm	𥈹	0	
ròn	存	0	
ròn	𢬗	0	
ròn	𣆱	0	
ròn	𤈊	0	
ròng	𠖿	0	
ròng	𣳔	0	
ròng	容	0	
ròng	溶	0	
róc	育	0	
róc	𪟆	0	
róc	祝	0	
róc	畜	0	
róc	唷	0	
róc	𢮑	0	
róc	觫	0	
rói	𩸷	0	
rói	𩼷	0	
rói	𩼸	0	
rói	𩽊	0	
róm	監	0	
róm	𧐽	0	
róm	𧓦	0	
róm	𧖐	0	
rón	顿	0	
rón	頓	0	
rón	𨂚	0	
rón	蹾	0	
rón	䠣	0	
róng	梇	0	
rót	𢫫	0	
rót	律	0	
rót	捽	0	
rót	淬	0	
rót	湥	0	
rót	𢯰	0	
rót	𣹕	0	
rô	鲈	0	
rô	鮋	0	
rô	𫙔	0	
rô	嚕	0	
rô	𩼁	0	
rô	鱸	0	
rôm	蓝	0	
rôm	𤹑	0	
rôm	藍	0	
rôm	𦢵	0	
rôm	𩫦	0	
rôm	𤼓	0	
rông	双	0	
rông	泷	0	
rông	𣳔	0	
rông	容	0	
rông	搈	0	
rông	滝	0	
rông	雙	0	
rông	瀧	0	
rông	𬖆	0	
rông	𨇘	0	
rõ	焒	0	
rõ	𤍊	0	
rõ	𤑟	0	
rõ	𠓑	0	
rõi	嗺	0	
rõi	𨇒	0	
rõm	𦢵	0	
rù	𥥉	0	
rù	㾄	0	
rù	𫫛	0	
rùa	𧒍	0	
rùa	𧒌	0	
rùa	𧒉	0	
rùa	𪛅	0	
rùa	𪛇	0	
rùi	𨀤	0	
rùm	𠾣	0	
rùn	𢲝	0	
rùng	用	0	
rùng	𠖿	0	
rùng	𢘭	0	
rùng	挏	0	
rú	柘	0	
rú	𫫵	0	
rú	𡀿	0	
rú	𧀓	0	
rúc	𪠿	0	
rúc	哫	0	
rúc	㗜	0	
rúc	𡄍	0	
rúm	揕	0	
rún	𦜞	0	
rún	𦡋	0	
rúng	冻	0	
rúng	𢘭	0	
rúng	拥	0	
rúng	𣳔	0	
rúng	恸	0	
rúng	𥙓	0	
rúng	凍	0	
rúng	慟	0	
rút	咄	0	
rút	律	0	
rút	𪮊	0	
rút	捽	0	
rút	揬	0	
rút	椊	0	
rút	蓴	0	
rút	𫽹	0	
răm	菻	0	
răn	呡	0	
răn	噒	0	
răn	𡂰	0	
răng	升	0	
răng	𫆢	0	
răng	𦝄	0	
răng	𪤽	0	
răng	𦢠	0	
răng	𪘵	0	
răng	𬹸	0	
rĩ	𠯇	0	
rĩnh	眪	0	
rũ	屡	0	
rũ	愈	0	
rũ	屢	0	
rũ	瘘	0	
rũ	𪮴	0	
rũ	瘻	0	
rũ	𢷀	0	
rũa	𤀒	0	
rơi	来	0	
rơi	來	0	
rơi	挟	0	
rơi	洟	0	
rơi	浰	0	
rơi	涞	0	
rơi	挾	0	
rơi	𣑎	0	
rơi	𢯦	0	
rơi	淶	0	
rơi	逨	0	
rơi	移	0	
rơi	𢴐	0	
rơm	苫	0	
rơm	秥	0	
rơm	菻	0	
rơm	𦲻	0	
rơm	𥠮	0	
rơm	𥠯	0	
rơm	稴	0	
rơm	薕	0	
rơm	簋	0	
rơm	䆂	0	
rưng	凌	0	
rưng	淩	0	
rưng	㗢	0	
rưng	徵	0	
rưng	𪷥	0	
rưng	瀓	0	
rươi	𧍍	0	
rương	仓	0	
rương	杠	0	
rương	床	0	
rương	相	0	
rương	倉	0	
rương	厢	0	
rương	廂	0	
rương	箱	0	
rước	𨑴	0	
rước	逴	0	
rưới	洒	0	
rưới	哩	0	
rưới	𢱓	0	
rướm	𪾋	0	
rướm	监	0	
rướm	渗	0	
rướm	淋	0	
rướm	溓	0	
rướm	監	0	
rướm	滲	0	
rướn	胀	0	
rướn	𠡧	0	
rướn	脹	0	
rướn	摪	0	
rướn	𠣂	0	
rười	涯	0	
rười	𢜞	0	
rườm	淡	0	
rườm	葚	0	
rườm	𣓆	0	
rườm	蓝	0	
rườm	𠿳	0	
rườm	藍	0	
rườm	𧁺	0	
rườm	𧂄	0	
rườn	𭓨	0	
rường	杖	0	
rường	梁	0	
rường	樑	0	
rưởi	𥙪	0	
rưỡi	𫧟	0	
rưỡi	𥙪	0	
rưỡi	𠦺	0	
rượi	代	0	
rượi	悧	0	
rượi	涯	0	
rượn	𢗆	0	
rượn	扙	0	
rượt	𧺕	0	
rượt	趠	0	
rượt	𫑓	0	
rượu	妙	0	
rượu	酒	0	
rượu	溜	0	
rượu	𨢇	0	
rượu	𤄍	0	
rạ	夜	0	
rạ	苲	0	
rạ	胣	0	
rạ	粚	0	
rạ	𦲹	0	
rạ	𬓰	0	
rạc	弋	0	
rạc	络	0	
rạc	落	0	
rạc	絡	0	
rạc	𫄈	0	
rạch	沥	0	
rạch	泽	0	
rạch	𫼢	0	
rạch	澤	0	
rạch	𫾐	0	
rạch	𤃝	0	
rạch	攊	0	
rạch	瀝	0	
rạm	𫋟	0	
rạm	𧓦	0	
rạm	𧔜	0	
rạm	𧕭	0	
rạn	烂	0	
rạn	𤻾	0	
rạn	爛	0	
rạn	䃹	0	
rạng	炀	0	
rạng	朗	0	
rạng	煬	0	
rạng	𤎜	0	
rạng	𤎔	0	
rạng	𬋌	0	
rạng	𣋃	0	
rạng	𤏬	0	
rạng	𠓇	0	
rạng	𠓁	0	
rạnh	冷	0	
rạnh	炩	0	
rạo	劳	0	
rạo	涝	0	
rạo	勞	0	
rạo	澇	0	
rạo	𣛯	0	
rạp	笠	0	
rạp	𠪸	0	
rạp	𧃌	0	
rạp	𫏦	0	
rạp	𢺍	0	
rạp	𧄵	0	
rạp	躐	0	
rạp	𢺎	0	
rạp	𧅕	0	
rạt	溧	0	
rạy	已	0	
rạy	𢩽	0	
rạy	丽	0	
rạy	麗	0	
rả	呂	0	
rả	𪣰	0	
rải	洗	0	
rải	洒	0	
rải	涞	0	
rải	淶	0	
rải	𫣙	0	
rải	𪯝	0	
rảng	啷	0	
rảng	𨦽	0	
rảnh	伶	0	
rảnh	冷	0	
rảnh	昤	0	
rảnh	𪝎	0	
rảnh	𣇝	0	
rảo	赱	0	
rảo	走	0	
rảo	稍	0	
rảo	𨀼	0	
rảo	𧻩	0	
rảo	𨁭	0	
rảo	𬦶	0	
rảo	躁	0	
rảo	𬩯	0	
rảu	耂	0	
rảu	老	0	
rảu	咾	0	
rảy	洗	0	
rảy	洒	0	
rảy	𪯝	0	
rấm	淋	0	
rấm	𤊩	0	
rấm	𤎛	0	
rấn	𠡧	0	
rấp	扱	0	
rấp	拉	0	
rấp	𢘮	0	
rấp	𪣱	0	
rấp	窒	0	
rất	叱	0	
rất	秩	0	
rất	窒	0	
rất	慄	0	
rất	𫇐	0	
rất	𡂒	0	
rầm	林	0	
rầm	梣	0	
rầm	啉	0	
rầm	嗂	0	
rầm	滛	0	
rầm	氳	0	
rầm	𠽍	0	
rầm	𨂘	0	
rầm	霖	0	
rầm	樳	0	
rầm	霪	0	
rần	延	0	
rần	陈	0	
rần	陳	0	
rần	寅	0	
rần	嗂	0	
rần	𠽍	0	
rần	𫖚	0	
rầu	油	0	
rầu	偻	0	
rầu	愁	0	
rầu	僂	0	
rầu	嘲	0	
rầu	𠿈	0	
rầy	𫪁	0	
rầy	唻	0	
rầy	𣈙	0	
rầy	𪰬	0	
rầy	喍	0	
rầy	𧍐	0	
rầy	𧍍	0	
rẩm	𡀫	0	
rẩy	礼	0	
rẩy	𢩽	0	
rẩy	圯	0	
rẩy	𪭩	0	
rẩy	𫼙	0	
rẩy	洒	0	
rẩy	𢬦	0	
rẩy	𢝚	0	
rẩy	𢱓	0	
rẩy	禮	0	
rẫm	浸	0	
rẫu	枓	0	
rẫy	𢩽	0	
rẫy	𡋀	0	
rẫy	𢬦	0	
rẫy	𧿆	0	
rẫy	𡓾	0	
rẫy	𢹿	0	
rậm	林	0	
rậm	甚	0	
rậm	梣	0	
rậm	葚	0	
rậm	椹	0	
rậm	𦾢	0	
rậm	霮	0	
rận	蚓	0	
rận	𧋅	0	
rận	𧋻	0	
rận	𧎠	0	
rận	𧏶	0	
rận	𬠨	0	
rậng	𤍎	0	
rậng	𤎜	0	
rập	垃	0	
rập	泣	0	
rập	拉	0	
rập	㕸	0	
rập	笠	0	
rập	𫃡	0	
rập	𨀎	0	
rập	摺	0	
rập	𫁫	0	
rập	𪮯	0	
rật	栗	0	
rật	㗚	0	
rắc	弋	0	
rắc	𢩮	0	
rắc	革	0	
rắc	挌	0	
rắc	勒	0	
rắc	揗	0	
rắc	揦	0	
rắc	𫽘	0	
rắc	𪮔	0	
rắc	𢳯	0	
rắc	𢴑	0	
rắc	𢳝	0	
rắc	𪮦	0	
rắc	𣙙	0	
rắc	㩫	0	
rắm	啉	0	
rắm	廪	0	
rắm	廩	0	
rắm	𣱰	0	
rắn	吝	0	
rắn	𠡧	0	
rắn	𥑲	0	
rắn	𪣠	0	
rắn	硍	0	
rắn	𧋻	0	
rắng	浪	0	
rắng	𦄺	0	
rắp	泣	0	
rắp	𫁞	0	
rắp	拉	0	
rắp	𢘮	0	
rắp	㕸	0	
rắt	溧	0	
rằm	林	0	
rằm	淋	0	
rằm	淫	0	
rằm	𬃂	0	
rằm	𦝃	0	
rằm	𠄻	0	
rằm	𪱬	0	
rằn	吝	0	
rằn	彩	0	
rằn	𢒞	0	
rằn	彩	0	
rằng	浪	0	
rằng	哴	0	
rằng	㖫	0	
rằng	𠺘	0	
rằng	𪘵	0	
rẳc	色	0	
rẳc	则	0	
rẳc	則	0	
rẳn	𠼿	0	
rẳng	𡂯	0	
rẵng	𦄺	0	
rặc	𪵫	0	
rặc	洛	0	
rặm	𤶄	0	
rặm	葚	0	
rặn	𠡧	0	
rặng	邓	0	
rặng	孕	0	
rặng	𫭧	0	
rặng	𡻔	0	
rặng	鄧	0	
rặt	秩	0	
rẹp	躐	0	
rẹt	烈	0	
rẻ	已	0	
rẻ	礼	0	
rẻ	𫠪	0	
rẻ	𠀳	0	
rẻ	易	0	
rẻ	惕	0	
rẻ	𥚯	0	
rẻ	禮	0	
rẻ	𥜤	0	
rẻ	V+60843	0	
rẻng	名	0	
rẻo	钌	0	
rẻo	釕	0	
rẽ	礼	0	
rẽ	𢩽	0	
rẽ	𢩵	0	
rẽ	礼	0	
rẽ	𢪊	0	
rẽ	拟	0	
rẽ	枝	0	
rẽ	𢬦	0	
rẽ	𥘶	0	
rẽ	哩	0	
rẽ	𧿆	0	
rẽ	𫽂	0	
rẽ	雉	0	
rẽ	𨂼	0	
rẽ	𢶾	0	
rẽ	禮	0	
rẽ	𢹿	0	
rẽ	𧕬	0	
rế	帝	0	
rế	缔	0	
rế	䇪	0	
rế	締	0	
rế	𥰆	0	
rếch	历	0	
rếch	𠸩	0	
rếch	噒	0	
rếch	歷	0	
rếch	曆	0	
rếch	藶	0	
rến	𨀏	0	
rết	列	0	
rết	烈	0	
rết	𧋺	0	
rết	𧋍	0	
rết	蝎	0	
rết	𧎴	0	
rết	𧏲	0	
rề	提	0	
rề	𣾸	0	
rề	𤂱	0	
rề	𤄭	0	
rền	噒	0	
rền	廛	0	
rền	𡃚	0	
rềnh	呈	0	
rều	潮	0	
rều	𦼔	0	
rều	繚	0	
rể	易	0	
rể	婿	0	
rể	㥠	0	
rể	壻	0	
rể	嫷	0	
rể	𡤠	0	
rểnh	𠴒	0	
rễ	礼	0	
rễ	易	0	
rễ	𢬦	0	
rễ	𣑶	0	
rễ	𦮲	0	
rễ	𥚯	0	
rễ	䓪	0	
rễ	𬓓	0	
rễ	禮	0	
rễ	𣠲	0	
rện	蝒	0	
rệp	蜡	0	
rệp	蠟	0	
rệt	列	0	
rệt	列	0	
rệt	烈	0	
rệt	𤍅	0	
rệt	𬟜	0	
rệt	𫊔	0	
rệu	咷	0	
rệu	洮	0	
rệu	𡂆	0	
rỉ	忋	0	
rỉ	汜	0	
rỉ	𠯇	0	
rỉ	𠯽	0	
rỉ	釲	0	
rỉ	唯	0	
rỉ	啼	0	
rỉ	𠺨	0	
rỉ	嚙	0	
rỉa	唎	0	
rỉa	𠶋	0	
rỉa	𠹼	0	
rỉnh	呈	0	
rị	以	0	
rị	拭	0	
rị	涖	0	
rịa	地	0	
rịch	曆	0	
rịch	攊	0	
rịn	练	0	
rịn	𠱉	0	
rịn	炼	0	
rịn	湅	0	
rịn	辇	0	
rịn	缅	0	
rịn	煉	0	
rịn	煉	0	
rịn	緬	0	
rịn	輦	0	
rịn	練	0	
rịn	練	0	
rịt	列	0	
rịt	列	0	
rịt	𦀎	0	
rịt	𦃾	0	
rọ	路	0	
rọ	㮲	0	
rọ	𢷅	0	
rọ	㯝	0	
rọ	𥱨	0	
rọ	簬	0	
rọ	𤑟	0	
rọ	露	0	
rọc	𪟆	0	
rọc	𢯡	0	
rọc	淥	0	
rọc	辘	0	
rọc	轆	0	
rọi	烩	0	
rọi	𤊠	0	
rọi	𦠵	0	
rọi	燴	0	
rọi	𤑭	0	
rọi	𦇒	0	
rọm	𧒋	0	
rọt	律	0	
rọt	律	0	
rỏ	𤀒	0	
rỏ	瀂	0	
rỏi	㩡	0	
rỏm	览	0	
rỏm	𫬠	0	
rỏm	覽	0	
rỏm	𧖐	0	
rỏng	𣿅	0	
rố	路	0	
rố	𡀔	0	
rốc	育	0	
rốc	速	0	
rốc	𧐒	0	
rối	𤞖	0	
rối	绥	0	
rối	綏	0	
rối	磊	0	
rối	𦆹	0	
rối	𦇒	0	
rốn	巽	0	
rốn	𦜞	0	
rốn	噀	0	
rốn	𠾀	0	
rốn	𦠆	0	
rốn	𦡋	0	
rống	吼	0	
rống	哄	0	
rống	嗊	0	
rống	㗢	0	
rốp	𤎞	0	
rốt	卒	0	
rốt	捽	0	
rốt	𡮇	0	
rốt	𣖢	0	
rốt	𡳝	0	
rốt	𡦧	0	
rồ	𠱋	0	
rồ	𢲛	0	
rồ	𤸭	0	
rồi	耒	0	
rồi	𬩧	0	
rồm	菻	0	
rồng	泷	0	
rồng	𬗝	0	
rồng	滝	0	
rồng	𧍰	0	
rồng	𧏵	0	
rồng	瀧	0	
rồng	𪚓	0	
rồng	蠪	0	
rồng	蠬	0	
rổ	杜	0	
rổ	𥯇	0	
rổ	撸	0	
rổ	擼	0	
rổ	𥶇	0	
rổc	祿	0	
rổi	耒	0	
rổn	沌	0	
rổng	弄	0	
rổp	泣	0	
rỗ	𤻼	0	
rỗ	𥶇	0	
rỗi	耒	0	
rỗi	𡂳	0	
rỗi	𪿸	0	
rỗi	𩧍	0	
rỗng	董	0	
rỗng	筩	0	
rỗng	𥧪	0	
rộ	路	0	
rộ	𡀔	0	
rộ	露	0	
rộc	淯	0	
rộc	祿	0	
rộc	𬓗	0	
rộc	𪤤	0	
rộc	𤳨	0	
rội	耞	0	
rộn	吨	0	
rộn	𢮪	0	
rộn	遁	0	
rộn	遯	0	
rộn	撰	0	
rộn	𡀷	0	
rộng	圹	0	
rộng	旷	0	
rộng	弄	0	
rộng	𣳔	0	
rộng	㳥	0	
rộng	廣	0	
rộng	壙	0	
rộng	曠	0	
rộng	𤳱	0	
rộng	𢌊	0	
rộng	𢌌	0	
rộp	𤎞	0	
rột	𠫏	0	
rớ	架	0	
rớ	𦁹	0	
rớ	𢵽	0	
rớm	𪾋	0	
rớm	监	0	
rớm	監	0	
rớn	𠡧	0	
rớt	律	0	
rớt	溧	0	
rờ	𢫘	0	
rờ	𢲢	0	
rờ	𪹘	0	
rờ	踈	0	
rờ	攎	0	
rời	来	0	
rời	利	0	
rời	來	0	
rời	例	0	
rời	涞	0	
rời	浰	0	
rời	𫼲	0	
rời	𢯦	0	
rời	淶	0	
rời	移	0	
rời	𢴐	0	
rời	𨖨	0	
rời	𢵭	0	
rời	𬩥	0	
rờm	渗	0	
rờm	滲	0	
rờm	𠿳	0	
rờn	寅	0	
rờn	弹	0	
rờn	彈	0	
rở	捛	0	
rở	𢙲	0	
rở	𠴊	0	
rởm	啉	0	
rởm	𠼖	0	
rởn	𠹖	0	
rởn	演	0	
rỡ	勹	0	
rỡ	呂	0	
rỡ	焒	0	
rỡ	𢙲	0	
rỡ	𫺙	0	
rỡ	𤊪	0	
rỡ	𠒦	0	
rỡ	懙	0	
rỡ	熷	0	
rỡ	𢷣	0	
rỡ	𤑉	0	
rỡ	𤑟	0	
rợ	夷	0	
rợ	助	0	
rợ	𤞩	0	
rợ	𤞪	0	
rợ	𫯲	0	
rợ	預	0	
rợ	緆	0	
rợi	涞	0	
rợi	淶	0	
rợi	𢜞	0	
rợi	灑	0	
rợn	惮	0	
rợn	羨	0	
rợn	憚	0	
rợn	囒	0	
rợp	叶	0	
rợp	苙	0	
rợp	葉	0	
rợp	揲	0	
rợp	雴	0	
rợp	𩄓	0	
rợp	𣜿	0	
rợp	𩆏	0	
rụ	昼	0	
rục	育	0	
rục	浊	0	
rục	濁	0	
rụi	𣑳	0	
rụi	㩡	0	
rụi	㰁	0	
rụm	淫	0	
rụng	用	0	
rụng	弄	0	
rụng	𠖿	0	
rụng	拥	0	
rụng	𠰩	0	
rụng	苚	0	
rụng	𣳔	0	
rụng	勇	0	
rụng	梇	0	
rụng	湧	0	
rụng	𬈭	0	
rụt	列	0	
rụt	律	0	
rụt	湥	0	
rụt	揬	0	
rụt	𬑸	0	
rủ	𠱋	0	
rủ	喻	0	
rủ	屡	0	
rủ	愈	0	
rủ	屢	0	
rủ	𫫵	0	
rủ	𡀍	0	
rủ	𢷀	0	
rủ	𢷱	0	
rủ	𡀿	0	
rủ	𥣒	0	
rủa	鲁	0	
rủa	魯	0	
rủa	𪁇	0	
rủa	嚕	0	
rủi	耒	0	
rủi	𢙩	0	
rủi	𠶡	0	
rủi	磊	0	
rủi	𢤡	0	
rủi	㩡	0	
rủi	𡂳	0	
rủi	𥗐	0	
rủn	敦	0	
rủng	㶲	0	
rủng	恸	0	
rủng	慟	0	
rủng	㗢	0	
rứa	呂	0	
rứt	㗚	0	
rứt	搮	0	
rứt	𢲼	0	
rừ	如	0	
rừa	鈼	0	
rừng	𡹃	0	
rừng	棱	0	
rừng	𡼹	0	
rử	𥆻	0	
rửa	𣳮	0	
rửa	渚	0	
rửa	𤀗	0	
rửa	𤂩	0	
rửng	𬊊	0	
rữa	呂	0	
rữa	𣳮	0	
rữa	焒	0	
rữa	𦛗	0	
rữa	𤀗	0	
rựa	鈼	0	
rựa	𠟹	0	
rựa	𨮌	0	
rực	氻	0	
rực	𤊧	0	
rực	熤	0	
rựt	搮	0	
sa	車	0	
sa	沙	0	
sa	纱	0	
sa	砂	0	
sa	紗	0	
sa	𬇭	0	
sa	挱	0	
sa	莎	0	
sa	娑	0	
sa	挲	0	
sa	桬	0	
sa	痧	0	
sa	裟	0	
sa	鲨	0	
sa	蹉	0	
sa	鯊	0	
sai	钗	0	
sai	差	0	
sai	𫄨	0	
sai	釵	0	
sai	猜	0	
sai	搓	0	
sai	絺	0	
sai	縒	0	
sai	𡗂	0	
sam	彡	0	
sam	三	0	
sam	弎	0	
sam	芟	0	
sam	杉	0	
sam	衫	0	
sam	参	0	
sam	掺	0	
sam	參	0	
sam	搀	0	
sam	𦲞	0	
sam	摻	0	
sam	蔘	0	
sam	𧏰	0	
sam	𬞨	0	
sam	縿	0	
sam	𧑁	0	
sam	𧀜	0	
sam	攙	0	
sam	𧓰	0	
sam	𪓫	0	
sam	𩆷	0	
san	山	0	
san	刊	0	
san	删	0	
san	刪	0	
san	姗	0	
san	舢	0	
san	栅	0	
san	珊	0	
san	飡	0	
san	铲	0	
san	跚	0	
san	飧	0	
san	湌	0	
san	㺗	0	
san	餐	0	
san	蟮	0	
san	鏟	0	
sang	创	0	
sang	呛	0	
sang	抢	0	
sang	枪	0	
sang	炝	0	
sang	郎	0	
sang	疮	0	
sang	朗	0	
sang	跄	0	
sang	廊	0	
sang	創	0	
sang	嗆	0	
sang	搶	0	
sang	𨖅	0	
sang	𢲲	0	
sang	熗	0	
sang	槍	0	
sang	瘡	0	
sang	𢀨	0	
sang	蹌	0	
sang	鎗	0	
sanh	生	0	
sanh	栍	0	
sanh	牲	0	
sanh	柽	0	
sanh	笙	0	
sanh	𪡚	0	
sanh	𪡾	0	
sanh	撑	0	
sanh	撐	0	
sanh	𣛟	0	
sanh	檉	0	
sanh	鎗	0	
sanh	蟶	0	
sao	牢	0	
sao	吵	0	
sao	抄	0	
sao	炒	0	
sao	秒	0	
sao	钞	0	
sao	捎	0	
sao	𫰴	0	
sao	烧	0	
sao	哰	0	
sao	梢	0	
sao	𣇟	0	
sao	𣒲	0	
sao	鈔	0	
sao	艄	0	
sao	筲	0	
sao	𤚧	0	
sao	敲	0	
sao	𫳵	0	
sao	𡢐	0	
sao	𪱊	0	
sao	𬁖	0	
sao	𣋀	0	
sao	燒	0	
sao	鞘	0	
sao	𡫡	0	
sau	牢	0	
sau	差	0	
sau	娄	0	
sau	婁	0	
sau	𡢐	0	
sau	𪢈	0	
sau	𫏻	0	
sau	𨍦	0	
sau	𢖕	0	
sau	𬧻	0	
sau	𢖖	0	
sau	𫐂	0	
sau	𡳶	0	
say	差	0	
say	𫑹	0	
say	醝	0	
se	尸	0	
se	车	0	
se	車	0	
se	𤉖	0	
se	痴	0	
se	𣊋	0	
se	𤏤	0	
se	𤏨	0	
sen	穿	0	
sen	莲	0	
sen	蓮	0	
sen	𬞮	0	
sen	𡣻	0	
seo	𦠶	0	
shizuku	雫	0	
si	师	0	
si	𪣅	0	
si	差	0	
si	施	0	
si	𤵶	0	
si	𫄨	0	
si	師	0	
si	鸱	0	
si	蚩	0	
si	徙	0	
si	眵	0	
si	𪡦	0	
si	偨	0	
si	䇪	0	
si	筛	0	
si	稀	0	
si	嗤	0	
si	絺	0	
si	痴	0	
si	媸	0	
si	摛	0	
si	螭	0	
si	鴟	0	
si	篩	0	
si	癡	0	
si	魑	0	
sim	𦙦	0	
sim	枮	0	
sim	𣑷	0	
sim	槮	0	
sinh	生	0	
sinh	坐	0	
sinh	狡	0	
sinh	牲	0	
sinh	𥑥	0	
sinh	笙	0	
sinh	甥	0	
sinh	䲼	0	
siêm	觇	0	
siêm	覘	0	
siêng	生	0	
siêng	𠡏	0	
siêng	𠰮	0	
siêng	𬎶	0	
siêng	𫦽	0	
siêng	𤯺	0	
siêu	𠰉	0	
siêu	超	0	
siết	切	0	
siết	折	0	
siết	𠲔	0	
siết	掣	0	
siểm	谄	0	
siểm	諂	0	
siển	阐	0	
siển	蒇	0	
siển	蕆	0	
siển	闡	0	
siểng	䇸	0	
siểng	𥰈	0	
siểng	𥸍	0	
siểng	𣡹	0	
siễn	喘	0	
so	刍	0	
so	抠	0	
so	𢫘	0	
so	枢	0	
so	轳	0	
so	芻	0	
so	𨋤	0	
so	搊	0	
so	摅	0	
so	𡦅	0	
so	摳	0	
so	樞	0	
so	𨎆	0	
so	𬧺	0	
so	趨	0	
so	攄	0	
so	攎	0	
so	𨏧	0	
so	轤	0	
soa	杈	0	
soa	沙	0	
soa	差	0	
soa	釵	0	
soa	蓑	0	
soa	鮻	0	
soai	嗟	0	
soan	闩	0	
soan	閂	0	
soi	洡	0	
soi	𢐝	0	
soi	擂	0	
soi	𤐝	0	
soi	𥋸	0	
son	山	0	
son	仑	0	
son	伦	0	
son	侖	0	
son	倫	0	
son	崙	0	
son	趋	0	
son	𢀧	0	
son	𪳔	0	
son	𣗾	0	
son	𣘈	0	
son	𧹪	0	
son	趨	0	
son	𣜱	0	
son	𪿽	0	
song	双	0	
song	囱	0	
song	㧐	0	
song	𣳔	0	
song	𫁷	0	
song	窓	0	
song	㕠	0	
song	葱	0	
song	窗	0	
song	𠼾	0	
song	漴	0	
song	蔥	0	
song	𣙩	0	
song	牕	0	
song	窻	0	
song	雙	0	
song	㩳	0	
song	𧄐	0	
song	𩽧	0	
soong	𫡱	0	
soái	帅	0	
soái	帥	0	
soái	䢦	0	
soán	撺	0	
soán	篡	0	
soán	簒	0	
soán	镩	0	
soán	攛	0	
soán	鑹	0	
soát	刷	0	
soát	察	0	
soã	锁	0	
soã	鎖	0	
soóc	朔	0	
soạc	鷟	0	
soạn	𢮪	0	
soạn	馔	0	
soạn	撰	0	
soạn	𦠆	0	
soạn	譔	0	
soạn	饌	0	
soạn	纂	0	
soạng	撰	0	
soạt	察	0	
soạt	鷟	0	
soải	甩	0	
soảng	撰	0	
soớm	𣌋	0	
su	苏	0	
su	受	0	
su	蒭	0	
su	㮲	0	
su	樞	0	
su	蘇	0	
sua	夸	0	
sua	誇	0	
sui	𡢽	0	
sum	岑	0	
sum	森	0	
sum	𢵳	0	
sum	𦼚	0	
sun	嗔	0	
sun	撴	0	
sung	充	0	
sung	茺	0	
sung	㤝	0	
sung	𣑁	0	
sung	崇	0	
sung	憧	0	
suy	吹	0	
suy	蚩	0	
suy	𫄨	0	
suy	衰	0	
suy	推	0	
suy	嗤	0	
suy	絺	0	
suy	榱	0	
suyền	湍	0	
suyển	喘	0	
suyễn	舛	0	
suyễn	喘	0	
suân	杶	0	
suân	皴	0	
suôi	洡	0	
suôi	榱	0	
suôi	𡢽	0	
suôi	𤂬	0	
suôn	涟	0	
suôn	棆	0	
suôn	漣	0	
suôn	墫	0	
suông	双	0	
suông	充	0	
suông	𪲂	0	
suông	㤝	0	
suông	滝	0	
suông	𫁔	0	
suông	𥺽	0	
suông	𬔔	0	
suông	雙	0	
suý	甩	0	
suý	帅	0	
suý	吹	0	
suý	帥	0	
suý	揣	0	
suả	𬍉	0	
suả	𡂡	0	
suất	怵	0	
suất	率	0	
suất	摔	0	
suất	繂	0	
suất	蟀	0	
suối	洡	0	
suối	𣷮	0	
suối	㵊	0	
suối	𤂬	0	
suốt	卒	0	
suốt	拙	0	
suốt	律	0	
suốt	啐	0	
suốt	掇	0	
suốt	捽	0	
suốt	𨔊	0	
suốt	率	0	
suốt	椊	0	
suốt	焠	0	
suốt	𣖠	0	
suốt	摔	0	
suốt	𫧦	0	
suốt	𠁸	0	
suốt	䢦	0	
suốt	𢖀	0	
suốt	𨙖	0	
suồng	闩	0	
suồng	閂	0	
suồng	𨳱	0	
suồng	𠼾	0	
suỷ	揣	0	
suỷ	惴	0	
sà	沙	0	
sà	茶	0	
sài	侪	0	
sài	洡	0	
sài	柴	0	
sài	豺	0	
sài	偨	0	
sài	喍	0	
sài	㾹	0	
sài	儕	0	
sàm	𠋂	0	
sàm	谗	0	
sàm	馋	0	
sàm	搀	0	
sàm	嘇	0	
sàm	𩝎	0	
sàm	儳	0	
sàm	攙	0	
sàm	讒	0	
sàm	鑱	0	
sàm	饞	0	
sàn	牀	0	
sàn	栈	0	
sàn	常	0	
sàn	孱	0	
sàn	棧	0	
sàn	潺	0	
sàng	床	0	
sàng	牀	0	
sàng	𠳹	0	
sàng	𬕌	0	
sành	𡊳	0	
sành	𤬸	0	
sành	𥑥	0	
sành	𥓉	0	
sào	巛	0	
sào	高	0	
sào	髙	0	
sào	巢	0	
sào	缫	0	
sào	樔	0	
sào	缲	0	
sào	篙	0	
sào	繅	0	
sào	繰	0	
sá	吒	0	
sá	诧	0	
sá	侘	0	
sá	咤	0	
sá	啥	0	
sá	詫	0	
sác	槊	0	
sác	趠	0	
sác	薮	0	
sác	藪	0	
sách	彳	0	
sách	册	0	
sách	冊	0	
sách	坼	0	
sách	拆	0	
sách	茦	0	
sách	栅	0	
sách	柵	0	
sách	索	0	
sách	策	0	
sách	嗦	0	
sách	筞	0	
sách	筴	0	
sái	杀	0	
sái	衩	0	
sái	差	0	
sái	耍	0	
sái	𣳪	0	
sái	洒	0	
sái	晒	0	
sái	殺	0	
sái	跴	0	
sái	𩲥	0	
sái	瘥	0	
sái	踩	0	
sái	灑	0	
sái	曬	0	
sám	𢖱	0	
sám	忏	0	
sám	鏟	0	
sám	懺	0	
sán	讪	0	
sán	汕	0	
sán	灿	0	
sán	疝	0	
sán	𬟴	0	
sán	栈	0	
sán	訕	0	
sán	赸	0	
sán	振	0	
sán	铲	0	
sán	掁	0	
sán	棧	0	
sán	散	0	
sán	趁	0	
sán	粲	0	
sán	镇	0	
sán	燦	0	
sán	璨	0	
sán	鎮	0	
sán	鏟	0	
sáng	灲	0	
sáng	创	0	
sáng	剏	0	
sáng	剙	0	
sáng	朗	0	
sáng	創	0	
sáng	𬁈	0	
sáng	𤍎	0	
sáng	𤎜	0	
sáng	𤏬	0	
sáng	𣋃	0	
sáng	𠓇	0	
sáng	𫤤	0	
sánh	另	0	
sánh	逞	0	
sánh	聘	0	
sánh	𤯭	0	
sánh	𡖼	0	
sánh	𠁔	0	
sánh	𫫺	0	
sáo	夺	0	
sáo	套	0	
sáo	笛	0	
sáo	稍	0	
sáo	筲	0	
sáo	槊	0	
sáo	奪	0	
sáo	𠿀	0	
sáo	𥱫	0	
sáo	䳂	0	
sáo	𥳓	0	
sáo	𪁎	0	
sáo	𪄤	0	
sáo	𪄨	0	
sáo	𪇐	0	
sáp	合	0	
sáp	𤜯	0	
sáp	臿	0	
sáp	涩	0	
sáp	插	0	
sáp	牐	0	
sáp	𦝥	0	
sáp	歃	0	
sáp	锸	0	
sáp	蜡	0	
sáp	霎	0	
sáp	濇	0	
sáp	鍤	0	
sáp	澀	0	
sáp	鮹	0	
sáp	爉	0	
sáp	㯿	0	
sáp	蠟	0	
sát	杀	0	
sát	刹	0	
sát	殺	0	
sát	煞	0	
sát	詧	0	
sát	察	0	
sát	擦	0	
sát	𥌀	0	
sát	镲	0	
sát	礤	0	
sát	𪄅	0	
sát	鑔	0	
sáu	了	0	
sáu	𦒹	0	
sáy	𫭚	0	
sâm	参	0	
sâm	參	0	
sâm	森	0	
sâm	葠	0	
sâm	蓡	0	
sâm	槮	0	
sân	身	0	
sân	莘	0	
sân	真	0	
sân	䀼	0	
sân	嗔	0	
sân	瞋	0	
sân	𡑝	0	
sân	𡓏	0	
sân	𫸈	0	
sâu	𧉿	0	
sâu	㥪	0	
sâu	溇	0	
sâu	𫐷	0	
sâu	搊	0	
sâu	慺	0	
sâu	漊	0	
sâu	𡢐	0	
sâu	蝼	0	
sâu	螻	0	
sâu	𧒇	0	
sây	差	0	
sây	僽	0	
sã	乍	0	
sã	𢘬	0	
sã	秨	0	
sã	𨦁	0	
sãi	士	0	
sãi	仕	0	
sãi	𠱊	0	
sãi	胣	0	
sãi	𪧸	0	
sè	仕	0	
sè	茌	0	
sè	稀	0	
sèn	洌	0	
sèn	咧	0	
sèo	饶	0	
sèo	𦝼	0	
sèo	膢	0	
sèo	饒	0	
sé	稀	0	
sém	𤑯	0	
sém	𤒦	0	
sét	杀	0	
sét	列	0	
sét	冽	0	
sét	殺	0	
sét	烈	0	
sét	𡏥	0	
sét	𩂶	0	
sét	𪷘	0	
sét	𩄰	0	
sét	鎩	0	
sét	𪄅	0	
sét	𬰓	0	
sên	扦	0	
sên	﨡	0	
sênh	生	0	
sênh	笙	0	
sênh	撐	0	
sêu	超	0	
sêu	𠾸	0	
sì	仕	0	
sì	时	0	
sì	茌	0	
sì	時	0	
sì	𫄨	0	
sì	粚	0	
sì	稀	0	
sì	絺	0	
sì	𪐢	0	
sì	𪐾	0	
sình	浧	0	
sình	𬈤	0	
sình	𬉚	0	
sí	四	0	
sí	厕	0	
sí	炽	0	
sí	翄	0	
sí	𬙚	0	
sí	翅	0	
sí	厠	0	
sí	廁	0	
sí	𦋂	0	
sí	趐	0	
sí	熾	0	
sính	性	0	
sính	俜	0	
sính	𠴔	0	
sính	悜	0	
sính	骋	0	
sính	逞	0	
sính	娉	0	
sính	睈	0	
sính	聘	0	
sính	騁	0	
síp	拾	0	
sít	杀	0	
sít	殺	0	
sò	㗙	0	
sò	𧎷	0	
sò	𧒌	0	
sò	𩺥	0	
sòi	𣖧	0	
sòm	谗	0	
sòm	讒	0	
sòn	存	0	
sòng	𣳔	0	
sòng	崇	0	
sòng	滝	0	
sòng	𠼾	0	
sòng	漴	0	
sòng	𣙩	0	
sòng	𥊠	0	
só	梳	0	
sóc	朔	0	
sóc	矟	0	
sóc	蒴	0	
sóc	搠	0	
sóc	槊	0	
sóc	𥉮	0	
sói	𤞖	0	
sói	𪻆	0	
sói	磊	0	
sói	獪	0	
sói	𤢗	0	
sói	𤢿	0	
sói	㰁	0	
sói	𩯹	0	
sóm	𨇬	0	
són	寸	0	
són	𣼍	0	
sóng	浪	0	
sóng	㳥	0	
sót	㤕	0	
sót	卒	0	
sót	率	0	
sót	𫧦	0	
sô	刍	0	
sô	驺	0	
sô	绉	0	
sô	芻	0	
sô	皱	0	
sô	𠸗	0	
sô	𦁅	0	
sô	㗙	0	
sô	皺	0	
sô	篘	0	
sô	縐	0	
sô	𡁿	0	
sô	騶	0	
sô	𪄞	0	
sôi	炊	0	
sôi	𤉚	0	
sôi	傕	0	
sôi	催	0	
sôi	𢐝	0	
sôi	熣	0	
sôi	㵢	0	
sôi	𤐝	0	
sôn	𣞊	0	
sông	泷	0	
sông	滝	0	
sông	漗	0	
sông	𪷹	0	
sông	瀧	0	
sõi	士	0	
sõi	仕	0	
sõi	磊	0	
sõng	肿	0	
sõng	腫	0	
sõng	𦪃	0	
sõng	𦪐	0	
sù	囚	0	
sù	抠	0	
sù	绉	0	
sù	枢	0	
sù	𣭃	0	
sù	厨	0	
sù	摳	0	
sù	樞	0	
sù	縐	0	
sùi	洡	0	
sùi	𠱤	0	
sùi	涞	0	
sùi	淶	0	
sùi	㵢	0	
sùm	㖗	0	
sùm	森	0	
sùm	𫊍	0	
sùng	崇	0	
sùng	𠼾	0	
sùng	漴	0	
sùng	𢠄	0	
sùng	𧐿	0	
sùng	蟲	0	
sú	醜	0	
sú	薮	0	
sú	擞	0	
sú	藪	0	
sú	擻	0	
súc	亍	0	
súc	束	0	
súc	畜	0	
súc	㗜	0	
súc	滀	0	
súc	蓄	0	
súc	搐	0	
súc	槒	0	
súc	缩	0	
súc	𨃕	0	
súc	縮	0	
súc	蹜	0	
súc	矗	0	
sún	噀	0	
sún	𬹹	0	
súng	茺	0	
súng	铳	0	
súng	銃	0	
súng	𨖼	0	
súng	𦼠	0	
súng	𦼟	0	
súng	𧀏	0	
sút	卒	0	
sút	淬	0	
sút	率	0	
săm	心	0	
săm	审	0	
săm	禀	0	
săm	審	0	
săn	𤜬	0	
săn	𤞓	0	
săn	𢕸	0	
săn	𤢈	0	
săn	獜	0	
săng	棱	0	
săng	䗀	0	
săng	槺	0	
săng	橉	0	
sĩ	士	0	
sĩ	仕	0	
sĩ	俟	0	
sĩ	豉	0	
sũng	肿	0	
sũng	宠	0	
sũng	腫	0	
sũng	漴	0	
sũng	𬉎	0	
sũng	寵	0	
sơ	彑	0	
sơ	匹	0	
sơ	𤴔	0	
sơ	疋	0	
sơ	丝	0	
sơ	初	0	
sơ	梳	0	
sơ	絲	0	
sơ	疏	0	
sơ	疎	0	
sơ	𠸗	0	
sơ	踈	0	
sơ	蔬	0	
sơ	⼹	0	
sơn	山	0	
sơn	杣	0	
sư	书	0	
sư	师	0	
sư	狮	0	
sư	師	0	
sư	書	0	
sư	𪝜	0	
sư	蛳	0	
sư	筛	0	
sư	摅	0	
sư	獅	0	
sư	篩	0	
sư	螄	0	
sư	攄	0	
sưa	师	0	
sưa	狮	0	
sưa	師	0	
sưa	疏	0	
sưa	疎	0	
sưa	𨠴	0	
sưa	獅	0	
sưa	𫑺	0	
sưa	𫑽	0	
sưng	𪽩	0	
sưng	𤷖	0	
sưng	𫇁	0	
sưu	诌	0	
sưu	鬼	0	
sưu	馊	0	
sưu	廋	0	
sưu	蓃	0	
sưu	搜	0	
sưu	嗖	0	
sưu	溲	0	
sưu	㮲	0	
sưu	螋	0	
sưu	艘	0	
sưu	瘳	0	
sưu	篘	0	
sưu	餿	0	
sưu	謅	0	
sưu	颼	0	
sưu	䱸	0	
sươi	差	0	
sươi	𦟎	0	
sươn	汕	0	
sương	伧	0	
sương	伤	0	
sương	厢	0	
sương	凔	0	
sương	傖	0	
sương	廂	0	
sương	傷	0	
sương	箱	0	
sương	霜	0	
sương	𢹩	0	
sương	孀	0	
sương	鹴	0	
sương	鸘	0	
sước	辶	0	
sước	辵	0	
sước	婥	0	
sướng	快	0	
sướng	畅	0	
sướng	倡	0	
sướng	唱	0	
sướng	暢	0	
sướng	𡒮	0	
sướt	杀	0	
sướt	殺	0	
sướt	𣹕	0	
sườn	伧	0	
sườn	𦘹	0	
sườn	傖	0	
sườn	樑	0	
sườn	𢵔	0	
sườn	𦠳	0	
sường	床	0	
sưởi	𤇧	0	
sưởng	昶	0	
sưởng	鬯	0	
sưởng	敞	0	
sưởng	氅	0	
sượng	炀	0	
sượng	尚	0	
sượng	尙	0	
sượng	爽	0	
sượng	𠶤	0	
sượng	惝	0	
sượng	𪽄	0	
sượng	煬	0	
sượng	V+600A8	0	
sượt	杀	0	
sượt	殺	0	
sượt	𠺽	0	
sạ	乍	0	
sạ	苲	0	
sạch	石	0	
sạch	沥	0	
sạch	沚	0	
sạch	泟	0	
sạch	涤	0	
sạch	脽	0	
sạch	滌	0	
sạch	瀝	0	
sạm	懺	0	
sạn	栈	0	
sạn	铲	0	
sạn	棧	0	
sạn	䃅	0	
sạn	僝	0	
sạn	磾	0	
sạn	𥖔	0	
sạn	鏟	0	
sạo	诌	0	
sạo	掉	0	
sạo	𠻥	0	
sạo	謅	0	
sạo	鮹	0	
sạo	𨄵	0	
sạp	㯿	0	
sạt	鷟	0	
sả	乍	0	
sả	𪮈	0	
sả	𦲺	0	
sả	𨦁	0	
sả	𦵘	0	
sả	𪀎	0	
sải	仕	0	
sải	𢩿	0	
sải	豸	0	
sải	庹	0	
sải	𢲮	0	
sải	𪪪	0	
sảm	掺	0	
sảm	摻	0	
sảm	𥕌	0	
sản	产	0	
sản	刬	0	
sản	剗	0	
sản	産	0	
sản	铲	0	
sản	剷	0	
sản	㦃	0	
sản	𨄉	0	
sản	鏟	0	
sảng	怆	0	
sảng	爽	0	
sảng	𡙁	0	
sảng	愴	0	
sảng	磢	0	
sảnh	厅	0	
sảnh	庁	0	
sảnh	𤯝	0	
sảnh	厛	0	
sảnh	凊	0	
sảnh	倩	0	
sảnh	㗂	0	
sảnh	䲼	0	
sảnh	廳	0	
sảo	诌	0	
sảo	吵	0	
sảo	稍	0	
sảo	謅	0	
sảy	仕	0	
sảy	侈	0	
sảy	𢫟	0	
sảy	洒	0	
sảy	𤇧	0	
sảy	𤵴	0	
sấc	贼	0	
sấc	賊	0	
sấm	闯	0	
sấm	参	0	
sấm	梣	0	
sấm	渗	0	
sấm	參	0	
sấm	禀	0	
sấm	滲	0	
sấm	𫕨	0	
sấm	闖	0	
sấm	𢀮	0	
sấm	𩅙	0	
sấm	谶	0	
sấm	𩆐	0	
sấm	𪅩	0	
sấm	讖	0	
sấm	𩆷	0	
sấm	𩇆	0	
sấn	闯	0	
sấn	衬	0	
sấn	疢	0	
sấn	龀	0	
sấn	趁	0	
sấn	趂	0	
sấn	榇	0	
sấn	䞮	0	
sấn	𪮭	0	
sấn	镇	0	
sấn	齔	0	
sấn	闖	0	
sấn	鎮	0	
sấn	櫬	0	
sấn	襯	0	
sấp	把	0	
sấp	䏠	0	
sấp	插	0	
sấp	𬛦	0	
sất	匹	0	
sất	叱	0	
sất	疋	0	
sất	抶	0	
sất	眣	0	
sất	䋎	0	
sấu	丑	0	
sấu	蓃	0	
sấu	瘦	0	
sấu	𠻳	0	
sấu	嗽	0	
sấu	潄	0	
sấu	㮴	0	
sấu	簉	0	
sấu	𥳓	0	
sấu	䱸	0	
sấu	𩽉	0	
sấu	𩽤	0	
sấy	𤇧	0	
sấy	晒	0	
sầm	立	0	
sầm	立	0	
sầm	岑	0	
sầm	涔	0	
sầm	硶	0	
sầm	碜	0	
sầm	磣	0	
sầm	橬	0	
sầm	𩻛	0	
sần	莘	0	
sần	𦝍	0	
sần	𤊥	0	
sần	𦝆	0	
sần	痳	0	
sần	𤷲	0	
sầu	愁	0	
sầu	𣜷	0	
sầy	柴	0	
sầy	稀	0	
sầy	媸	0	
sẩm	审	0	
sẩm	渗	0	
sẩm	滲	0	
sẩm	審	0	
sẩm	𫕨	0	
sẩm	𩅙	0	
sẩn	进	0	
sẩn	疢	0	
sẩn	進	0	
sẩu	𢗸	0	
sẩy	仕	0	
sẩy	𬚯	0	
sẩy	侈	0	
sẩy	𢫟	0	
sẩy	𤇧	0	
sẩy	𤵴	0	
sẩy	𪵌	0	
sẩy	𨀋	0	
sẩy	𪷔	0	
sẫm	朕	0	
sậm	湛	0	
sậm	揕	0	
sập	习	0	
sập	立	0	
sập	立	0	
sập	𠙅	0	
sập	𬔗	0	
sập	柆	0	
sập	𥩰	0	
sập	習	0	
sập	笠	0	
sập	摺	0	
sập	𫁫	0	
sật	栗	0	
sậu	骤	0	
sậu	驟	0	
sậy	茌	0	
sậy	𣐴	0	
sậy	䇮	0	
sậy	槎	0	
sắc	色	0	
sắc	恜	0	
sắc	勅	0	
sắc	勑	0	
sắc	敕	0	
sắc	嗇	0	
sắc	銫	0	
sắc	𪁅	0	
sắc	穡	0	
sắm	𢖱	0	
sắm	忏	0	
sắm	掺	0	
sắm	摻	0	
sắm	懺	0	
sắn	趁	0	
sắn	𦸰	0	
sắn	𦼜	0	
sắn	𦼛	0	
sắng	𤍎	0	
sắng	𤎜	0	
sắng	𦼃	0	
sắng	䕝	0	
sắp	拉	0	
sắp	㕸	0	
sắp	挹	0	
sắp	𢯛	0	
sắp	插	0	
sắt	列	0	
sắt	虱	0	
sắt	栗	0	
sắt	铁	0	
sắt	𠶘	0	
sắt	鉄	0	
sắt	瑟	0	
sắt	蝨	0	
sắt	𨫊	0	
sắt	鏍	0	
sắt	鐵	0	
sằn	莘	0	
sằn	潺	0	
sằng	𠳹	0	
sẳn	𪩯	0	
sẳn	𬂑	0	
sẳn	𫤢	0	
sẵn	产	0	
sẵn	產	0	
sẵn	産	0	
sẵn	𪩯	0	
sặc	色	0	
sặc	鷟	0	
sặc	𩻀	0	
sặc	𡆍	0	
sặc	𡆈	0	
sặm	朕	0	
sặm	湛	0	
sặt	䔁	0	
sặt	篥	0	
sặt	鳔	0	
sặt	𩺤	0	
sặt	𩻀	0	
sặt	鰾	0	
sẹo	刟	0	
sẹo	𤵪	0	
sẹo	𪖠	0	
sẹt	咧	0	
sẻ	仕	0	
sẻ	𢩿	0	
sẻ	𢫟	0	
sẻ	𨦁	0	
sẻ	䲧	0	
sẻ	𪀆	0	
sẻn	舛	0	
sẻn	浅	0	
sẻn	淺	0	
sẻn	㦃	0	
sẽ	士	0	
sẽ	仕	0	
sẽ	𠱊	0	
sẽ	𫪣	0	
sế	傺	0	
sến	𢇢	0	
sến	栈	0	
sến	胜	0	
sến	梬	0	
sến	𣓋	0	
sến	棧	0	
sến	𣞶	0	
sết	𣻂	0	
sếu	䳂	0	
sếu	𫛎	0	
sếu	鶮	0	
sề	𤞘	0	
sề	盻	0	
sề	𤵶	0	
sề	𥬋	0	
sề	𣖝	0	
sề	𤠷	0	
sền	胜	0	
sền	勝	0	
sền	𥺆	0	
sềnh	浧	0	
sể	𥬋	0	
sểnh	㨘	0	
sểu	𣲦	0	
sễ	仕	0	
sệ	滯	0	
sệch	尺	0	
sệch	斥	0	
sệp	笠	0	
sệt	㤡	0	
sệt	特	0	
sệt	𢟏	0	
sệt	𣻂	0	
sỉ	哆	0	
sỉ	蚩	0	
sỉ	恥	0	
sỉ	耻	0	
sỉ	褫	0	
sỉa	𢫟	0	
sỉa	𨀋	0	
sị	士	0	
sị	豉	0	
sịa	笮	0	
sịch	郑	0	
sịch	易	0	
sịch	掷	0	
sịch	鄭	0	
sịch	擲	0	
sịch	𨇗	0	
sịt	杀	0	
sịt	哳	0	
sịt	殺	0	
sịt	截	0	
sịt	㘉	0	
sọ	寿	0	
sọ	壽	0	
sọ	𬳛	0	
sọ	𩪵	0	
sọc	𪟄	0	
sọc	朔	0	
sọc	𥉮	0	
sọm	谗	0	
sọm	搀	0	
sọm	攙	0	
sọm	讒	0	
sọt	𥯝	0	
sọt	箻	0	
sỏ	𩠩	0	
sỏ	𬳛	0	
sỏ	𨯃	0	
sỏ	𩖅	0	
sỏi	𥑶	0	
sỏi	𫮇	0	
sỏi	磊	0	
sỏi	㩡	0	
sỏi	𡓃	0	
sỏi	礌	0	
sỏi	𥗐	0	
sỏn	𢮪	0	
sỏng	㳥	0	
sỏng	鏓	0	
số	𢼂	0	
số	措	0	
số	数	0	
số	數	0	
số	擻	0	
số	𥐈	0	
sốc	秃	0	
sốc	禿	0	
sốc	滀	0	
sốc	𩺯	0	
sống	生	0	
sống	弄	0	
sống	送	0	
sống	𤯩	0	
sống	𠸙	0	
sống	𫪹	0	
sống	𧚠	0	
sống	𤯨	0	
sống	𪟤	0	
sống	𩩇	0	
sống	𬴑	0	
sống	𩩖	0	
sống	𪁇	0	
sống	𦡠	0	
sống	𩀳	0	
sốt	律	0	
sốt	律	0	
sốt	𤈠	0	
sốt	焠	0	
sốt	𣙸	0	
sồ	刍	0	
sồ	芻	0	
sồ	粗	0	
sồ	雏	0	
sồ	𡙦	0	
sồ	𩿿	0	
sồ	雛	0	
sồ	𪄞	0	
sồi	䋘	0	
sồi	颓	0	
sồi	頺	0	
sồi	頽	0	
sồi	𦆙	0	
sồi	𩟬	0	
sồm	谗	0	
sồm	讒	0	
sồn	屯	0	
sồng	㚇	0	
sồng	梇	0	
sồng	崇	0	
sồng	棕	0	
sồng	椶	0	
sồng	𣙩	0	
sồng	𫌌	0	
sổ	𢼂	0	
sổ	𢯧	0	
sổ	𬃈	0	
sổ	数	0	
sổ	𡦅	0	
sổ	數	0	
sổ	𪢒	0	
sổ	𡂡	0	
sổ	䉤	0	
sổ	籔	0	
sổi	𩟬	0	
sổng	宠	0	
sổng	寵	0	
sỗ	𠴗	0	
sỗ	𠶘	0	
sỗ	𠶂	0	
sỗ	𠶈	0	
sỗ	鲁	0	
sỗ	数	0	
sỗ	魯	0	
sỗ	魯	0	
sỗ	數	0	
sỗ	𪢒	0	
sỗ	𤑟	0	
sộ	数	0	
sộ	數	0	
sộc	浊	0	
sộc	族	0	
sộc	濁	0	
sộc	𨃕	0	
sộp	𣙫	0	
sộp	𩻒	0	
sột	突	0	
sột	焠	0	
sột	㗜	0	
sột	箻	0	
sột	𥯝	0	
sớ	所	0	
sớ	疏	0	
sớm	剑	0	
sớm	劍	0	
sớm	歛	0	
sớm	𣋽	0	
sớm	𣌋	0	
sớm	𪩪	0	
sớn	汕	0	
sớn	趁	0	
sớn	潺	0	
sớt	匹	0	
sớt	叱	0	
sờ	𢮀	0	
sờ	础	0	
sờ	疏	0	
sờ	滁	0	
sờ	疎	0	
sờ	𣻄	0	
sờ	礎	0	
sờm	衫	0	
sờm	谗	0	
sờm	𥓸	0	
sờm	𧛎	0	
sờm	儳	0	
sờm	讒	0	
sờn	疝	0	
sờn	孱	0	
sờn	潺	0	
sờn	𢢁	0	
sở	所	0	
sở	础	0	
sở	楚	0	
sở	礎	0	
sởi	𤴶	0	
sởi	𤵴	0	
sởn	产	0	
sởn	産	0	
sởn	阐	0	
sởn	𠆍	0	
sởn	𤺲	0	
sởn	闡	0	
sởn	𢺛	0	
sỡ	所	0	
sỡ	楚	0	
sỡi	士	0	
sỡi	仕	0	
sợ	怍	0	
sợ	咋	0	
sợ	𢜝	0	
sợ	歙	0	
sợ	𫻋	0	
sợ	𫻐	0	
sợi	𥾘	0	
sợi	𥿥	0	
sợt	𪢘	0	
sụ	𤔛	0	
sụ	聚	0	
sục	亍	0	
sục	畜	0	
sục	滀	0	
sục	㗜	0	
sụm	𢵳	0	
sụm	蹾	0	
sụm	𨅾	0	
sụn	𦜞	0	
sụn	𦠆	0	
sụn	𩪞	0	
sụp	立	0	
sụp	立	0	
sụp	拉	0	
sụp	拾	0	
sụp	笠	0	
sụp	𨀎	0	
sụp	𨅁	0	
sụp	𨄴	0	
sụt	拙	0	
sụt	咄	0	
sụt	律	0	
sụt	𬔋	0	
sụt	𠸂	0	
sụt	湥	0	
sủ	守	0	
sủ	𠶂	0	
sủ	𧎷	0	
sủ	𩽋	0	
sủa	𠶂	0	
sủa	数	0	
sủa	數	0	
sủa	𪢒	0	
sủa	𪁇	0	
sủa	𡂡	0	
sủa	嚕	0	
sủi	洡	0	
sủng	宠	0	
sủng	寵	0	
sủng	𨰧	0	
sứ	使	0	
sứ	𣐳	0	
sứ	瓷	0	
sứ	𣔤	0	
sứa	使	0	
sứa	𧍇	0	
sứa	𧍅	0	
sứa	𩸲	0	
sức	力	0	
sức	式	0	
sức	饬	0	
sức	饰	0	
sức	飭	0	
sức	飾	0	
sứt	匹	0	
sứt	叱	0	
sứt	𠿰	0	
sứu	簉	0	
sừ	𣐳	0	
sừ	锄	0	
sừ	耡	0	
sừ	鉏	0	
sừ	鋤	0	
sừn	𦘹	0	
sừng	䈊	0	
sừng	𧤂	0	
sừng	𧤁	0	
sử	史	0	
sử	驶	0	
sử	使	0	
sử	駛	0	
sửa	所	0	
sửa	使	0	
sửa	𪮈	0	
sửa	𢯢	0	
sửa	𢀦	0	
sửng	爽	0	
sửng	𫻜	0	
sửu	丑	0	
sửu	醜	0	
sữa	𣳪	0	
sữa	𣷱	0	
sữa	𣷲	0	
sững	爽	0	
sững	𨁂	0	
sững	𨄉	0	
sững	𨄷	0	
sự	亊	0	
sự	事	0	
sựa	𠶝	0	
sực	力	0	
sực	忇	0	
sực	直	0	
sực	𢜝	0	
sực	𠶗	0	
sực	𫗾	0	
sực	矗	0	
sựt	力	0	
sựt	叻	0	
sựt	栗	0	
ta	些	0	
ta	咱	0	
ta	爹	0	
ta	偺	0	
ta	嗟	0	
ta	喒	0	
ta	瘥	0	
ta	𢧲	0	
ta	鹾	0	
ta	醝	0	
ta	鹺	0	
tai	災	0	
tai	灾	0	
tai	甾	0	
tai	哉	0	
tai	烖	0	
tai	揌	0	
tai	腮	0	
tai	𦖻	0	
tai	鳃	0	
tai	顋	0	
tai	鰓	0	
tam	三	0	
tam	仨	0	
tam	弎	0	
tam	叁	0	
tam	叄	0	
tam	掺	0	
tam	蔘	0	
tam	慚	0	
tam	摻	0	
tan	散	0	
tan	潵	0	
tan	𪯗	0	
tang	丧	0	
tang	桑	0	
tang	赃	0	
tang	牂	0	
tang	喪	0	
tang	䘮	0	
tang	賍	0	
tang	嗓	0	
tang	臧	0	
tang	藻	0	
tang	贓	0	
tang	𮍄	0	
tanh	胜	0	
tanh	星	0	
tanh	腥	0	
tanh	𦎬	0	
tanh	醒	0	
tao	蚤	0	
tao	𠋺	0	
tao	骚	0	
tao	搔	0	
tao	溞	0	
tao	傮	0	
tao	遭	0	
tao	𦞢	0	
tao	𦞣	0	
tao	𦃐	0	
tao	糙	0	
tao	糟	0	
tao	臊	0	
tao	騷	0	
tau	蚤	0	
tay	思	0	
tay	𢬣	0	
tay	拪	0	
tay	𪮏	0	
tay	揌	0	
te	呎	0	
te	呞	0	
te	卑	0	
te	𠉸	0	
te	卑	0	
tem	尖	0	
ten	先	0	
ten	铣	0	
ten	銑	0	
teng	先	0	
teo	消	0	
teo	䏴	0	
teo	霄	0	
teo	繏	0	
tha	他	0	
tha	它	0	
tha	她	0	
tha	牠	0	
tha	咃	0	
tha	拕	0	
tha	拖	0	
tha	𢫌	0	
tha	𥃸	0	
tha	𫅁	0	
tha	铊	0	
tha	𥅂	0	
tha	趿	0	
tha	赦	0	
tha	搓	0	
tha	鉈	0	
tha	磋	0	
tha	蹉	0	
thai	台	0	
thai	苔	0	
thai	胎	0	
thai	炱	0	
thai	𪿘	0	
thai	𬆗	0	
thai	臺	0	
tham	坍	0	
tham	抩	0	
tham	参	0	
tham	贪	0	
tham	參	0	
tham	貪	0	
tham	掺	0	
tham	摻	0	
than	叹	0	
than	坍	0	
than	炭	0	
than	炮	0	
than	𪡩	0	
than	摊	0	
than	滩	0	
than	嘆	0	
than	歎	0	
than	瘫	0	
than	攤	0	
than	灘	0	
than	癱	0	
thang	汤	0	
thang	杨	0	
thang	钖	0	
thang	绅	0	
thang	紳	0	
thang	徜	0	
thang	跄	0	
thang	湯	0	
thang	楊	0	
thang	嘡	0	
thang	膛	0	
thang	鍚	0	
thang	蹌	0	
thang	簜	0	
thang	蹚	0	
thang	鐋	0	
thanh	声	0	
thanh	靑	0	
thanh	钖	0	
thanh	青	0	
thanh	圊	0	
thanh	菁	0	
thanh	清	0	
thanh	晴	0	
thanh	腈	0	
thanh	蜻	0	
thanh	鲭	0	
thanh	錆	0	
thanh	鍚	0	
thanh	聲	0	
thanh	鯖	0	
thao	叨	0	
thao	洮	0	
thao	掏	0	
thao	𫺼	0	
thao	絛	0	
thao	㗖	0	
thao	幍	0	
thao	搯	0	
thao	滔	0	
thao	韬	0	
thao	缲	0	
thao	操	0	
thao	縚	0	
thao	縧	0	
thao	𦃡	0	
thao	繰	0	
thao	韜	0	
thao	鐰	0	
thao	饕	0	
thau	𨱎	0	
thau	縚	0	
thau	鍮	0	
thau	𨭡	0	
thau	鐰	0	
thay	台	0	
thay	世	0	
thay	咍	0	
thay	𠊝	0	
thay	𠳙	0	
thay	𫢼	0	
thay	𠼷	0	
the	施	0	
the	絁	0	
the	𦂛	0	
the	𫄋	0	
them	添	0	
then	扦	0	
then	杄	0	
then	𣏿	0	
then	钎	0	
then	釺	0	
then	𣛩	0	
theo	烧	0	
theo	跷	0	
theo	遶	0	
theo	燒	0	
theo	蹺	0	
thi	尸	0	
thi	呎	0	
thi	试	0	
thi	诗	0	
thi	呞	0	
thi	屍	0	
thi	施	0	
thi	莳	0	
thi	匙	0	
thi	𠷇	0	
thi	蒔	0	
thi	蓍	0	
thi	試	0	
thi	詩	0	
thi	𦂛	0	
thi	䴓	0	
thi	鳾	0	
thi	濞	0	
thia	施	0	
thia	𩸸	0	
thin	天	0	
thin	忏	0	
thin	𬑾	0	
thinh	厅	0	
thinh	汀	0	
thinh	庁	0	
thinh	𤇂	0	
thinh	请	0	
thinh	烴	0	
thinh	清	0	
thinh	請	0	
thinh	聲	0	
thinh	廳	0	
thiu	烧	0	
thiu	燒	0	
thiêm	佥	0	
thiêm	帖	0	
thiêm	苫	0	
thiêm	痁	0	
thiêm	添	0	
thiêm	酟	0	
thiêm	僉	0	
thiêm	签	0	
thiêm	舔	0	
thiêm	谵	0	
thiêm	簽	0	
thiêm	蟾	0	
thiêm	舚	0	
thiêm	譫	0	
thiêm	籖	0	
thiêm	鐱	0	
thiêm	籤	0	
thiên	才	0	
thiên	千	0	
thiên	天	0	
thiên	仟	0	
thiên	阡	0	
thiên	芊	0	
thiên	扦	0	
thiên	芌	0	
thiên	迁	0	
thiên	杄	0	
thiên	钎	0	
thiên	扁	0	
thiên	扇	0	
thiên	偏	0	
thiên	釺	0	
thiên	傓	0	
thiên	搧	0	
thiên	𩵞	0	
thiên	篇	0	
thiên	遷	0	
thiên	膻	0	
thiên	羶	0	
thiên	韆	0	
thiêng	天	0	
thiêng	声	0	
thiêng	诚	0	
thiêng	誠	0	
thiêng	𤍌	0	
thiêng	𬊽	0	
thiêng	𤎓	0	
thiêng	𪬮	0	
thiêng	聲	0	
thiêu	卲	0	
thiêu	挑	0	
thiêu	烧	0	
thiêu	燒	0	
thiếc	切	0	
thiếc	铁	0	
thiếc	锡	0	
thiếc	鉄	0	
thiếc	錫	0	
thiếc	𨮹	0	
thiếc	𨰪	0	
thiến	扦	0	
thiến	茜	0	
thiến	倩	0	
thiến	善	0	
thiến	𠞛	0	
thiến	蒨	0	
thiến	𠟤	0	
thiếp	妾	0	
thiếp	帖	0	
thiếp	贴	0	
thiếp	惬	0	
thiếp	𢜡	0	
thiếp	淁	0	
thiếp	貼	0	
thiếp	跕	0	
thiếp	愜	0	
thiếp	𢲯	0	
thiếp	䌌	0	
thiếp	鯜	0	
thiếp	𣠺	0	
thiết	切	0	
thiết	设	0	
thiết	窃	0	
thiết	铁	0	
thiết	紩	0	
thiết	設	0	
thiết	鉄	0	
thiết	銕	0	
thiết	𨄊	0	
thiết	餮	0	
thiết	鐵	0	
thiết	竊	0	
thiếu	少	0	
thiếu	𥄨	0	
thiếu	俭	0	
thiếu	粜	0	
thiếu	眺	0	
thiếu	絩	0	
thiếu	瞅	0	
thiếu	儉	0	
thiếu	糶	0	
thiềm	幨	0	
thiềm	檐	0	
thiền	单	0	
thiền	婵	0	
thiền	禅	0	
thiền	單	0	
thiền	蝉	0	
thiền	嬋	0	
thiền	禪	0	
thiền	燀	0	
thiền	襌	0	
thiền	蟬	0	
thiềng	诚	0	
thiềng	誠	0	
thiều	卲	0	
thiều	岧	0	
thiều	迢	0	
thiều	韶	0	
thiểm	闪	0	
thiểm	陕	0	
thiểm	忝	0	
thiểm	陝	0	
thiểm	陜	0	
thiểm	閃	0	
thiểm	䀹	0	
thiểm	睒	0	
thiểm	饞	0	
thiển	浅	0	
thiển	淺	0	
thiển	腆	0	
thiển	痶	0	
thiển	𧌎	0	
thiểu	少	0	
thiểu	挑	0	
thiểu	悄	0	
thiểu	愀	0	
thiểu	缲	0	
thiểu	繰	0	
thiệm	赡	0	
thiệm	贍	0	
thiện	善	0	
thiện	𦎍	0	
thiện	缮	0	
thiện	擅	0	
thiện	樿	0	
thiện	膳	0	
thiện	嬗	0	
thiện	膻	0	
thiện	繕	0	
thiện	蟺	0	
thiện	羶	0	
thiện	饍	0	
thiện	鳝	0	
thiện	鱔	0	
thiệp	帖	0	
thiệp	涉	0	
thiệt	舌	0	
thiệt	邵	0	
thiệt	绍	0	
thiệt	实	0	
thiệt	贴	0	
thiệt	㓭	0	
thiệt	貼	0	
thiệt	寔	0	
thiệt	揲	0	
thiệt	𧵳	0	
thiệt	實	0	
thiệt	䱑	0	
thiệu	卲	0	
thiệu	劭	0	
thiệu	绍	0	
thiệu	袑	0	
thiệu	紹	0	
thiị	柹	0	
tho	收	0	
tho	秋	0	
tho	荍	0	
tho	菟	0	
tho	萩	0	
tho	𬳠	0	
thoa	他	0	
thoa	钗	0	
thoa	捘	0	
thoa	釵	0	
thoa	梭	0	
thoa	搓	0	
thoa	蓑	0	
thoa	簑	0	
thoa	𨪪	0	
thoai	陲	0	
thoai	𡑗	0	
thoan	悛	0	
thoan	竣	0	
thoan	镩	0	
thoan	鑹	0	
thoang	汤	0	
thoang	倘	0	
thoang	湯	0	
thoen	栓	0	
thoen	銓	0	
thoi	推	0	
thoi	崔	0	
thoi	梭	0	
thoi	催	0	
thoi	槯	0	
thoi	𧤹	0	
thoi	鏙	0	
thoi	𨮑	0	
thom	惨	0	
thom	慘	0	
thon	刌	0	
thon	忖	0	
thon	村	0	
thon	𬂨	0	
thon	𠴘	0	
thon	墫	0	
thong	从	0	
thong	従	0	
thong	通	0	
thong	從	0	
thong	𦪏	0	
thoá	唾	0	
thoái	退	0	
thoái	逡	0	
thoái	祱	0	
thoái	煺	0	
thoái	腿	0	
thoái	漼	0	
thoái	褪	0	
thoái	㷟	0	
thoái	𤍐	0	
thoái	蹆	0	
thoán	𧰬	0	
thoán	窜	0	
thoán	熶	0	
thoán	篡	0	
thoán	竄	0	
thoán	躥	0	
thoán	爨	0	
thoáng	旷	0	
thoáng	洸	0	
thoáng	倘	0	
thoáng	爌	0	
thoáng	曠	0	
thoát	侻	0	
thoát	捝	0	
thoát	脱	0	
thoát	捽	0	
thoát	𢴎	0	
thoã	妥	0	
thoã	椭	0	
thoã	媠	0	
thoã	橢	0	
thoóng	𫮢	0	
thoăn	弯	0	
thoăn	悛	0	
thoăn	彎	0	
thoạ	埈	0	
thoại	话	0	
thoại	話	0	
thoạt	脱	0	
thoạt	𣉐	0	
thoả	妥	0	
thoả	𢚶	0	
thoả	课	0	
thoả	脞	0	
thoả	媠	0	
thoả	椭	0	
thoả	課	0	
thoả	橢	0	
thoải	阥	0	
thoải	𢗷	0	
thoải	𫤓	0	
thoản	氽	0	
thoảng	倘	0	
thoắng	倘	0	
thoắng	候	0	
thoắt	卒	0	
thoắt	捝	0	
thoắt	率	0	
thoắt	啐	0	
thoắt	脱	0	
thoắt	率	0	
thoắt	率	0	
thu	収	0	
thu	𠬧	0	
thu	收	0	
thu	秌	0	
thu	𪯊	0	
thu	秋	0	
thu	揪	0	
thu	楸	0	
thu	𩷊	0	
thu	鞧	0	
thu	鞦	0	
thu	𩹤	0	
thu	鰍	0	
thua	头	0	
thua	收	0	
thua	夸	0	
thua	偷	0	
thua	𫮐	0	
thua	誇	0	
thua	输	0	
thua	輸	0	
thua	頭	0	
thua	𪿐	0	
thui	炲	0	
thui	退	0	
thui	煺	0	
thui	催	0	
thui	㷟	0	
thui	熣	0	
thui	𤏥	0	
thui	𤏣	0	
thum	深	0	
thun	村	0	
thun	紨	0	
thun	𦀹	0	
thung	从	0	
thung	桩	0	
thung	從	0	
thung	舂	0	
thung	蓯	0	
thung	慵	0	
thung	摏	0	
thung	𢠅	0	
thung	樁	0	
thuyên	诠	0	
thuyên	单	0	
thuyên	荃	0	
thuyên	拴	0	
thuyên	栓	0	
thuyên	悛	0	
thuyên	脧	0	
thuyên	痊	0	
thuyên	铨	0	
thuyên	筌	0	
thuyên	遄	0	
thuyên	詮	0	
thuyên	銓	0	
thuyên	镌	0	
thuyên	醛	0	
thuyên	鎸	0	
thuyết	说	0	
thuyết	説	0	
thuyền	舡	0	
thuyền	舩	0	
thuyền	船	0	
thuyền	婵	0	
thuyền	禅	0	
thuyền	嬋	0	
thuân	悛	0	
thuê	税	0	
thuê	𠾔	0	
thuôn	村	0	
thuôn	悛	0	
thuý	脆	0	
thuý	翠	0	
thuý	邃	0	
thuả	課	0	
thuả	𣋾	0	
thuấn	舜	0	
thuấn	瞬	0	
thuần	驯	0	
thuần	纯	0	
thuần	逗	0	
thuần	莼	0	
thuần	純	0	
thuần	淳	0	
thuần	鹑	0	
thuần	馴	0	
thuần	蒓	0	
thuần	綧	0	
thuần	蓴	0	
thuần	𩾧	0	
thuần	醇	0	
thuần	鶉	0	
thuẫn	盾	0	
thuẫn	楯	0	
thuận	顺	0	
thuận	順	0	
thuật	朮	0	
thuật	术	0	
thuật	述	0	
thuật	秫	0	
thuật	𬬸	0	
thuật	術	0	
thuật	鉥	0	
thuế	涗	0	
thuế	脺	0	
thuế	税	0	
thuế	𠾔	0	
thuốc	束	0	
thuốc	茦	0	
thuốc	𬟥	0	
thuốc	𫊚	0	
thuốc	𧆄	0	
thuốn	𢩭	0	
thuốn	村	0	
thuồng	从	0	
thuồng	從	0	
thuồng	蛹	0	
thuồng	𢠆	0	
thuồng	慵	0	
thuồng	𠽅	0	
thuồng	𧐺	0	
thuổn	寸	0	
thuổn	𫵛	0	
thuổng	𨪞	0	
thuổng	𨭑	0	
thuỗn	寸	0	
thuỗn	盾	0	
thuỗn	腫	0	
thuộc	属	0	
thuộc	熟	0	
thuộc	屬	0	
thuở	此	0	
thuở	课	0	
thuở	𣇫	0	
thuở	課	0	
thuở	𣋾	0	
thuỳ	垂	0	
thuỳ	陲	0	
thuỳ	谁	0	
thuỳ	捶	0	
thuỳ	搥	0	
thuỳ	署	0	
thuỳ	锤	0	
thuỳ	誰	0	
thuỳ	錘	0	
thuỳ	鎚	0	
thuỵ	谥	0	
thuỵ	瑞	0	
thuỵ	睡	0	
thuỵ	諡	0	
thuỵ	謚	0	
thuỷ	氵	0	
thuỷ	水	0	
thuỷ	始	0	
thà	他	0	
thà	时	0	
thà	時	0	
thà	𪰛	0	
thà	崔	0	
thà	𪰰	0	
thà	𫴞	0	
thài	柴	0	
thài	莳	0	
thài	偨	0	
thài	蒔	0	
thàm	嗿	0	
thành	成	0	
thành	诚	0	
thành	城	0	
thành	誠	0	
thào	滔	0	
thào	㗖	0	
thày	柴	0	
thày	偨	0	
thá	世	0	
thá	措	0	
thác	托	0	
thác	拓	0	
thác	𣴜	0	
thác	柝	0	
thác	託	0	
thác	萚	0	
thác	𣨰	0	
thác	跅	0	
thác	错	0	
thác	搨	0	
thác	槖	0	
thác	橐	0	
thác	擉	0	
thác	錯	0	
thác	蘀	0	
thác	𣟄	0	
thách	托	0	
thách	昔	0	
thách	适	0	
thách	嘁	0	
thách	適	0	
thách	𡂓	0	
thái	太	0	
thái	汰	0	
thái	釆	0	
thái	态	0	
thái	采	0	
thái	钛	0	
thái	泰	0	
thái	倸	0	
thái	𠝔	0	
thái	彩	0	
thái	寀	0	
thái	採	0	
thái	埰	0	
thái	菜	0	
thái	傣	0	
thái	鈦	0	
thái	跴	0	
thái	睬	0	
thái	䌽	0	
thái	綵	0	
thái	蔡	0	
thái	態	0	
thái	踩	0	
thái	彩	0	
thám	採	0	
thám	探	0	
thám	䗊	0	
thám	𠽉	0	
thám	撢	0	
thán	叹	0	
thán	坦	0	
thán	炭	0	
thán	摊	0	
thán	碳	0	
thán	嘆	0	
thán	歎	0	
thán	𡁚	0	
thán	攤	0	
tháng	汤	0	
tháng	𪱚	0	
tháng	倘	0	
tháng	湯	0	
tháng	𣎃	0	
tháng	躺	0	
thánh	圣	0	
thánh	咱	0	
thánh	㗂	0	
thánh	聖	0	
thánh	𬉊	0	
thánh	𡃑	0	
tháo	造	0	
tháo	慥	0	
tháo	噪	0	
tháo	操	0	
tháo	躁	0	
tháp	溚	0	
tháp	搭	0	
tháp	嗒	0	
tháp	塔	0	
tháp	答	0	
tháp	插	0	
tháp	遢	0	
tháp	溻	0	
tháp	塌	0	
tháp	劄	0	
tháp	榻	0	
tháp	撘	0	
tháp	㗳	0	
tháp	㙮	0	
tháp	鳎	0	
tháp	𨆂	0	
tháp	鰨	0	
thát	闼	0	
thát	挞	0	
thát	撻	0	
thát	鞑	0	
thát	澾	0	
thát	橽	0	
thát	獭	0	
thát	獺	0	
thát	闥	0	
thát	韃	0	
tháu	艹	0	
tháu	䒑	0	
tháu	艸	0	
tháu	草	0	
tháy	𢪯	0	
tháy	𫱸	0	
thâm	浸	0	
thâm	深	0	
thâm	椹	0	
thâm	䈜	0	
thâm	𪒗	0	
thân	申	0	
thân	伸	0	
thân	身	0	
thân	呻	0	
thân	抻	0	
thân	绅	0	
thân	亲	0	
thân	胂	0	
thân	砷	0	
thân	紳	0	
thân	親	0	
thâng	汤	0	
thâng	𬛲	0	
thâng	湯	0	
thâu	收	0	
thâu	𪯊	0	
thâu	偷	0	
thâu	输	0	
thâu	𨱎	0	
thâu	輸	0	
thâu	鍮	0	
thây	尸	0	
thây	屍	0	
thây	𧡊	0	
thãi	汰	0	
thãi	贷	0	
thãi	貸	0	
thè	他	0	
thè	施	0	
thè	𠷇	0	
thè	𠺮	0	
thè	𠻗	0	
thè	𬜌	0	
thè	𡀗	0	
thè	𡂉	0	
thè	囄	0	
thèm	馋	0	
thèm	𠽄	0	
thèm	噞	0	
thèm	噡	0	
thèm	𩝎	0	
thèm	𡅩	0	
thèm	饞	0	
thèn	𢢆	0	
thèo	韶	0	
thèo	𪷰	0	
thèo	𡃼	0	
thé	世	0	
thé	呭	0	
thép	唼	0	
thép	𨨧	0	
thét	切	0	
thét	𠯦	0	
thét	𤆻	0	
thét	铁	0	
thét	鉄	0	
thê	妾	0	
thê	妻	0	
thê	栖	0	
thê	凄	0	
thê	悽	0	
thê	淒	0	
thê	萋	0	
thê	梯	0	
thê	锑	0	
thê	稊	0	
thê	棲	0	
thê	𥞵	0	
thê	銻	0	
thêm	沾	0	
thêm	添	0	
thêm	𬁮	0	
thênh	青	0	
thênh	𪤲	0	
thênh	清	0	
thênh	𫸌	0	
thênh	𫸎	0	
thêu	绕	0	
thêu	烧	0	
thêu	絩	0	
thêu	𫃹	0	
thêu	燒	0	
thêu	繞	0	
thì	辰	0	
thì	时	0	
thì	𪰛	0	
thì	時	0	
thì	莳	0	
thì	匙	0	
thì	蒔	0	
thì	㮛	0	
thì	鲥	0	
thì	鰣	0	
thìa	时	0	
thìa	時	0	
thìa	匙	0	
thìa	𠤧	0	
thìa	𣼮	0	
thìa	𨫉	0	
thìn	辰	0	
thình	仃	0	
thình	成	0	
thình	盛	0	
thí	屁	0	
thí	试	0	
thí	施	0	
thí	剃	0	
thí	啻	0	
thí	弑	0	
thí	試	0	
thí	譬	0	
thía	试	0	
thía	涕	0	
thía	試	0	
thía	𤀏	0	
thía	譬	0	
thích	刺	0	
thích	适	0	
thích	𨓈	0	
thích	俶	0	
thích	倜	0	
thích	惕	0	
thích	戚	0	
thích	释	0	
thích	弑	0	
thích	適	0	
thích	慼	0	
thích	踢	0	
thích	奭	0	
thích	磧	0	
thích	𡂓	0	
thích	釋	0	
thích	𨮹	0	
thím	婶	0	
thím	嬸	0	
thín	请	0	
thín	𫷝	0	
thín	請	0	
thính	听	0	
thính	咱	0	
thính	𥺐	0	
thính	𥺒	0	
thính	𫃈	0	
thính	𥻢	0	
thính	聽	0	
thít	𢗠	0	
thít	挞	0	
thít	𥾛	0	
thít	撻	0	
thít	𡂓	0	
thíu	少	0	
thò	收	0	
thò	兔	0	
thò	殊	0	
thò	授	0	
thò	措	0	
thò	𪬔	0	
thò	㗙	0	
thò	𢲬	0	
thò	酬	0	
thò	𪮩	0	
thò	踆	0	
thò	𫏝	0	
thò	𢦄	0	
thò	𭉝	0	
thòi	崔	0	
thòi	推	0	
thòi	傕	0	
thòi	催	0	
thòi	𠻓	0	
thòm	忱	0	
thòm	谌	0	
thòm	啿	0	
thòm	諶	0	
thòng	捅	0	
thòng	桶	0	
thòng	𦄷	0	
thó	兔	0	
thó	咀	0	
thó	措	0	
thó	错	0	
thó	錯	0	
thó	𡓠	0	
thóc	禿	0	
thóc	束	0	
thóc	秃	0	
thóc	𢬳	0	
thóc	𥟉	0	
thóc	𥟈	0	
thóc	粟	0	
thóc	𥹵	0	
thóc	𥢉	0	
thóc	𡁾	0	
thói	态	0	
thói	退	0	
thói	俗	0	
thói	𠺙	0	
thói	腿	0	
thói	𢟔	0	
thói	態	0	
thói	槯	0	
thói	𫤈	0	
thói	𫗁	0	
thói	𩘬	0	
thói	𠑉	0	
thói	𩘩	0	
thói	𫗂	0	
thóp	塔	0	
thóp	㙮	0	
thóp	𠾾	0	
thót	束	0	
thót	说	0	
thót	𠲿	0	
thót	淬	0	
thót	説	0	
thót	𪷄	0	
thót	𡁾	0	
thô	唋	0	
thô	悇	0	
thô	觕	0	
thô	粗	0	
thô	麁	0	
thô	麤	0	
thôi	台	0	
thôi	吹	0	
thôi	衰	0	
thôi	推	0	
thôi	崔	0	
thôi	傕	0	
thôi	催	0	
thôi	煺	0	
thôi	搉	0	
thôi	碎	0	
thôi	蓷	0	
thôi	摧	0	
thôi	慛	0	
thôi	𡀰	0	
thôi	𪝱	0	
thôm	深	0	
thôn	邨	0	
thôn	村	0	
thôn	吞	0	
thôn	炖	0	
thôn	㖔	0	
thôn	噋	0	
thôn	暾	0	
thôn	㬿	0	
thôn	𧑒	0	
thông	匆	0	
thông	囱	0	
thông	松	0	
thông	炵	0	
thông	怱	0	
thông	恫	0	
thông	通	0	
thông	桩	0	
thông	痌	0	
thông	桶	0	
thông	葱	0	
thông	椿	0	
thông	蔥	0	
thông	𪱨	0	
thông	樋	0	
thông	樁	0	
thông	聪	0	
thông	聰	0	
thông	鏓	0	
thõng	埇	0	
thõng	捅	0	
thõng	腫	0	
thõng	踊	0	
thù	殳	0	
thù	侏	0	
thù	俦	0	
thù	洙	0	
thù	茱	0	
thù	殊	0	
thù	𫌵	0	
thù	蛛	0	
thù	詧	0	
thù	酬	0	
thù	酧	0	
thù	儔	0	
thù	醻	0	
thù	讎	0	
thù	讐	0	
thùa	绣	0	
thùa	殊	0	
thùa	𦀏	0	
thùa	綉	0	
thùa	𦅱	0	
thùi	谁	0	
thùi	誰	0	
thùm	忱	0	
thùm	𠽉	0	
thùn	屯	0	
thùn	𦄁	0	
thùng	从	0	
thùng	桩	0	
thùng	從	0	
thùng	桶	0	
thùng	𢝣	0	
thùng	㗰	0	
thùng	𢠆	0	
thùng	𢠅	0	
thùng	𠽅	0	
thùng	樁	0	
thùng	𥶀	0	
thùy	垂	0	
thú	戍	0	
thú	守	0	
thú	取	0	
thú	首	0	
thú	狩	0	
thú	娶	0	
thú	兽	0	
thú	输	0	
thú	𪳂	0	
thú	趣	0	
thú	輸	0	
thú	獸	0	
thúc	尗	0	
thúc	束	0	
thúc	禿	0	
thúc	秃	0	
thúc	叔	0	
thúc	促	0	
thúc	倐	0	
thúc	倏	0	
thúc	菽	0	
thúi	退	0	
thúng	筩	0	
thúng	𥴗	0	
thúng	𥽄	0	
thút	束	0	
thút	猝	0	
thút	𠴫	0	
thăm	罙	0	
thăm	深	0	
thăm	採	0	
thăm	探	0	
thăm	𠶀	0	
thăm	㖭	0	
thăm	𠽄	0	
thăm	𪮨	0	
thăm	嗿	0	
thăm	𠽉	0	
thăm	𡂹	0	
thăn	叹	0	
thăn	申	0	
thăn	胂	0	
thăn	嘆	0	
thăn	歎	0	
thăng	升	0	
thăng	昇	0	
thăng	陞	0	
thăng	塍	0	
thăng	䮴	0	
thĩ	呩	0	
thĩ	𠱈	0	
thĩ	噬	0	
thũng	肿	0	
thũng	埇	0	
thũng	腫	0	
thơ	他	0	
thơ	初	0	
thơ	诗	0	
thơ	𦭟	0	
thơ	舒	0	
thơ	疎	0	
thơ	詩	0	
thơ	𠽔	0	
thơ	䜹	0	
thơ	踈	0	
thơ	𡮲	0	
thơi	台	0	
thơm	渖	0	
thơm	嗿	0	
thơm	𦹳	0	
thơm	噷	0	
thơm	𩡋	0	
thơm	瀋	0	
thơm	𬳦	0	
thơn	叹	0	
thơn	达	0	
thơn	哒	0	
thơn	達	0	
thơn	嘆	0	
thơn	噠	0	
thư	书	0	
thư	次	0	
thư	𪭣	0	
thư	诅	0	
thư	纾	0	
thư	姐	0	
thư	狙	0	
thư	苴	0	
thư	疽	0	
thư	紓	0	
thư	恣	0	
thư	書	0	
thư	菹	0	
thư	媎	0	
thư	蛆	0	
thư	詛	0	
thư	趄	0	
thư	舒	0	
thư	疎	0	
thư	龃	0	
thư	䧹	0	
thư	摅	0	
thư	雎	0	
thư	雌	0	
thư	攄	0	
thư	鞦	0	
thư	齟	0	
thưa	疎	0	
thưa	𠽔	0	
thưa	䜹	0	
thưa	踈	0	
thưng	升	0	
thưng	桩	0	
thưng	樁	0	
thưu	萩	0	
thương	仓	0	
thương	伤	0	
thương	沧	0	
thương	怆	0	
thương	苍	0	
thương	抢	0	
thương	疡	0	
thương	枪	0	
thương	斨	0	
thương	戗	0	
thương	玱	0	
thương	鸧	0	
thương	殇	0	
thương	倉	0	
thương	舱	0	
thương	商	0	
thương	凔	0	
thương	觞	0	
thương	蒼	0	
thương	搶	0	
thương	愴	0	
thương	滄	0	
thương	傷	0	
thương	槍	0	
thương	瘍	0	
thương	墒	0	
thương	戧	0	
thương	瑲	0	
thương	熵	0	
thương	殤	0	
thương	艙	0	
thương	錆	0	
thương	觴	0	
thương	鎗	0	
thương	鶬	0	
thước	托	0	
thước	钥	0	
thước	烁	0	
thước	𢭑	0	
thước	𡱩	0	
thước	𫵟	0	
thước	铄	0	
thước	鈅	0	
thước	鹊	0	
thước	爍	0	
thước	鵲	0	
thước	鑠	0	
thước	鑰	0	
thướt	切	0	
thướt	托	0	
thướt	挞	0	
thướt	淬	0	
thướt	撻	0	
thướt	𤃧	0	
thườn	臣	0	
thườn	神	0	
thườn	神	0	
thường	尝	0	
thường	常	0	
thường	徜	0	
thường	偿	0	
thường	嫦	0	
thường	裳	0	
thường	嘗	0	
thường	償	0	
thưởng	抢	0	
thưởng	垧	0	
thưởng	晌	0	
thưởng	赏	0	
thưởng	搶	0	
thưởng	賞	0	
thưỡn	坦	0	
thược	勺	0	
thược	芍	0	
thược	鈅	0	
thược	龠	0	
thược	瀹	0	
thượng	上	0	
thượng	尚	0	
thượng	尙	0	
thượng	緔	0	
thượng	鞝	0	
thượt	硕	0	
thượt	絬	0	
thượt	碩	0	
thượt	𤻬	0	
thạc	硕	0	
thạc	碩	0	
thạch	石	0	
thạch	𦚈	0	
thạch	䖨	0	
thạch	鼫	0	
thại	贳	0	
thại	貰	0	
thạm	埮	0	
thạnh	𣆭	0	
thạnh	盛	0	
thạo	套	0	
thạo	插	0	
thạo	𫶱	0	
thạo	操	0	
thạo	𬚎	0	
thạo	𬚁	0	
thạp	盒	0	
thạp	塔	0	
thả	且	0	
thả	𫿇	0	
thải	汰	0	
thải	肽	0	
thải	贷	0	
thải	採	0	
thải	貸	0	
thải	䌽	0	
thải	綵	0	
thảm	尗	0	
thảm	忐	0	
thảm	菼	0	
thảm	惨	0	
thảm	掺	0	
thảm	毯	0	
thảm	䅟	0	
thảm	𫌄	0	
thảm	慘	0	
thảm	摻	0	
thảm	嗿	0	
thảm	穇	0	
thảm	𨅍	0	
thản	坦	0	
thản	钽	0	
thản	鉭	0	
thản	𩑰	0	
thảng	倘	0	
thảng	淌	0	
thảng	徜	0	
thảng	趟	0	
thảng	躺	0	
thảng	儻	0	
thảnh	请	0	
thảnh	清	0	
thảnh	請	0	
thảo	艹	0	
thảo	讨	0	
thảo	䒑	0	
thảo	早	0	
thảo	艸	0	
thảo	草	0	
thảo	討	0	
thảo	艹	0	
thảy	矢	0	
thảy	汰	0	
thảy	体	0	
thảy	贷	0	
thảy	𪨐	0	
thảy	貸	0	
thảy	躰	0	
thảy	𫵧	0	
thảy	體	0	
thấc	𤞔	0	
thấm	沁	0	
thấm	审	0	
thấm	浸	0	
thấm	渗	0	
thấm	渖	0	
thấm	探	0	
thấm	湛	0	
thấm	嘇	0	
thấm	滲	0	
thấm	審	0	
thấm	瀋	0	
thấn	衬	0	
thấn	矧	0	
thấn	宾	0	
thấn	趁	0	
thấn	殡	0	
thấn	賓	0	
thấn	殯	0	
thấn	襯	0	
thấp	湿	0	
thấp	溼	0	
thấp	𥰊	0	
thấp	㙮	0	
thấp	隰	0	
thấp	濕	0	
thất	七	0	
thất	匹	0	
thất	疋	0	
thất	失	0	
thất	𤴔	0	
thất	㭍	0	
thất	室	0	
thất	柒	0	
thất	䋎	0	
thấu	哣	0	
thấu	透	0	
thấu	绣	0	
thấu	㖣	0	
thấu	腠	0	
thấu	綉	0	
thấu	楱	0	
thấu	辏	0	
thấu	蔟	0	
thấu	輳	0	
thấy	体	0	
thấy	躰	0	
thấy	𧡊	0	
thấy	𫌠	0	
thấy	體	0	
thầm	忱	0	
thầm	谌	0	
thầm	𠶀	0	
thầm	渖	0	
thầm	啿	0	
thầm	椹	0	
thầm	𠽄	0	
thầm	𠽉	0	
thầm	䰼	0	
thầm	諶	0	
thầm	𫴚	0	
thầm	𨄑	0	
thầm	瀋	0	
thầm		0	
thần	臣	0	
thần	辰	0	
thần	神	0	
thần	唇	0	
thần	娠	0	
thần	宸	0	
thần	晨	0	
thần	脣	0	
thầu	𠲠	0	
thầu	偷	0	
thầy	柴	0	
thầy	偨	0	
thầy	𪪀	0	
thẩm	沈	0	
thẩm	审	0	
thẩm	谂	0	
thẩm	渖	0	
thẩm	谌	0	
thẩm	婶	0	
thẩm	𠸬	0	
thẩm	諗	0	
thẩm	審	0	
thẩm	諶	0	
thẩm	𣿇	0	
thẩm	嬸	0	
thẩm	瀋	0	
thẩm	讅	0	
thẩn	吲	0	
thẩn	哂	0	
thẩn	矧	0	
thẩn	蜃	0	
thẩu	受	0	
thẩu	荍	0	
thẩu	𪝈	0	
thẩy	汰	0	
thẩy	贷	0	
thẩy	貸	0	
thẫm	审	0	
thẫm	渖	0	
thẫm	深	0	
thẫm	審	0	
thẫm	瀋	0	
thẫm	𧺁	0	
thẫm	𧺀	0	
thẫn	矧	0	
thậm	什	0	
thậm	甚	0	
thậm	珠	0	
thậm	葚	0	
thận	肾	0	
thận	腎	0	
thận	慎	0	
thận	蜄	0	
thập	十	0	
thập	什	0	
thập	拾	0	
thật	实	0	
thật	寔	0	
thật	實	0	
thắc	弋	0	
thắc	式	0	
thắc	忑	0	
thắc	忒	0	
thắc	铽	0	
thắc	慝	0	
thắc	鋱	0	
thắm	审	0	
thắm	渖	0	
thắm	探	0	
thắm	嘇	0	
thắm	審	0	
thắm	𧹱	0	
thắm	瀋	0	
thắm	𣠒	0	
thắm	𧺁	0	
thắm	𧺀	0	
thắn	殡	0	
thắn	殯	0	
thắng	胜	0	
thắng	乘	0	
thắng	勝	0	
thắp	拾	0	
thắp	烙	0	
thắp	搭	0	
thắp	𬊭	0	
thắp	撘	0	
thắp	𤏧	0	
thắp	𤐴	0	
thắp	𤒴	0	
thắt	失	0	
thắt	𢫅	0	
thắt	抶	0	
thắt	𬂥	0	
thắt	紩	0	
thằn	神	0	
thằn	𧊋	0	
thằn	蜃	0	
thằn	𧌀	0	
thằn	蜄	0	
thằn	蝇	0	
thằn	蠅	0	
thằng	尚	0	
thằng	尙	0	
thằng	𠊟	0	
thằng	倘	0	
thằng	绳	0	
thằng	䋲	0	
thằng	僶	0	
thằng	繩	0	
thẳm	审	0	
thẳm	渖	0	
thẳm	深	0	
thẳm	審	0	
thẳm	瀋	0	
thẳng	倘	0	
thẳng	𬆅	0	
thẳng	𣦎	0	
thẳng	𬆈	0	
thẳng	躺	0	
thẳng	𣦛	0	
thẳng	𥊢	0	
thẳng	𥊣	0	
thẳng	𫤁	0	
thặng	乘	0	
thặng	剩	0	
thặng	賸	0	
thẹn	善	0	
thẹn	𢢆	0	
thẹn	𠾺	0	
thẹn	𫅡	0	
thẹn	𪭇	0	
thẹo	少	0	
thẹo	召	0	
thẹo	𤵌	0	
thẹo	勦	0	
thẹo	剿	0	
thẹp	𠽕	0	
thẻ	矢	0	
thẻ	体	0	
thẻ	𠱈	0	
thẻ	𬌕	0	
thẻ	躰	0	
thẻ	𥮋	0	
thẻ	體	0	
thẻ	𥸠	0	
thẻo	少	0	
thế	𠀍	0	
thế	世	0	
thế	卋	0	
thế	沏	0	
thế	势	0	
thế	屉	0	
thế	妻	0	
thế	砌	0	
thế	贳	0	
thế	剃	0	
thế	涕	0	
thế	屜	0	
thế	貰	0	
thế	渫	0	
thế	替	0	
thế	勢	0	
thế	愍	0	
thế	楴	0	
thế	薙	0	
thế	鬀	0	
thếch	适	0	
thếch	添	0	
thếch	適	0	
thếp	设	0	
thếp	𤆻	0	
thếp	帖	0	
thếp	設	0	
thếp	淁	0	
thếp	𩚦	0	
thếp	𨨧	0	
thết	设	0	
thết	設	0	
thết	𩚦	0	
thề	誓	0	
thềm	𡍞	0	
thềm	㙴	0	
thềm	檐	0	
thều	韶	0	
thều	嘲	0	
thể	世	0	
thể	体	0	
thể	势	0	
thể	逝	0	
thể	彩	0	
thể	躰	0	
thể	勢	0	
thể	體	0	
thể	彩	0	
thểu	少	0	
thểu	吵	0	
thệ	唑	0	
thệ	跩	0	
thệ	筮	0	
thệ	誓	0	
thệ	噬	0	
thệ	𩻔	0	
thỉ	矢	0	
thỉ	弛	0	
thỉ	豕	0	
thỉ	始	0	
thỉ	𠱈	0	
thỉ	屎	0	
thỉ	施	0	
thỉ	舐	0	
thỉ	舓	0	
thỉ	豨	0	
thỉ	𧳐	0	
thỉn	𠽈	0	
thỉnh	请	0	
thỉnh	請	0	
thỉu	少	0	
thị	𡭕	0	
thị	氏	0	
thị	示	0	
thị	市	0	
thị	侍	0	
thị	柹	0	
thị	视	0	
thị	柿	0	
thị	施	0	
thị	胣	0	
thị	是	0	
thị	恃	0	
thị	眎	0	
thị	铈	0	
thị	豉	0	
thị	視	0	
thị	秲	0	
thị	鈰	0	
thị	嗜	0	
thịch	释	0	
thịch	辟	0	
thịch	釋	0	
thịnh	盛	0	
thịt	舌	0	
thịt	䏦	0	
thịt	𦧘	0	
thịt	𬚸	0	
thọ	寿	0	
thọ	受	0	
thọ	授	0	
thọ	壽	0	
thọc	𢬳	0	
thọc	㧶	0	
thọc	擉	0	
thọt	啐	0	
thọt	揬	0	
thọt	𨃍	0	
thỏ	兎	0	
thỏ	兔	0	
thỏ	𠴡	0	
thỏ	菟	0	
thỏ	堍	0	
thỏ	𤟛	0	
thỏi	催	0	
thỏi	碎	0	
thỏi	腿	0	
thỏi	𤗯	0	
thỏi	𣽊	0	
thỏi	鋑	0	
thỏm	忝	0	
thỏm	渖	0	
thỏm	惨	0	
thỏm	慘	0	
thỏm	𡂹	0	
thỏm	瀋	0	
thố	兎	0	
thố	兔	0	
thố	厝	0	
thố	菟	0	
thố	措	0	
thố	酢	0	
thố	错	0	
thố	醋	0	
thố	錯	0	
thốc	托	0	
thốc	禿	0	
thốc	秃	0	
thốc	𨒪	0	
thốc	𢬳	0	
thốc	𠲿	0	
thốc	嗾	0	
thốc	蔟	0	
thốc	踧	0	
thốc	镞	0	
thốc	簇	0	
thốc	鏃	0	
thốc	鷟	0	
thối	退	0	
thối	啐	0	
thối	淬	0	
thối	啛	0	
thối	焠	0	
thối	催	0	
thối	𠺙	0	
thối	腿	0	
thối	𡂳	0	
thối	𦤮	0	
thốn	寸	0	
thốn	㖔	0	
thống	统	0	
thống	捅	0	
thống	桶	0	
thống	痛	0	
thống	統	0	
thống	𡎭	0	
thống	𢳟	0	
thốt	卒	0	
thốt	说	0	
thốt	𥾛	0	
thốt	啐	0	
thốt	猝	0	
thốt	脺	0	
thốt	湥	0	
thốt	椊	0	
thốt	𦝬	0	
thốt	説	0	
thốt	橽	0	
thốt	𡁾	0	
thồ	驮	0	
thồ	馱	0	
thồi	搉	0	
thồn	㖔	0	
thổ	土	0	
thổ	吐	0	
thổ	钍	0	
thổ	釷	0	
thổi	退	0	
thổi	煺	0	
thổi	𠺙	0	
thổi	璀	0	
thổm	探	0	
thổn	刌	0	
thổn	忖	0	
thổn	氽	0	
thổn	𢩭	0	
thổn	村	0	
thổn	𠱜	0	
thổn	𠴘	0	
thỗn	忖	0	
thỗn	𦛻	0	
thộ	錯	0	
thộn	氽	0	
thộn	顺	0	
thộn	𦛻	0	
thộn	順	0	
thộp	拾	0	
thộp	𫽆	0	
thớ	次	0	
thớ	𬚺	0	
thớm	採	0	
thớm	探	0	
thớt	匹	0	
thớt	达	0	
thớt	泞	0	
thớt	𣐆	0	
thớt	哒	0	
thớt	挞	0	
thớt	達	0	
thớt	𣘄	0	
thớt	噠	0	
thớt	撻	0	
thớt	橽	0	
thớt	𡃿	0	
thờ	於	0	
thờ	祠	0	
thờ	徐	0	
thờ	𥚤	0	
thờ	跷	0	
thờ	蜍	0	
thờ	𫀟	0	
thờ	䜹	0	
thờ	𠄜	0	
thờ	蹺	0	
thời	辰	0	
thời	时	0	
thời	旹	0	
thời	𠱾	0	
thời	𪰛	0	
thời	時	0	
thời	𠳒	0	
thời	貰	0	
thời	𥱯	0	
thời	餚	0	
thờn	𩺦	0	
thở	咀	0	
thở	呲	0	
thởi	贳	0	
thởi	貰	0	
thợ	洘	0	
thợ	署	0	
thợ	𠏲	0	
thợ	𫶳	0	
thợ	𣞍	0	
thụ	受	0	
thụ	树	0	
thụ	竖	0	
thụ	授	0	
thụ	售	0	
thụ	绶	0	
thụ	竪	0	
thụ	綬	0	
thụ	豎	0	
thụ	樹	0	
thục	俶	0	
thục	淑	0	
thục	孰	0	
thục	赎	0	
thục	蜀	0	
thục	塾	0	
thục	熟	0	
thục	擉	0	
thục	贖	0	
thục	蠾	0	
thục	𭂑	0	
thụi	退	0	
thụi	𢱸	0	
thụi	𢵌	0	
thụng	统	0	
thụng	統	0	
thụp	拾	0	
thụt	𢫫	0	
thụt	湥	0	
thủ	扌	0	
thủ	手	0	
thủ	守	0	
thủ	取	0	
thủ	首	0	
thủa	课	0	
thủa	課	0	
thủa	𣋾	0	
thủi	退	0	
thủi	𠺙	0	
thủi	蹆	0	
thủm	审	0	
thủm	渖	0	
thủm	審	0	
thủm	瀋	0	
thủm	𦤰	0	
thủm	𫇍	0	
thủng	从	0	
thủng	统	0	
thủng	耸	0	
thủng	捅	0	
thủng	桩	0	
thủng	從	0	
thủng	統	0	
thủng	筩	0	
thủng	腫	0	
thủng	𫫴	0	
thủng	𠽅	0	
thủng	樁	0	
thủng	聳	0	
thủng	𡄭	0	
thủng	𬔕	0	
thủng	𡄯	0	
thủy	氺	0	
thứ	次	0	
thứ	刺	0	
thứ	恐	0	
thứ	恕	0	
thứ	庶	0	
thứ	䚿	0	
thứ	𫫒	0	
thứa	使	0	
thức	式	0	
thức	忑	0	
thức	识	0	
thức	𠲧	0	
thức	恜	0	
thức	拭	0	
thức	修	0	
thức	𥅞	0	
thức	䛊	0	
thức	識	0	
thứng	賸	0	
thứu	鹫	0	
thứu	鷲	0	
thừ	蜍	0	
thừa	丞	0	
thừa	承	0	
thừa	乘	0	
thừa	庶	0	
thừa	餘	0	
thừng	绳	0	
thừng	繩	0	
thử	此	0	
thử	沚	0	
thử	试	0	
thử	鼡	0	
thử	呲	0	
thử	倠	0	
thử	䀡	0	
thử	暑	0	
thử	黍	0	
thử	鼠	0	
thử	試	0	
thử	龇	0	
thử	齜	0	
thửa	此	0	
thửa	所	0	
thửa	使	0	
thửng	矧	0	
thửng	㫾	0	
thửng	𪟶	0	
thững	吲	0	
thững	荡	0	
thững	𨀊	0	
thững	蕩	0	
thự	署	0	
thự	墅	0	
thự	薯	0	
thự	曙	0	
thự	藷	0	
thực	饣	0	
thực	泄	0	
thực	飠	0	
thực	实	0	
thực	釒	0	
thực	蚀	0	
thực	食	0	
thực	埴	0	
thực	殖	0	
thực	植	0	
thực	寔	0	
thực	實	0	
thực	蝕	0	
ti	司	0	
ti	丝	0	
ti	咝	0	
ti	卑	0	
ti	咨	0	
ti	赀	0	
ti	婢	0	
ti	絲	0	
ti	貲	0	
ti	裨	0	
ti	凘	0	
ti	撕	0	
ti	噝	0	
ti	澌	0	
ti	諮	0	
tia	𣈢	0	
tia	濞	0	
tim	心	0	
tim	芯	0	
tim	𦙦	0	
tim	绀	0	
tim	𢙭	0	
tim	𬚲	0	
tim	𥿂	0	
tim	紺	0	
tin	信	0	
tin	𪝮	0	
tin	𠒷	0	
tin	𬦿	0	
tinh	并	0	
tinh	星	0	
tinh	菁	0	
tinh	旌	0	
tinh	桯	0	
tinh	晶	0	
tinh	猩	0	
tinh	惺	0	
tinh	睛	0	
tinh	腥	0	
tinh	精	0	
tinh	𭈻	0	
tiu	消	0	
tiu	销	0	
tiu	箫	0	
tiu	𨦡	0	
tiu	銷	0	
tiu	镖	0	
tiu	鏢	0	
tiu	簫	0	
tiêm	纤	0	
tiêm	尖	0	
tiêm	歼	0	
tiêm	店	0	
tiêm	枮	0	
tiêm	䊹	0	
tiêm	𢬅	0	
tiêm	铦	0	
tiêm	渐	0	
tiêm	湛	0	
tiêm	签	0	
tiêm	銛	0	
tiêm	漸	0	
tiêm	暹	0	
tiêm	縴	0	
tiêm	瀐	0	
tiêm	簽	0	
tiêm	殲	0	
tiêm	籖	0	
tiêm	籤	0	
tiêm	纖	0	
tiên	仙	0	
tiên	戋	0	
tiên	先	0	
tiên	氙	0	
tiên	秈	0	
tiên	戔	0	
tiên	姗	0	
tiên	浅	0	
tiên	籼	0	
tiên	淺	0	
tiên	笺	0	
tiên	湜	0	
tiên	牋	0	
tiên	跹	0	
tiên	煎	0	
tiên	椾	0	
tiên	箋	0	
tiên	𠎣	0	
tiên	僊	0	
tiên	鲜	0	
tiên	鮮	0	
tiên	鞭	0	
tiên	鬋	0	
tiên	躚	0	
tiêu	肖	0	
tiêu	标	0	
tiêu	宵	0	
tiêu	髟	0	
tiêu	哨	0	
tiêu	消	0	
tiêu	悄	0	
tiêu	逍	0	
tiêu	萧	0	
tiêu	焦	0	
tiêu	椒	0	
tiêu	销	0	
tiêu	硝	0	
tiêu	綃	0	
tiêu	潇	0	
tiêu	箫	0	
tiêu	劁	0	
tiêu	僬	0	
tiêu	蕉	0	
tiêu	標	0	
tiêu	銷	0	
tiêu	霄	0	
tiêu	镖	0	
tiêu	飙	0	
tiêu	蕭	0	
tiêu	魈	0	
tiêu	礁	0	
tiêu	鹪	0	
tiêu	𪁎	0	
tiêu	鮹	0	
tiêu	簫	0	
tiêu	瀟	0	
tiêu	鏢	0	
tiêu	镳	0	
tiêu	飆	0	
tiêu	鷦	0	
tiêu	鑣	0	
tiếc	惜	0	
tiếm	谮	0	
tiếm	僭	0	
tiếm	僣	0	
tiếm	譖	0	
tiến	进	0	
tiến	荐	0	
tiến	洊	0	
tiến	牮	0	
tiến	進	0	
tiến	羡	0	
tiến	箭	0	
tiến	薦	0	
tiếng	省	0	
tiếng	㗂	0	
tiếng	𪱐	0	
tiếp	浃	0	
tiếp	浹	0	
tiếp	接	0	
tiếp	楫	0	
tiếp	檝	0	
tiếp	燮	0	
tiết	卩	0	
tiết	㔾	0	
tiết	节	0	
tiết	血	0	
tiết	疖	0	
tiết	泌	0	
tiết	泄	0	
tiết	绁	0	
tiết	洩	0	
tiết	屑	0	
tiết	紲	0	
tiết	絬	0	
tiết	亵	0	
tiết	筄	0	
tiết	揳	0	
tiết	絏	0	
tiết	媟	0	
tiết	節	0	
tiết	𧻭	0	
tiết	緤	0	
tiết	褻	0	
tiết	癤	0	
tiếu	肖	0	
tiếu	咲	0	
tiếu	诮	0	
tiếu	俏	0	
tiếu	陗	0	
tiếu	笑	0	
tiếu	悄	0	
tiếu	俵	0	
tiếu	峭	0	
tiếu	哨	0	
tiếu	誚	0	
tiếu	噍	0	
tiếu	瘭	0	
tiếu	醮	0	
tiếu	𦢩	0	
tiềm	渐	0	
tiềm	漸	0	
tiềm	潜	0	
tiềm	潛	0	
tiền	前	0	
tiền	钱	0	
tiền	銭	0	
tiền	錢	0	
tiền	V+60843	0	
tiều	谯	0	
tiều	憔	0	
tiều	樵	0	
tiều	魈	0	
tiều	瞧	0	
tiều	𦗠	0	
tiều	譙	0	
tiều	顦	0	
tiển	洗	0	
tiển	铣	0	
tiển	羡	0	
tiển	跣	0	
tiển	尟	0	
tiển	尠	0	
tiển	銑	0	
tiển	戬	0	
tiển	鲜	0	
tiển	藓	0	
tiển	鮮	0	
tiển	燹	0	
tiển	癣	0	
tiển	蘚	0	
tiển	癬	0	
tiểng	㗂	0	
tiểu	小	0	
tiểu	湫	0	
tiểu	缲	0	
tiểu	篠	0	
tiểu	繰	0	
tiểu	⺌	0	
tiễn	饯	0	
tiễn	钱	0	
tiễn	剪	0	
tiễn	溅	0	
tiễn	践	0	
tiễn	湔	0	
tiễn	翦	0	
tiễn	𦑦	0	
tiễn	箭	0	
tiễn	䬻	0	
tiễn	踐	0	
tiễn	餞	0	
tiễn	錢	0	
tiễn	謭	0	
tiễn	濺	0	
tiễn	譾	0	
tiễu	陗	0	
tiễu	悄	0	
tiễu	峭	0	
tiễu	勦	0	
tiễu	剿	0	
tiễu	潐	0	
tiệc	席	0	
tiệm	店	0	
tiệm	崭	0	
tiệm	渐	0	
tiệm	嶄	0	
tiệm	漸	0	
tiệm	𥕌	0	
tiệm	鞭	0	
tiện	贱	0	
tiện	便	0	
tiện	栫	0	
tiện	剪	0	
tiện	铣	0	
tiện	羡	0	
tiện	賎	0	
tiện	羨	0	
tiện	銑	0	
tiện	賤	0	
tiệp	捷	0	
tiệp	婕	0	
tiệp	㨗	0	
tiệp	睫	0	
tiệt	绝	0	
tiệt	絶	0	
tiệt	截	0	
tiệt	撤	0	
tiệu	诮	0	
tiệu	誚	0	
tiệu	谯	0	
tiệu	譙	0	
to	苏	0	
to	租	0	
to	粗	0	
to	疎	0	
to	稣	0	
to	穌	0	
to	蘇	0	
to	𢀱	0	
to	𫰅	0	
to	𡚢	0	
to	𡚡	0	
toa	唆	0	
toa	莎	0	
toa	梭	0	
toa	矬	0	
toan	𥫫	0	
toan	祘	0	
toan	狻	0	
toan	痠	0	
toan	筭	0	
toan	酸	0	
toan	算	0	
toang	洵	0	
toang	徇	0	
toang	𫫥	0	
toe	䏴	0	
toe	𡄪	0	
toen	宣	0	
toi	𡳥	0	
toi	𤻒	0	
toi	𬆜	0	
toi	𣩸	0	
toi	𥶮	0	
tom	沁	0	
tom	𤆸	0	
tom	𥿂	0	
tom	惭	0	
tom	慚	0	
tom	𩵽	0	
tom	縿	0	
ton	尊	0	
ton	敦	0	
ton	噂	0	
tong	宗	0	
tong	淙	0	
toà	坐	0	
toà	座	0	
toà	𤉛	0	
toà	锉	0	
toà	銼	0	
toàn	全	0	
toàn	旋	0	
toàn	璇	0	
toàn	镟	0	
toàn	璿	0	
toàn	鏇	0	
toàng	𧝩	0	
toá	𪯞	0	
toác	𫯧	0	
toác	𠴚	0	
toác	𪯕	0	
toác	嚄	0	
toác	𫸋	0	
toái	雋	0	
toái	碎	0	
toái	蕞	0	
toái	賥	0	
toán	𥫫	0	
toán	祘	0	
toán	蒜	0	
toán	筭	0	
toán	算	0	
toán	鑽	0	
toáng	俊	0	
toát	𬐎	0	
toát	𫥜	0	
toát	撮	0	
toát	嘬	0	
toát	襊	0	
toát	𥊴	0	
toát	繓	0	
toè	隨	0	
toé	哨	0	
toé	嘒	0	
toé	𪯛	0	
toé	𤂭	0	
toé	𪯞	0	
toét	啐	0	
toét	𠽌	0	
toét	𥊴	0	
toét	𫂪	0	
toòng	桐	0	
toạ	坐	0	
toạ	座	0	
toạ	𠴚	0	
toạ	搉	0	
toạc	凿	0	
toạc	𫦓	0	
toạc	𪟒	0	
toạc	嚄	0	
toạc	𧞤	0	
toạc	鑿	0	
toại	遂	0	
toại	隧	0	
toại	燧	0	
toại	繸	0	
toại	𨆏	0	
toạng	徇	0	
toạng	𠊫	0	
toả	剉	0	
toả	唢	0	
toả	挫	0	
toả	琐	0	
toả	锁	0	
toả	锉	0	
toả	碎	0	
toả	嗩	0	
toả	瑣	0	
toả	𪹟	0	
toả	銼	0	
toả	鎖	0	
toả	𪯞	0	
toản	钻	0	
toản	鉆	0	
toản	赚	0	
toản	賺	0	
toản	攒	0	
toản	缵	0	
toản	瓒	0	
toản	臜	0	
toản	囋	0	
toản	攢	0	
toản	臢	0	
toản	瓚	0	
toản	趱	0	
toản	躜	0	
toản	纘	0	
toản	趲	0	
toản	躦	0	
toản	鑽	0	
toẹt	绝	0	
toẹt	絶	0	
toẹt	𠾼	0	
toẻ	锁	0	
toẻ	销	0	
toẻ	銷	0	
toẻ	鎖	0	
toốc	觫	0	
tra	抯	0	
tra	苴	0	
tra	查	0	
tra	茬	0	
tra	挓	0	
tra	砟	0	
tra	渣	0	
tra	揸	0	
tra	喳	0	
tra	馇	0	
tra	槎	0	
tra	楂	0	
tra	𢲽	0	
tra	碴	0	
tra	𣙁	0	
tra	樝	0	
tra	蹅	0	
tra	餷	0	
trai	佳	0	
trai	斋	0	
trai	斎	0	
trai	𪩭	0	
trai	琜	0	
trai	𧍍	0	
trai	𤳇	0	
trai	𪟦	0	
trai	𤳆	0	
trai	𫯖	0	
trai	齋	0	
trai	𢥖	0	
trai	𧕚	0	
trang	庄	0	
trang	妆	0	
trang	妝	0	
trang	庒	0	
trang	荘	0	
trang	莊	0	
trang	桩	0	
trang	粧	0	
trang	装	0	
trang	榔	0	
trang	裝	0	
trang	樁	0	
trang	欗	0	
tranh	贞	0	
tranh	争	0	
tranh	爭	0	
tranh	狰	0	
tranh	埩	0	
tranh	帧	0	
tranh	挣	0	
tranh	𢂰	0	
tranh	貞	0	
tranh	峥	0	
tranh	棦	0	
tranh	掙	0	
tranh	㨃	0	
tranh	崢	0	
tranh	猙	0	
tranh	铮	0	
tranh	𪟐	0	
tranh	𦱊	0	
tranh	棖	0	
tranh	幀	0	
tranh	筝	0	
tranh	箏	0	
tranh	錚	0	
tranh	橙	0	
tranh	𪺘	0	
tranh	𦽰	0	
trao	召	0	
trao	牢	0	
trao	招	0	
trao	𢭂	0	
trao	哰	0	
trao	掉	0	
trao	搔	0	
trau	𢫵	0	
trau	𢭂	0	
trau	捞	0	
trau	𤶎	0	
trau	搔	0	
trau	撈	0	
tre	朱	0	
tre	知	0	
tre	椥	0	
tre	𥯌	0	
tre	䓡	0	
treo	招	0	
treo	挑	0	
treo	尞	0	
treo	僚	0	
treo	嘹	0	
treo	撩	0	
treo	𢸘	0	
treo	蹽	0	
tri	池	0	
tri	知	0	
tri	䊷	0	
tri	缁	0	
tri	辎	0	
tri	椥	0	
tri	䓡	0	
tri	蜘	0	
tri	緇	0	
tri	輜	0	
tri	鲻	0	
tri	鯔	0	
tria	𢯙	0	
trinh	贞	0	
trinh	侦	0	
trinh	貞	0	
trinh	祯	0	
trinh	桢	0	
trinh	偵	0	
trinh	幀	0	
trinh	揁	0	
trinh	禎	0	
trinh	楨	0	
trinh	鍞	0	
triêm	沾	0	
triêm	挦	0	
triêm	撏	0	
triêm	霑	0	
triêng	烝	0	
triêng	𡎞	0	
triêu	朝	0	
triếp	折	0	
triếp	辄	0	
triếp	摄	0	
triếp	慴	0	
triếp	輒	0	
triếp	輙	0	
triếp	攝	0	
triết	折	0	
triết	哳	0	
triết	哲	0	
triết	晢	0	
triết	腏	0	
triết	蜇	0	
triết	𠹗	0	
triền	旋	0	
triền	缠	0	
triền	㵀	0	
triền	廛	0	
triền	璇	0	
triền	纏	0	
triền	躔	0	
triền	𨮻	0	
triềng	呈	0	
triều	晁	0	
triều	朝	0	
triều	潮	0	
triều	𦺓	0	
triển	展	0	
triển	搌	0	
triển	辗	0	
triển	篆	0	
triển	輾	0	
triện	篆	0	
triện	𢷹	0	
triệng	侦	0	
triệng	旋	0	
triệng	偵	0	
triệp	摺	0	
triệt	屮	0	
triệt	彻	0	
triệt	撤	0	
triệt	徹	0	
triệt	澈	0	
triệt	辙	0	
triệt	轍	0	
triệt	屮	0	
triệu	召	0	
triệu	兆	0	
triệu	赵	0	
triệu	㨄	0	
triệu	絩	0	
triệu	肈	0	
triệu	肇	0	
triệu	趙	0	
tro	炉	0	
tro	炭	0	
tro	烣	0	
tro	𪿙	0	
tro	𤉕	0	
tro	𤉓	0	
tro	𬊐	0	
tro	𤊣	0	
tro	爐	0	
trong	工	0	
trong	中	0	
trong	共	0	
trong	冲	0	
trong	沖	0	
trong	𡧲	0	
trong	𬺘	0	
trong	滝	0	
trong	𥪞	0	
trong	𥪝	0	
trong	𬈴	0	
trong	𤁘	0	
trong	𫏽	0	
trong	𬺚	0	
trong	𪚚	0	
trong	𤄯	0	
tru	诛	0	
tru	誅	0	
trui	焠	0	
trui	𤑭	0	
trun	𧉙	0	
trun	菕	0	
trun	蜦	0	
trung	中	0	
trung	忠	0	
trung	盅	0	
trung	衷	0	
truy	夊	0	
truy	夂	0	
truy	攵	0	
truy	追	0	
truy	缁	0	
truy	淄	0	
truy	椎	0	
truy	辎	0	
truy	锥	0	
truy	緇	0	
truy	輜	0	
truy	錐	0	
truy	鲻	0	
truy	鯔	0	
truyên	单	0	
truyên	單	0	
truyết	掇	0	
truyền	传	0	
truyền	傳	0	
truyện	传	0	
truyện	傳	0	
truân	屯	0	
truân	迍	0	
truân	肫	0	
truân	谆	0	
truân	棆	0	
truân	諄	0	
truông	中	0	
truông	𣐄	0	
truông	杶	0	
truý	搥	0	
truý	缒	0	
truý	縋	0	
truất	诎	0	
truất	㤕	0	
truất	茁	0	
truất	詘	0	
truất	黜	0	
truật	朮	0	
truật	术	0	
truật	怵	0	
truật	𤝞	0	
truồi	㑍	0	
truồi	𡋃	0	
truồng	中	0	
truồng	𦚭	0	
truồng	𧙽	0	
truồng	𬪽	0	
truồng	𫏪	0	
truồng	𫌎	0	
truột	怵	0	
truột	黜	0	
truỳ	捶	0	
truỳ	椎	0	
truỳ	缒	0	
truỳ	搥	0	
truỳ	縋	0	
truỵ	坠	0	
truỵ	䋘	0	
truỵ	墜	0	
trà	垞	0	
trà	茶	0	
trà	搽	0	
trà	𢴉	0	
trà	𨢕	0	
trài	栽	0	
trài	裁	0	
tràm	槛	0	
tràm	𣞎	0	
tràm	檻	0	
tràm	𤓆	0	
tràm	𣠩	0	
tràm	𣡓	0	
tràn	沈	0	
tràn	渐	0	
tràn	𣹗	0	
tràn	溱	0	
tràn	滇	0	
tràn	𣼼	0	
tràn	漸	0	
tràn	澜	0	
tràn	𬉌	0	
tràn	瀾	0	
tràn	灡	0	
tràn	籣	0	
tràn	欗	0	
tràng	长	0	
tràng	场	0	
tràng	镸	0	
tràng	肠	0	
tràng	長	0	
tràng	場	0	
tràng	𧛇	0	
tràng	腸	0	
tràng	幢	0	
tràng	膓	0	
tràng	撞	0	
tràng	籣	0	
trành	长	0	
trành	呈	0	
trành	镸	0	
trành	長	0	
trành	爭	0	
trành	倀	0	
trành	挰	0	
trành	铮	0	
trành	棖	0	
trành	錚	0	
trào	朝	0	
trào	嘲	0	
trào	潮	0	
trào	謿	0	
tràu	朝	0	
tràu	鮡	0	
tràu	𩺣	0	
trày	𠉠	0	
trá	诈	0	
trá	咋	0	
trá	咤	0	
trá	痄	0	
trá	蚱	0	
trá	舴	0	
trá	詐	0	
trá	搾	0	
trá	榨	0	
trá	醡	0	
trác	卓	0	
trác	斫	0	
trác	诼	0	
trác	浞	0	
trác	倬	0	
trác	桌	0	
trác	涿	0	
trác	逴	0	
trác	啅	0	
trác	啄	0	
trác	椓	0	
trác	焯	0	
trác	琢	0	
trác	槕	0	
trác	斲	0	
trác	諑	0	
trác	鑡	0	
trách	责	0	
trách	咋	0	
trách	柞	0	
trách	垞	0	
trách	窄	0	
trách	啧	0	
trách	責	0	
trách	帻	0	
trách	蚱	0	
trách	㖽	0	
trách	債	0	
trách	喍	0	
trách	㨲	0	
trách	幘	0	
trách	嘖	0	
trách	箦	0	
trách	磔	0	
trách	𦟜	0	
trách	赜	0	
trách	簀	0	
trách	賾	0	
trái	来	0	
trái	來	0	
trái	债	0	
trái	梩	0	
trái	腂	0	
trái	𠌊	0	
trái	赖	0	
trái	債	0	
trái	𬃻	0	
trái	賴	0	
trái	瘵	0	
trái	𣛤	0	
trái	𧀞	0	
trái	藾	0	
trái	𢁑	0	
trái	𬟣	0	
trái	𣡚	0	
trái	𣡙	0	
trám	赚	0	
trám	賺	0	
trám	簪	0	
trám	㰖	0	
trám	蘸	0	
trám	𩼤	0	
trán	旦	0	
trán	绽	0	
trán	𩑰	0	
trán	綻	0	
trán	颡	0	
trán	𪩱	0	
trán	𩈪	0	
trán	顙	0	
trán	𣌔	0	
trán	𣌛	0	
tráng	壮	0	
tráng	壯	0	
tráng	奘	0	
tráng	𤶜	0	
tráng	戆	0	
tráng	戇	0	
tráng	壮	0	
tránh	另	0	
tránh	诤	0	
tránh	挣	0	
tránh	帧	0	
tránh	掙	0	
tránh	睁	0	
tránh	幀	0	
tránh	睜	0	
tránh	𠬉	0	
tránh	諍	0	
tráo	到	0	
tráo	枛	0	
tráo	倒	0	
tráo	𠴼	0	
tráo	掉	0	
tráo	教	0	
tráo	罩	0	
tráo	𥋽	0	
tráp	扱	0	
tráp	匣	0	
tráp	匼	0	
tráp	匧	0	
tráp	𠤿	0	
tráp	插	0	
tráp	筪	0	
tráp	劄	0	
tráp	箚	0	
trát	扎	0	
trát	札	0	
trát	眨	0	
trát	紥	0	
trát	𣑌	0	
trát	紮	0	
trát	淖	0	
trát	铡	0	
trát	琢	0	
trát	劄	0	
trát	𣽗	0	
trát	鍘	0	
trâm	针	0	
trâm	針	0	
trâm	𥯓	0	
trâm	橬	0	
trâm	鍼	0	
trâm	簪	0	
trâm	簮	0	
trâm	𣠱	0	
trân	珍	0	
trân	義	0	
trân	滇	0	
trân	瞋	0	
trâng	徵	0	
trâng	瞋	0	
trâu	邹	0	
trâu	陬	0	
trâu	诹	0	
trâu	鄒	0	
trâu	𤠋	0	
trâu	㺏	0	
trâu	緅	0	
trâu	諏	0	
trâu	𤛠	0	
trâu	𠿈	0	
trâu	鄹	0	
trâu	鲰	0	
trâu	鯫	0	
trâu	𮉪	0	
trây	涞	0	
trây	淶	0	
trây	誺	0	
trã	捛	0	
trã	𡋿	0	
trãi	豸	0	
trãi	廌	0	
trèm	坫	0	
trèm	沾	0	
trèm	炶	0	
trèo	岧	0	
trèo	𫹣	0	
trèo	撩	0	
trèo	樔	0	
trèo	蹽	0	
trèo	𨅹	0	
tré	𦳙	0	
tré	𥋒	0	
trém	蘸	0	
trém	𡆖	0	
tréo	𧾿	0	
tréo	𬦪	0	
tréo	照	0	
trét	折	0	
trét	挒	0	
trét	𡏥	0	
trê	彻	0	
trê	知	0	
trê	𣻉	0	
trê	撤	0	
trê	𩵾	0	
trê	徹	0	
trê	鲻	0	
trê	𩸴	0	
trê	鯔	0	
trên	𨑗	0	
trên	蓮	0	
trên	𬨺	0	
trên	𨕭	0	
trêu	招	0	
trêu	𠰉	0	
trêu	咷	0	
trêu	𠶅	0	
trêu	朝	0	
trêu	𠺕	0	
trêu	憭	0	
trêu	嘹	0	
trêu	撩	0	
trêu	𡃔	0	
trì	驰	0	
trì	池	0	
trì	迟	0	
trì	茌	0	
trì	迡	0	
trì	持	0	
trì	荎	0	
trì	竾	0	
trì	馳	0	
trì	箎	0	
trì	墀	0	
trì	遲	0	
trì	篪	0	
trì	㯖	0	
trì	𡂙	0	
trìa	迟	0	
trìa	遲	0	
trình	呈	0	
trình	侱	0	
trình	𠴔	0	
trình	埕	0	
trình	旋	0	
trình	䄇	0	
trình	程	0	
trình	裎	0	
trình	酲	0	
trình	𨁎	0	
trìu	𢩪	0	
trìu	抽	0	
trìu	䌷	0	
trìu	紬	0	
trí	洷	0	
trí	咥	0	
trí	𦤶	0	
trí	致	0	
trí	智	0	
trí	𦳙	0	
trí	寘	0	
trí	置	0	
trí	緻	0	
trích	的	0	
trích	貞	0	
trích	谪	0	
trích	滴	0	
trích	摘	0	
trích	謫	0	
trích	讁	0	
trích	鰿	0	
trích	𪄸	0	
trính	桢	0	
trính	楨	0	
trít	扎	0	
trít	彻	0	
trít	哲	0	
trít	𥉭	0	
trít	徹	0	
tríu	𢩪	0	
trò	徒	0	
trò	路	0	
trò	𠻀	0	
trò	𡀔	0	
trò	𬐸	0	
tròi	耒	0	
tròi	𠱤	0	
tròm	沉	0	
tròm	沈	0	
tròm	撍	0	
tròn	仑	0	
tròn	侖	0	
tròn	𣄇	0	
tròn	𢀧	0	
tròn	𠓻	0	
tròn	𫣝	0	
tròn	𠓹	0	
tròn	磮	0	
tròn	𡃋	0	
tròn	𧷺	0	
tròn	𡈺	0	
tròn	𫭕	0	
tròng	㮔	0	
tròng	緟	0	
tròng	瞳	0	
tròng	𭿍	0	
tróc	捉	0	
trói	𦀑	0	
trói	𫃫	0	
trói	㩡	0	
trói	繓	0	
trói	𦆹	0	
trói	𦇒	0	
trói	𬅓	0	
tróm	𡅎	0	
tróng	梇	0	
trót	㤕	0	
trót	卒	0	
trót	律	0	
trót	捽	0	
trót	啐	0	
trót	𢔙	0	
trót	𣖢	0	
trót	𪟼	0	
trô	诛	0	
trô	𥅲	0	
trô	誅	0	
trôi	𬈼	0	
trôi	㵢	0	
trôi	鱩	0	
trôm	蓝	0	
trôm	𣚮	0	
trôm	藍	0	
trôn	仑	0	
trôn	侖	0	
trôn	腀	0	
trôn	𦝊	0	
trôn	敦	0	
trôn	𢳳	0	
trôn	𫆮	0	
trôn	𦟹	0	
trôn	墫	0	
trôn	𫆸	0	
trôn	㬿	0	
trôn	𬛘	0	
trông	眬	0	
trông	筭	0	
trông	𥉫	0	
trông	𥉩	0	
trông	篭	0	
trông	𥊛	0	
trông	𪿁	0	
trông	矓	0	
trông	𬕾	0	
trông	𬂙	0	
trông	𪱯	0	
trông	𪿄	0	
trông	𪚤	0	
trông	𬖉	0	
trõm	𥌈	0	
trõm	𥍍	0	
trõm	𥍖	0	
trù	诅	0	
trù	帱	0	
trù	惆	0	
trù	绸	0	
trù	厨	0	
trù	畴	0	
trù	詛	0	
trù	稠	0	
trù	筹	0	
trù	綢	0	
trù	踌	0	
trù	㕑	0	
trù	廚	0	
trù	橱	0	
trù	嚋	0	
trù	幬	0	
trù	櫉	0	
trù	疇	0	
trù	蹰	0	
trù	櫥	0	
trù	籌	0	
trù	躊	0	
trù	譸	0	
trù	躕	0	
trùm	𠆳	0	
trùn	𧉙	0	
trùn	蝩	0	
trùng	虫	0	
trùng	沖	0	
trùng	重	0	
trùng	𣹞	0	
trùng	蝩	0	
trùng	蟲	0	
trú	住	0	
trú	驻	0	
trú	昼	0	
trú	晝	0	
trú	翥	0	
trú	駐	0	
trúc	竹	0	
trúc	𥫗	0	
trúc	竺	0	
trúc	筑	0	
trúc	築	0	
trúc	⺮	0	
trúm	𥯓	0	
trúm	𢹽	0	
trúm	𥸝	0	
trúng	中	0	
trúng	准	0	
trúng	準	0	
trút	拙	0	
trút	律	0	
trút	𡭲	0	
trút	淬	0	
trút	𧊐	0	
trút	𢯰	0	
trút	𪫓	0	
trăm	林	0	
trăm	啉	0	
trăm	𬃴	0	
trăm	𤾓	0	
trăn	邻	0	
trăn	蓁	0	
trăn	溱	0	
trăn	榛	0	
trăn	鄰	0	
trăn	螓	0	
trăn	臻	0	
trăn	𧏶	0	
trăng	菱	0	
trăng	绫	0	
trăng	棱	0	
trăng	𪩮	0	
trăng	𦝄	0	
trăng	綾	0	
trăng	𢁋	0	
trăng	𣎞	0	
trĩ	豸	0	
trĩ	㭒	0	
trĩ	峙	0	
trĩ	痔	0	
trĩ	耜	0	
trĩ	𬏯	0	
trĩ	雉	0	
trĩ	稚	0	
trĩ	褫	0	
trĩ	𣙦	0	
trĩ	𩾰	0	
trĩ	穉	0	
trĩ	𥴢	0	
trũi	𪒽	0	
trũm	朕	0	
trũm	𥬧	0	
trũng	冡	0	
trũng	𫢵	0	
trũng	冢	0	
trũng	𬺙	0	
trơ	知	0	
trơ	猪	0	
trơ	豬	0	
trơ	𫬕	0	
trơi	哜	0	
trơi	斋	0	
trơi	唎	0	
trơi	斎	0	
trơi	𩲥	0	
trơi	嚌	0	
trơi	𩳳	0	
trơi	齋	0	
trơi	𩴚	0	
trơi	𩵃	0	
trơn	涟	0	
trơn	𠗰	0	
trơn	𣹗	0	
trơn	漣	0	
trơn	𠺩	0	
trơn	澜	0	
trơn	瀾	0	
trơn	灡	0	
trơu	𠺩	0	
trư	菹	0	
trư	猪	0	
trư	㭬	0	
trư	葅	0	
trư	䐗	0	
trư	踟	0	
trư	豬	0	
trư	躇	0	
trưa	昉	0	
trưa	𣆐	0	
trưa	𬀭	0	
trưa	猪	0	
trưa	𪰨	0	
trưa	暏	0	
trưa	𣉎	0	
trưa	𪱂	0	
trưa	𬁑	0	
trưa	𪱅	0	
trưa	𫧬	0	
trưa	𣌁	0	
trưa	𣌆	0	
trưa	𣌂	0	
trưa	曥	0	
trưng	征	0	
trưng	徵	0	
trưng	瞪	0	
trưng	𥋔	0	
trương	张	0	
trương	帐	0	
trương	張	0	
trương	帳	0	
trương	賬	0	
trước	著	0	
trước	略	0	
trước	着	0	
trước	畧	0	
trước	𠓀	0	
trước	𫏾	0	
trước	𨎠	0	
trước	𨎟	0	
trước	𠠩	0	
trướng	肠	0	
trướng	帐	0	
trướng	怅	0	
trướng	胀	0	
trướng	涨	0	
trướng	悵	0	
trướng	帳	0	
trướng	脹	0	
trướng	腸	0	
trướng	幛	0	
trướng	漲	0	
trướt	扎	0	
trườn	长	0	
trườn	陈	0	
trườn	镸	0	
trườn	長	0	
trườn	陳	0	
trường	长	0	
trường	场	0	
trường	镸	0	
trường	肠	0	
trường	長	0	
trường	𠴞	0	
trường	棖	0	
trường	場	0	
trường	腸	0	
trường	塲	0	
trường	䗅	0	
trường	膓	0	
trưởng	长	0	
trưởng	镸	0	
trưởng	長	0	
trượng	丈	0	
trượng	仗	0	
trượng	扙	0	
trượng	杖	0	
trượt	跌	0	
trạc	浊	0	
trạc	𥭌	0	
trạc	濁	0	
trạc	𬸦	0	
trạc	濯	0	
trạc	𡒔	0	
trạc	擢	0	
trạc	櫂	0	
trạc	镯	0	
trạc	鐲	0	
trạc	鷟	0	
trạc	𥷧	0	
trạc	𢺜	0	
trạch	宅	0	
trạch	泽	0	
trạch	𢫞	0	
trạch	䖳	0	
trạch	鋥	0	
trạch	擇	0	
trạch	澤	0	
trạch	𬠺	0	
trại	豸	0	
trại	砦	0	
trại	赛	0	
trại	寨	0	
trại	賽	0	
trạm	站	0	
trạm	崭	0	
trạm	湛	0	
trạm	嶄	0	
trạng	狀	0	
trạng	状	0	
trạng	狀	0	
trạnh	掷	0	
trạnh	𧋸	0	
trạnh	擲	0	
trạnh	𢤜	0	
trạnh	𩹰	0	
trạnh	𪓪	0	
trạo	笊	0	
trạo	绰	0	
trạo	掉	0	
trạo	棹	0	
trạo	綽	0	
trạo	櫂	0	
trạt	扎	0	
trạy	𪡊	0	
trả	呂	0	
trả	把	0	
trả	者	0	
trả	㨋	0	
trả	𫡽	0	
trả	𫭐	0	
trả	𪁳	0	
trả	𪃵	0	
trải	豸	0	
trải	𬁻	0	
trải	𣥱	0	
trải	𣦆	0	
trải	戴	0	
trải	𣦰	0	
trảm	斩	0	
trảm	斬	0	
trảm	凿	0	
trảm	錾	0	
trảm	鏨	0	
trảm	鑿	0	
trản	𬍙	0	
trản	盏	0	
trản	琖	0	
trản	盞	0	
trảng	浪	0	
trảo	爪	0	
trảo	找	0	
trảo	抓	0	
trảu	爪	0	
trảu	枛	0	
trảy	𢬦	0	
trảy	洗	0	
trảy	雉	0	
trảy	𥴢	0	
trấm	鸩	0	
trấm	酖	0	
trấm	谮	0	
trấm	鴆	0	
trấm	譖	0	
trấn	瑱	0	
trấn	镇	0	
trấn	𤂪	0	
trấn	鎮	0	
trấp	廾	0	
trấp	廿	0	
trấp	汁	0	
trấp	𠰏	0	
trấp	釟	0	
trấp	揖	0	
trấp	蓻	0	
trấp	濈	0	
trất	栉	0	
trất	挃	0	
trất	桎	0	
trất	轾	0	
trất	秷	0	
trất	窒	0	
trất	輊	0	
trất	銍	0	
trất	櫛	0	
trấu	奏	0	
trấu	𥠬	0	
trấu	𥯪	0	
trấu	𡔿	0	
trấu	𫊁	0	
trầm	沈	0	
trầm	沉	0	
trầm	枕	0	
trầm	渖	0	
trầm	鈂	0	
trầm	檀	0	
trầm	瀋	0	
trần	尘	0	
trần	陈	0	
trần	陳	0	
trần	裎	0	
trần	塵	0	
trầu	芙	0	
trầu	油	0	
trầu	茱	0	
trầu	𫈜	0	
trầu	蒌	0	
trầu	蒥	0	
trầu	蔞	0	
trầu	𦺓	0	
trầu	𣞾	0	
trầu	𫑱	0	
trầu	䕱	0	
trầu	𩻹	0	
trầy	池	0	
trầy	持	0	
trầy	涞	0	
trầy	淶	0	
trẩu	爪	0	
trẩu	召	0	
trẩy	礼	0	
trẩy	𥙒	0	
trẩy	𬒼	0	
trẩy	雉	0	
trẩy	禮	0	
trẩy	𦪨	0	
trẫm	怎	0	
trẫm	朕	0	
trẫm	浸	0	
trậm	站	0	
trận	阵	0	
trận	陣	0	
trập	廾	0	
trập	廿	0	
trập	絷	0	
trập	蛰	0	
trập	蟄	0	
trập	縶	0	
trật	帙	0	
trật	秩	0	
trật	袠	0	
trật	跌	0	
trắc	仄	0	
trắc	则	0	
trắc	昃	0	
trắc	侧	0	
trắc	测	0	
trắc	陟	0	
trắc	則	0	
trắc	恻	0	
trắc	側	0	
trắc	測	0	
trắc	惻	0	
trắc	𣖡	0	
trắc	𡮞	0	
trắm	林	0	
trắm	禀	0	
trắm	橬	0	
trắm	簪	0	
trắm	𩻕	0	
trắm	𩻛	0	
trắng	白	0	
trắng	壮	0	
trắng	壯	0	
trắng	朗	0	
trắng	𤽸	0	
trắp	箚	0	
trắt	侧	0	
trắt	秩	0	
trắt	側	0	
trắt	㗚	0	
trằm	沉	0	
trằm	沈	0	
trằm	𪷩	0	
trằn	邻	0	
trằn	陈	0	
trằn	珍	0	
trằn	陳	0	
trằn	鄰	0	
trằn	𬹏	0	
trặc	侧	0	
trặc	秩	0	
trặc	側	0	
trặc	跌	0	
trặc	𨁷	0	
trặn	阵	0	
trặn	陣	0	
trẹ	𠶠	0	
trẹ	滯	0	
trẹo	召	0	
trẹo	挑	0	
trẹo	𬦪	0	
trẹt	彻	0	
trẹt	撤	0	
trẹt	徹	0	
trẻ	礼	0	
trẻ	𥘷	0	
trẻ	稚	0	
trẻ	𪨅	0	
trẻ	穉	0	
trẻ	禮	0	
trẻo	𤽀	0	
trẻo	沼	0	
trẽ	𥘶	0	
trẽ	稚	0	
trẽ	𬦳	0	
trẽn	𠹖	0	
trết	哲	0	
trếu	𠮩	0	
trếu	𠾓	0	
trề	池	0	
trề	𠲨	0	
trề	滯	0	
trề	𪢏	0	
trề	𡂙	0	
trều	朝	0	
trều	嘲	0	
trể	滓	0	
trễ	礼	0	
trễ	豸	0	
trễ	雉	0	
trễ	𬓐	0	
trễ	滯	0	
trễ	𧜐	0	
trễ	禮	0	
trệ	彘	0	
trệ	滯	0	
trệch	掷	0	
trệch	擲	0	
trệt	彻	0	
trệt	撤	0	
trệt	徹	0	
trệu	咷	0	
trị	治	0	
trị	值	0	
trị	値	0	
trị	秲	0	
trị	胾	0	
trịa	治	0	
trịa	値	0	
trịa	值	0	
trịch	掷	0	
trịch	𬪼	0	
trịch	踯	0	
trịch	擲	0	
trịch	蹢	0	
trịch	躑	0	
trịnh	郑	0	
trịnh	鄭	0	
trịt	彻	0	
trịt	撤	0	
trịt	徹	0	
trịu	召	0	
trọ	住	0	
trọ	𪜾	0	
trọ	路	0	
trọc	六	0	
trọc	禿	0	
trọc	秃	0	
trọc	育	0	
trọc	浊	0	
trọc	濁	0	
trọc	𬴭	0	
trọc	鐲	0	
trọi	磊	0	
trọn	仑	0	
trọn	论	0	
trọn	侖	0	
trọn	终	0	
trọn	泈	0	
trọn	終	0	
trọn	𢀧	0	
trọn	𠓻	0	
trọn	𠓹	0	
trọn	論	0	
trọn	𠧆	0	
trọn	𫾗	0	
trọn	𪟼	0	
trọn	𬣎	0	
trọn	𫤍	0	
trọng	仲	0	
trọng	重	0	
trọng	喠	0	
trọt	𢫖	0	
trọt	揬	0	
trỏ	𢭰	0	
trỏ	撸	0	
trỏ	擼	0	
trỏ	𢸫	0	
trố	𥇁	0	
trố	𥇻	0	
trố	𥌧	0	
trốc	捉	0	
trốc	啄	0	
trốc	祿	0	
trốc	筑	0	
trốc	𫠼	0	
trốc	𬳕	0	
trốc	築	0	
trốc	𬳚	0	
trốc	𬕳	0	
trối	𠶡	0	
trối	誄	0	
trối	𡂳	0	
trốn	仑	0	
trốn	迍	0	
trốn	坉	0	
trốn	侖	0	
trốn	准	0	
trốn	遁	0	
trốn	準	0	
trốn	遯	0	
trốn	𧾌	0	
trốn	𨆛	0	
trống	弄	0	
trống	𠸙	0	
trống	𫪹	0	
trống	𤿰	0	
trống	𤯨	0	
trống	鞁	0	
trống	𪟤	0	
trống	𥧪	0	
trống	𪁇	0	
trống	𤳢	0	
trống	𥨨	0	
trống	𪔝	0	
trống	𪔠	0	
trốt	卒	0	
trốt	律	0	
trốt	啐	0	
trồ	徂	0	
trồ	殂	0	
trồi	𨀤	0	
trồi	㩡	0	
trồng	种	0	
trồng	栊	0	
trồng	𣑺	0	
trồng	桐	0	
trồng	𤿰	0	
trồng	㮔	0	
trồng	𢲣	0	
trồng	種	0	
trồng	槞	0	
trồng	𥠭	0	
trồng	𣙩	0	
trồng	𥣑	0	
trồng	櫳	0	
trổ	杜	0	
trổ	𦭦	0	
trổ	撸	0	
trổ	镥	0	
trổ	擼	0	
trổ	鑥	0	
trổi	磊	0	
trổng	弄	0	
trổng	冢	0	
trỗ	擼	0	
trỗi	㑍	0	
trỗi	𠱤	0	
trỗi	磊	0	
trỗi	𠐞	0	
trỗi	㩡	0	
trỗi	𥫌	0	
trộ	𢷅	0	
trộ	戳	0	
trội	𠱤	0	
trội	𫁜	0	
trộm	湛	0	
trộm	滥	0	
trộm	僣	0	
trộm	𥂉	0	
trộm	𥋕	0	
trộm	濫	0	
trộm	濫	0	
trộm	𠑈	0	
trộm	𥌈	0	
trộm	𪸄	0	
trộm	囕	0	
trộn	论	0	
trộn	遁	0	
trộn	遯	0	
trộn	論	0	
trộng	重	0	
trộng	哢	0	
trớ	诅	0	
trớ	绉	0	
trớ	咀	0	
trớ	詛	0	
trớ	縐	0	
trớm	𡆖	0	
trớn	肾	0	
trớn	腎	0	
trớn	镇	0	
trớn	鎮	0	
trớt	札	0	
trớt	跌	0	
trờ	持	0	
trờ	猪	0	
trời	𫯝	0	
trời	𡗶	0	
trời	沈	0	
trời	𫶸	0	
trờm	沈	0	
trở	阻	0	
trở	呂	0	
trở	𪩁	0	
trở	𫶷	0	
trở	𠭤	0	
trở	𧿨	0	
trở	𫽖	0	
trở	𬨱	0	
trở	𪠭	0	
trở	𨔾	0	
trở	㨋	0	
trở	跙	0	
trở	與	0	
trở	踷	0	
trợ	助	0	
trợ	𪜾	0	
trợm	𨇸	0	
trợn	𥇺	0	
trợn	𥉲	0	
trợn	𥌫	0	
trụ	纣	0	
trụ	住	0	
trụ	诛	0	
trụ	宙	0	
trụ	𡊲	0	
trụ	拄	0	
trụ	紂	0	
trụ	柱	0	
trụ	胄	0	
trụ	䇠	0	
trụ	誅	0	
trụ	碡	0	
trụ	籀	0	
trục	妯	0	
trục	轴	0	
trục	逐	0	
trục	舳	0	
trục	軸	0	
trục	碡	0	
trục	㩡	0	
trục	躅	0	
trụi	焠	0	
trụi	㰁	0	
trụm	𢫜	0	
trụm	湛	0	
trụng	重	0	
trụng	㴥	0	
trụt	𠀴	0	
trụt	黜	0	
trủ	𦂈	0	
trủng	冢	0	
trủng	塚	0	
trứ	著	0	
trứ	筯	0	
trứ	箸	0	
trứng	壮	0	
trứng	壯	0	
trứng	𠨡	0	
trứng	𫧾	0	
trứu	皱	0	
trứu	菷	0	
trứu	皺	0	
trừ	除	0	
trừ	渚	0	
trừ	滁	0	
trừ	蒢	0	
trừ	踟	0	
trừ	儲	0	
trừ	躇	0	
trừ	蹰	0	
trừng	惩	0	
trừng	澄	0	
trừng	澂	0	
trừng	𥋔	0	
trừng	瞪	0	
trừng	懲	0	
trừu	妯	0	
trừu	抽	0	
trừu	䌷	0	
trừu	紬	0	
trửng	重	0	
trửng	哢	0	
trửu	肘	0	
trửu	帚	0	
trửu	菷	0	
trửu	箒	0	
trữ	宁	0	
trữ	伫	0	
trữ	抒	0	
trữ	苎	0	
trữ	纻	0	
trữ	佇	0	
trữ	苧	0	
trữ	㑏	0	
trữ	泞	0	
trữ	杼	0	
trữ	贮	0	
trữ	竚	0	
trữ	著	0	
trữ	𡨺	0	
trữ	紵	0	
trữ	貯	0	
trữu	𦂈	0	
trực	直	0	
tsuukaeru	閊	0	
tu	仙	0	
tu	须	0	
tu	修	0	
tu	羞	0	
tu	脩	0	
tu	啾	0	
tu	須	0	
tu	馐	0	
tu	𣛪	0	
tu	饈	0	
tu	鬏	0	
tu	鬚	0	
tu	𪅭	0	
tu	𪆦	0	
tua	苏	0	
tua	须	0	
tua	須	0	
tua	𦄼	0	
tua	蘇	0	
tua	鬚	0	
tui	碎	0	
tum	𡉾	0	
tum	嵩	0	
tun	孙	0	
tun	孫	0	
tun	尊	0	
tun	噂	0	
tung	从	0	
tung	纵	0	
tung	宗	0	
tung	枞	0	
tung	统	0	
tung	從	0	
tung	崧	0	
tung	統	0	
tung	喠	0	
tung	猣	0	
tung	嵩	0	
tung	踪	0	
tung	噌	0	
tung	樅	0	
tung	𡀢	0	
tung	𫶜	0	
tung	縱	0	
tung	蹤	0	
tung	騌	0	
tung	鬃	0	
tung	騣	0	
tuy	虽	0	
tuy	荽	0	
tuy	绥	0	
tuy	綏	0	
tuy	睢	0	
tuy	槜	0	
tuy	𨿽	0	
tuy	檇	0	
tuy	雖	0	
tuyên	宣	0	
tuyên	揎	0	
tuyến	线	0	
tuyến	腺	0	
tuyến	綫	0	
tuyến	線	0	
tuyết	雪	0	
tuyết	薛	0	
tuyết	鳕	0	
tuyết	鱈	0	
tuyền	全	0	
tuyền	泉	0	
tuyền	旋	0	
tuyền	璇	0	
tuyền	鳈	0	
tuyền	璿	0	
tuyền	鰁	0	
tuyển	选	0	
tuyển	隽	0	
tuyển	雋	0	
tuyển	選	0	
tuyển	繏	0	
tuyển	䠣	0	
tuyện	传	0	
tuyện	傳	0	
tuyệt	绝	0	
tuyệt	捽	0	
tuyệt	毳	0	
tuyệt	絶	0	
tuyệt	𧋍	0	
tuyệt	𧎴	0	
tuá	訴	0	
tuá	綉	0	
tuân	询	0	
tuân	恂	0	
tuân	洵	0	
tuân	荀	0	
tuân	峋	0	
tuân	徇	0	
tuân	詢	0	
tuân	遵	0	
tuôn	孙	0	
tuôn	孫	0	
tuôn	𣻆	0	
tuông	崧	0	
tuông	嵩	0	
tuông	𡀢	0	
tuông	𢣆	0	
tuý	粹	0	
tuý	醉	0	
tuý	𥻮	0	
tuả	鎖	0	
tuấn	俊	0	
tuấn	埈	0	
tuấn	骏	0	
tuấn	浚	0	
tuấn	峻	0	
tuấn	馂	0	
tuấn	焌	0	
tuấn	雋	0	
tuấn	畯	0	
tuấn	儁	0	
tuấn	餕	0	
tuấn	𣽊	0	
tuấn	駿	0	
tuấn	濬	0	
tuất	戌	0	
tuất	卹	0	
tuất	恤	0	
tuất	㖅	0	
tuất	賉	0	
tuất	銊	0	
tuần	廵	0	
tuần	巡	0	
tuần	旬	0	
tuần	驯	0	
tuần	揗	0	
tuần	循	0	
tuần	馴	0	
tuẩn	怎	0	
tuẫn	徇	0	
tuẫn	殉	0	
tuẫn	𠊫	0	
tuế	岁	0	
tuế	嵗	0	
tuế	𡻕	0	
tuế	歲	0	
tuế	歳	0	
tuếch	㖅	0	
tuếch	唶	0	
tuệ	彗	0	
tuệ	𢜈	0	
tuệ	嘒	0	
tuệ	慧	0	
tuệ	縳	0	
tuệ	篲	0	
tuệ	穗	0	
tuệ	繐	0	
tuệch	𠻊	0	
tuốn	𨆥	0	
tuốt	掇	0	
tuốt	捽	0	
tuồm	惭	0	
tuồm	慚	0	
tuồm	𢿼	0	
tuồn	洊	0	
tuồng	从	0	
tuồng	從	0	
tuồng	象	0	
tuồng	傱	0	
tuổi	岁	0	
tuổi	歲	0	
tuổi	歳	0	
tuổi	𢆫	0	
tuổi	𣦮	0	
tuột	𢫫	0	
tuột	𬍏	0	
tuột	踤	0	
tuỳ	隋	0	
tuỳ	随	0	
tuỳ	隨	0	
tuỵ	祟	0	
tuỵ	悴	0	
tuỵ	萃	0	
tuỵ	脺	0	
tuỵ	瘁	0	
tuỵ	𫉡	0	
tuỷ	悴	0	
tuỷ	槜	0	
tuỷ	髓	0	
ty	庳	0	
tà	邪	0	
tà	㭨	0	
tà	斜	0	
tà	鈄	0	
tà	鋣	0	
tài	才	0	
tài	财	0	
tài	材	0	
tài	財	0	
tài	栽	0	
tài	裁	0	
tài	𥯒	0	
tài	纔	0	
tàm	蚕	0	
tàm	惭	0	
tàm	慚	0	
tàm	慙	0	
tàm	蠶	0	
tàn	伞	0	
tàn	残	0	
tàn	殘	0	
tàn	傘	0	
tàn	𦅮	0	
tàng	长	0	
tàng	镸	0	
tàng	层	0	
tàng	長	0	
tàng	垴	0	
tàng	臧	0	
tàng	層	0	
tàng	藏	0	
tành	情	0	
tành	晴	0	
tành	𫠽	0	
tành	𤀜	0	
tào	桃	0	
tào	𣑯	0	
tào	曹	0	
tào	嘈	0	
tào	槽	0	
tào	螬	0	
tào	艚	0	
tàu	蓸	0	
tàu	槽	0	
tàu	艚	0	
tàu	𬟠	0	
tày	齐	0	
tày	斉	0	
tày	𪯼	0	
tày	𫷙	0	
tày	齊	0	
tày	𫡀	0	
tày	𬀛	0	
tá	左	0	
tá	邪	0	
tá	佐	0	
tá	些	0	
tá	卸	0	
tá	借	0	
tá	袏	0	
tá	唶	0	
tác	作	0	
tác	索	0	
tác	笮	0	
tác	𤉔	0	
tác	𫊴	0	
tách	汐	0	
tách	昔	0	
tách	剒	0	
tách	𠝖	0	
tách	㳻	0	
tách	碏	0	
tách	滴	0	
tách	𫀥	0	
tái	再	0	
tái	洅	0	
tái	载	0	
tái	𦛍	0	
tái	載	0	
tái	塞	0	
tái	赛	0	
tái	賽	0	
tám	𫤯	0	
tám	渗	0	
tám	𠔭	0	
tám	滲	0	
tám	糁	0	
tám	撍	0	
tám	糝	0	
tán	伞	0	
tán	拶	0	
tán	散	0	
tán	傘	0	
tán	賛	0	
tán	赞	0	
tán	贊	0	
tán	霰	0	
tán	讚	0	
tán	鑽	0	
táng	丧	0	
táng	脏	0	
táng	葬	0	
táng	塟	0	
táng	喪	0	
táng	䘮	0	
táng	搡	0	
táng	髒	0	
tánh	性	0	
táo	灶	0	
táo	枣	0	
táo	棗	0	
táo	噪	0	
táo	燥	0	
táo	譟	0	
táo	躁	0	
táo	𩫦	0	
táp	帀	0	
táp	匝	0	
táp	抸	0	
táp	咂	0	
táp	飒	0	
táp	砸	0	
táp	唼	0	
táp	颯	0	
táp	嘁	0	
tát	拶	0	
tát	萨	0	
tát	蕯	0	
tát	撒	0	
tát	薩	0	
táu	枣	0	
táu	奏	0	
táu	𣒴	0	
táu	棗	0	
táu	楱	0	
táu	槽	0	
táy	再	0	
tâm	忄	0	
tâm	心	0	
tâm	㣺	0	
tâm	芯	0	
tân	辛	0	
tân	津	0	
tân	莘	0	
tân	㳯	0	
tân	宾	0	
tân	梹	0	
tân	傧	0	
tân	锌	0	
tân	缤	0	
tân	新	0	
tân	滨	0	
tân	賓	0	
tân	槟	0	
tân	鋅	0	
tân	镔	0	
tân	濒	0	
tân	儐	0	
tân	薪	0	
tân	濱	0	
tân	檳	0	
tân	瀕	0	
tân	繽	0	
tân	鑌	0	
tâng	曾	0	
tâng	新	0	
tâng	增	0	
tâu	𬙖	0	
tâu	奏	0	
tâu	𠸫	0	
tây	襾	0	
tây	覀	0	
tây	西	0	
tây	私	0	
tây	恓	0	
tây	犀	0	
tã	左	0	
tã	𣳇	0	
tã	泻	0	
tã	袏	0	
tã	谢	0	
tã	𧛼	0	
tã	藉	0	
tã	謝	0	
tã	瀉	0	
tã	𫌗	0	
tè	齐	0	
tè	齊	0	
tè	𪷗	0	
tèm	潜	0	
tèm	潛	0	
tèn	前	0	
tèo	谯	0	
tèo	潐	0	
tèo	樵	0	
tèo	譙	0	
té	细	0	
té	細	0	
té	𪷉	0	
té	𨄊	0	
tém	僭	0	
tém	僣	0	
téng	丁	0	
téo	笑	0	
téo	哨	0	
tép	淁	0	
tép	鯜	0	
tép	𩹫	0	
tép	𬵤	0	
tét	节	0	
tét	節	0	
tét	截	0	
tét	𠠑	0	
tét	𫃖	0	
tê	挤	0	
tê	脐	0	
tê	犀	0	
tê	跻	0	
tê	痹	0	
tê	痺	0	
tê	𤷒	0	
tê	厮	0	
tê	齑	0	
tê	撕	0	
tê	嘶	0	
tê	廝	0	
tê	𤺳	0	
tê	擠	0	
tê	𧷔	0	
tê	臍	0	
tê	躋	0	
tê	齏	0	
tê	(tây)	組	0	
têm	沁	0	
têm	𡉾	0	
têm	𢬅	0	
têm	𣑷	0	
tên	先	0	
tên	研	0	
tên	𢏡	0	
tên	𥏋	0	
tên	𥏍	0	
tên	𥏌	0	
tên	𠸛	0	
tên	𠸜	0	
tên	筅	0	
tên	箭	0	
tên	𬕰	0	
tênh	星	0	
tênh	惺	0	
tênh	精	0	
tênh	精	0	
têu	标	0	
têu	𫠸	0	
têu	標	0	
têu	𬳘	0	
tì	枇	0	
tì	姨	0	
tì	茨	0	
tì	毗	0	
tì	疪	0	
tì	砒	0	
tì	蚍	0	
tì	疵	0	
tì	婢	0	
tì	琵	0	
tì	脾	0	
tì	裨	0	
tì	蜱	0	
tì	貔	0	
tì	鼙	0	
tìm	寻	0	
tìm	𡬶	0	
tìm	尋	0	
tìm	噚	0	
tình	情	0	
tình	晴	0	
tí	子	0	
tí	比	0	
tí	庇	0	
tí	伺	0	
tí	畀	0	
tí	细	0	
tí	枲	0	
tí	細	0	
tí	眥	0	
tí	𤷒	0	
tí	痺	0	
tí	痹	0	
tí	箅	0	
tí	臂	0	
tía	紫	0	
tía	𫎰	0	
tía	𫄕	0	
tích	析	0	
tích	昔	0	
tích	迹	0	
tích	剔	0	
tích	脊	0	
tích	积	0	
tích	惜	0	
tích	𠴭	0	
tích	菥	0	
tích	绩	0	
tích	淅	0	
tích	㳻	0	
tích	晰	0	
tích	舄	0	
tích	腊	0	
tích	㫼	0	
tích	辟	0	
tích	锡	0	
tích	勣	0	
tích	跡	0	
tích	皙	0	
tích	滴	0	
tích	蜥	0	
tích	𨁯	0	
tích	瘠	0	
tích	樍	0	
tích	踔	0	
tích	鹡	0	
tích	踖	0	
tích	潟	0	
tích	積	0	
tích	錫	0	
tích	績	0	
tích	蹐	0	
tích	蹟	0	
tích	躄	0	
tích	躃	0	
tích	鶺	0	
tích	𪄸	0	
tím	绀	0	
tím	紺	0	
tím	僭	0	
tím	僣	0	
tím	𧹿	0	
tín	囟	0	
tín	辛	0	
tín	信	0	
tín	顖	0	
tính	并	0	
tính	性	0	
tính	姓	0	
tính	併	0	
tính	倂	0	
típ	节	0	
típ	節	0	
tít	节	0	
tít	節	0	
tít	𨙌	0	
tíu	最	0	
tò	诉	0	
tò	徂	0	
tò	祖	0	
tò	殂	0	
tò	租	0	
tò	途	0	
tò	訴	0	
tò	𬠢	0	
tò	𫋑	0	
tòi	推	0	
tòi	搉	0	
tòi	摧	0	
tòi	𪱕	0	
tòi	撮	0	
tòi	嘬	0	
tòi	頺	0	
tòi	𪧾	0	
tòi	𨅇	0	
tòm	蚕	0	
tòn	屯	0	
tòn	存	0	
tòng	从	0	
tòng	丛	0	
tòng	松	0	
tòng	從	0	
tòng	叢	0	
tó	素	0	
tó	榡	0	
tóc	速	0	
tóc	𫅯	0	
tóc	𩅘	0	
tóc	𩯀	0	
tói	碎	0	
tói	𦃯	0	
tói	𥊴	0	
tói	繓	0	
tóm	抋	0	
tóm	总	0	
tóm	糁	0	
tóm	𫃰	0	
tóm	總	0	
tóm	縿	0	
tóm	糝	0	
tóm	𢹪	0	
tóp	𦚗	0	
tóp	𬚴	0	
tót	卒	0	
tót	𢬮	0	
tót	捽	0	
tót	猝	0	
tót	踤	0	
tót	撮	0	
tô	苏	0	
tô	租	0	
tô	酥	0	
tô	甦	0	
tô	稣	0	
tô	穌	0	
tô	蘇	0	
tô	囌	0	
tô	𥗹	0	
tôi	哉	0	
tôi	堆	0	
tôi	淬	0	
tôi	晬	0	
tôi	焠	0	
tôi	碎	0	
tôi	𫇈	0	
tôi	熣	0	
tôi	𪝬	0	
tôi	𤏣	0	
tôi	𫬮	0	
tôm	沁	0	
tôm	𡉾	0	
tôm	𩵽	0	
tôn	孙	0	
tôn	宗	0	
tôn	狲	0	
tôn	孫	0	
tôn	尊	0	
tôn	猻	0	
tôn	飱	0	
tôn	搎	0	
tôn	墫	0	
tôn	嶟	0	
tôn	樽	0	
tôn	蹲	0	
tôn	鳟	0	
tôn	鱒	0	
tông	冲	0	
tông	宗	0	
tông	㚇	0	
tông	淙	0	
tông	棕	0	
tông	衝	0	
tông	𣙺	0	
tông	踪	0	
tông	䝋	0	
tông	㯶	0	
tông	騌	0	
tông	鬃	0	
tông	𩦲	0	
tông	𩯣	0	
tù	囚	0	
tù	汓	0	
tù	泅	0	
tù	酋	0	
tù	逎	0	
tù	揪	0	
tù	𧣕	0	
tù	揂	0	
tù	遒	0	
tùa	徂	0	
tùa	殂	0	
tùa	逎	0	
tùa	遒	0	
tùi	慛	0	
tùm	寻	0	
tùm	抋	0	
tùm	荨	0	
tùm	惭	0	
tùm	尋	0	
tùm	慚	0	
tùm	蕁	0	
tùng	从	0	
tùng	丛	0	
tùng	忪	0	
tùng	松	0	
tùng	凇	0	
tùng	從	0	
tùng	菘	0	
tùng	喠	0	
tùng	樷	0	
tùng	鬆	0	
tùng	叢	0	
tùng	𧓏	0	
tùng	䕺	0	
tú	秀	0	
tú	绣	0	
tú	宿	0	
tú	琇	0	
tú	锈	0	
tú	綉	0	
tú	蓿	0	
tú	銹	0	
tú	繡	0	
tú	鏽	0	
túa	诉	0	
túa	绣	0	
túa	訴	0	
túa	綉	0	
túc	夙	0	
túc	𧾷	0	
túc	足	0	
túc	肃	0	
túc	哫	0	
túc	宿	0	
túc	骕	0	
túc	粟	0	
túc	肅	0	
túc	僳	0	
túc	蹜	0	
túc	驌	0	
túi	碎	0	
túi	𬞚	0	
túi	襊	0	
túi	繓	0	
túi	𫄆	0	
túm	縿	0	
túm	𢹨	0	
túng	纵	0	
túng	怂	0	
túng	疭	0	
túng	慫	0	
túng	瘲	0	
túng	縱	0	
túng	𬥯	0	
túp	𦭧	0	
tý	低	0	
tý	痹	0	
tý	痺	0	
tý	𤷒	0	
tăm	心	0	
tăm	沁	0	
tăm	吣	0	
tăm	杺	0	
tăm	𣅵	0	
tăm	𨠉	0	
tăm	籖	0	
tăn	辛	0	
tăn	㳯	0	
tăng	曾	0	
tăng	僧	0	
tăng	增	0	
tăng	缯	0	
tăng	憎	0	
tăng	熷	0	
tăng	罾	0	
tăng	繒	0	
tĩ	痔	0	
tĩn	井	0	
tĩn	𨩠	0	
tĩnh	汫	0	
tĩnh	净	0	
tĩnh	浄	0	
tĩnh	凈	0	
tĩnh	淨	0	
tĩnh	靓	0	
tĩnh	静	0	
tĩnh	靚	0	
tĩnh	靜	0	
tĩu	小	0	
tĩu	剿	0	
tĩu	截	0	
tĩu	⺌	0	
tơ	司	0	
tơ	丝	0	
tơ	思	0	
tơ	𢇁	0	
tơ	𦀊	0	
tơ	絲	0	
tơi	哉	0	
tơi	葸	0	
tơi	𧛷	0	
tơi	𥯨	0	
tơi	𥯒	0	
tơi	𥵖	0	
tơi	𬕻	0	
tơn	辛	0	
tơn	曾	0	
tư	四	0	
tư	司	0	
tư	孜	0	
tư	私	0	
tư	姿	0	
tư	思	0	
tư	茲	0	
tư	兹	0	
tư	咨	0	
tư	胥	0	
tư	𥸷	0	
tư	瓷	0	
tư	𦊛	0	
tư	资	0	
tư	𦚭	0	
tư	谞	0	
tư	滋	0	
tư	孳	0	
tư	斯	0	
tư	趑	0	
tư	資	0	
tư	鹚	0	
tư	锶	0	
tư	餈	0	
tư	糍	0	
tư	緦	0	
tư	糈	0	
tư	髭	0	
tư	諮	0	
tư	諝	0	
tư	鍶	0	
tư	鷀	0	
tư	鶿	0	
tư	滋	0	
tưa	丝	0	
tưa	絲	0	
tưa	𬜉	0	
tưng	曾	0	
tưng	熷	0	
tưu	陬	0	
tưu	诹	0	
tưu	湫	0	
tưu	諏	0	
tưu	蝤	0	
tưu	鲰	0	
tưu	鯫	0	
tưu	鰍	0	
tưu	鰌	0	
tươi	哉	0	
tươi	𦳦	0	
tươi	𦞁	0	
tươi	鲜	0	
tươi	𥯒	0	
tươi	鮮	0	
tươi	𩹯	0	
tươm	纤	0	
tươm	𫌄	0	
tươm	瀐	0	
tươm	瀸	0	
tươm	纖	0	
tương	𢪷	0	
tương	相	0	
tương	将	0	
tương	浆	0	
tương	將	0	
tương	厢	0	
tương	葙	0	
tương	廂	0	
tương	𪶛	0	
tương	湘	0	
tương	酱	0	
tương	㐮	0	
tương	摪	0	
tương	锵	0	
tương	緗	0	
tương	漿	0	
tương	箱	0	
tương	襄	0	
tương	醬	0	
tương	𨪙	0	
tương	鏘	0	
tương	骧	0	
tương	镶	0	
tương	鑲	0	
tương	驤	0	
tước	削	0	
tước	雀	0	
tước	爵	0	
tước	嚼	0	
tước	㩱	0	
tưới	洒	0	
tưới	洅	0	
tưới	载	0	
tưới	𢱓	0	
tưới	載	0	
tướng	将	0	
tướng	相	0	
tướng	象	0	
tướng	將	0	
tướp	𬡋	0	
tướp	接	0	
tướt	泄	0	
tướt	𢫫	0	
tướt	削	0	
tường	丬	0	
tường	爿	0	
tường	详	0	
tường	戕	0	
tường	庠	0	
tường	祥	0	
tường	翔	0	
tường	詳	0	
tường	墙	0	
tường	樯	0	
tường	嬙	0	
tường	墻	0	
tường	薔	0	
tường	𤗼	0	
tường	檣	0	
tường	牆	0	
tường	艢	0	
tườu	𠯾	0	
tưởi	左	0	
tưởi	载	0	
tưởi	宰	0	
tưởi	載	0	
tưởng	匠	0	
tưởng	奖	0	
tưởng	桨	0	
tưởng	蒋	0	
tưởng	想	0	
tưởng	蔣	0	
tưởng	鲞	0	
tưởng	奬	0	
tưởng	槳	0	
tưởng	鯗	0	
tược	削	0	
tượng	匠	0	
tượng	象	0	
tượng	像	0	
tượng	橡	0	
tượt	削	0	
tượt	㮩	0	
tạ	担	0	
tạ	怛	0	
tạ	谢	0	
tạ	榭	0	
tạ	擔	0	
tạ	藉	0	
tạ	謝	0	
tạ	籍	0	
tạc	怍	0	
tạc	炸	0	
tạc	胙	0	
tạc	柞	0	
tạc	昨	0	
tạc	笮	0	
tạc	酢	0	
tạc	凿	0	
tạc	鈼	0	
tạc	煠	0	
tạc	錾	0	
tạc	鏨	0	
tạc	鑿	0	
tạc	𮢶	0	
tạch	㶤	0	
tạch	𬋗	0	
tạch	𬋚	0	
tại	扗	0	
tại	在	0	
tạm	暂	0	
tạm	凿	0	
tạm	暫	0	
tạm	錾	0	
tạm	蹔	0	
tạm	鏨	0	
tạm	鑿	0	
tạn	便	0	
tạn	羡	0	
tạng	脏	0	
tạng	藏	0	
tạng	臟	0	
tạnh	浄	0	
tạnh	情	0	
tạnh	淨	0	
tạnh	晴	0	
tạnh	𬰆	0	
tạnh	𩄳	0	
tạo	皂	0	
tạo	皁	0	
tạo	造	0	
tạo	𢲵	0	
tạp	卅	0	
tạp	匝	0	
tạp	卡	0	
tạp	卉	0	
tạp	朶	0	
tạp	杂	0	
tạp	朵	0	
tạp	咔	0	
tạp	襍	0	
tạp	雜	0	
tạt	拶	0	
tạt	悉	0	
tạt	𢴑	0	
tả	左	0	
tả	写	0	
tả	佐	0	
tả	𣳇	0	
tả	姐	0	
tả	𪭥	0	
tả	泻	0	
tả	沱	0	
tả	袏	0	
tả	寫	0	
tả	瀉	0	
tải	代	0	
tải	再	0	
tải	载	0	
tải	載	0	
tảm	崭	0	
tảm	嶄	0	
tảm	糁	0	
tảm	糝	0	
tản	伞	0	
tản	散	0	
tản	傘	0	
tản	撒	0	
tảng	驵	0	
tảng	喪	0	
tảng	散	0	
tảng	搡	0	
tảng	嗓	0	
tảng	𣉕	0	
tảng	駔	0	
tảng	磉	0	
tảng	颡	0	
tảng	顙	0	
tảo	早	0	
tảo	扫	0	
tảo	枣	0	
tảo	蚤	0	
tảo	倒	0	
tảo	掃	0	
tảo	棗	0	
tảo	漕	0	
tảo	缲	0	
tảo	澡	0	
tảo	繰	0	
tảo	藻	0	
tấc	则	0	
tấc	則	0	
tấc	𡬷	0	
tấc	𫴯	0	
tấm	心	0	
tấm	沁	0	
tấm	吣	0	
tấm	㤈	0	
tấm	抋	0	
tấm	𬌓	0	
tấm	𬌔	0	
tấm	𣅵	0	
tấm	𥹀	0	
tấm	𥺑	0	
tấm	糁	0	
tấm	𤗲	0	
tấm	糝	0	
tấn	讯	0	
tấn	汛	0	
tấn	迅	0	
tấn	进	0	
tấn	訊	0	
tấn	晉	0	
tấn	晋	0	
tấn	進	0	
tấn	缙	0	
tấn	摈	0	
tấn	殡	0	
tấn	縉	0	
tấn	擯	0	
tấn	殯	0	
tấn	鬓	0	
tấn	鬢	0	
tấn	繁	0	
tấn	縉	0	
tấp	习	0	
tấp	匝	0	
tấp	卌	0	
tấp	㧜	0	
tấp	笠	0	
tấp	習	0	
tấp	集	0	
tấp	摺	0	
tấp	漝	0	
tấp	潗	0	
tấp	㗱	0	
tất	必	0	
tất	毕	0	
tất	哔	0	
tất	畢	0	
tất	悉	0	
tất	筚	0	
tất	跸	0	
tất	蓽	0	
tất	嗶	0	
tất	𢴑	0	
tất	漆	0	
tất	膝	0	
tất	㮿	0	
tất	窸	0	
tất	篳	0	
tất	蟋	0	
tất	蹕	0	
tất	鞸	0	
tất	𭔎	0	
tấu	奏	0	
tấu	凑	0	
tấu	湊	0	
tấu	辏	0	
tấu	𥯪	0	
tấu	𧎝	0	
tấu	輳	0	
tấu	䈹	0	
tấy	治	0	
tấy	𤞕	0	
tấy	𤶈	0	
tầm	寻	0	
tầm	吣	0	
tầm	𣅵	0	
tầm	浔	0	
tầm	荨	0	
tầm	埁	0	
tầm	尋	0	
tầm	鲟	0	
tầm	潯	0	
tầm	蕁	0	
tầm	樳	0	
tầm	燖	0	
tầm	蟳	0	
tầm	䕭	0	
tầm	鱏	0	
tầm	鱘	0	
tần	苹	0	
tần	烬	0	
tần	秦	0	
tần	频	0	
tần	嫔	0	
tần	𬞟	0	
tần	螓	0	
tần	頻	0	
tần	燖	0	
tần	濒	0	
tần	嬪	0	
tần	燼	0	
tần	蘋	0	
tần	嚬	0	
tần	瀕	0	
tần	颦	0	
tần	顰	0	
tầng	层	0	
tầng	曾	0	
tầng	層	0	
tầu	槽	0	
tầu	艚	0	
tầy	𪲎	0	
tầy	櫅	0	
tầư	𣇞	0	
tầư	揌	0	
tẩm	沁	0	
tẩm	吣	0	
tẩm	吢	0	
tẩm	籸	0	
tẩm	浸	0	
tẩm	唚	0	
tẩm	锓	0	
tẩm	𠸬	0	
tẩm	寝	0	
tẩm	寢	0	
tẩm	糁	0	
tẩm	鋟	0	
tẩm	糝	0	
tẩn	怎	0	
tẩn	烬	0	
tẩn	燼	0	
tẩu	斗	0	
tẩu	赱	0	
tẩu	走	0	
tẩu	叟	0	
tẩu	嫂	0	
tẩu	搂	0	
tẩu	揍	0	
tẩu	蒌	0	
tẩu	摟	0	
tẩu	蔞	0	
tẩu	瞍	0	
tẩu	謏	0	
tẩu	薮	0	
tẩu	擞	0	
tẩu	藪	0	
tẩu	擻	0	
tẩy	洗	0	
tẩy	洒	0	
tẫn	牝	0	
tẫn	烬	0	
tẫn	膑	0	
tẫn	殡	0	
tẫn	藎	0	
tẫn	臏	0	
tẫn	殯	0	
tẫn	燼	0	
tẫn	髌	0	
tẫn	髕	0	
tận	尽	0	
tận	侭	0	
tận	𫩺	0	
tận	羡	0	
tận	盡	0	
tận	儘	0	
tập	习	0	
tập	咠	0	
tập	習	0	
tập	袭	0	
tập	戢	0	
tập	缉	0	
tập	集	0	
tập	葺	0	
tập	辑	0	
tập	蓻	0	
tập	㗩	0	
tập	𠍱	0	
tập	潗	0	
tập	緝	0	
tập	㗱	0	
tập	褶	0	
tập	輯	0	
tập	襲	0	
tật	疾	0	
tật	蒺	0	
tật	嫉	0	
tậu	酉	0	
tậu	𧷹	0	
tắc	则	0	
tắc	則	0	
tắc	悉	0	
tắc	塞	0	
tắc	稷	0	
tắc	𬜊	0	
tắc	鰂	0	
tắm	寻	0	
tắm	沁	0	
tắm	浸	0	
tắm	𫴭	0	
tắm	渗	0	
tắm	𪶚	0	
tắm	尋	0	
tắm	𬈞	0	
tắm	滲	0	
tắn	晋	0	
tắn	晉	0	
tắng	甑	0	
tắng	蹭	0	
tắp	集	0	
tắp	𬑚	0	
tắp	潗	0	
tắt	必	0	
tắt	𤇩	0	
tắt	炪	0	
tắt	悉	0	
tắt	㴽	0	
tắt	熄	0	
tắt	𢴑	0	
tắt	𪬤	0	
tắt	𤎕	0	
tắt	㮿	0	
tắt	𨄠	0	
tắt	蹯	0	
tằm	寻	0	
tằm	蚕	0	
tằm	尋	0	
tằm	𣎟	0	
tằm	蟳	0	
tằm	蠶	0	
tằn	殡	0	
tằn	殯	0	
tằn	蘋	0	
tằn	𫵍	0	
tằng	层	0	
tằng	曾	0	
tằng	嶒	0	
tằng	層	0	
tẳm	心	0	
tẳm	𡉾	0	
tẳng	赠	0	
tẳng	贈	0	
tặc	贼	0	
tặc	賊	0	
tặng	赠	0	
tặng	贈	0	
tẹo	悄	0	
tẹo	勦	0	
tẹo	嫖	0	
tẹo	𡮯	0	
tẹp	捷	0	
tẹp	㨗	0	
tẹt	绝	0	
tẹt	絶	0	
tẻ	矢	0	
tẻ	𢗽	0	
tẻ	𦙟	0	
tẻ	宰	0	
tẻ	粃	0	
tẻ	𢟓	0	
tẻ	𥻮	0	
tẻ	穉	0	
tẻm	𬊬	0	
tẻo	小	0	
tẻo	⺌	0	
tẽn	𢤣	0	
tẽn	𫻔	0	
tẽn	𬚂	0	
tế	际	0	
tế	细	0	
tế	济	0	
tế	細	0	
tế	祭	0	
tế	婿	0	
tế	壻	0	
tế	際	0	
tế	蔽	0	
tế	漈	0	
tế	濟	0	
tế	𨄊	0	
tế	𬶭	0	
tế	鰶	0	
tếch	昔	0	
tếch	㳻	0	
tếch	跡	0	
tếch	踖	0	
tếch	𫗸	0	
tết	节	0	
tết	節	0	
tết	緤	0	
tếu	最	0	
tề	齐	0	
tề	斉	0	
tề	荠	0	
tề	蛴	0	
tề	齊	0	
tề	薺	0	
tề	蠐	0	
tềnh	卡	0	
tềnh	𫠢	0	
tể	仔	0	
tể	挤	0	
tể	宰	0	
tể	崽	0	
tể	擠	0	
tểnh	井	0	
tểnh	省	0	
tểnh	𢜫	0	
tễ	剂	0	
tễ	裼	0	
tễ	霁	0	
tễ	鲚	0	
tễ	劑	0	
tễ	霽	0	
tễ	鱭	0	
tễnh	井	0	
tễnh	省	0	
tễnh	省	0	
tệ	币	0	
tệ	毙	0	
tệ	敝	0	
tệ	跻	0	
tệ	弊	0	
tệ	幣	0	
tệ	斃	0	
tệ	躋	0	
tệch	𢗇	0	
tệch	𢗚	0	
tệp	牒	0	
tỉ	亿	0	
tỉ	比	0	
tỉ	汜	0	
tỉ	地	0	
tỉ	姊	0	
tỉ	姉	0	
tỉ	妣	0	
tỉ	兕	0	
tỉ	细	0	
tỉ	秭	0	
tỉ	俾	0	
tỉ	笫	0	
tỉ	玺	0	
tỉ	細	0	
tỉ	徙	0	
tỉ	葸	0	
tỉ	媲	0	
tỉ	屣	0	
tỉ	億	0	
tỉ	璽	0	
tỉ	譬	0	
tỉa	宰	0	
tỉa	𢲟	0	
tỉm	𠺸	0	
tỉm	潜	0	
tỉm	潛	0	
tỉn	井	0	
tỉn	𨥙	0	
tỉn	𨩠	0	
tỉnh	井	0	
tỉnh	阱	0	
tỉnh	定	0	
tỉnh	性	0	
tỉnh	星	0	
tỉnh	省	0	
tỉnh	穽	0	
tỉnh	醒	0	
tị	巳	0	
tị	比	0	
tị	汜	0	
tị	仳	0	
tị	𣈢	0	
tị	痹	0	
tị	痺	0	
tị	𤷒	0	
tị	鼻	0	
tị	箅	0	
tị	避	0	
tịa	地	0	
tịch	夕	0	
tịch	汐	0	
tịch	矽	0	
tịch	穸	0	
tịch	席	0	
tịch	𠴫	0	
tịch	寂	0	
tịch	腊	0	
tịch	舄	0	
tịch	蓆	0	
tịch	辟	0	
tịch	僻	0	
tịch	擗	0	
tịch	藉	0	
tịch	癖	0	
tịch	籍	0	
tịch	闢	0	
tịnh	并	0	
tịnh	净	0	
tịnh	並	0	
tịnh	浄	0	
tịnh	凈	0	
tịnh	竝	0	
tịnh	淨	0	
tịnh	靓	0	
tịnh	靖	0	
tịnh	靚	0	
tịt	节	0	
tịt	绝	0	
tịt	絶	0	
tịt	節	0	
tịt	𠾼	0	
tịu	悄	0	
tịu	勦	0	
tịu	𡮯	0	
tọ	聚	0	
tọ	𨃼	0	
tọc	𢬳	0	
tọc	族	0	
tọng	诵	0	
tọng	誦	0	
tọp	杂	0	
tọp	咂	0	
tọp	雜	0	
tọt	突	0	
tọt	揬	0	
tọt	踤	0	
tọt	𨃍	0	
tỏ	诉	0	
tỏ	祖	0	
tỏ	赌	0	
tỏ	訴	0	
tỏ	𤍄	0	
tỏ	𤍊	0	
tỏ	賭	0	
tỏ	𤏣	0	
tỏ	𤑟	0	
tỏi	队	0	
tỏi	隊	0	
tỏi	啐	0	
tỏi	蒜	0	
tỏi	蕞	0	
tỏn	损	0	
tỏn	損	0	
tỏng	总	0	
tỏng	總	0	
tỏng	𤄋	0	
tỏt	突	0	
tố	作	0	
tố	诉	0	
tố	泝	0	
tố	素	0	
tố	做	0	
tố	訴	0	
tố	溯	0	
tố	遡	0	
tố	嫊	0	
tố	嗉	0	
tố	塑	0	
tố	𤠚	0	
tố	愫	0	
tố	榡	0	
tố	愬	0	
tố	𩗃	0	
tố	膆	0	
tố	𩘣	0	
tốc	速	0	
tốc	谡	0	
tốc	䇿	0	
tốc	觫	0	
tốc	𫂙	0	
tốc	䔩	0	
tốc	謖	0	
tốc	蹜	0	
tốc	？	0	
tối	对	0	
tối	谇	0	
tối	埣	0	
tối	啐	0	
tối	啛	0	
tối	晬	0	
tối	最	0	
tối	碎	0	
tối	對	0	
tối	䘹	0	
tối	誶	0	
tối	𣋁	0	
tối	𥊴	0	
tốn	逊	0	
tốn	捘	0	
tốn	损	0	
tốn	巽	0	
tốn	損	0	
tốn	遜	0	
tốn	潠	0	
tốn	噀	0	
tốn	𦠆	0	
tống	宋	0	
tống	送	0	
tống	综	0	
tống	綜	0	
tốp	𠇽	0	
tốp	咂	0	
tốp	𪨞	0	
tốt	卒	0	
tốt	埣	0	
tốt	捽	0	
tốt	崒	0	
tốt	崪	0	
tốt	𡨧	0	
tốt	椊	0	
tốt	稡	0	
tốt	𧍉	0	
tốt	䘹	0	
tốt	踤	0	
tốt	𬙼	0	
tốt	𩫛	0	
tốt	𡄰	0	
tồ	徂	0	
tồ	殂	0	
tồ	𣹖	0	
tồi	搉	0	
tồi	摧	0	
tồi	頺	0	
tồn	存	0	
tồn	吨	0	
tồn	拵	0	
tồng	从	0	
tồng	同	0	
tồng	從	0	
tồng	𬴚	0	
tổ	杜	0	
tổ	组	0	
tổ	祖	0	
tổ	組	0	
tổn	损	0	
tổn	損	0	
tổn	撙	0	
tổn	噂	0	
tổn	𦠆	0	
tổng	总	0	
tổng	桶	0	
tổng	縂	0	
tổng	總	0	
tộ	阼	0	
tộ	祚	0	
tộc	族	0	
tộc	𩺯	0	
tội	队	0	
tội	隊	0	
tội	罪	0	
tội	辠	0	
tội	𩵽	0	
tộng	诵	0	
tộng	誦	0	
tộp	㗱	0	
tột	卒	0	
tớ	四	0	
tớ	伵	0	
tớ	佐	0	
tớ	𫪸	0	
tới	细	0	
tới	細	0	
tới	𬧐	0	
tớn	晋	0	
tớn	晉	0	
tớp	集	0	
tờ	词	0	
tờ	祠	0	
tờ	詞	0	
tở	子	0	
tở	汓	0	
tở	椊	0	
tởi	代	0	
tởm	𢟖	0	
tởm	𠺸	0	
tởn	散	0	
tợ	似	0	
tợ	字	0	
tợ	自	0	
tợn	羡	0	
tợn	羨	0	
tợn	𪞼	0	
tợp	集	0	
tụ	袖	0	
tụ	聚	0	
tụ	褎	0	
tục	俗	0	
tục	续	0	
tục	𠸘	0	
tục	續	0	
tụi	对	0	
tụi	最	0	
tụi	罪	0	
tụi	對	0	
tụi	𠏭	0	
tụi	𭋈	0	
tụm	𡗎	0	
tụng	从	0	
tụng	讼	0	
tụng	诵	0	
tụng	颂	0	
tụng	從	0	
tụng	訟	0	
tụng	頌	0	
tụng	誦	0	
tụng	𠏭	0	
tụt	𢫫	0	
tủ	匬	0	
tủ	𣗿	0	
tủ	䈹	0	
tủa	锁	0	
tủa	鎖	0	
tủi	怼	0	
tủi	淬	0	
tủi	啐	0	
tủi	悴	0	
tủi	碎	0	
tủi	𢢇	0	
tủi	𢣃	0	
tủi	𡀬	0	
tủi	懟	0	
tủi	𫻣	0	
tủm	𠺸	0	
tủn	损	0	
tủn	損	0	
tủng	㧐	0	
tủng	怂	0	
tủng	悚	0	
tủng	耸	0	
tủng	聋	0	
tủng	傱	0	
tủng	慫	0	
tủng	聳	0	
tủng	㩳	0	
tủng	聾	0	
tủy	𦢩	0	
tứ	四	0	
tứ	伺	0	
tứ	驷	0	
tứ	泗	0	
tứ	思	0	
tứ	恣	0	
tứ	渍	0	
tứ	赐	0	
tứ	肆	0	
tứ	漬	0	
tứ	賜	0	
tứ	駟	0	
tứa	泗	0	
tức	即	0	
tức	卽	0	
tức	息	0	
tức	媳	0	
tức	熄	0	
tức	㮩	0	
tức	螅	0	
tứn	辛	0	
từ	自	0	
từ	词	0	
từ	抒	0	
từ	祠	0	
từ	瓷	0	
từ	徐	0	
từ	詞	0	
từ	辝	0	
từ	慈	0	
từ	蒣	0	
từ	甆	0	
từ	辞	0	
từ	磁	0	
từ	䟻	0	
từ	辤	0	
từ	辭	0	
từa	似	0	
từng	层	0	
từng	曾	0	
từng	频	0	
từng	層	0	
từng	頻	0	
từng	𡃆	0	
tử	子	0	
tử	𡤼	0	
tử	仔	0	
tử	死	0	
tử	𤜭	0	
tử	沮	0	
tử	虸	0	
tử	籽	0	
tử	茈	0	
tử	梓	0	
tử	崽	0	
tử	紫	0	
tử	訾	0	
tử	榟	0	
tử2	𡤼	0	
tửa	虸	0	
tửu	酒	0	
tự	礻	0	
tự	字	0	
tự	自	0	
tự	寺	0	
tự	汜	0	
tự	似	0	
tự	祀	0	
tự	序	0	
tự	汿	0	
tự	沁	0	
tự	姒	0	
tự	饲	0	
tự	沮	0	
tự	食	0	
tự	㭒	0	
tự	叙	0	
tự	牸	0	
tự	敘	0	
tự	敍	0	
tự	绪	0	
tự	耜	0	
tự	絮	0	
tự	飼	0	
tự	嗣	0	
tự	緒	0	
tự	飼	0	
tự	禩	0	
tựa	似	0	
tựa	序	0	
tựa	𢭸	0	
tựa	揨	0	
tựu	就	0	
tựu	僦	0	
tựu	鹫	0	
tựu	鷲	0	
tỳ	脾	0	
tỳ	琵	0	
tỷ	姉	0	
tỷ	姊	0	
tỷ	葸	0	
tỷ	璽	0	
u	纡	0	
u	呜	0	
u	呦	0	
u	怮	0	
u	紆	0	
u	幽	0	
u	𠶑	0	
u	𢉾	0	
u	㗀	0	
u	麀	0	
u	𡠄	0	
u	嗚	0	
u	黝	0	
ua	呙	0	
ua	咼	0	
ui	𣉍	0	
um	喑	0	
um	𤋾	0	
un	煴	0	
ung	邕	0	
ung	痈	0	
ung	雍	0	
ung	壅	0	
ung	臃	0	
ung	雝	0	
ung	饔	0	
ung	𩍓	0	
ung	癰	0	
ung	齆	0	
uy	威	0	
uy	倭	0	
uy	葳	0	
uy	喂	0	
uy	餵	0	
uyên	鸳	0	
uyên	渊	0	
uyên	淵	0	
uyên	鴛	0	
uyên	𪂦	0	
uyên	鵷	0	
uyết	哕	0	
uyết	噦	0	
uyển	园	0	
uyển	苑	0	
uyển	宛	0	
uyển	剜	0	
uyển	菀	0	
uyển	惋	0	
uyển	婉	0	
uyển	捥	0	
uyển	腕	0	
uyển	園	0	
uyển	碗	0	
uyển	蜿	0	
uyển	豌	0	
uà	𫵭	0	
uá	𦼇	0	
uá	𬅂	0	
uân	氲	0	
uôm	揞	0	
uông	尢	0	
uông	尣	0	
uông	汪	0	
uông	尪	0	
uông	枉	0	
uông	𠴝	0	
uý	畏	0	
uý	尉	0	
uý	蔚	0	
uý	熨	0	
uý	慰	0	
uýnh	茔	0	
uýnh	塋	0	
uạ	噁	0	
uả	呙	0	
uả	咼	0	
uả	𢝸	0	
uất	㲸	0	
uất	郁	0	
uất	蔚	0	
uất	熨	0	
uất	鬱	0	
uẩn	酝	0	
uẩn	缊	0	
uẩn	愠	0	
uẩn	蕴	0	
uẩn	緼	0	
uẩn	醖	0	
uẩn	韞	0	
uẩn	藴	0	
uẩy	唩	0	
uế	委	0	
uế	荟	0	
uế	秽	0	
uế	痿	0	
uế	濊	0	
uế	薈	0	
uế	穢	0	
uể	濊	0	
uốn	宛	0	
uốn	𢏿	0	
uốn	捥	0	
uốn	婉	0	
uốn	揾	0	
uốn	蕴	0	
uốn	藴	0	
uốn	𢺝	0	
uống	㕵	0	
uống	枉	0	
uống	𠴝	0	
uống	𠶖	0	
uống	㳹	0	
uổng	枉	0	
uỳ	萎	0	
uỷ	委	0	
uỷ	逶	0	
uỷ	喂	0	
uỷ	熨	0	
uỷ	䰀	0	
va	巴	0	
va	𠇕	0	
va	㧑	0	
va	𠳿	0	
va	𢯠	0	
va	撝	0	
va	𢁍	0	
va	𧥔	0	
vai	埋	0	
vai	𬝗	0	
vai	𣘾	0	
vai	𪤿	0	
vai	𬛕	0	
vai	㬙	0	
vai	𦠘	0	
vai	𦢳	0	
van	呅	0	
van	援	0	
van	𠺺	0	
van	𠹚	0	
van	𫾖	0	
vang	荣	0	
vang	咣	0	
vang	㮠	0	
vang	榮	0	
vang	𤾔	0	
vang	𪟸	0	
vang	㘇	0	
vang	𣞁	0	
vanh	荣	0	
vanh	㨲	0	
vanh	榮	0	
vanh	蝾	0	
vanh	嶸	0	
vanh	㩞	0	
vanh	蠑	0	
vay	为	0	
vay	围	0	
vay	㧑	0	
vay	為	0	
vay	圍	0	
vay	爲	0	
vay	撝	0	
vay	噅	0	
vay	𢠿	0	
vay	𬋱	0	
vay	𧹋	0	
ve	为	0	
ve	為	0	
ve	爲	0	
ve	𬠄	0	
ve	𡐮	0	
ve	𢠿	0	
ve	䃣	0	
ve	蟡	0	
ve	𤳰	0	
ven	边	0	
ven	𫩸	0	
ven	院	0	
ven	埙	0	
ven	铅	0	
ven	塤	0	
ven	鉛	0	
ven	𫑊	0	
ven	邊	0	
veo	为	0	
veo	為	0	
veo	𣷴	0	
veo	爲	0	
veo	漂	0	
veo	𣽆	0	
veo	𤅜	0	
vi	囗	0	
vi	韦	0	
vi	为	0	
vi	苇	0	
vi	闱	0	
vi	违	0	
vi	围	0	
vi	㧑	0	
vi	帏	0	
vi	為	0	
vi	韋	0	
vi	葦	0	
vi	幃	0	
vi	圍	0	
vi	違	0	
vi	爲	0	
vi	喡	0	
vi	微	0	
vi	溦	0	
vi	撝	0	
vi	潙	0	
vi	㺔	0	
vi	䈧	0	
vi	薇	0	
vi	闈	0	
vi	𩻟	0	
vin	圆	0	
vin	损	0	
vin	援	0	
vin	圓	0	
vin	損	0	
vin	楥	0	
vinh	荣	0	
vinh	萦	0	
vinh	榮	0	
vinh	蝾	0	
vinh	縈	0	
vinh	㩞	0	
vinh	㘇	0	
vinh	蠑	0	
vioòng	𪽃	0	
vioóc	𪽁	0	
viàng	𠳐	0	
viêm	炎	0	
viên	园	0	
viên	员	0	
viên	垣	0	
viên	爰	0	
viên	袁	0	
viên	圆	0	
viên	員	0	
viên	援	0	
viên	湲	0	
viên	圓	0	
viên	園	0	
viên	猿	0	
viên	𧻚	0	
viên	辕	0	
viên	圜	0	
viên	轅	0	
viòi	倍	0	
viòi	赔	0	
viòi	賠	0	
viảc	別	0	
viẻ	𬎵	0	
viẻc	白	0	
viếng	永	0	
viếng	咏	0	
viếng	𠶇	0	
viết	曰	0	
viết	𢯮	0	
viền	𧜘	0	
viền	𧟁	0	
viểc	役	0	
viển	远	0	
viển	遠	0	
viễn	远	0	
viễn	遠	0	
việc	役	0	
viện	院	0	
viện	媛	0	
viện	援	0	
việt	戉	0	
việt	粤	0	
việt	越	0	
việt	鉞	0	
việt	𩿠	0	
việt	樾	0	
việt	𧑅	0	
vo	于	0	
vo	吁	0	
vo	汙	0	
vo	扜	0	
vo	纡	0	
vo	呋	0	
vo	紆	0	
voi	𤠅	0	
voi	㺔	0	
voi	𤢇	0	
von	文	0	
von	芃	0	
von	员	0	
von	員	0	
von	喯	0	
von	葻	0	
von	𡻖	0	
von	𠹚	0	
von	𪡫	0	
vong	亡	0	
vong	芒	0	
vong	忘	0	
vu	于	0	
vu	吁	0	
vu	圩	0	
vu	扜	0	
vu	纡	0	
vu	迂	0	
vu	芋	0	
vu	杅	0	
vu	巫	0	
vu	庑	0	
vu	芜	0	
vu	盂	0	
vu	紆	0	
vu	虶	0	
vu	竽	0	
vu	诬	0	
vu	雩	0	
vu	誣	0	
vu	廡	0	
vu	蕪	0	
vua	君	0	
vua	𢁨	0	
vua	𢂜	0	
vua	𤤰	0	
vua	𪻟	0	
vua	𢃊	0	
vua	𪼀	0	
vui	盃	0	
vui	𠸟	0	
vui	𢝙	0	
vui	𬐩	0	
vui	𢠿	0	
vui	𣡝	0	
vun	坟	0	
vun	抆	0	
vun	𡍋	0	
vun	捹	0	
vun	𢱔	0	
vun	𢶻	0	
vung	𪢷	0	
vung	𡍙	0	
vung	捹	0	
vung	𡑵	0	
vung	𢶻	0	
vuông	方	0	
vuông	𣃱	0	
vuông	𣃲	0	
vuông	𪯵	0	
vuông	𣄇	0	
vuông	𩖫	0	
vuông	𪯾	0	
vuông	𣄖	0	
vuối	贝	0	
vuối	貝	0	
vuốt	爪	0	
vuốt	孛	0	
vuốt	猝	0	
vuốt	捽	0	
vuốt	𪺨	0	
vuốt	𬋰	0	
vuốt	潷	0	
vuốt	𤢇	0	
vuốt	𢴩	0	
vuốt	𢵼	0	
vuốt	𤔯	0	
vuột	𤏫	0	
vyạ	𠇕	0	
và	为	0	
và	吧	0	
và	為	0	
và	𡝕	0	
và	𢯓	0	
và	𢯠	0	
và	颇	0	
và	𢽼	0	
và	爲	0	
và	喡	0	
và	頗	0	
và	𪽡	0	
và	𬏓	0	
và	𣀟	0	
vài	𠄧	0	
vài	吧	0	
vài	盃	0	
vài	排	0	
vài	𢽼	0	
vài	𠄽	0	
vài	𫿟	0	
vài	𭷽	0	
vàm	汛	0	
vàm	𪵬	0	
vàn	万	0	
vàn	萬	0	
vàng	黄	0	
vàng	黃	0	
vàng	傍	0	
vàng	横	0	
vàng	癀	0	
vàng	𨱑	0	
vàng	鐄	0	
vành	永	0	
vành	栐	0	
vành	荣	0	
vành	望	0	
vành	𤗖	0	
vành	㮠	0	
vành	榮	0	
vành	𥯋	0	
vành	鋉	0	
vành	𫒥	0	
vành	𣞁	0	
vành	鑅	0	
vào	包	0	
vào	皮	0	
vào	𠓨	0	
vào	瓢	0	
vày	㧑	0	
vày	𢯷	0	
vày	撝	0	
vá	补	0	
vá	拍	0	
vá	補	0	
vá	𦀪	0	
vá	播	0	
vác	扒	0	
vác	𢫣	0	
vác	域	0	
vác	越	0	
vác	博	0	
vác	搏	0	
vác	𦠰	0	
vác	𫆶	0	
vách	𫨅	0	
vách	𡋦	0	
vách	壁	0	
vách	璧	0	
vái	拜	0	
vái	捤	0	
vái	𠳿	0	
vái	㗑	0	
vái	𣍁	0	
ván	板	0	
ván	版	0	
ván	换	0	
ván	換	0	
ván	𥯈	0	
váng	往	0	
váng	𠗤	0	
váng	𤷮	0	
váng	𫃮	0	
váng	㾿	0	
vánh	永	0	
váo	报	0	
váo	報	0	
váo	𢵨	0	
váo	𠾷	0	
váp	叭	0	
váp	趴	0	
vát	扒	0	
vát	叭	0	
vát	趴	0	
vát	越	0	
váy	𢭶	0	
váy	荱	0	
váy	𧚟	0	
váy	𬡮	0	
vâm	𠢝	0	
vân	云	0	
vân	芸	0	
vân	纭	0	
vân	纹	0	
vân	紋	0	
vân	紜	0	
vân	耘	0	
vân	雲	0	
vân	溳	0	
vân	蕓	0	
vâng	邦	0	
vâng	𠳐	0	
vâng	𢀥	0	
vây	为	0	
vây	𡆫	0	
vây	為	0	
vây	悲	0	
vây	圍	0	
vây	爲	0	
vây	渭	0	
vây	𪩼	0	
vây	㺔	0	
vây	𬵎	0	
vây	𩼀	0	
vây	𩻟	0	
vây	𩻺	0	
vã	巴	0	
vã	且	0	
vã	尾	0	
vã	把	0	
vã	浘	0	
vã	𠳿	0	
vã	渚	0	
vã	𪬎	0	
vã	𨁱	0	
vã	𡳎	0	
vã	𤀞	0	
vã	𨘘	0	
vãi	尾	0	
vãi	𠉜	0	
vãi	娓	0	
vãi	𢭶	0	
vãi	捤	0	
vãi	𫱬	0	
vãn	往	0	
vãn	挽	0	
vãn	娩	0	
vãn	晚	0	
vãn	輓	0	
vãng	往	0	
vãy	尾	0	
vãy	捤	0	
vè	圍	0	
vè	椲	0	
vè	噅	0	
vè	𥢬	0	
vèn	员	0	
vèn	員	0	
vèo	𠶓	0	
vèo	瓢	0	
vé	派	0	
vén	爰	0	
vén	𢯝	0	
vén	援	0	
véo	表	0	
véo	㧼	0	
véo	𠶓	0	
vét	𢪏	0	
vét	𢵼	0	
vét	𧑅	0	
vê	为	0	
vê	㧑	0	
vê	為	0	
vê	爲	0	
vê	撝	0	
vên	𣗼	0	
vênh	永	0	
vênh	荣	0	
vênh	榮	0	
vênh	𬧘	0	
vênh	𫤒	0	
vêu	搖	0	
vêu	𩩩	0	
vêu	𨆺	0	
vì	为	0	
vì	位	0	
vì	為	0	
vì	𪰛	0	
vì	爲	0	
ví	为	0	
ví	比	0	
ví	𡆫	0	
ví	為	0	
ví	啻	0	
ví	圍	0	
ví	喟	0	
ví	爲	0	
ví	𠸠	0	
ví	𣖞	0	
ví	譬	0	
vía	𤽶	0	
vía	𩴅	0	
vía	𩴬	0	
vía	𡳺	0	
vía	𩏳	0	
vích	擗	0	
vích	𬠲	0	
vích	𧓮	0	
vích	𧕀	0	
vích	𩼢	0	
vính	咏	0	
vít	曰	0	
vít	𢪏	0	
vít	𥿀	0	
víu	㧼	0	
víu	裱	0	
vò	于	0	
vò	圩	0	
vò	宇	0	
vò	纡	0	
vò	扜	0	
vò	紆	0	
vò	虶	0	
vò	趶	0	
vò	𧋂	0	
vò	嘸	0	
vòi	𡸏	0	
vòi	𠴖	0	
vòi	㖣	0	
vòi	喑	0	
vòi	赔	0	
vòi	𦞑	0	
vòi	賠	0	
vòi	䈧	0	
vòi	𦠽	0	
vòi	𬹰	0	
vòm	𡴉	0	
vòm	𢊫	0	
vòng	妄	0	
vòng	𤥑	0	
vòng	釯	0	
vòng	望	0	
vòng	𥿺	0	
vòng	𠺯	0	
vòng	𨦩	0	
vòng	𫒥	0	
vó	布	0	
vó	𫃚	0	
vó	咘	0	
vó	𥿠	0	
vó	𨀒	0	
vó	𥱴	0	
vóc	朴	0	
vóc	𦘱	0	
vóc	𫃚	0	
vóc	𨈒	0	
vóc	樸	0	
vóc	𦄾	0	
vóc	纀	0	
vói	𢭲	0	
vóng	罔	0	
vóng	𣶈	0	
vót	孛	0	
vót	挬	0	
vót	啐	0	
vót	越	0	
vót	𢴩	0	
vót	𡼸	0	
vót	𬴟	0	
vô	亡	0	
vô	毋	0	
vô	毌	0	
vô	无	0	
vô	無	0	
vô	𠓺	0	
vôi	灰	0	
vôi	盃	0	
vôi	𪿙	0	
vôi	梖	0	
vôi	𥔦	0	
vông	𣒾	0	
vông	𣜳	0	
võ	宇	0	
võ	羽	0	
võ	疗	0	
võ	武	0	
võ	㽳	0	
võng	罒	0	
võng	网	0	
võng	罔	0	
võng	𣶈	0	
võng	惘	0	
võng	䋞	0	
võng	辋	0	
võng	網	0	
võng	𫒥	0	
võng	輞	0	
võng	魍	0	
vù	吁	0	
vù	圩	0	
vùa	圩	0	
vùa	扶	0	
vùi	洃	0	
vùi	盃	0	
vùi	倍	0	
vùi	培	0	
vùi	𢮏	0	
vùi	焙	0	
vùi	𡏧	0	
vùi	𣼯	0	
vùi	𫮷	0	
vùn	湓	0	
vùng	用	0	
vùng	𣳔	0	
vùng	逢	0	
vùng	漨	0	
vùng	摓	0	
vùng	塳	0	
vùng	𤀘	0	
vùng	𫧜	0	
vùng	𤂧	0	
vùng	𡓄	0	
vú	布	0	
vú	乳	0	
vú	咘	0	
vú	𡝦	0	
vú	𠄀	0	
vú	𦜘	0	
vú	𬋲	0	
vúc	𥃨	0	
vút	孛	0	
văn	文	0	
văn	彣	0	
văn	纹	0	
văn	炆	0	
văn	闻	0	
văn	紋	0	
văn	蚊	0	
văn	雯	0	
văn	聞	0	
văng	文	0	
văng	冰	0	
văng	荣	0	
văng	挷	0	
văng	榮	0	
văng	㩞	0	
vĩ	伟	0	
vĩ	纬	0	
vĩ	尾	0	
vĩ	玮	0	
vĩ	炜	0	
vĩ	浘	0	
vĩ	娓	0	
vĩ	荱	0	
vĩ	梶	0	
vĩ	偉	0	
vĩ	𥒮	0	
vĩ	𢯷	0	
vĩ	爲	0	
vĩ	煒	0	
vĩ	椲	0	
vĩ	韪	0	
vĩ	瑋	0	
vĩ	緯	0	
vĩ	韙	0	
vĩnh	永	0	
vũ	羽	0	
vũ	宇	0	
vũ	羽	0	
vũ	妩	0	
vũ	怃	0	
vũ	庑	0	
vũ	武	0	
vũ	雨	0	
vũ	禹	0	
vũ	侮	0	
vũ	哙	0	
vũ	圄	0	
vũ	圉	0	
vũ	娬	0	
vũ	鹉	0	
vũ	舞	0	
vũ	嫵	0	
vũ	廡	0	
vũ	憮	0	
vũ	嘸	0	
vũ	噲	0	
vũ	橅	0	
vũ	𨅐	0	
vũ	鵡	0	
vũm	𠴤	0	
vũm	𨮍	0	
vũng	凭	0	
vũng	淎	0	
vũng	漨	0	
vũng	𤂧	0	
vơ	为	0	
vơ	巴	0	
vơ	㧑	0	
vơ	為	0	
vơ	爲	0	
vơ	撝	0	
vơi	潙	0	
vư	廡	0	
vưng	𠳐	0	
vưu	尢	0	
vưu	尤	0	
vưu	肬	0	
vưu	疣	0	
vưu	鱿	0	
vưu	魷	0	
vươn	爰	0	
vươn	援	0	
vươn	𫏖	0	
vương	王	0	
vương	𥿁	0	
vướng	王	0	
vướng	纺	0	
vướng	紡	0	
vướng	𥿁	0	
vướng	𦁽	0	
vườn	园	0	
vườn	園	0	
vườn	𡑰	0	
vưởng	彷	0	
vưởng	纺	0	
vưởng	紡	0	
vưởng	𥿁	0	
vưỡn	𢮵	0	
vược	䱛	0	
vược	鰔	0	
vượn	𤠴	0	
vượn	猿	0	
vượn	𤢥	0	
vượng	旺	0	
vượng	㳹	0	
vượt	越	0	
vượt	𣾼	0	
vượt	𨅿	0	
vạ	𥘑	0	
vạ	𫯨	0	
vạ	祸	0	
vạ	禍	0	
vạc	或	0	
vạc	𠟲	0	
vạc	镬	0	
vạc	𪂱	0	
vạc	𫓆	0	
vạc	鑊	0	
vạc	𪅥	0	
vạc	𪅫	0	
vạc	鸌	0	
vạch	划	0	
vạch	画	0	
vạch	拍	0	
vạch	畫	0	
vạch	畵	0	
vạch	劃	0	
vạch	㩇	0	
vạch	攊	0	
vại	败	0	
vại	敗	0	
vại	㙕	0	
vại	𡏯	0	
vại	𡓎	0	
vạm	淡	0	
vạm	𦡣	0	
vạn	万	0	
vạn	伴	0	
vạn	往	0	
vạn	萬	0	
vạn	㘇	0	
vạng	妄	0	
vạng	往	0	
vạng	暀	0	
vạnh	永	0	
vạnh	泳	0	
vạnh	詠	0	
vạt	拔	0	
vạt	𧛌	0	
vạt	蔑	0	
vạt	𠟲	0	
vạt	篾	0	
vạt	𫌐	0	
vạt	韈	0	
vạt	𧟝	0	
vạy	位	0	
vạy	尾	0	
vạy	𢭶	0	
vạy	𣒠	0	
vạy	𣌹	0	
vạy	𣍁	0	
vả	且	0	
vả	把	0	
vả	尾	0	
vả	抯	0	
vả	𠰺	0	
vả	咀	0	
vả	梶	0	
vả	𡲤	0	
vả	播	0	
vả	𣛢	0	
vải	尾	0	
vải	败	0	
vải	梶	0	
vải	敗	0	
vải	𡲫	0	
vải	𦀿	0	
vải	𠎴	0	
vải	𣘓	0	
vải	𢅄	0	
vải	𦃿	0	
vải	𥜀	0	
vải	襎	0	
vải	𣞻	0	
vảng	往	0	
vảng	荡	0	
vảng	徬	0	
vảng	榜	0	
vảng	蕩	0	
vảnh	永	0	
vảnh	𢫕	0	
vảt	活	0	
vảy	尾	0	
vảy	捤	0	
vảy	𪨖	0	
vảy	𩷳	0	
vảy	𩷛	0	
vảy	𩺩	0	
vấn	问	0	
vấn	抆	0	
vấn	呡	0	
vấn	𢮵	0	
vấn	問	0	
vấn	缜	0	
vấn	縝	0	
vấn	𦄞	0	
vấn	璺	0	
vấp	趿	0	
vất	曰	0	
vất	勿	0	
vất	𢪱	0	
vất	𢪥	0	
vấu	𤓺	0	
vấu	搆	0	
vấy	渭	0	
vần	云	0	
vần	运	0	
vần	運	0	
vần	韵	0	
vần	韻	0	
vầng	晕	0	
vầng	暈	0	
vầu	苞	0	
vầu	笣	0	
vầu	筮	0	
vầy	丕	0	
vầy	𡆫	0	
vầy	抺	0	
vầy	𢯷	0	
vầy	圍	0	
vầy	喡	0	
vầy	噅	0	
vầy	𤎶	0	
vầy	噽	0	
vẩn	本	0	
vẩn	刎	0	
vẩn	问	0	
vẩn	运	0	
vẩn	吻	0	
vẩn	沕	0	
vẩn	染	0	
vẩn	問	0	
vẩn	運	0	
vẩn	𣼶	0	
vẩn	𪷡	0	
vẩn	𪷦	0	
vẩy	𢫕	0	
vẩy	洒	0	
vẩy	浘	0	
vẩy	捤	0	
vẩy	𩷳	0	
vẩy	𩷛	0	
vẫn	刎	0	
vẫn	吻	0	
vẫn	抆	0	
vẫn	沕	0	
vẫn	陨	0	
vẫn	𫪏	0	
vẫn	殒	0	
vẫn	脗	0	
vẫn	揾	0	
vẫn	援	0	
vẫn	隕	0	
vẫn	殞	0	
vẫy	尾	0	
vẫy	𢭶	0	
vẫy	浘	0	
vẫy	捤	0	
vận	运	0	
vận	運	0	
vận	韵	0	
vận	𢶂	0	
vận	韻	0	
vập	及	0	
vập	扱	0	
vập	𢪳	0	
vật	勿	0	
vật	𢪱	0	
vật	𢪥	0	
vật	沕	0	
vật	物	0	
vậu	倍	0	
vậy	丕	0	
vậy	呸	0	
vắc	閾	0	
vắn	半	0	
vắn	问	0	
vắn	𬑰	0	
vắn	𣫷	0	
vắn	問	0	
vắn	𠦯	0	
vắn	短	0	
vắn	𥏿	0	
vắn	𥐆	0	
vắn	𬑵	0	
vắn	𥐔	0	
vắng	永	0	
vắng	问	0	
vắng	泳	0	
vắng	咏	0	
vắng	昹	0	
vắng	問	0	
vắng	𫴇	0	
vắp	趿	0	
vắt	勿	0	
vắt	刎	0	
vắt	𢪱	0	
vắt	沕	0	
vắt	物	0	
vắt	𧉚	0	
vắt	𧊎	0	
vắt	𧊥	0	
vằm	𨮍	0	
vằn	文	0	
vằn	纹	0	
vằn	彣	0	
vằn	𤝋	0	
vằn	紋	0	
vằng	𢫕	0	
vằng	𤇒	0	
vằng	域	0	
vằng	焩	0	
vằng	𠒬	0	
vằng	𠓅	0	
vẳc	域	0	
vẳng	永	0	
vẳng	刎	0	
vẳng	咏	0	
vẳng	詠	0	
vẳng	𠻵	0	
vẳt	勿	0	
vặc	𤇢	0	
vặc	畑	0	
vặc	淢	0	
vặc	域	0	
vặc	𠸪	0	
vặc	𤊨	0	
vặc	𠒬	0	
vặn	问	0	
vặn	运	0	
vặn	抆	0	
vặn	沕	0	
vặn	紊	0	
vặn	問	0	
vặn	運	0	
vặn	𢱨	0	
vặn	𢴌	0	
vặn	𢶂	0	
vặt	勿	0	
vặt	𢪱	0	
vặt	吻	0	
vặt	物	0	
vẹm	䗊	0	
vẹn	院	0	
vẹn	援	0	
vẹo	表	0	
vẹo	挑	0	
vẹo	𣍅	0	
vẹo	𩬆	0	
vẹo	𪴽	0	
vẹt	越	0	
vẹt	𢵼	0	
vẹt	樾	0	
vẹt	𩿠	0	
vẹt	𪀚	0	
vẹt	𪆧	0	
vẹt	𬷲	0	
vẹt	𪇴	0	
vẻ	尾	0	
vẻ	彩	0	
vẻ	𢽙	0	
vẻ	𡲈	0	
vẻ	𨤔	0	
vẻ	𤳰	0	
vẻn	远	0	
vẻn	院	0	
vẻn	𬋫	0	
vẻn	援	0	
vẻn	遠	0	
vẻo	㧑	0	
vẻo	𣷴	0	
vẻo	㧼	0	
vẻo	撝	0	
vẽ	尾	0	
vẽ	捤	0	
vẽ	𡲈	0	
vẽ	𪽗	0	
vẽ	𡳒	0	
vẽ	𤳰	0	
vẽ	𦘧	0	
vế	𫆝	0	
vế	䏶	0	
vế	𦟼	0	
vế	髀	0	
vếch	辟	0	
vết	曰	0	
vết	𤵖	0	
vết	𧿭	0	
vết	越	0	
vếu	表	0	
vếu	𨮶	0	
về	卫	0	
về	皮	0	
về	㧑	0	
về	𧗱	0	
về	𬩍	0	
về	衛	0	
về	撝	0	
về	𡗅	0	
vểnh	永	0	
vểnh	𢫕	0	
vểnh	秉	0	
vểnh	荣	0	
vểnh	𦕟	0	
vểnh	榮	0	
vệ	卫	0	
vệ	衛	0	
vệ	衞	0	
vệch	画	0	
vệch	畫	0	
vện	纹	0	
vện	院	0	
vện	紋	0	
vện	援	0	
vện	𨻮	0	
vệt	画	0	
vệt	越	0	
vệt	畫	0	
vệt	𪽸	0	
vỉ	伟	0	
vỉ	彼	0	
vỉ	娓	0	
vỉ	𠳿	0	
vỉ	偉	0	
vỉ	䇻	0	
vỉa	纬	0	
vỉa	㙔	0	
vỉa	緯	0	
vỉt	曰	0	
vị	为	0	
vị	汇	0	
vị	未	0	
vị	位	0	
vị	味	0	
vị	胃	0	
vị	為	0	
vị	洧	0	
vị	谓	0	
vị	猬	0	
vị	喟	0	
vị	爲	0	
vị	渭	0	
vị	彙	0	
vị	滙	0	
vị	匯	0	
vị	鲔	0	
vị	蝟	0	
vị	謂	0	
vị	鮪	0	
vịm	埮	0	
vịm	𥁷	0	
vịn	援	0	
vịnh	咏	0	
vịnh	泳	0	
vịnh	淎	0	
vịnh	詠	0	
vịt	鸭	0	
vịt	𩿠	0	
vịt	鴨	0	
vịt	𪆧	0	
vịt	𬷲	0	
vịt	𪇴	0	
vọ	𫪗	0	
vọ	鹉	0	
vọ	鹜	0	
vọ	鵡	0	
vọ	鶩	0	
vọ	䳱	0	
vọc	扑	0	
vọc	撲	0	
vọc	𡂈	0	
vọi	位	0	
vọi	𡸏	0	
vọi	𠴖	0	
vọi	培	0	
vọi	𡻓	0	
vọi	𬱎	0	
vọm	𢭷	0	
vọn	远	0	
vọn	遠	0	
vọng	妄	0	
vọng	罔	0	
vọng	望	0	
vọp	𢯒	0	
vọt	浡	0	
vọt	挬	0	
vọt	桲	0	
vọt	𣔻	0	
vọt	𨁝	0	
vọt	潷	0	
vỏ	父	0	
vỏ	补	0	
vỏ	𤿍	0	
vỏ	𤿭	0	
vỏ	補	0	
vỏ	揰	0	
vỏ	蒲	0	
vỏ	𧁵	0	
vỏi	㺔	0	
vỏi	𥐋	0	
vỏi	𧸒	0	
vỏn	本	0	
vỏn	远	0	
vỏn	㖹	0	
vỏn	遠	0	
vố	布	0	
vố	𢷵	0	
vốc	卜	0	
vối	梖	0	
vối	蓓	0	
vối	𦹶	0	
vốn	本	0	
vốn	呠	0	
vống	罔	0	
vồ	抚	0	
vồ	撫	0	
vồ	橅	0	
vồ	𨅮	0	
vồm	禀	0	
vồn	盆	0	
vồn	㖹	0	
vồng	虹	0	
vồng	𡍙	0	
vồng	釯	0	
vồng	𡑵	0	
vổ	𠱶	0	
vổ	嘸	0	
vổ	𬹷	0	
vổng	棒	0	
vỗ	抚	0	
vỗ	怃	0	
vỗ	把	0	
vỗ	捕	0	
vỗ	𢯞	0	
vỗ	𢱖	0	
vỗ	舞	0	
vỗ	憪	0	
vỗ	嘸	0	
vỗ	撫	0	
vỗ	憮	0	
vỗ	𢷵	0	
vội	盃	0	
vội	茣	0	
vội	倍	0	
vội	踣	0	
vội	𫏚	0	
vội	𪬽	0	
vội	𫑒	0	
vội	𭉩	0	
vộng	淎	0	
vớ	㧑	0	
vớ	𫼻	0	
vớ	撝	0	
vớ	播	0	
với	为	0	
với	贝	0	
với	众	0	
với	买	0	
với	𠇍	0	
với	貝	0	
với	為	0	
với	某	0	
với	𢭲	0	
với	買	0	
với	𢱎	0	
với	衆	0	
với	喟	0	
với	爲	0	
vớt	扒	0	
vớt	抇	0	
vớt	𢬮	0	
vớt	𣾼	0	
vớt	𢵼	0	
vờ	为	0	
vờ	㧑	0	
vờ	為	0	
vờ	蚽	0	
vờ	爲	0	
vờ	𪝩	0	
vờ	撝	0	
vờ	噅	0	
vờ	潙	0	
vờ	蟡	0	
vời	为	0	
vời	㧑	0	
vời	為	0	
vời	排	0	
vời	爲	0	
vời	渭	0	
vời	𠼕	0	
vời	潙	0	
vời	撝	0	
vời	𡀪	0	
vời	𫬑	0	
vờn	运	0	
vờn	焉	0	
vờn	運	0	
vờn	援	0	
vờn	溳	0	
vờn	𫽭	0	
vở	𥒮	0	
vở	𫵡	0	
vở	𬁫	0	
vở	𡳩	0	
vở	𦅴	0	
vởn	往	0	
vởn	湲	0	
vỡ	𥑁	0	
vỡ	破	0	
vỡ	𥒮	0	
vỡ	𥓅	0	
vỡ	𥓶	0	
vỡ	𫮒	0	
vỡ	𨦦	0	
vỡ	𡳎	0	
vỡ	𥖑	0	
vỡ	𥖓	0	
vỡ	𥖖	0	
vỡi	𡳹	0	
vợ	妇	0	
vợ	𡞕	0	
vợ	婦	0	
vợ	嬏	0	
vợ	𡢼	0	
vợi	沬	0	
vợi	喟	0	
vợi	渭	0	
vợi	潙	0	
vợn	𨆣	0	
vợt	𦅲	0	
vụ	务	0	
vụ	杅	0	
vụ	侮	0	
vụ	務	0	
vụ	骛	0	
vụ	雾	0	
vụ	舞	0	
vụ	鹜	0	
vụ	樗	0	
vụ	霧	0	
vụ	𩅗	0	
vụ	騖	0	
vụ	鶩	0	
vụ	䳱	0	
vục	𣱶	0	
vục	扑	0	
vục	𢪗	0	
vục	撲	0	
vụm	𢭷	0	
vụn	𢫆	0	
vụng	奉	0	
vụng	俸	0	
vụng	淎	0	
vụng	唪	0	
vụng	𢜗	0	
vụng	𠺭	0	
vụt	孛	0	
vụt	挬	0	
vụt	桲	0	
vụt	𨁝	0	
vụt	樾	0	
vụt	𨅗	0	
vủc	朴	0	
vủi	𧸒	0	
vủng	妄	0	
vủt	仏	0	
vủt	佛	0	
vức	帼	0	
vức	域	0	
vức	幅	0	
vức	幗	0	
vứt	𢪥	0	
vứt	𢪱	0	
vứt	𫽌	0	
vừa	皮	0	
vừa	𫹄	0	
vừa	𪾆	0	
vừa	𣃣	0	
vừa	𣃤	0	
vừa	𫵃	0	
vừng	汇	0	
vừng	晕	0	
vừng	彙	0	
vừng	暈	0	
vừng	𣜸	0	
vừng	𦾥	0	
vừng	𥣐	0	
vừng	𧁸	0	
vửc	域	0	
vữa	㳪	0	
vững	任	0	
vững	凭	0	
vững	𠊡	0	
vựa	备	0	
vựa	𢯮	0	
vựa	備	0	
vựa	𢊑	0	
vựa	𣖜	0	
vựa	𥡘	0	
vực	淢	0	
vực	域	0	
vực	堛	0	
vực	蜮	0	
vực	閾	0	
vực	魊	0	
vựng	汇	0	
vựng	晕	0	
vựng	彙	0	
vựng	暈	0	
xa	又	0	
xa	叉	0	
xa	车	0	
xa	車	0	
xa	沙	0	
xa	佘	0	
xa	柁	0	
xa	砗	0	
xa	𢚷	0	
xa	赊	0	
xa	奢	0	
xa	𤥭	0	
xa	𬧲	0	
xa	硨	0	
xa	𬚞	0	
xa	賒	0	
xa	賖	0	
xaay	搓	0	
xai	猜	0	
xam	咁	0	
xam	搀	0	
xam	𥊀	0	
xam	縿	0	
xam	攙	0	
xan	飡	0	
xan	湎	0	
xan	餐	0	
xang	昌	0	
xang	控	0	
xang	唱	0	
xang	腔	0	
xang	𨖅	0	
xanh	青	0	
xanh	𥑥	0	
xanh	铛	0	
xanh	清	0	
xanh	赪	0	
xanh	鉎	0	
xanh	𩇛	0	
xanh	𫕹	0	
xanh	𫟰	0	
xanh	撑	0	
xanh	撐	0	
xanh	瞠	0	
xanh	錆	0	
xanh	𣛟	0	
xanh	赬	0	
xanh	𩇢	0	
xanh	鐣	0	
xanh	鐺	0	
xao	劳	0	
xao	抄	0	
xao	招	0	
xao	𢭂	0	
xao	哰	0	
xao	稍	0	
xao	勞	0	
xao	嗃	0	
xao	搞	0	
xao	滈	0	
xao	敲	0	
xao	𡁞	0	
xay	搓	0	
xay	槎	0	
xay	𡏦	0	
xay	𢴘	0	
xay	磋	0	
xe	车	0	
xe	車	0	
xe	𦀺	0	
xem	戈	0	
xem	占	0	
xem	𫀅	0	
xem	袩	0	
xem	䀡	0	
xem	𢔙	0	
xem	覘	0	
xem	䄡	0	
xen	扦	0	
xen	偏	0	
xen	𦍫	0	
xeo	跳	0	
xeo	摽	0	
xi	吹	0	
xi	侈	0	
xi	蚩	0	
xi	熾	0	
xia	廁	0	
xia	𥽤	0	
xin	吀	0	
xin	嗔	0	
xin	𡃑	0	
xinh	生	0	
xinh	青	0	
xinh	牲	0	
xinh	𦎡	0	
xinh	撑	0	
xinh	撐	0	
xinh	𣛟	0	
xiêm	觇	0	
xiêm	袩	0	
xiêm	覘	0	
xiêm	森	0	
xiêm	暹	0	
xiêm	幨	0	
xiêm	襜	0	
xiên	川	0	
xiên	千	0	
xiên	扦	0	
xiên	吀	0	
xiên	串	0	
xiên	𠉟	0	
xiên	偏	0	
xiên	𬔌	0	
xiên	羶	0	
xiêu	标	0	
xiêu	超	0	
xiêu	跳	0	
xiêu	漂	0	
xiêu	標	0	
xiêu	𫤕	0	
xiếc	𪨜	0	
xiết	折	0	
xiết	制	0	
xiết	掣	0	
xiết	瘈	0	
xiết	瘛	0	
xiếu	跳	0	
xiếu	僄	0	
xiềng	侱	0	
xiềng	鋥	0	
xiềng	整	0	
xiểm	谄	0	
xiểm	諂	0	
xiểm	謟	0	
xiển	阐	0	
xiển	蒇	0	
xiển	蕆	0	
xiển	闡	0	
xiểng	侱	0	
xiểng	𥸍	0	
xiểp	接	0	
xiểu	跳	0	
xo	躯	0	
xo	軀	0	
xoa	又	0	
xoa	叉	0	
xoa	扠	0	
xoa	杈	0	
xoa	衩	0	
xoa	捘	0	
xoan	春	0	
xoan	䐏	0	
xoan	椿	0	
xoan	楝	0	
xoang	控	0	
xoang	啌	0	
xoang	椌	0	
xoang	腔	0	
xoay	𣒱	0	
xoay	搓	0	
xoay	𡏦	0	
xoay	磋	0	
xoe	吹	0	
xoe	傻	0	
xoe	𧷝	0	
xoen	穿	0	
xoi	𢭻	0	
xoi	𤶺	0	
xoi	催	0	
xom	採	0	
xom	探	0	
xon	㖺	0	
xon	𢰦	0	
xong	双	0	
xong	冲	0	
xong	戎	0	
xong	衝	0	
xong	雙	0	
xoà	车	0	
xoà	汊	0	
xoà	沙	0	
xoà	車	0	
xoài	兑	0	
xoài	𢭻	0	
xoài	𣒱	0	
xoàm	𩯯	0	
xoàm	𩰃	0	
xoàn	瓒	0	
xoàn	瓚	0	
xoàng	𨠵	0	
xoá	扠	0	
xoá	舍	0	
xoá	挅	0	
xoá	赦	0	
xoá	𫨮	0	
xoá	𪷮	0	
xoán	篡	0	
xoát	刷	0	
xoát	脱	0	
xoáy	蠢	0	
xoáy	鬠	0	
xoã	锁	0	
xoã	撦	0	
xoã	鎖	0	
xoè	𢭻	0	
xoè	隨	0	
xoét	朏	0	
xoét	歠	0	
xoăn	钏	0	
xoăn	控	0	
xoăn	釧	0	
xoăn	𧿺	0	
xoăn	𩭵	0	
xoạ	傻	0	
xoải	𤶺	0	
xoảng	磢	0	
xoảng	𨙥	0	
xoảng	鑽	0	
xoắn	钏	0	
xoắn	釧	0	
xoắn	蠢	0	
xoắt	𧿺	0	
xoẳn	蠢	0	
xoẹt	辍	0	
xoẹt	輟	0	
xu	枢	0	
xu	姝	0	
xu	𫆃	0	
xu	趋	0	
xu	樞	0	
xu	𫆉	0	
xu	趨	0	
xua	抠	0	
xua	呕	0	
xua	吹	0	
xua	嘔	0	
xua	摳	0	
xui	吹	0	
xui	咥	0	
xui	𣵶	0	
xui	𡏦	0	
xui	𠺼	0	
xui	𨁰	0	
xui	𫤄	0	
xum	侵	0	
xum	森	0	
xum	𡪜	0	
xun	敦	0	
xun	餐	0	
xung	冲	0	
xung	忡	0	
xung	沖	0	
xung	钟	0	
xung	翀	0	
xung	鈡	0	
xung	衝	0	
xung	艟	0	
xung	𢥞	0	
xuy	召	0	
xuy	吹	0	
xuy	炊	0	
xuy	笞	0	
xuy	媸	0	
xuyên	川	0	
xuyên	巛	0	
xuyên	氚	0	
xuyên	串	0	
xuyên	穿	0	
xuyên	栓	0	
xuyên	𠁺	0	
xuyến	串	0	
xuyến	钏	0	
xuyến	战	0	
xuyến	釧	0	
xuyến	𦄈	0	
xuyến	戰	0	
xuyết	叕	0	
xuyết	剟	0	
xuyết	掇	0	
xuyết	啜	0	
xuyết	缀	0	
xuyết	腏	0	
xuyết	脺	0	
xuyết	辍	0	
xuyết	綴	0	
xuyết	醊	0	
xuyết	輟	0	
xuyết	歠	0	
xuyền	耑	0	
xuyễn	踹	0	
xuân	春	0	
xuân	萶	0	
xuân	䐏	0	
xuân	椿	0	
xuê	吹	0	
xuôi	吹	0	
xuôi	𠀿	0	
xuôi	𣵶	0	
xuôi	催	0	
xuý	吹	0	
xuý	炊	0	
xuý	醉	0	
xuýt	啜	0	
xuất	出	0	
xuất	齣	0	
xuẩn	㖺	0	
xuẩn	萶	0	
xuẩn	㮔	0	
xuẩn	惷	0	
xuẩn	蠢	0	
xuắt	𧿺	0	
xuế	吹	0	
xuế	傺	0	
xuế	贅	0	
xuề	吹	0	
xuể	吹	0	
xuống	𠕻	0	
xuống	𨑜	0	
xuống	𠖈	0	
xuống	𪧍	0	
xuống	𫳭	0	
xuống	𬺗	0	
xuống	𠁑	0	
xuống	𫴋	0	
xuống	𬕹	0	
xuống	𡬈	0	
xuồng	𦩰	0	
xuồng	艟	0	
xuổng	錩	0	
xuổng	鑨	0	
xà	杈	0	
xà	柁	0	
xà	砗	0	
xà	虵	0	
xà	𤥭	0	
xà	蛇	0	
xà	硨	0	
xài	支	0	
xài	喍	0	
xàm	谗	0	
xàm	谵	0	
xàm	儳	0	
xàm	譫	0	
xàm	讒	0	
xành	𥑥	0	
xành	酲	0	
xào	炒	0	
xào	𤇤	0	
xào	嗃	0	
xào	敲	0	
xào	𡁞	0	
xàu	愁	0	
xá	厍	0	
xá	汊	0	
xá	岔	0	
xá	舍	0	
xá	姹	0	
xá	厙	0	
xá	赦	0	
xá	捨	0	
xác	壳	0	
xác	𢭜	0	
xác	𠳗	0	
xác	确	0	
xác	殼	0	
xác	错	0	
xác	搉	0	
xác	塙	0	
xác	確	0	
xác	慤	0	
xác	碻	0	
xác	錯	0	
xác	𩩬	0	
xách	尺	0	
xách	册	0	
xách	択	0	
xách	𫼬	0	
xách	捇	0	
xách	𥑭	0	
xách	索	0	
xái	衩	0	
xái	屎	0	
xái	採	0	
xái	𡳁	0	
xám	𪾋	0	
xám	监	0	
xám	蓝	0	
xám	監	0	
xám	藍	0	
xán	灿	0	
xán	粲	0	
xán	燦	0	
xáng	唱	0	
xáo	交	0	
xáo	𢫚	0	
xáo	炒	0	
xáo	𤇤	0	
xáo	草	0	
xáo	造	0	
xáo	敲	0	
xáo	操	0	
xáp	夹	0	
xáp	夾	0	
xáp	挟	0	
xáp	捃	0	
xáp	挾	0	
xáp	𦝥	0	
xát	涩	0	
xát	濇	0	
xát	擦	0	
xát	嚓	0	
xát	澀	0	
xáu	吜	0	
xáy	跴	0	
xáy	踩	0	
xâm	侵	0	
xâm	骎	0	
xâm	锓	0	
xâm	鋟	0	
xâm	駸	0	
xâm	簽	0	
xâm	籖	0	
xân	嗔	0	
xâu	偻	0	
xâu	搜	0	
xâu	僂	0	
xâu	𢴜	0	
xâu	𦄓	0	
xâu	𢹤	0	
xây	搓	0	
xây	𡏦	0	
xây	磋	0	
xây	𫸕	0	
xã	社	0	
xè	车	0	
xè	車	0	
xè	唓	0	
xè	蛴	0	
xè	蠐	0	
xèng	禅	0	
xèng	禪	0	
xèng	闡	0	
xèo	饶	0	
xèo	𠾸	0	
xèo	潮	0	
xèo	饒	0	
xé	止	0	
xé	扯	0	
xé	𢫟	0	
xé	炽	0	
xé	𫽎	0	
xé	𫪥	0	
xé	熾	0	
xé	𠠚	0	
xé	𢹊	0	
xém	炶	0	
xén	钏	0	
xén	战	0	
xén	釧	0	
xén	阐	0	
xén	戰	0	
xén	闡	0	
xéo	袑	0	
xéo	𣌺	0	
xép	押	0	
xép	插	0	
xép	𠿂	0	
xét	列	0	
xét	察	0	
xét	𪹾	0	
xét	𥌀	0	
xê	支	0	
xê	啛	0	
xê	蛴	0	
xê	𨁰	0	
xê	蠐	0	
xên	𤇣	0	
xên	燀	0	
xênh	生	0	
xênh	𫕸	0	
xênh	笙	0	
xênh	啨	0	
xênh	情	0	
xênh	清	0	
xênh	撑	0	
xênh	撐	0	
xênh	𣛟	0	
xì	仕	0	
xì	吹	0	
xì	事	0	
xì	嚏	0	
xì	癡	0	
xình	呈	0	
xình	𫆦	0	
xình	酲	0	
xìu	僄	0	
xìu	𤸨	0	
xí	企	0	
xí	侈	0	
xí	厕	0	
xí	帜	0	
xí	炽	0	
xí	厠	0	
xí	跂	0	
xí	廁	0	
xí	跮	0	
xí	幟	0	
xí	熾	0	
xía	廁	0	
xía	掣	0	
xích	辶	0	
xích	尺	0	
xích	斥	0	
xích	辵	0	
xích	赤	0	
xích	呎	0	
xích	拆	0	
xích	哧	0	
xích	鈬	0	
xích	锡	0	
xích	𦀗	0	
xích	𨁯	0	
xích	䤲	0	
xích	錫	0	
xính	听	0	
xính	𠴔	0	
xính	酲	0	
xính	聽	0	
xíp	淁	0	
xít	折	0	
xít	𧋺	0	
xít	蜇	0	
xít	𧋍	0	
xíu	𡭰	0	
xíu	𡮜	0	
xíu	僄	0	
xò	㗙	0	
xòi	𥪅	0	
xòn	𧘸	0	
xó	枢	0	
xó	厝	0	
xó	臭	0	
xó	𨻬	0	
xó	𡏣	0	
xó	樞	0	
xó	𥨧	0	
xóc	促	0	
xóc	捉	0	
xóc	朔	0	
xóc	触	0	
xóc	槊	0	
xóc	觸	0	
xói	𣵶	0	
xói	跮	0	
xói	㩡	0	
xóm	邨	0	
xóm	村	0	
xóm	店	0	
xóm	坫	0	
xóm	𥯎	0	
xóng	统	0	
xóng	統	0	
xóp	丸	0	
xóp	执	0	
xóp	執	0	
xót	出	0	
xót	㤕	0	
xót	咄	0	
xót	拙	0	
xót	律	0	
xót	淬	0	
xót	悴	0	
xô	抠	0	
xô	绉	0	
xô	枢	0	
xô	趋	0	
xô	搊	0	
xô	摳	0	
xô	樞	0	
xô	縐	0	
xô	𡁿	0	
xô	趨	0	
xô	𡂂	0	
xôi	吹	0	
xôi	炊	0	
xôi	𥸷	0	
xôi	𣵯	0	
xôi	𥺏	0	
xôi	𥺔	0	
xôi	𤐝	0	
xôm	𣋨	0	
xôn	山	0	
xôn	讪	0	
xôn	𠮿	0	
xôn	吞	0	
xôn	吨	0	
xôn	㖔	0	
xôn	訕	0	
xôn	真	0	
xôn	𢚳	0	
xôn	敦	0	
xôn	噋	0	
xông	冲	0	
xông	终	0	
xông	统	0	
xông	終	0	
xông	統	0	
xông	衝	0	
xông	𨃸	0	
xõng	勇	0	
xù	驱	0	
xù	枢	0	
xù	樞	0	
xù	𬇅	0	
xù	驅	0	
xùi	吹	0	
xùi	洡	0	
xùi	𩭜	0	
xùm	森	0	
xùm	𠸬	0	
xùng	崇	0	
xú	臭	0	
xú	湨	0	
xú	趣	0	
xú	醜	0	
xúc	亍	0	
xúc	促	0	
xúc	娖	0	
xúc	触	0	
xúc	槒	0	
xúc	龊	0	
xúc	蹙	0	
xúc	蹴	0	
xúc	觸	0	
xúc	齪	0	
xúc	矗	0	
xúi	驱	0	
xúi	驅	0	
xúm	坫	0	
xúm	呫	0	
xúm	炶	0	
xúm	森	0	
xúm	𠎊	0	
xúm	蹾	0	
xúng	冲	0	
xúng	铳	0	
xúng	銃	0	
xúng	衝	0	
xúng	𫸊	0	
xúp	执	0	
xúp	執	0	
xăm	侵	0	
xăm	骎	0	
xăm	採	0	
xăm	探	0	
xăm	锓	0	
xăm	鋟	0	
xăm	䈜	0	
xăm	𨃏	0	
xăm	𥊀	0	
xăm	駸	0	
xăn	搷	0	
xăng	控	0	
xăng	腔	0	
xĩnh	省	0	
xũ	枢	0	
xũ	臭	0	
xũ	樞	0	
xũ	醜	0	
xơ	义	0	
xơ	车	0	
xơ	初	0	
xơ	車	0	
xơ	赊	0	
xơ	疏	0	
xơ	疎	0	
xơ	賒	0	
xơ	賖	0	
xơi	吹	0	
xơi	嗟	0	
xơi	𫫜	0	
xơm	侵	0	
xư	樗	0	
xưa	初	0	
xưa	𫋶	0	
xưa	𠸗	0	
xưng	称	0	
xưng	稱	0	
xưng	䕝	0	
xương	昌	0	
xương	荭	0	
xương	猖	0	
xương	葒	0	
xương	鲳	0	
xương	錩	0	
xương	𩩫	0	
xương	𩩪	0	
xương	鯧	0	
xước	辶	0	
xước	辵	0	
xước	绰	0	
xước	淖	0	
xước	䓬	0	
xước	綽	0	
xướng	倡	0	
xướng	娼	0	
xướng	唱	0	
xướng	錩	0	
xười	𧜹	0	
xưởng	厂	0	
xưởng	厰	0	
xưởng	僘	0	
xưởng	廠	0	
xưởng	𦪦	0	
xược	啅	0	
xược	绰	0	
xược	綽	0	
xạ	射	0	
xạ	麝	0	
xạc	壳	0	
xạc	落	0	
xạc	确	0	
xạc	確	0	
xạc	𡃜	0	
xạch	尺	0	
xạch	𫼬	0	
xạch	捇	0	
xạm	湛	0	
xạo	夺	0	
xạo	造	0	
xạo	确	0	
xạo	𠻛	0	
xạo	𠻥	0	
xạo	奪	0	
xạo	確	0	
xạp	杂	0	
xạp	𠵏	0	
xạp	雜	0	
xạu	召	0	
xạu	𠰉	0	
xạu	咷	0	
xả	扯	0	
xả	舍	0	
xả	卸	0	
xả	偖	0	
xả	捨	0	
xả	㨋	0	
xả	撦	0	
xải	𤻽	0	
xảm	减	0	
xảm	減	0	
xảm	揕	0	
xảo	巧	0	
xảo	狡	0	
xảy	仕	0	
xảy	侈	0	
xảy	炽	0	
xảy	𬐂	0	
xảy	熾	0	
xấc	倬	0	
xấm	𠸬	0	
xấn	振	0	
xấp	执	0	
xấp	執	0	
xấp	插	0	
xấp	僓	0	
xấp	𢵸	0	
xấu	丑	0	
xấu	唒	0	
xấu	臭	0	
xấu	瘦	0	
xấu	𩳜	0	
xấu	醜	0	
xầm	谌	0	
xầm	𠸬	0	
xầm	諶	0	
xầu	愁	0	
xầy	柴	0	
xầy	𥽩	0	
xẩm	眈	0	
xẩm	耽	0	
xẩm	婶	0	
xẩm	湛	0	
xẩm	嬸	0	
xẩng	𩄔	0	
xẩu	䏔	0	
xẩu	醜	0	
xẩy	侈	0	
xập	习	0	
xập	拉	0	
xập	㕸	0	
xập	習	0	
xắc	𢭜	0	
xắc	劕	0	
xắc	職	0	
xắn	振	0	
xắn	捍	0	
xắn	趂	0	
xắn	搷	0	
xắn	𢷂	0	
xắng	唱	0	
xắp	丸	0	
xắp	执	0	
xắp	執	0	
xắp	濈	0	
xắt	割	0	
xằng	床	0	
xằng	𠳹	0	
xằng	控	0	
xằng	绳	0	
xằng	𠺰	0	
xằng	𦀾	0	
xằng	繩	0	
xằng	𡅢	0	
xẳng	唱	0	
xẳng	僘	0	
xẵng	唱	0	
xẹo	妙	0	
xẹo	𫣪	0	
xẹo	𪝹	0	
xẹp	扒	0	
xẹp	插	0	
xẹt	彻	0	
xẹt	咧	0	
xẹt	徹	0	
xẹt	𨆾	0	
xẻ	仕	0	
xẻ	扯	0	
xẻ	剂	0	
xẻ	侈	0	
xẻ	齿	0	
xẻ	𠝓	0	
xẻ	採	0	
xẻ	𨦁	0	
xẻ	齒	0	
xẻ	𫒬	0	
xẻ	劑	0	
xẻ	𠠚	0	
xẻ	鑡	0	
xẻn	阐	0	
xẻn	闡	0	
xẻng	铲	0	
xẻng	阐	0	
xẻng	剷	0	
xẻng	鏟	0	
xẻng	闡	0	
xẻo	刟	0	
xẻo	沼	0	
xẻo	漂	0	
xẻo	𠠚	0	
xế	车	0	
xế	尺	0	
xế	車	0	
xế	制	0	
xế	炽	0	
xế	眥	0	
xế	眦	0	
xế	萆	0	
xế	掣	0	
xế	㫼	0	
xế	𪰮	0	
xế	蓖	0	
xế	𤠹	0	
xế	潷	0	
xế	篦	0	
xế	熾	0	
xế	𫿸	0	
xếch	斥	0	
xếch	只	0	
xếch	呎	0	
xếch	隻	0	
xếch	𨁯	0	
xếch	䤲	0	
xếch	𫤑	0	
xếch	𪯰	0	
xếp	穷	0	
xếp	插	0	
xếp	摄	0	
xếp	攝	0	
xếp	疊	0	
xềnh	酲	0	
xều	摽	0	
xể	体	0	
xể	躰	0	
xể	體	0	
xển	省	0	
xển	阐	0	
xển	闡	0	
xểp	接	0	
xễ	滯	0	
xệ	豉	0	
xệch	尺	0	
xệch	斥	0	
xệch	只	0	
xệch	隻	0	
xệch	掷	0	
xệch	擲	0	
xệp	拉	0	
xệp	𥺺	0	
xệp	𡓆	0	
xệu	妙	0	
xệu	料	0	
xệu	跳	0	
xỉ	𠯽	0	
xỉ	吹	0	
xỉ	侈	0	
xỉ	齿	0	
xỉ	哆	0	
xỉ	指	0	
xỉ	蚩	0	
xỉ	䏧	0	
xỉ	恥	0	
xỉ	耻	0	
xỉ	嗤	0	
xỉ	齒	0	
xỉ	褫	0	
xỉa	侈	0	
xỉa	齿	0	
xỉa	𠽑	0	
xỉa	齒	0	
xỉa	𢸡	0	
xỉn	㐱	0	
xỉn	𡂌	0	
xỉnh	省	0	
xỉnh	省	0	
xỉnh	请	0	
xỉnh	請	0	
xỉu	眇	0	
xỉu	𦕈	0	
xỉu	愀	0	
xỉu	𬁀	0	
xỉu	僄	0	
xỉu	𫐽	0	
xị	豉	0	
xịa	豉	0	
xịa	𠽑	0	
xịch	尺	0	
xịch	斥	0	
xịt	哳	0	
xịt	㘉	0	
xịu	悼	0	
xọ	数	0	
xọ	數	0	
xọc	蜀	0	
xọc	擉	0	
xọp	𣼳	0	
xỏ	兔	0	
xỏ	𢯧	0	
xỏ	搝	0	
xỏ	擞	0	
xỏ	擻	0	
xỏ	𢹧	0	
xỏ	𥩍	0	
xỏi	採	0	
xỏm	笘	0	
xỏn	寸	0	
xỏn	屯	0	
xỏn	准	0	
xỏn	準	0	
xỏn	𡆂	0	
xố	𢯧	0	
xố	湨	0	
xốc	六	0	
xốc	促	0	
xốc	捉	0	
xốc	捌	0	
xốc	触	0	
xốc	觸	0	
xối	洷	0	
xối	𣻇	0	
xối	𣾽	0	
xối	㵊	0	
xối	𩄶	0	
xối	𤂬	0	
xốn	寸	0	
xốn	忖	0	
xống	冲	0	
xống	贡	0	
xống	貢	0	
xống	𧚢	0	
xống	𠗸	0	
xống	𧜙	0	
xống	𫌒	0	
xốp	𣐝	0	
xốp	插	0	
xốp	𣙫	0	
xốp	㯿	0	
xồ	粗	0	
xồ	㗙	0	
xồ	𢷯	0	
xồi	毳	0	
xồm	毯	0	
xồm	薝	0	
xồm	𩮕	0	
xồn	吨	0	
xồng	𨅃	0	
xổ	搝	0	
xổ	醜	0	
xổ	擞	0	
xổ	擻	0	
xổi	咥	0	
xổi	悔	0	
xổi	𠾕	0	
xổi	磊	0	
xổi	𡂳	0	
xổi	𩟬	0	
xổm	跕	0	
xổm	踮	0	
xổn	忖	0	
xổn	混	0	
xổn	𤅧	0	
xổng	董	0	
xổng	𡂁	0	
xộc	朔	0	
xộc	触	0	
xộc	觸	0	
xộc	躅	0	
xộn	沌	0	
xộn	𡚃	0	
xộp	劄	0	
xộp	㯿	0	
xộp	鱲	0	
xớ	处	0	
xớ	處	0	
xớ	𠽁	0	
xới	扯	0	
xới	𢗋	0	
xới	𢬿	0	
xới	𣔢	0	
xới	𢱛	0	
xới	𪝻	0	
xớm	篮	0	
xớm	谶	0	
xớm	籃	0	
xớm	讖	0	
xớn	趂	0	
xớn	趁	0	
xớt	跌	0	
xớt	𨧣	0	
xớt	擦	0	
xờ	除	0	
xờ	徐	0	
xờ	疏	0	
xờ	疎	0	
xời	喍	0	
xờm	岑	0	
xờm	移	0	
xờm	笘	0	
xờm	𬇁	0	
xờm	篮	0	
xờm	籃	0	
xở	处	0	
xở	處	0	
xởi	扯	0	
xởi	址	0	
xởi	𢸡	0	
xởn	阐	0	
xởn	闡	0	
xợp	𪵠	0	
xợp	𣼳	0	
xợp	擸	0	
xợt	跌	0	
xợt	踔	0	
xụ	枢	0	
xụ	聚	0	
xụ	樞	0	
xục	亍	0	
xục	㗜	0	
xụi	𨁰	0	
xụng	𦄸	0	
xụp	执	0	
xụp	執	0	
xụt	卒	0	
xụt	湥	0	
xủ	聚	0	
xủi	吹	0	
xủi	咥	0	
xủi	𡍟	0	
xứ	処	0	
xứ	处	0	
xứ	䖏	0	
xứ	處	0	
xứa	庶	0	
xức	拭	0	
xức	聀	0	
xức	职	0	
xức	𢲦	0	
xức	𢁊	0	
xức	職	0	
xức	矗	0	
xứng	秤	0	
xứng	称	0	
xứng	稱	0	
xừ	除	0	
xừ	锄	0	
xừ	鉏	0	
xừ	鋤	0	
xừng	𠦿	0	
xừng	澄	0	
xử	処	0	
xử	处	0	
xử	䖏	0	
xử	處	0	
xửng	拯	0	
xửng	𨃾	0	
y	衤	0	
y	伊	0	
y	衣	0	
y	医	0	
y	依	0	
y	咿	0	
y	猗	0	
y	铱	0	
y	銥	0	
y	漪	0	
y	噫	0	
y	鹥	0	
y	繄	0	
y	毉	0	
y	醫	0	
y	鷖	0	
yêm	奄	0	
yêm	恹	0	
yêm	俺	0	
yêm	㛪	0	
yêm	淊	0	
yêm	阉	0	
yêm	淹	0	
yêm	渰	0	
yêm	腌	0	
yêm	醃	0	
yêm	閹	0	
yêm	懨	0	
yêm	懕	0	
yên	安	0	
yên	烟	0	
yên	案	0	
yên	胭	0	
yên	陻	0	
yên	焉	0	
yên	菸	0	
yên	焱	0	
yên	湮	0	
yên	堙	0	
yên	煙	0	
yên	鄢	0	
yên	嫣	0	
yên	蔫	0	
yên	鞍	0	
yên	㯊	0	
yên	燕	0	
yên	臙	0	
yêng	英	0	
yêu	幺	0	
yêu	夭	0	
yêu	吆	0	
yêu	约	0	
yêu	妖	0	
yêu	㕭	0	
yêu	㤇	0	
yêu	要	0	
yêu	約	0	
yêu	𣍩	0	
yêu	胺	0	
yêu	𢞅	0	
yêu	喓	0	
yêu	腰	0	
yêu	邀	0	
yếm	厌	0	
yếm	𦀫	0	
yếm	裺	0	
yếm	厭	0	
yếm	餍	0	
yếm	𧞣	0	
yếm	饜	0	
yến	咽	0	
yến	宴	0	
yến	晏	0	
yến	𫛩	0	
yến	燕	0	
yến	鴳	0	
yến	嬿	0	
yến	鶠	0	
yến	鷃	0	
yến	讌	0	
yến	醼	0	
yến	鷰	0	
yến	𫋩	0	
yết	轧	0	
yết	軋	0	
yết	咽	0	
yết	谒	0	
yết	揭	0	
yết	楬	0	
yết	歇	0	
yết	蝎	0	
yết	噎	0	
yết	謁	0	
yết	蠍	0	
yếu	夭	0	
yếu	要	0	
yếu	𪽳	0	
yểm	奄	0	
yểm	弇	0	
yểm	埯	0	
yểm	掩	0	
yểm	揜	0	
yểm	罨	0	
yểm	裺	0	
yểm	魇	0	
yểm	嚈	0	
yểm	魘	0	
yểm	黶	0	
yển	偃	0	
yển	堰	0	
yển	蝘	0	
yển	鼴	0	
yển	鼹	0	
yểng	𪅬	0	
yểng	𪆣	0	
yểu	夭	0	
yểu	杳	0	
yểu	殀	0	
yểu	𥥆	0	
yểu	𥥐	0	
yểu	舀	0	
yểu	窈	0	
yểu	偃	0	
zenji	𬒭	0	
à	阿	0	
à	妸	0	
à	呵	0	
à	哬	0	
à	啊	0	
ành	𠸄	0	
ào	𠯻	0	
ào	𬇚	0	
ào	泑	0	
ào	呦	0	
á	襾	0	
á	覀	0	
á	亚	0	
á	西	0	
á	亞	0	
á	妸	0	
á	哑	0	
á	娅	0	
á	啊	0	
á	氩	0	
á	婭	0	
á	痖	0	
á	啞	0	
á	氬	0	
á	瘂	0	
ác	鸦	0	
ác	恶	0	
ác	渥	0	
ác	惡	0	
ác	握	0	
ác	𦝲	0	
ác	鴉	0	
ác	鵶	0	
ác	𪅴	0	
ách	厄	0	
ách	阨	0	
ách	扼	0	
ách	呃	0	
ách	哑	0	
ách	軛	0	
ách	啞	0	
ách	嗌	0	
ách	搤	0	
ách	鐛	0	
ách	鸌	0	
ái	垭	0	
ái	爱	0	
ái	欸	0	
ái	埡	0	
ái	隘	0	
ái	愛	0	
ái	蔼	0	
ái	誒	0	
ái	叆	0	
ái	暧	0	
ái	嬡	0	
ái	噯	0	
ái	薆	0	
ái	懓	0	
ái	曖	0	
ái	餲	0	
ái	藹	0	
ái	霭	0	
ái	靄	0	
ái	靉	0	
ám	揞	0	
ám	喑	0	
ám	暗	0	
ám	腤	0	
ám	闇	0	
ám	𩹎	0	
án	安	0	
án	按	0	
án	咹	0	
án	𢭬	0	
án	案	0	
áng	盎	0	
áng	慃	0	
ánh	映	0	
ánh	暎	0	
ánh	𠸄	0	
ánh	媵	0	
áo	苭	0	
áo	𪥌	0	
áo	呦	0	
áo	袄	0	
áo	奥	0	
áo	奧	0	
áo	隩	0	
áo	靿	0	
áo	懊	0	
áo	襖	0	
áp	压	0	
áp	押	0	
áp	㳌	0	
áp	㛕	0	
áp	鸭	0	
áp	鴨	0	
áp	壓	0	
át	乙	0	
át	𢖮	0	
át	呜	0	
át	咹	0	
át	遏	0	
át	握	0	
át	嗚	0	
át	頞	0	
át	餲	0	
át	𤂷	0	
áy	爱	0	
áy	意	0	
áy	愛	0	
áy	暧	0	
áy	噯	0	
áy	懓	0	
áy	曖	0	
áy	燰	0	
âm	阥	0	
âm	阴	0	
âm	音	0	
âm	陰	0	
âm	隂	0	
âm	喑	0	
âm	萻	0	
âm	傳	0	
âm	𤋾	0	
âm	瘖	0	
âm	窨	0	
ân	㤙	0	
ân	恩	0	
ân	殷	0	
ân	慇	0	
âu	区	0	
âu	幼	0	
âu	讴	0	
âu	怄	0	
âu	呕	0	
âu	忧	0	
âu	瓯	0	
âu	怮	0	
âu	呦	0	
âu	欧	0	
âu	鸥	0	
âu	區	0	
âu	慪	0	
âu	嘔	0	
âu	漚	0	
âu	甌	0	
âu	鴎	0	
âu	歐	0	
âu	憂	0	
âu	謳	0	
âu	𤮥	0	
âu	鷗	0	
ãm	𢶽	0	
è	衣	0	
è	咿	0	
è	𠲖	0	
èo	夭	0	
èo	妖	0	
é	衣	0	
é	薏	0	
éc	噁	0	
ém	掩	0	
én	燕	0	
én	䴏	0	
én	𫋩	0	
éo	要	0	
éo	𢰳	0	
éo	喓	0	
éo	𢞅	0	
ép	押	0	
ép	抽	0	
ép	𠶟	0	
ép	𢹥	0	
ét	𠮙	0	
ét	押	0	
ét	谒	0	
ét	謁	0	
ê	衣	0	
ê	𠲖	0	
ê	𠵱	0	
ê	𤷴	0	
ê	醯	0	
êm	厌	0	
êm	奄	0	
êm	俺	0	
êm	㛪	0	
êm	淹	0	
êm	掩	0	
êm	㤿	0	
êm	腌	0	
êm	𪪅	0	
êm	厭	0	
êu	㕭	0	
ì	伊	0	
ì	衣	0	
ì	𥑴	0	
ình	英	0	
í	衣	0	
ích	益	0	
ích	嗌	0	
ích	镒	0	
ích	鎰	0	
ím	喑	0	
ín	𬏥	0	
ính	緓	0	
ít	乙	0	
ít	𠃝	0	
ít	𠃣	0	
òi	喂	0	
òi	㾯	0	
òng	翁	0	
ó	鵶	0	
ó	𪅴	0	
óc	沃	0	
óc	𠴎	0	
óc	喔	0	
óc	腛	0	
óc	𫘴	0	
óc	𩠭	0	
óc	𫇂	0	
ói	喂	0	
ói	𣾿	0	
ón	稳	0	
ón	穩	0	
óng	翁	0	
óng	𦰠	0	
óng	嗡	0	
óng	鞅	0	
óng	𬙺	0	
óp	邑	0	
óp	浥	0	
ót	𠃱	0	
ót	𡮒	0	
ót	𣜶	0	
ô	乌	0	
ô	汚	0	
ô	汙	0	
ô	圬	0	
ô	污	0	
ô	呜	0	
ô	杇	0	
ô	於	0	
ô	钨	0	
ô	洿	0	
ô	烏	0	
ô	捂	0	
ô	溩	0	
ô	𢄓	0	
ô	摀	0	
ô	嗚	0	
ô	𦶀	0	
ô	㮧	0	
ô	鎢	0	
ôi	隈	0	
ôi	偎	0	
ôi	喂	0	
ôi	渨	0	
ôi	椳	0	
ôi	煨	0	
ôi	𦞏	0	
ôi	燰	0	
ôm	掩	0	
ôm	愔	0	
ôm	揞	0	
ôn	温	0	
ôn	熅	0	
ôn	瘟	0	
ôn	鳁	0	
ôn	鰛	0	
ông	𪪳	0	
ông	翁	0	
ông	嗡	0	
ông	螉	0	
ông	䈵	0	
ông	鶲	0	
õng	慃	0	
õng	䐥	0	
ù	幽	0	
ù	𠶑	0	
ù	㗀	0	
ùa	呙	0	
ùa	咼	0	
ùm	湆	0	
ùm	喑	0	
ùn	揾	0	
ùn	熅	0	
ú	呜	0	
ú	啂	0	
ú	嗚	0	
ú	噁	0	
ú	𦠲	0	
ú	𥻼	0	
ú	𥼳	0	
úa	恶	0	
úa	惡	0	
úa	𪹪	0	
úa	𦼇	0	
úa	癋	0	
úc	㖪	0	
úc	喐	0	
úc	懊	0	
úc	澳	0	
úc	燠	0	
úc	䐿	0	
úc	𩼈	0	
úi	喂	0	
úm	唵	0	
ún	温	0	
ún	熅	0	
úng	瓮	0	
úng	雍	0	
úng	甕	0	
úng	𤃟	0	
úng	𡄐	0	
úp	挹	0	
úp	𧠅	0	
út	乙	0	
út	𠃝	0	
út	𧰦	0	
út	𠃷	0	
út	崴	0	
ý	𧘇	0	
ý	衣	0	
ý	意	0	
ý	㦉	0	
ý	薏	0	
ý	镱	0	
ý	饐	0	
ý	鐿	0	
ý	懿	0	
ý	鷾	0	
ăm	奄	0	
ăm	音	0	
ăn	安	0	
ăn	咹	0	
ăn	𫃀	0	
ăn	𩛖	0	
ăn	𫗒	0	
ăng	盎	0	
ăng	隐	0	
ăng	隱	0	
đa	多	0	
đa	枷	0	
đa	栘	0	
đa	𥹠	0	
đa	𪀓	0	
đai	大	0	
đai	帒	0	
đai	岱	0	
đai	带	0	
đai	帶	0	
đai	𪥔	0	
đai	摕	0	
đai	墆	0	
đai	𥛣	0	
đai	䙊	0	
đai	𧜵	0	
đam	丹	0	
đam	担	0	
đam	眈	0	
đam	耼	0	
đam	耽	0	
đam	聃	0	
đam	躭	0	
đam	酖	0	
đam	湛	0	
đam	儋	0	
đan	丹	0	
đan	单	0	
đan	𣲹	0	
đan	拦	0	
đan	弹	0	
đan	掸	0	
đan	殚	0	
đan	單	0	
đan	箪	0	
đan	撣	0	
đan	彈	0	
đan	殫	0	
đan	襌	0	
đan	簞	0	
đan	攔	0	
đang	东	0	
đang	当	0	
đang	同	0	
đang	東	0	
đang	档	0	
đang	裆	0	
đang	當	0	
đang	檔	0	
đang	襠	0	
đanh	仃	0	
đanh	疔	0	
đanh	钉	0	
đanh	釘	0	
đao	刀	0	
đao	刂	0	
đao	艻	0	
đao	叨	0	
đao	忉	0	
đao	𣱼	0	
đao	釖	0	
đao	𬀶	0	
đao	魛	0	
đao	⺈	0	
đao	đứng	刂	0	
đau	刀	0	
đau	叨	0	
đau	忉	0	
đau	𤴬	0	
đau	𠲢	0	
đau	茤	0	
đau	唒	0	
đay	低	0	
đay	𠴓	0	
đay	𦰣	0	
đay	㭽	0	
đay	蔕	0	
đay	𦷾	0	
đe	低	0	
đe	哆	0	
đe	砥	0	
đe	𠴓	0	
đe	𠽮	0	
đem	冘	0	
đem	抌	0	
đem	𨑴	0	
đem	𨑻	0	
đem	酖	0	
đem	躭	0	
đen	颠	0	
đen	顛	0	
đen	𬹙	0	
đen	黰	0	
đen	𪓇	0	
đeo	刀	0	
đeo	刁	0	
đeo	㧅	0	
đeo	鸟	0	
đeo	𫼔	0	
đeo	鳥	0	
đeo	撩	0	
đi	多	0	
đi	迻	0	
đi	𪠞	0	
đi	𠫾	0	
đi	𨀕	0	
đi	𫺲	0	
đin	𡊰	0	
đinh	丁	0	
đinh	仃	0	
đinh	叮	0	
đinh	艼	0	
đinh	汀	0	
đinh	玎	0	
đinh	盯	0	
đinh	钉	0	
đinh	疔	0	
đinh	耵	0	
đinh	釘	0	
đinh	靪	0	
điu	𠰀	0	
điu	虭	0	
điu	调	0	
điu	蛁	0	
điu	調	0	
điu	𧐸	0	
điu	𧔿	0	
điêm	掂	0	
điêm	𩬑	0	
điên	敁	0	
điên	傎	0	
điên	颠	0	
điên	蹎	0	
điên	顛	0	
điên	癫	0	
điên	癲	0	
điêu	刁	0	
điêu	叼	0	
điêu	丢	0	
điêu	佻	0	
điêu	㹦	0	
điêu	岧	0	
điêu	凋	0	
điêu	铫	0	
điêu	彫	0	
điêu	蛁	0	
điêu	貂	0	
điêu	碉	0	
điêu	銚	0	
điêu	䳂	0	
điêu	雕	0	
điêu	鲷	0	
điêu	鼦	0	
điêu	鯛	0	
điêu	鵰	0	
điếc	的	0	
điếc	𤷭	0	
điếc	𦖡	0	
điếc	𦖑	0	
điếc	𦗽	0	
điếm	㓠	0	
điếm	阽	0	
điếm	店	0	
điếm	怗	0	
điếm	坫	0	
điếm	玷	0	
điếm	炶	0	
điếm	垫	0	
điếm	唸	0	
điếm	掂	0	
điếm	惦	0	
điếm	墊	0	
điến	淟	0	
điến	癜	0	
điếng	叮	0	
điếng	顶	0	
điếng	典	0	
điếng	頂	0	
điếng	殿	0	
điếp	惵	0	
điếu	弔	0	
điếu	斗	0	
điếu	吊	0	
điếu	钓	0	
điếu	釣	0	
điếu	葯	0	
điềm	兆	0	
điềm	恬	0	
điềm	胋	0	
điềm	甜	0	
điềm	菾	0	
điềm	憺	0	
điền	田	0	
điền	甸	0	
điền	佃	0	
điền	畋	0	
điền	钿	0	
điền	搷	0	
điền	鈿	0	
điền	填	0	
điền	滇	0	
điền	嗔	0	
điều	条	0	
điều	迢	0	
điều	條	0	
điều	调	0	
điều	绸	0	
điều	䌷	0	
điều	笤	0	
điều	龆	0	
điều	綢	0	
điều	樤	0	
điều	髫	0	
điều	調	0	
điều	縧	0	
điều	齠	0	
điều	鰷	0	
điểm	点	0	
điểm	踮	0	
điểm	點	0	
điển	典	0	
điển	殄	0	
điển	碘	0	
điển	痶	0	
điểu	鸟	0	
điểu	刟	0	
điểu	窎	0	
điểu	𪸧	0	
điểu	鳥	0	
điểu	窵	0	
điễn	㥏	0	
điễn	觍	0	
điễn	覥	0	
điệm	店	0	
điệm	坫	0	
điệm	炶	0	
điệm	唸	0	
điệm	簟	0	
điện	电	0	
điện	淀	0	
điện	䋎	0	
điện	奠	0	
điện	殿	0	
điện	電	0	
điện	靛	0	
điện	澱	0	
điện	癜	0	
điệp	挕	0	
điệp	谍	0	
điệp	喋	0	
điệp	惵	0	
điệp	堞	0	
điệp	叠	0	
điệp	牒	0	
điệp	蜨	0	
điệp	碟	0	
điệp	蝶	0	
điệp	𠿚	0	
điệp	褶	0	
điệp	蹀	0	
điệp	諜	0	
điệp	鲽	0	
điệp	鰈	0	
điệp	疊	0	
điệt	侄	0	
điệt	迭	0	
điệt	姪	0	
điệt	垤	0	
điệt	昳	0	
điệt	瓞	0	
điệt	蛭	0	
điệt	耋	0	
điệt	跌	0	
điệt	墆	0	
điệu	调	0	
điệu	掉	0	
điệu	悼	0	
điệu	窕	0	
điệu	調	0	
đo	妬	0	
đo	拓	0	
đo	度	0	
đo	都	0	
đo	𢵋	0	
đo	𡳤	0	
đo	𡳣	0	
đo	𡳢	0	
đoan	耑	0	
đoan	湍	0	
đoan	端	0	
đom	䏙	0	
đom	㶩	0	
đon	屯	0	
đon	迍	0	
đon	扽	0	
đon	顿	0	
đon	敦	0	
đon	頓	0	
đon	噋	0	
đong	冬	0	
đong	𨒟	0	
đong	咚	0	
đong	𢫝	0	
đong	𣁲	0	
đong	㨂	0	
đong	鮗	0	
đoài	兑	0	
đoàn	团	0	
đoàn	抟	0	
đoàn	段	0	
đoàn	椴	0	
đoàn	锻	0	
đoàn	摶	0	
đoàn	團	0	
đoàn	鍛	0	
đoàn	糰	0	
đoàng	堂	0	
đoàng	嘡	0	
đoàng	𪺃	0	
đoành	㷚	0	
đoá	朶	0	
đoá	朵	0	
đoá	剁	0	
đoá	刴	0	
đoá	垛	0	
đoá	垜	0	
đoá	桗	0	
đoá	挫	0	
đoá	𤉛	0	
đoá	躱	0	
đoá	躲	0	
đoá	𮃄	0	
đoái	兑	0	
đoái	祱	0	
đoái	𥆟	0	
đoán	断	0	
đoán	煅	0	
đoán	簖	0	
đoán	斷	0	
đoán	籪	0	
đoóc	笃	0	
đoóc	篤	0	
đoạ	𬯄	0	
đoạ	堕	0	
đoạ	惰	0	
đoạ	墮	0	
đoạ	鬌	0	
đoạn	段	0	
đoạn	断	0	
đoạn	缎	0	
đoạn	緞	0	
đoạn	斷	0	
đoạt	夺	0	
đoạt	奪	0	
đoả	挅	0	
đoản	短	0	
đoảng	恍	0	
đoảng	党	0	
đoảng	𣺼	0	
đoảng	黨	0	
đu	攸	0	
đu	都	0	
đu	悠	0	
đu	𢵋	0	
đu	𣛭	0	
đu	𣛦	0	
đu	鞦	0	
đua	都	0	
đua	嘟	0	
đua	𢵋	0	
đua	𨅮	0	
đui	𥊖	0	
đui	𡳪	0	
đun	杶	0	
đun	焞	0	
đun	敦	0	
đun	撴	0	
đun	燉	0	
đuã	𥮊	0	
đuôi	堆	0	
đuôi	𡳪	0	
đuôi	𡓋	0	
đuông	𫉓	0	
đuông	𧑒	0	
đuông	蟷	0	
đuềnh	忊	0	
đuềnh	渟	0	
đuềnh	𢝜	0	
đuểnh	顶	0	
đuểnh	頂	0	
đuốc	𤆷	0	
đuốc	烛	0	
đuốc	燭	0	
đuốc	𤒘	0	
đuối	𪶊	0	
đuối	涗	0	
đuối	濧	0	
đuối	𤻫	0	
đuối	𬉪	0	
đuối	𩼷	0	
đuối	𩼸	0	
đuổi	対	0	
đuổi	𨒻	0	
đuổi	𠲝	0	
đuổi	𢬭	0	
đuổi	𧻐	0	
đuổi	嚉	0	
đuổi	𬩛	0	
đuổi	𨘗	0	
đuổi	𨆏	0	
đuổi	𨆷	0	
đuổi	𩧍	0	
đuỗn	短	0	
đuột	突	0	
đà	它	0	
đà	㐌	0	
đà	驮	0	
đà	陀	0	
đà	佗	0	
đà	坨	0	
đà	拖	0	
đà	咜	0	
đà	沲	0	
đà	拕	0	
đà	沱	0	
đà	驼	0	
đà	柁	0	
đà	砣	0	
đà	鸵	0	
đà	舵	0	
đà	跎	0	
đà	酡	0	
đà	𧹟	0	
đà	跺	0	
đà	馱	0	
đà	跥	0	
đà	駝	0	
đà	鴕	0	
đà	鼧	0	
đà	𨭥	0	
đài	台	0	
đài	骀	0	
đài	抬	0	
đài	苔	0	
đài	炲	0	
đài	䑓	0	
đài	鲐	0	
đài	𦥄	0	
đài	臺	0	
đài	駘	0	
đài	鮐	0	
đài	薹	0	
đài	擡	0	
đài	檯	0	
đàm	昙	0	
đàm	荨	0	
đàm	谈	0	
đàm	覃	0	
đàm	㴷	0	
đàm	痰	0	
đàm	锬	0	
đàm	潭	0	
đàm	蕁	0	
đàm	談	0	
đàm	錟	0	
đàm	曇	0	
đàm	譚	0	
đàn	坍	0	
đàn	坛	0	
đàn	𡊨	0	
đàn	𣐙	0	
đàn	弹	0	
đàn	亶	0	
đàn	彈	0	
đàn	樿	0	
đàn	壇	0	
đàn	燀	0	
đàn	檀	0	
đàn	罈	0	
đàng	唐	0	
đàng	塘	0	
đành	仃	0	
đành	忊	0	
đành	亭	0	
đành	停	0	
đành	𠷥	0	
đành	𢝜	0	
đành	溋	0	
đào	佻	0	
đào	迯	0	
đào	逃	0	
đào	咷	0	
đào	姚	0	
đào	桃	0	
đào	陶	0	
đào	𣑯	0	
đào	涛	0	
đào	萄	0	
đào	淘	0	
đào	掏	0	
đào	啕	0	
đào	髫	0	
đào	鋾	0	
đào	濤	0	
đào	𡒘	0	
đày	台	0	
đày	低	0	
đày	苔	0	
đày	𬨴	0	
đày	𢰥	0	
đày	𨃐	0	
đá	坧	0	
đá	𥒥	0	
đá	跢	0	
đác	达	0	
đác	度	0	
đác	铎	0	
đác	笪	0	
đác	得	0	
đác	達	0	
đác	渡	0	
đác	鐸	0	
đái	带	0	
đái	递	0	
đái	帶	0	
đái	遞	0	
đái	滯	0	
đái	戴	0	
đám	店	0	
đám	坫	0	
đám	炶	0	
đám	盎	0	
đám	酖	0	
đám	𡌽	0	
đám	潭	0	
đán	旦	0	
đán	石	0	
đán	担	0	
đán	𭖌	0	
đáng	旦	0	
đáng	当	0	
đáng	挡	0	
đáng	𬐉	0	
đáng	登	0	
đáng	當	0	
đáng	𠎬	0	
đáng	擋	0	
đáng	澢	0	
đáng	镫	0	
đáng	鐙	0	
đáng	攩	0	
đánh	打	0	
đánh	𢱏	0	
đáo	到	0	
đáo	桃	0	
đáo	帱	0	
đáo	𣑯	0	
đáo	𠴼	0	
đáo	幬	0	
đáp	荅	0	
đáp	㾑	0	
đáp	搭	0	
đáp	嗒	0	
đáp	答	0	
đáp	瘩	0	
đáp	褡	0	
đáp	撘	0	
đáp	𨅞	0	
đát	达	0	
đát	妲	0	
đát	怛	0	
đát	哒	0	
đát	炟	0	
đát	笪	0	
đát	達	0	
đát	靼	0	
đát	噠	0	
đáu	酉	0	
đáu	到	0	
đáu	𠲢	0	
đáu	唒	0	
đáu	𠴼	0	
đáu	道	0	
đáy	底	0	
đáy	带	0	
đáy	𡌠	0	
đáy	帶	0	
đáy	𣷳	0	
đáy	𦨢	0	
đáy	渧	0	
đáy	滯	0	
đáy	𤀐	0	
đáy	𢋠	0	
đáy	𢋴	0	
đáy	𭏅	0	
đâm	冘	0	
đâm	𠛌	0	
đâm	抌	0	
đâm	𠜭	0	
đâm	𢭽	0	
đâm	鈂	0	
đâm	擔	0	
đâm	𨄁	0	
đâm	𨮊	0	
đâng	镫	0	
đâng	鐙	0	
đâu	叨	0	
đâu	丢	0	
đâu	𫤩	0	
đâu	兜	0	
đâu	𨁋	0	
đâu	𦄓	0	
đây	低	0	
đây	底	0	
đã	㐌	0	
đã	吔	0	
đã	拖	0	
đã	诸	0	
đã	諸	0	
đãi	歹	0	
đãi	代	0	
đãi	迨	0	
đãi	隶	0	
đãi	殆	0	
đãi	怠	0	
đãi	待	0	
đãi	逮	0	
đãi	𣹘	0	
đãi	叇	0	
đãi	靆	0	
đãn	但	0	
đãn	掸	0	
đãn	撣	0	
đãng	宕	0	
đãng	荡	0	
đãng	烫	0	
đãng	菪	0	
đãng	蕩	0	
đãng	盪	0	
đãng	簜	0	
đãy	𢂌	0	
đãy	帒	0	
đãy	袊	0	
đãy	袋	0	
đãy	𧛶	0	
đè	提	0	
đè	碮	0	
đèn	灯	0	
đèn	炳	0	
đèn	畑	0	
đèn	𪸸	0	
đèn	燈	0	
đèo	刀	0	
đèo	刁	0	
đèo	㧅	0	
đèo	岧	0	
đèo	岹	0	
đèo	𡸇	0	
đèo	𢸛	0	
đé	底	0	
đé	蒂	0	
đém	玷	0	
đém	点	0	
đém	點	0	
đén	淟	0	
đéo	刀	0	
đéo	鸟	0	
đéo	𦛉	0	
đéo	鳥	0	
đéo	㨶	0	
đéo	𡡅	0	
đép	牒	0	
đép	𤗽	0	
đét	妲	0	
đét	的	0	
đét	担	0	
đét	怛	0	
đét	𪸽	0	
đét	𬃱	0	
đét	𬄮	0	
đê	氐	0	
đê	杕	0	
đê	低	0	
đê	帝	0	
đê	羝	0	
đê	隄	0	
đê	堤	0	
đê	𠽮	0	
đêm	店	0	
đêm	点	0	
đêm	胋	0	
đêm	𣈘	0	
đêm	𣈔	0	
đêm	𣎀	0	
đêm	最	0	
đêm	𡖵	0	
đêm	點	0	
đênh	丁	0	
đênh	汀	0	
đêu	彫	0	
đì	㫝	0	
đì	胝	0	
đì	提	0	
đì	𠽮	0	
đìa	池	0	
đìa	𣾸	0	
đìa	𤄭	0	
đình	仃	0	
đình	廷	0	
đình	莚	0	
đình	庭	0	
đình	亭	0	
đình	停	0	
đình	葶	0	
đình	婷	0	
đình	蜓	0	
đình	𦀚	0	
đình	霆	0	
đình	諪	0	
đình	鼮	0	
đìu	条	0	
đìu	條	0	
đìu	调	0	
đìu	調	0	
đí	𬇉	0	
đí	帝	0	
đích	的	0	
đích	菂	0	
đích	嫡	0	
đích	嘀	0	
đích	镝	0	
đích	鏑	0	
đính	订	0	
đính	饤	0	
đính	钉	0	
đính	顶	0	
đính	訂	0	
đính	飣	0	
đính	釘	0	
đính	頂	0	
đính	椗	0	
đính	碇	0	
đính	嵿	0	
đít	的	0	
đít	𦝂	0	
đít	𦝇	0	
đít	𤷭	0	
đít	𦡯	0	
đíu	𠰀	0	
đò	徒	0	
đò	渡	0	
đò	𣺺	0	
đò	艔	0	
đò	𨗊	0	
đò	𦪂	0	
đòi	队	0	
đòi	隊	0	
đòi	堆	0	
đòi	𠸌	0	
đòi	𢢊	0	
đòi	𠾕	0	
đòi	𡡦	0	
đòi	𠐬	0	
đòi	𨅷	0	
đòm	𦗌	0	
đòn	屯	0	
đòn	扽	0	
đòn	杶	0	
đòn	𤵊	0	
đòng	同	0	
đòng	茼	0	
đòng	铜	0	
đòng	秲	0	
đòng	秱	0	
đòng	粡	0	
đòng	銅	0	
đó	妬	0	
đó	拓	0	
đó	帝	0	
đó	𪥾	0	
đó	𣔧	0	
đó	𪦆	0	
đó	𥯉	0	
đói	对	0	
đói	𠲝	0	
đói	𩛜	0	
đói	𩟡	0	
đóm	炶	0	
đóm	点	0	
đóm	𧍈	0	
đóm	𧏱	0	
đóm	點	0	
đón	迍	0	
đón	扽	0	
đón	顿	0	
đón	断	0	
đón	𣔝	0	
đón	頓	0	
đón	𨂚	0	
đón	噋	0	
đón	蝢	0	
đón	燉	0	
đón	斷	0	
đón	䠣	0	
đóng	冻	0	
đóng	𢫝	0	
đóng	栋	0	
đóng	凍	0	
đóng	㨂	0	
đóng	棟	0	
đót	葖	0	
đót	𣔻	0	
đô	都	0	
đô	喥	0	
đô	嘟	0	
đô	𥳉	0	
đôi	队	0	
đôi	对	0	
đôi	隊	0	
đôi	堆	0	
đôi	碓	0	
đôi	對	0	
đôm	沓	0	
đôn	屯	0	
đôn	扽	0	
đôn	炖	0	
đôn	惇	0	
đôn	敦	0	
đôn	墩	0	
đôn	燉	0	
đôn	撉	0	
đôn	蹲	0	
đông	冬	0	
đông	东	0	
đông	冻	0	
đông	東	0	
đông	𨒟	0	
đông	咚	0	
đông	苳	0	
đông	氡	0	
đông	栋	0	
đông	胨	0	
đông	疼	0	
đông	鸫	0	
đông	凍	0	
đông	埬	0	
đông	𬨮	0	
đông	棟	0	
đông	氭	0	
đông	腖	0	
đông	鶇	0	
đù	度	0	
đù	𡀤	0	
đù	鮽	0	
đùa	抠	0	
đùa	嘟	0	
đùa	𢟎	0	
đùa	摳	0	
đùa	𢴉	0	
đùi	𦟿	0	
đùi	𨄟	0	
đùi	𦢶	0	
đùm	衴	0	
đùm	潭	0	
đùm	撢	0	
đùm	𧝓	0	
đùm	𦅰	0	
đùn	屯	0	
đùn	𡶁	0	
đùn	吨	0	
đùn	扽	0	
đùn	炖	0	
đùn	𧉙	0	
đùn	𩂄	0	
đùn	敦	0	
đùn	蝩	0	
đùn	撴	0	
đùn	𡑓	0	
đùng	同	0	
đùng	哃	0	
đùng	洞	0	
đùng	𪔚	0	
đú	妒	0	
đú	妬	0	
đúc	拙	0	
đúc	𢱝	0	
đúc	镯	0	
đúc	𡓞	0	
đúc	𤒘	0	
đúc	鐲	0	
đúc	𥽪	0	
đúc	𨯹	0	
đúc	𩟵	0	
đúc	𬴓	0	
đúm	坫	0	
đúm	炶	0	
đúm	𠸞	0	
đúm	撴	0	
đún	屯	0	
đún	顿	0	
đún	頓	0	
đúng	中	0	
đúng	栋	0	
đúng	棟	0	
đúng	董	0	
đút	揬	0	
đút	賥	0	
đăm	沈	0	
đăm	抌	0	
đăm	眈	0	
đăm	耽	0	
đăm	潭	0	
đăng	灯	0	
đăng	登	0	
đăng	澄	0	
đăng	燈	0	
đăng	镫	0	
đăng	䔲	0	
đăng	簦	0	
đăng	𤮘	0	
đăng	鐙	0	
đăng	䮴	0	
đĩ	𡚦	0	
đĩ	妓	0	
đĩ	𡛜	0	
đĩ	𡜤	0	
đĩ	𡞖	0	
đĩa	𥐨	0	
đĩa	𡌡	0	
đĩa	𥒦	0	
đĩa	𥒥	0	
đĩa	𥒃	0	
đĩa	牒	0	
đĩa	𥓵	0	
đĩa	碟	0	
đĩa	𥖢	0	
đĩnh	丁	0	
đĩnh	钉	0	
đĩnh	挺	0	
đĩnh	釘	0	
đĩnh	腚	0	
đĩnh	艇	0	
đĩnh	锭	0	
đĩnh	鋌	0	
đĩnh	錠	0	
đũa	杜	0	
đũa	筷	0	
đũa	𥮊	0	
đũa	𪳌	0	
đũa	箸	0	
đũi	𦅭	0	
đũi	𦆹	0	
đũng	恸	0	
đũng	裆	0	
đũng	董	0	
đũng	慟	0	
đũng	𫷐	0	
đũng	𬡬	0	
đũng	𧜻	0	
đũng	襠	0	
đơ	多	0	
đơm	眈	0	
đơm	𢲠	0	
đơm	𢳞	0	
đơn	丹	0	
đơn	单	0	
đơn	疸	0	
đơn	單	0	
đư	𣴙	0	
đưa	拸	0	
đưa	迻	0	
đưa	𫯖	0	
đương	当	0	
đương	铛	0	
đương	當	0	
đương	擋	0	
đương	蟷	0	
đương	鐺	0	
đước	特	0	
đước	㯖	0	
đười	代	0	
đười	𤠂	0	
đười	臺	0	
đười	𤢬	0	
đườn	𨱪	0	
đườn	壇	0	
đườn	𨲷	0	
đường	饧	0	
đường	唐	0	
đường	堂	0	
đường	棠	0	
đường	溏	0	
đường	搪	0	
đường	塘	0	
đường	榶	0	
đường	磄	0	
đường	膛	0	
đường	糖	0	
đường	镗	0	
đường	醣	0	
đường	餳	0	
đường	螳	0	
đường	鏜	0	
đưỡn	胆	0	
được	持	0	
được	待	0	
được	特	0	
được	得	0	
đượm	𬊊	0	
đượm	淡	0	
đượm	㷋	0	
đạc	度	0	
đạc	铎	0	
đạc	喥	0	
đạc	渡	0	
đạc	踱	0	
đạc	鐸	0	
đạch	划	0	
đạch	劃	0	
đại	大	0	
đại	代	0	
đại	杕	0	
đại	𠰺	0	
đại	帒	0	
đại	岱	0	
đại	玳	0	
đại	軑	0	
đại	袋	0	
đại	埭	0	
đại	瑇	0	
đại	𡐡	0	
đại	黛	0	
đạm	啗	0	
đạm	啖	0	
đạm	惔	0	
đạm	淡	0	
đạm	啿	0	
đạm	氮	0	
đạm	窞	0	
đạm	噉	0	
đạm	𠻪	0	
đạm	嘬	0	
đạm	憺	0	
đạm	禫	0	
đạm	𣛱	0	
đạm	霮	0	
đạn	弹	0	
đạn	惮	0	
đạn	䃅	0	
đạn	僤	0	
đạn	憚	0	
đạn	彈	0	
đạn	磾	0	
đạo	导	0	
đạo	盗	0	
đạo	道	0	
đạo	盜	0	
đạo	導	0	
đạo	稻	0	
đạo	蹈	0	
đạp	沓	0	
đạp	耷	0	
đạp	㧺	0	
đạp	㭼	0	
đạp	遝	0	
đạp	踏	0	
đạp	蹅	0	
đạp	蹋	0	
đạt	达	0	
đạt	哒	0	
đạt	逹	0	
đạt	達	0	
đạt	噠	0	
đả	打	0	
đả	灺	0	
đả	炧	0	
đả	柁	0	
đảm	担	0	
đảm	怛	0	
đảm	胆	0	
đảm	疸	0	
đảm	薝	0	
đảm	擔	0	
đảm	膽	0	
đản	但	0	
đản	诞	0	
đản	钽	0	
đản	疍	0	
đản	袒	0	
đản	疸	0	
đản	掸	0	
đản	蛋	0	
đản	瘅	0	
đản	誕	0	
đản	鉭	0	
đản	撣	0	
đản	撢	0	
đản	𧩙	0	
đản	䜥	0	
đản	癉	0	
đảng	党	0	
đảng	谠	0	
đảng	黨	0	
đảng	讜	0	
đảnh	顶	0	
đảnh	頂	0	
đảo	岛	0	
đảo	到	0	
đảo	倒	0	
đảo	捣	0	
đảo	島	0	
đảo	焘	0	
đảo	捯	0	
đảo	祷	0	
đảo	搗	0	
đảo	㨶	0	
đảo	擣	0	
đảo	燾	0	
đảo	禱	0	
đảy	待	0	
đấm	抌	0	
đấm	捻	0	
đấm	𢶸	0	
đấng	当	0	
đấng	等	0	
đấng	當	0	
đấng	𠎬	0	
đấng	𨅸	0	
đấng	𨯷	0	
đất	坦	0	
đất	怛	0	
đất	待	0	
đất	𡐙	0	
đấu	斗	0	
đấu	𫔯	0	
đấu	鬥	0	
đấu	鬦	0	
đấu	𨶜	0	
đấu	鬪	0	
đấu	鬭	0	
đấy	帝	0	
đấy	蒂	0	
đầm	淡	0	
đầm	淫	0	
đầm	潭	0	
đần	仃	0	
đần	屯	0	
đần	掸	0	
đần	𠽂	0	
đần	𢠈	0	
đần	𢠤	0	
đần	𬑫	0	
đầu	亠	0	
đầu	头	0	
đầu	投	0	
đầu	姚	0	
đầu	㪗	0	
đầu	骰	0	
đầu	頭	0	
đầu	䕱	0	
đầy	台	0	
đầy	苔	0	
đầy	菭	0	
đầy	提	0	
đầy	𣹓	0	
đầy	𪞅	0	
đầy	𨃐	0	
đầy	𠫆	0	
đầy	𠫅	0	
đầy	𧀟	0	
đẩu	斗	0	
đẩu	阧	0	
đẩu	抖	0	
đẩu	陡	0	
đẩu	蚪	0	
đẩy	𢩽	0	
đẩy	𢩵	0	
đẩy	底	0	
đẩy	待	0	
đẩy	悌	0	
đẩy	掋	0	
đẩy	𢱜	0	
đẫm	沉	0	
đẫm	担	0	
đẫm	淫	0	
đẫm	淡	0	
đẫm	𨤮	0	
đẫm	踸	0	
đẫn	瘅	0	
đẫn	癉	0	
đẫn	𬑫	0	
đẫy	𠰺	0	
đẫy	帒	0	
đẫy	待	0	
đẫy	悌	0	
đẫy	𦞒	0	
đậm	沈	0	
đậm	湛	0	
đậm	潭	0	
đận	惮	0	
đận	弹	0	
đận	憚	0	
đận	彈	0	
đập	扱	0	
đập	拉	0	
đập	拾	0	
đập	㧺	0	
đập	㭼	0	
đập	𡏽	0	
đập	摺	0	
đập	撘	0	
đật	达	0	
đật	坦	0	
đật	達	0	
đậu	杜	0	
đậu	豆	0	
đậu	饾	0	
đậu	读	0	
đậu	荳	0	
đậu	逗	0	
đậu	梄	0	
đậu	脰	0	
đậu	痘	0	
đậu	窦	0	
đậu	𨁋	0	
đậu	餖	0	
đậu	竇	0	
đậu	讀	0	
đậu	𭔰	0	
đậy	𢫙	0	
đậy	𠰺	0	
đậy	帒	0	
đậy	待	0	
đậy	𠸤	0	
đậy	𩂠	0	
đắc	得	0	
đắc	锝	0	
đắc	𬈫	0	
đắc	鍀	0	
đắm	沈	0	
đắm	沉	0	
đắm	耽	0	
đắm	𣺻	0	
đắm	㴷	0	
đắm	𣿇	0	
đắn	旦	0	
đắn	怛	0	
đắn	担	0	
đắn	捵	0	
đắng	邓	0	
đắng	登	0	
đắng	凳	0	
đắng	鄧	0	
đắng	墱	0	
đắng	𡂱	0	
đắng	䔲	0	
đắng	櫈	0	
đắng	蹬	0	
đắng	𨐸	0	
đắng	𡃻	0	
đắng	𧃵	0	
đắp	扱	0	
đắp	拉	0	
đắp	垥	0	
đắp	搭	0	
đắp	塔	0	
đắp	揲	0	
đắp	撘	0	
đắp	㙮	0	
đắt	坦	0	
đắt	担	0	
đắt	怛	0	
đắt	得	0	
đắt	𠶒	0	
đắt	𧶬	0	
đắt	𠿲	0	
đằm	淫	0	
đằm	潭	0	
đằn	寅	0	
đằn	弹	0	
đằn	彈	0	
đằng	唐	0	
đằng	誊	0	
đằng	腾	0	
đằng	噔	0	
đằng	滕	0	
đằng	縢	0	
đằng	螣	0	
đằng	謄	0	
đằng	藤	0	
đằng	騰	0	
đằng	䲢	0	
đằng	籐	0	
đằng	鰧	0	
đằng	虅	0	
đằng	𥸎	0	
đẳng	等	0	
đẳng	戥	0	
đẵm	沉	0	
đẵm	沈	0	
đẵm	担	0	
đẵm	𬈓	0	
đẵn	怛	0	
đẵn	担	0	
đẵn	𠜬	0	
đẵn	𢭱	0	
đẵn	𨧝	0	
đẵng	荡	0	
đẵng	鄧	0	
đẵng	蕩	0	
đặc	特	0	
đặm	淡	0	
đặn	惮	0	
đặn	𬊤	0	
đặn	䃅	0	
đặn	憚	0	
đặn	磾	0	
đặng	邓	0	
đặng	鄧	0	
đặng	墱	0	
đặng	镫	0	
đặng	蹬	0	
đặng	鐙	0	
đặt	达	0	
đặt	迭	0	
đặt	哒	0	
đặt	挞	0	
đặt	读	0	
đặt	達	0	
đặt	噠	0	
đặt	撻	0	
đặt	讀	0	
đẹn	痶	0	
đẹn	𢵫	0	
đẹn	㩔	0	
đẹn	癜	0	
đẹp	叶	0	
đẹp	惵	0	
đẹp	葉	0	
đẹp	牒	0	
đẹp	擛	0	
đẹp	𢢲	0	
đẹp	𬙾	0	
đẹp	𫅠	0	
đẹt	姪	0	
đẹt	𫯇	0	
đẻ	底	0	
đẻ	𡞖	0	
đẻ	𦝉	0	
đẻ	𤯰	0	
đẻ	𪽅	0	
đẻ	𤯿	0	
đẻn	𧌎	0	
đẽ	底	0	
đẽ	𢙵	0	
đẽ	悌	0	
đẽo	鸟	0	
đẽo	到	0	
đẽo	𠜏	0	
đẽo	𢬢	0	
đẽo	捣	0	
đẽo	倒	0	
đẽo	鳥	0	
đẽo	㨄	0	
đẽo	𠟀	0	
đẽo	搗	0	
đẽo	𠞸	0	
đẽo	㨶	0	
đẽo	𢶑	0	
đẽo	𨄙	0	
đẽo	𢸛	0	
đế	泜	0	
đế	坻	0	
đế	柢	0	
đế	帝	0	
đế	谛	0	
đế	𦨢	0	
đế	缔	0	
đế	蒂	0	
đế	𧋍	0	
đế	楴	0	
đế	䐭	0	
đế	締	0	
đế	諦	0	
đế	蹄	0	
đế	螮	0	
đếch	的	0	
đếch	𫴿	0	
đếm	点	0	
đếm	掂	0	
đếm	點	0	
đến	旦	0	
đến	但	0	
đến	典	0	
đến	𦤾	0	
đến	𨀏	0	
đến	填	0	
đến	𦥃	0	
đề	洟	0	
đề	荑	0	
đề	柢	0	
đề	缔	0	
đề	啼	0	
đề	稊	0	
đề	鹈	0	
đề	渧	0	
đề	提	0	
đề	㮛	0	
đề	𧋘	0	
đề	𣾸	0	
đề	締	0	
đề	緹	0	
đề	题	0	
đề	蹄	0	
đề	醍	0	
đề	鴺	0	
đề	蹏	0	
đề	鳀	0	
đề	鵜	0	
đề	題	0	
đề	鯷	0	
đềm	恬	0	
đềm	𧛋	0	
đềm	𪪆	0	
đền	田	0	
đền	𡊰	0	
đền	㨋	0	
đền	搷	0	
đền	殿	0	
đền	填	0	
đền	𪽛	0	
đền	𡑴	0	
đền	𣫕	0	
đềnh	鼎	0	
đều	调	0	
đều	調	0	
để	诋	0	
để	邸	0	
để	底	0	
để	抵	0	
để	牴	0	
để	帝	0	
để	砥	0	
để	掋	0	
để	觝	0	
để	㭽	0	
để	詆	0	
để	骶	0	
đểnh	鼎	0	
đểnh	𣼬	0	
đểu	捣	0	
đểu	搗	0	
đểu	𢞬	0	
đễ	悌	0	
đễ	锑	0	
đễ	銻	0	
đễnh	鼎	0	
đệ	弟	0	
đệ	杕	0	
đệ	递	0	
đệ	娣	0	
đệ	第	0	
đệ	棣	0	
đệ	遞	0	
đệm	移	0	
đệm	笘	0	
đệm	埶	0	
đệm	捻	0	
đệm	𧛋	0	
đệm	禫	0	
đệm	𧝓	0	
đệp	沓	0	
đệp	疊	0	
đệt	狄	0	
đỉ	胝	0	
đỉa	𧋘	0	
đỉa	𧍉	0	
đỉnh	顶	0	
đỉnh	侹	0	
đỉnh	酊	0	
đỉnh	梃	0	
đỉnh	頂	0	
đỉnh	鼎	0	
đỉnh	锭	0	
đỉnh	嵿	0	
đỉnh	錠	0	
đỉnh	𨄸	0	
đỉu	𪆤	0	
địa	地	0	
địch	狄	0	
địch	迪	0	
địch	籴	0	
địch	苖	0	
địch	涤	0	
địch	荻	0	
địch	敌	0	
địch	逖	0	
địch	逷	0	
địch	笛	0	
địch	滌	0	
địch	翟	0	
địch	敵	0	
địch	踧	0	
địch	趯	0	
địch	糴	0	
định	忊	0	
định	定	0	
địt	𨕀	0	
địt	𬇓	0	
địt	𨗵	0	
địu	棹	0	
địu	𧞴	0	
đọ	度	0	
đọc	读	0	
đọc	鐲	0	
đọc	讀	0	
đọi	队	0	
đọi	隊	0	
đọi	𥖐	0	
đọng	洞	0	
đọng	𠘃	0	
đọng	𬈭	0	
đọt	葖	0	
đọt	稡	0	
đọt	𧎛	0	
đỏ	杜	0	
đỏ	𪜕	0	
đỏ	𠴗	0	
đỏ	𧹥	0	
đỏ	𧹦	0	
đỏ	䚂	0	
đỏ	赭	0	
đỏ	𬦃	0	
đỏ	𪴄	0	
đỏ	𧹼	0	
đỏ	𧹻	0	
đỏ	𤒠	0	
đỏ	𬦄	0	
đỏ	𣠶	0	
đỏ	𧺂	0	
đỏ	𧺃	0	
đỏi	𢬭	0	
đỏi	𦂁	0	
đỏi	𦅭	0	
đỏm	炶	0	
đỏm	𦏄	0	
đỏm	𫅝	0	
đỏng	恸	0	
đỏng	董	0	
đỏng	慟	0	
đỏng	懂	0	
đố	妒	0	
đố	图	0	
đố	妬	0	
đố	拓	0	
đố	圖	0	
đố	螙	0	
đốc	丢	0	
đốc	笃	0	
đốc	铥	0	
đốc	督	0	
đốc	銩	0	
đốc	篤	0	
đốc	𡓞	0	
đối	对	0	
đối	對	0	
đối	薱	0	
đối	濧	0	
đối	𣝉	0	
đối	𩼷	0	
đối	𩼸	0	
đốm	炶	0	
đốm	𤇮	0	
đốn	屯	0	
đốn	迍	0	
đốn	吨	0	
đốn	扽	0	
đốn	顿	0	
đốn	頓	0	
đốn	噸	0	
đống	冻	0	
đống	栋	0	
đống	胨	0	
đống	凍	0	
đống	埬	0	
đống	棟	0	
đống	腖	0	
đống	湩	0	
đốp	沓	0	
đốp	㗳	0	
đốt	咄	0	
đốt	茁	0	
đốt	炪	0	
đốt	柮	0	
đốt	𤈜	0	
đốt	𢱞	0	
đốt	葖	0	
đốt	焠	0	
đốt	飿	0	
đốt	𤋿	0	
đốt	𦵛	0	
đốt	𦝬	0	
đốt	𥯝	0	
đồ	龱	0	
đồ	图	0	
đồ	度	0	
đồ	捈	0	
đồ	途	0	
đồ	莵	0	
đồ	涂	0	
đồ	徒	0	
đồ	荼	0	
đồ	阇	0	
đồ	菟	0	
đồ	𦯬	0	
đồ	梌	0	
đồ	屠	0	
đồ	锗	0	
đồ	塗	0	
đồ	酴	0	
đồ	𢴉	0	
đồ	圖	0	
đồ	𣘊	0	
đồ	𤸭	0	
đồ	闍	0	
đồ	鍺	0	
đồ	𨢕	0	
đồ	鷋	0	
đồi	岱	0	
đồi	玳	0	
đồi	堆	0	
đồi	颓	0	
đồi	隤	0	
đồi	𡑖	0	
đồi	𬁏	0	
đồi	頺	0	
đồi	頽	0	
đồi	𥣧	0	
đồi	穨	0	
đồi	𡾫	0	
đồn	屯	0	
đồn	㹠	0	
đồn	饨	0	
đồn	吨	0	
đồn	窀	0	
đồn	顿	0	
đồn	𧦖	0	
đồn	訰	0	
đồn	䐁	0	
đồn	焞	0	
đồn	飩	0	
đồn	鲀	0	
đồn	敦	0	
đồn	頓	0	
đồn	𦝬	0	
đồn	魨	0	
đồn	㩔	0	
đồn	𡀷	0	
đồn	臀	0	
đồng	仝	0	
đồng	同	0	
đồng	彤	0	
đồng	洞	0	
đồng	垌	0	
đồng	茼	0	
đồng	哃	0	
đồng	桐	0	
đồng	眮	0	
đồng	铜	0	
đồng	秱	0	
đồng	衕	0	
đồng	筒	0	
đồng	粡	0	
đồng	童	0	
đồng	筩	0	
đồng	銅	0	
đồng	僮	0	
đồng	瞳	0	
đồng	艟	0	
đổ	杜	0	
đổ	𠴗	0	
đổ	堵	0	
đổ	暏	0	
đổ	赌	0	
đổ	睹	0	
đổ	覩	0	
đổ	踷	0	
đổ	賭	0	
đổ	鍺	0	
đổ	𧺃	0	
đổ	𧺂	0	
đổi	对	0	
đổi	対	0	
đổi	𢫊	0	
đổi	𢙪	0	
đổi	𢬭	0	
đổi	𪫼	0	
đổi	𩛜	0	
đổi	對	0	
đổi	𣋇	0	
đổi	𢷮	0	
đổi	𣌒	0	
đổng	栋	0	
đổng	埬	0	
đổng	棟	0	
đổng	董	0	
đổng	懂	0	
đổng	𣿅	0	
đổng	𡀇	0	
đỗ	杜	0	
đỗ	肚	0	
đỗ	𤬪	0	
đỗ	𢾖	0	
đỗ	蠹	0	
đỗi	队	0	
đỗi	对	0	
đỗi	隊	0	
đỗi	對	0	
đỗi	𡑖	0	
đỗi	𦅭	0	
đỗng	恸	0	
đỗng	峝	0	
đỗng	硐	0	
đỗng	慟	0	
độ	度	0	
độ	都	0	
độ	喥	0	
độ	渡	0	
độ	镀	0	
độ	䟻	0	
độ	鍍	0	
độc	毒	0	
độc	独	0	
độc	读	0	
độc	𤟂	0	
độc	渎	0	
độc	椟	0	
độc	犊	0	
độc	牍	0	
độc	碡	0	
độc	蝳	0	
độc	獨	0	
độc	凟	0	
độc	瀆	0	
độc	牘	0	
độc	櫝	0	
độc	犢	0	
độc	黩	0	
độc	讀	0	
độc	髑	0	
độc	黷	0	
độc	讟	0	
đội	队	0	
đội	隊	0	
đội	憝	0	
độn	𣎴	0	
độn	囤	0	
độn	沌	0	
độn	钝	0	
độn	盹	0	
độn	趸	0	
độn	遁	0	
độn	鈍	0	
độn	遯	0	
độn	躉	0	
động	动	0	
động	峒	0	
động	垌	0	
động	挏	0	
động	洞	0	
động	峝	0	
động	恫	0	
động	胴	0	
động	㨂	0	
động	硐	0	
động	動	0	
độp	沓	0	
đột	凸	0	
đột	达	0	
đột	突	0	
đột	秩	0	
đột	湥	0	
đột	達	0	
đột	葖	0	
đột	跌	0	
đột	揬	0	
đột	腯	0	
đột	𦂽	0	
đột	嚉	0	
đớ	拕	0	
đớ	拖	0	
đớ	哆	0	
đớ	𥒅	0	
đớ	𥒥	0	
đới	带	0	
đới	帶	0	
đớn	疸	0	
đớp	答	0	
đớp	㗳	0	
đớt	妲	0	
đớt	噠	0	
đờ	沱	0	
đờ	咜	0	
đờ	拕	0	
đời	代	0	
đời	𫢫	0	
đời	𠁀	0	
đờm	痰	0	
đờn	弹	0	
đờn	彈	0	
đởn	但	0	
đỡ	㐌	0	
đỡ	扡	0	
đỡ	扺	0	
đỡ	拕	0	
đỡ	拖	0	
đỡ	柂	0	
đợ	助	0	
đợ	扽	0	
đợ	拕	0	
đợ	拖	0	
đợ	度	0	
đợ	𫱩	0	
đợi	代	0	
đợi	待	0	
đợi	𫁧	0	
đợi	𨃉	0	
đợt	达	0	
đợt	挞	0	
đợt	突	0	
đợt	達	0	
đợt	撻	0	
đục	浊	0	
đục	独	0	
đục	濁	0	
đục	獨	0	
đục	镯	0	
đục	鐲	0	
đục	鑟	0	
đục	𨯹	0	
đụi	队	0	
đụi	坠	0	
đụi	隊	0	
đụi	堕	0	
đụi	墜	0	
đụi	墮	0	
đụn	囤	0	
đụn	庉	0	
đụn	杶	0	
đụn	𫃉	0	
đụn	𣜲	0	
đụng	用	0	
đụng	动	0	
đụng	動	0	
đụp	䋎	0	
đụp	𧛆	0	
đụt	突	0	
đụt	𥯝	0	
đủ	妬	0	
đủ	度	0	
đủ	都	0	
đủ	睹	0	
đủ	𨁥	0	
đủ	覩	0	
đủ	踷	0	
đủ	𬦼	0	
đủ	𣛭	0	
đủ	𨇛	0	
đủ	𨇜	0	
đủi	𢫊	0	
đủi	𢷮	0	
đủi	𪆤	0	
đủng	董	0	
đủng	𨆟	0	
đứ	哆	0	
đứ	𥒥	0	
đứa	丁	0	
đứa	仃	0	
đứa	矴	0	
đứa	𫯍	0	
đứa	𠀲	0	
đứa	侈	0	
đứa	𡥥	0	
đứa	亭	0	
đứa	𥒥	0	
đứa	𠁂	0	
đức	𡮞	0	
đức	德	0	
đứng	亭	0	
đứng	停	0	
đứng	等	0	
đứng	𠎬	0	
đứng	𥪸	0	
đứng	𨅸	0	
đứt	𠛣	0	
đứt	坦	0	
đứt	怛	0	
đứt	𠝗	0	
đứt	𢯟	0	
đứt	䋎	0	
đứt	𠞹	0	
đứt	𢴑	0	
đứt	縆	0	
đừ	沱	0	
đừ	𣴙	0	
đừa	迻	0	
đừng	仃	0	
đừng	𣫲	0	
đừng	亭	0	
đừng	停	0	
đừng	澄	0	
đừng	𠏦	0	
đử	与	0	
đử	打	0	
đử	與	0	
đực	特	0	
đực	𬌣	0	
đựng	邓	0	
đựng	定	0	
đựng	鄧	0	
đựng	𡓂	0	
đựng	𢸞	0	
ĩnh	英	0	
ũm	𩄒	0	
ũng	䐥	0	
ơ	於	0	
ơ	唩	0	
ơ	唹	0	
ơi	衣	0	
ơi	𠲖	0	
ơi	意	0	
ơi	㗒	0	
ơm	阴	0	
ơm	音	0	
ơm	陰	0	
ơm	喑	0	
ơn	㤙	0	
ơn	恩	0	
ư	於	0	
ư	唹	0	
ưa	𢖵	0	
ưa	扵	0	
ưa	於	0	
ưa	𢛨	0	
ưa	唹	0	
ưa	𪦟	0	
ưa	𬱍	0	
ưng	应	0	
ưng	應	0	
ưng	膺	0	
ưng	鹰	0	
ưng	鷹	0	
ưu	优	0	
ưu	忧	0	
ưu	憂	0	
ưu	優	0	
ươi	埃	0	
ươi	𤠆	0	
ươi	猿	0	
ươi	𤠱	0	
ươi	𣘂	0	
ươm	奄	0	
ươm	𡘤	0	
ươm	淹	0	
ươm	𦂺	0	
ươn	胺	0	
ươn	𬆘	0	
ươn	𤹕	0	
ương	央	0	
ương	泱	0	
ương	坱	0	
ương	怏	0	
ương	殃	0	
ương	鸯	0	
ương	秧	0	
ương	𫊬	0	
ương	鞅	0	
ương	鴦	0	
ước	约	0	
ước	药	0	
ước	約	0	
ước	葯	0	
ước	藥	0	
ướm	厌	0	
ướm	恹	0	
ướm	唵	0	
ướm	暗	0	
ướm	厭	0	
ướm	懨	0	
ướm	嚈	0	
ướm	𧞣	0	
ướn	按	0	
ướp	押	0	
ướp	浥	0	
ướt	㲸	0	
ướt	押	0	
ướt	遏	0	
ướt	𣿌	0	
ướt	㵣	0	
ườn	胺	0	
ưởi	餲	0	
ưởng	怏	0	
ưởng	钖	0	
ưởng	鞅	0	
ưởng	鍚	0	
ưỡn	㨃	0	
ưỡn	𫎼	0	
ạ	哑	0	
ạ	啊	0	
ạ	𠶚	0	
ạ	啞	0	
ạc	喝	0	
ạc	噁	0	
ạch	厄	0	
ạch	𬪾	0	
ạo	𠯻	0	
ạo	呦	0	
ạt	𣿌	0	
ả	妸	0	
ả	娅	0	
ả	婭	0	
ải	呃	0	
ải	隘	0	
ải	矮	0	
ải	溢	0	
ải	缢	0	
ải	縊	0	
ải	薆	0	
ải	螠	0	
ảm	揞	0	
ảm	黯	0	
ảng	坱	0	
ảnh	影	0	
ảnh	瘿	0	
ảnh	癭	0	
ảo	幻	0	
ảo	抝	0	
ảo	拗	0	
ảo	袄	0	
ảo	懊	0	
ảo	䴈	0	
ảo	𩼈	0	
ấm	饮	0	
ấm	荫	0	
ấm	飲	0	
ấm	堷	0	
ấm	喑	0	
ấm	𢉩	0	
ấm	廕	0	
ấm	𤋾	0	
ấm	蔭	0	
ấm	瘖	0	
ấm	𩐛	0	
ấm	𤭵	0	
ấm	𠿮	0	
ấm	𡓅	0	
ấm	𨯛	0	
ấm	𮢣	0	
ấn	印	0	
ấn	按	0	
ấn	鮣	0	
ấn	䲟	0	
ấp	阝	0	
ấp	邑	0	
ấp	唈	0	
ấp	悒	0	
ấp	浥	0	
ấp	挹	0	
ấp	揖	0	
ấp	𬪁	0	
ấp	䱒	0	
ất	乙	0	
ất	乚	0	
ất	𠃊	0	
ất	𠃌	0	
ất	乛	0	
ấu	幼	0	
ấu	苭	0	
ấu	拗	0	
ấu	柪	0	
ấy	𠂎	0	
ấy	天	0	
ấy	仍	0	
ấy	𧘇	0	
ấy	此	0	
ấy	衣	0	
ấy	䀡	0	
ấy	倚	0	
ấy	珠	0	
ấy	𨔍	0	
ấy	欺	0	
ấy	摄	0	
ấy	意	0	
ấy	𪬫	0	
ấy		0	
ầm	音	0	
ầm	喑	0	
ầm	歆	0	
ầm	𩆢	0	
ẩm	饮	0	
ẩm	飲	0	
ẩm	𣼩	0	
ẩm	𤀔	0	
ẩn	殷	0	
ẩn	隐	0	
ẩn	隱	0	
ẩn	瘾	0	
ẩn	癮	0	
ẩu	呕	0	
ẩu	妪	0	
ẩu	抝	0	
ẩu	殴	0	
ẩu	泑	0	
ẩu	𬏠	0	
ẩu	媪	0	
ẩu	嘔	0	
ẩu	嫗	0	
ẩu	塸	0	
ẩu	毆	0	
ẩy	挨	0	
ẩy	𢶶	0	
ẫm	𠿮	0	
ậm	饮	0	
ậm	音	0	
ậm	飲	0	
ậm	喑	0	
ậm	𠿮	0	
ập	浥	0	
ập	揖	0	
ập	𨁲	0	
ắc	乙	0	
ắng	印	0	
ắp	押	0	
ắp	抽	0	
ắt	乙	0	
ắt	𢖮	0	
ắt	必	0	
ắt	吃	0	
ẵm	饮	0	
ẵm	揞	0	
ẵm	飲	0	
ặc	乙	0	
ặc	喝	0	
ẹp	押	0	
ẹp	抽	0	
ẻn	偃	0	
ẻn	𠼸	0	
ẻn	嚥	0	
ẻo	殀	0	
ẻo	𥥐	0	
ế	医	0	
ế	𠲖	0	
ế	瘗	0	
ế	瘞	0	
ế	撎	0	
ế	噎	0	
ế	曀	0	
ế	殪	0	
ế	瞖	0	
ế	翳	0	
ế	餲	0	
ế	醫	0	
ế	饐	0	
ế	𮩝	0	
ếch	螠	0	
ếm	厌	0	
ếm	压	0	
ếm	掩	0	
ếm	厭	0	
ếm	壓	0	
ếp	押	0	
ề	𠲖	0	
ềnh	𠸄	0	
ể	𠯋	0	
ễn	偃	0	
ễnh	英	0	
ễnh	偃	0	
ễnh	𠸄	0	
ễnh	影	0	
ệch	𡒪	0	
ện	𠼸	0	
ỉ	𫵋	0	
ỉa	依	0	
ỉa	𥺿	0	
ỉm	掩	0	
ỉn	偃	0	
ỉn	稳	0	
ỉn	穩	0	
ỉu	夭	0	
ịch	厄	0	
ịch	益	0	
ịt	𠃣	0	
ịt	咽	0	
ọ	呜	0	
ọ	坞	0	
ọ	𣹙	0	
ọ	嗚	0	
ọ	塢	0	
ọc	屋	0	
ọc	𣹙	0	
ọp	邑	0	
ọp	哈	0	
ọp	浥	0	
ọt	喔	0	
ọt	揾	0	
ỏ	呜	0	
ỏ	嗚	0	
ỏ	𫉩	0	
ỏi	隘	0	
ỏi	喂	0	
ỏi	煨	0	
ỏi	𪨆	0	
ỏm	饮	0	
ỏm	飲	0	
ỏm	𠿮	0	
ỏn	稳	0	
ỏn	𪢖	0	
ỏn	穩	0	
ỏn	𡅏	0	
ỏn	𡅯	0	
ỏng	翁	0	
ỏng	䐥	0	
ỏng	𤹗	0	
ố	汚	0	
ố	汙	0	
ố	污	0	
ố	哑	0	
ố	洿	0	
ố	恶	0	
ố	啞	0	
ố	惡	0	
ố	噁	0	
ố	癋	0	
ốc	沃	0	
ốc	屋	0	
ốc	幄	0	
ốc	渥	0	
ốc	握	0	
ốc	喔	0	
ốc	腛	0	
ốc	𧎜	0	
ốc	龌	0	
ốc	齷	0	
ối	偎	0	
ối	渨	0	
ốm	瘖	0	
ốm	𤺵	0	
ống	蓊	0	
ống	𫊿	0	
ống	滃	0	
ống	䐥	0	
ống	䈵	0	
ống	甕	0	
ống	𨇹	0	
ốp	邑	0	
ốp	押	0	
ốp	挹	0	
ốp	揖	0	
ốp	榅	0	
ốp	𧋾	0	
ốp	䱒	0	
ốt	嗢	0	
ồ	呜	0	
ồ	嗚	0	
ồ	溩	0	
ồ	㮧	0	
ồ	𤀙	0	
ồm	喑	0	
ồn	𪡓	0	
ồn	温	0	
ồn	嗢	0	
ồn	𡀦	0	
ồn	𫔹	0	
ồng	翁	0	
ổ	坞	0	
ổ	洿	0	
ổ	隖	0	
ổ	溩	0	
ổ	塢	0	
ổi	偎	0	
ổi	傀	0	
ổi	猥	0	
ổi	喂	0	
ổi	猣	0	
ổi	椳	0	
ổi	餧	0	
ổi	餵	0	
ổn	隐	0	
ổn	温	0	
ổn	稳	0	
ổn	𡀦	0	
ổn	隱	0	
ổn	穩	0	
ổng	翁	0	
ổng	䐥	0	
ổng	擁	0	
ổng	甕	0	
ộc	喔	0	
ộp	𧋾	0	
ột	喐	0	
ột	腽	0	
ớ	於	0	
ớ	哑	0	
ớ	唹	0	
ớ	啞	0	
ới	咳	0	
ới	意	0	
ớn	𫣃	0	
ớn	𠹵	0	
ớn	𢞴	0	
ớn	𠻈	0	
ớt	乙	0	
ớt	艺	0	
ớt	𣎷	0	
ớt	枊	0	
ớt	𬨖	0	
ớt	𫐚	0	
ớt	𣓾	0	
ớt	遏	0	
ớt	𣜶	0	
ờ	於	0	
ờ	哬	0	
ờ	啊	0	
ở	扵	0	
ở	於	0	
ở	𣄒	0	
ở	𫵦	0	
ỡm	饮	0	
ỡm	飲	0	
ỡm	喑	0	
ỡm	𠿮	0	
ợ	唹	0	
ợt	遏	0	
ụ	坞	0	
ụ	塢	0	
ụa	噁	0	
ục	喐	0	
ục	噢	0	
ục	澳	0	
ụp	浥	0	
ụp	挹	0	
ụt	𠃯	0	
ụt	𧰦	0	
ụt	䴈	0	
ủ	伛	0	
ủ	坞	0	
ủ	於	0	
ủ	喔	0	
ủ	傴	0	
ủ	塢	0	
ủ	噢	0	
ủa	唩	0	
ủa	唹	0	
ủa	𢝸	0	
ủa	𡀴	0	
ủi	㾯	0	
ủi	墛	0	
ủi	熨	0	
ủi	慰	0	
ủm	揞	0	
ủn	稳	0	
ủn	穩	0	
ủng	拥	0	
ủng	雍	0	
ủng	擁	0	
ủng	蕹	0	
ủng	臃	0	
ủng	甕	0	
ủng	𥀪	0	
ủng	𩍓	0	
ứ	饫	0	
ứ	於	0	
ứ	唹	0	
ứ	淤	0	
ứ	飫	0	
ứ	瘀	0	
ứ	𤂷	0	
ứa	淤	0	
ứa	瘀	0	
ứa	𩜏	0	
ức	亿	0	
ức	忆	0	
ức	肊	0	
ức	抑	0	
ức	㦉	0	
ức	億	0	
ức	憶	0	
ức	臆	0	
ức	癔	0	
ức	繶	0	
ứng	应	0	
ứng	應	0	
ứng	膺	0	
ứng	𧃽	0	
ứt	乙	0	
ừ	唹	0	
ừng	应	0	
ừng	應	0	
ửng	怏	0	
ửng	隐	0	
ửng	𦁾	0	
ửng	隱	0	
ửng	𧃽	0	
ửu	泑	0	
ự	唹	0	
ựa	瘀	0	
ực	吃	0	
ực	抑	0	
ực	𠳑	0	
ực	𡄯	0	
ỵ	衣	0	
ỷ	依	0	
ỷ	倚	0	
ỷ	绮	0	
ỷ	椅	0	
ỷ	旖	0	
ỷ	綺	0	
ỷ	𧱺	0	
chữnôm	𡦂喃	0	
tạivì	在爲	0	
ấm	萻	0	
vìsao	爲牢	0	
ai	埃	0	
ngắn	𥐉	0	
tạisao	在牢	0	
lên	𨖲	0	
á	亞	0	
á	亜	0	
âmlịch	陰曆	0	
ăn	咹	0	
ăn	𫗒	0	
ăncơm	咹粓	0	
ấnđộ	印度	0	
anh	英	0	
anhchịem	偀姉㛪	0	
anhhọ	偀戶	0	
áo	襖	0	
áođimưa	襖𠫾𩅹	0	
ba	𠀧	0	
ba	爸	0	
và	吧	0	
và	𡝕	0	
của	𧵑	0	
của	𧶮	0	
nhấtlà	一𱺵	0	
là	𱺵	0	
là	羅	0	
là	𪜀	0	
nhất	一	0	
đệnhất	第一	0	
thứnhất	次一	0	
thứnhì	次二	0	
thứhai	次𠄩	0	
thứba	次𠀧	0	
hai	𠄩	0	
ôngbà	翁婆	0	
bà	婆	0	
bà	妑	0	
chào	嘲	0	
xin	吀	0	
tên	𠸜	0	
tên	𠸛	0	
gì	之	0	
gì	咦	0	
tôi	碎	0	
tôi	倅	0	
tôi	祽	0	
còn	群	0	
xinchào	吀嘲	0	
cái	丐	0	
cáiđó	丐妬	0	
đó	妬	0	
đó	𪦆	0	
tênhọ	𠸜戶	0	
họ	戶	0	
họ	户	0	
cô	姑	0	
đây	低	0	
người	𠊛	0	
ngườita	𠊛些	0	
chúngta	眾些	0	
cộng	共	0	
đệnhì	第二	0	
đira	𠫾𫥨	0	
ra	𫥨	0	
ra	𦋦	0	
ra	𠚢	0	
đivào	𠫾𠓨	0	
vào	𠓨	0	
với	唄	0	
với	貝	0	
vớiai	唄埃	0	
trong	𥪝	0	
trong	𥪞	0	
trong	冲	0	
ở	於	0	
ở	扵	0	
ởđó	於妬	0	
vói	𢭲	0	
sẽ	𠱊	0	
ta	些	0	
ta	咱	0	
ta	𢧲	0	
ông	翁	0	
làm	爫	0	
nam	南	0	
việtnam	越南	0	
ngườiviệt	𠊛越	0	
việt	越	0	
dạ	唯	0	
vâng	𠳐	0	
dạvâng	唯𠳐	0	
màusắc	牟色	0	
sắc	色	0	
màu	牟	0	
xanhdatrời	撑䏧𡗶	0	
thanh	青	0	
cáinày	丐呢	0	
những	仍	0	
những	忍	0	
cũng	拱	0	
cũng	穷	0	
đến	𦤾	0	
đến	𦥃	0	
không	空	0	
hay	咍	0	
hay	𫨩	0	
haylà	咍𱺵	0	
quá	過	0	
quá	过	0	
quá	𬨨	0	
hayquá	咍過	0	
hoặc	或	0	
hoặclà	或𱺵	0	
mà	𦓡	0	
mà	麻	0	
nhưng	仍	0	
nhưng	忍	0	
nhưngmà	仍𦓡	0	
nếu	𠮩	0	
nếu	𡀮	0	
như	如	0	
vậy	丕	0	
nhưvậy	如丕	0	
tự	自	0	
thìgiờ	時𣇞	0	
biết	别	0	
biết	別	0	
mặt	𩈘	0	
mặt	𫖀	0	
biếtmặt	别𩈘	0	
đọc	讀	0	
cho	朱	0	
chỉ	只	0	
học	學	0	
học	学	0	
học	斈	0	
trăm	𤾓	0	
mộttrăm	𠬠𤾓	0	
bốn	𦊚	0	
năm	𠄼	0	
mười	𨑮	0	
nước	渃	0	
nướcviệt	渃越	0	
trungquốc	中國	0	
đất	坦	0	
đất	𡐙	0	
đông	東	0	
áđông	亞東	0	
tây	西	0	
bắc	北	0	
trung	中	0	
từ	詞	0	
danh	名	0	
danhtừ	名詞	0	
tự	字	0	
chữ	𡦂	0	
chữ	𡨸	0	
quốcngữ	國語	0	
ngônngữ	言語	0	
sách	册	0	
sách	冊	0	
đọcsách	讀册	0	
các	各	0	
chúng	眾	0	
chúng	众	0	
chúng	衆	0	
chúngtôi	眾碎	0	
nó	伮	0	
nó	奴	0	
con	𡥵	0	
bạn	伴	0	
có	固	0	
có	𣎏	0	
được	特	0	
để	底	0	
công	工	0	
việc	役	0	
côngviệc	工役	0	
đilàmviệc	𠫾爫役	0	
công	公	0	
an	安	0	
côngan	公安	0	
côngnhân	工人	0	
tạo	造	0	
nhântạo	人造	0	
tạora	造𫥨	0	
về	𧗱	0	
về	𡗅	0	
nhà	茹	0	
nhà	茄	0	
nhà	庌	0	
vềnhà	𧗱茹	0	
thấy	𧡊	0	
cảm	感	0	
cảmthấy	感𧡊	0	
năm	𢆥	0	
năm	𫷜	0	
khi	欺	0	
trongkhi	𥪝欺	0	
đường	塘	0	
đườngđi	塘𠫾	0	
dân	民	0	
lại	吏	0	
lại	又	0	
vớilại	唄吏	0	
phải	沛	0	
thành	城	0	
thành	成	0	
thành	誠	0	
nói	呐	0	
nói	吶	0	
nhiều	𡗉	0	
nhiều	𡗊	0	
nhiềukhi	𡗉欺	0	
sự	事	0	
sự	亊	0	
đầu	頭	0	
đầu	头	0	
sau	𡢐	0	
sau	𪢈	0	
saukhi	𡢐欺	0	
kỳ	奇	0	
số	数	0	
số	數	0	
gia	家	0	
theo	遶	0	
đitheo	𠫾遶	0	
đồng	同	0	
đồngâm	同音	0	
nghĩa	義	0	
đồngnghĩa	同義	0	
chủ	主	0	
nhật	日	0	
chủnhật	主日	0	
thế	替	0	
thế	世	0	
cả	哿	0	
mạng	命	0	
mình	𨉟	0	
mình	𠵴	0	
mình	𠇮	0	
tựmình	自𨉟	0	
do	由	0	
tựdo	自由	0	
đang	當	0	
quyền	權	0	
quyền	权	0	
cóquyền	固權	0	
hơn	欣	0	
hoa	花	0	
qua	戈	0	
điqua	𠫾戈	0	
vì	爲	0	
vì	為	0	
nào	芇	0	
nào	芾	0	
nào	闹	0	
hiện	現	0	
trường	場	0	
trườnghọc	場學	0	
trườngbay	場𠖤	0	
phitrường	飛場	0	
đi	𠫾	0	
đi	𪠞	0	
đibộ	𠫾步	0	
bộ	部	0	
viên	員	0	
nhânviên	人員	0	
hội	會	0	
hội	会	0	
mới	㵋	0	
rồi	耒	0	
rằng	哴	0	
rằng	㖫	0	
rằng	浪	0	
mỹ	美	0	
sinh	生	0	
sinhviên	生員	0	
họcsinh	學生	0	
đại	大	0	
trườngđạihọc	場大學	0	
đạihọc	大學	0	
cao	高	0	
khônggì	空之	0	
nghe	𦖑	0	
tiếng	㗂	0	
nướcsôi	渃炊	0	
ít	𠃣	0	
hết	歇	0	
hết	𣍊	0	
dùsao	𠶢牢	0	
dùrằng	𠶢哴	0	
đều	調	0	
điều	條	0	
điều	条	0	
điềukiện	條件	0	
kiện	件	0	
văn	文	0	
đa	多	0	
thếkỷ	世紀	0	
đời	𠁀	0	
trờimưa	𡗶𩅹	0	
hiểubiết	曉别	0	
hiểu	曉	0	
uống	㕵	0	
bàn	盤	0	
bàn	盘	0	
bànăn	盤咹	0	
xe	車	0	
máy	𣛠	0	
máy	𢵯	0	
máybay	𣛠𠖤	0	
trái	賴	0	
trái	𣡚	0	
đưa	迻	0	
đồng	銅	0	
bạc	鉑	0	
thờigian	時間	0	
tạmbiệt	暫别	0	
ngoài	外	0	
ngoạiquốc	外國	0	
bàngoại	婆外	0	
tay	𢬣	0	
tay	拪	0	
xuống	𨑜	0	
dưới	𤲂	0	
dưới	𠁑	0	
trên	𨕭	0	
trên	𨑗	0	
bông	葻	0	
bônghoa	葻花	0	
bảy	𬙞	0	
bảy	𦉱	0	
gái	𡛔	0	
congái	𡥵𡛔	0	
núi	𡶀	0	
mua	𧷸	0	
xinlỗi	吀纇	0	
biển	𣷷	0	
biển	㴜	0	
lớn	𡘯	0	
nhỏ	𡮈	0	
bán	𧸝	0	
nghìn	𠦳	0	
mộtnghìn	𠬠𠦳	0	
chín	𠃩	0	
chín	𢒂	0	
chính	正	0	
chính	政	0	
chínhphủ	政府	0	
phủ	府	0	
quang	光	0	
minh	明	0	
thông	聰	0	
thông	聪	0	
thôngminh	聰明	0	
cách	格	0	
cáchlàm	格爫	0	
cách	革	0	
cảicách	改革	0	
cải	改	0	
cắt	割	0	
chỉ	𥿗	0	
chỉ	䊼	0	
giấy	紙	0	
dây	絏	0	
sợi	𥾘	0	
sợichỉ	𥾘𥿗	0	
khác	恪	0	
nay	𫢩	0	
nay	𠉞	0	
ngàynay	𣈜𫢩	0	
giới	界	0	
thếgiới	世界	0	
hạn	限	0	
giớihạn	界限	0	
coi	𫀅	0	
coi	𥋳	0	
coi	䁛	0	
tám	𠔭	0	
tám	𫤯	0	
thổ	土	0	
lỗi	纇	0	
lỗi	𥓹	0	
mưa	𩅹	0	
đồngbạc	銅鉑	0	
cơm	粓	0	
da	䏧	0	
âm	音	0	
bánâm	半音	0	
đảo	島	0	
bánđảo	半島	0	
thờikỳ	時期	0	
tạmthời	暫時	0	
rất	慄	0	
trước	𠓀	0	
trước	𫏾	0	
hàng	行	0	
ngânhàng	銀行	0	
mẹ	媄	0	
tướng	將	0	
thủtướng	首將	0	
nội	内	0	
nội	內	0	
giađình	家庭	0	
giađìnhbênnội	家庭边内	0	
bên	边	0	
bên	邊	0	
bênphải	边沛	0	
bêntrái	边賴	0	
nộiđịa	内地	0	
địa	地	0	
thủ	首	0	
tư	四	0	
thứtư	次四	0	
pháp	法	0	
kiến	見	0	
ý	意	0	
ýkiến	意見	0	
ýnghĩa	意義	0	
chí	志	0	
ýchí	意志	0	
động	動	0	
tựđộng	自動	0	
sản	産	0	
sảnxuất	産出	0	
xuất	出	0	
khẩu	口	0	
xuấtkhẩu	出口	0	
cộngsản	共産	0	
tiền	前	0	
tiền	錢	0	
tiềnbạc	錢鉑	0	
tiềnmặt	錢𩈘	0	
bộhành	步行	0	
bộ	步	0	
báo	報	0	
tháng	𣎃	0	
tháng	𪱚	0	
ngàytháng	𣈜𣎃	0	
đầutháng	頭𣎃	0	
trọng	重	0	
quantrọng	關重	0	
hảiquan	海關	0	
hải	海	0	
nhận	認	0	
tình	情	0	
tìnhcảm	情感	0	
lý	李	0	
lý	理	0	
lýdo	理由	0	
cólý	固理	0	
lúc	𣅶	0	
mộtlúc	𠬠𣅶	0	
lúcnày	𣅶呢	0	
tiếp	接	0	
tiếngnói	㗂呐	0	
kinh	經	0	
kinh	経	0	
tế	濟	0	
tế	济	0	
kinhtế	經濟	0	
tới	細	0	
hình	形	0	
ảnh	影	0	
hìnhảnh	形影	0	
liên	連	0	
liên	聯	0	
liên	联	0	
liênhệ	聯係	0	
bằng	凭	0	
bằng	憑	0	
chứng	證	0	
bằngchứng	凭證	0	
tin	信	0	
tin	𠒷	0	
tintức	信息	0	
liênkết	連結	0	
quyếtđịnh	決定	0	
luận	論	0	
quyếtđịnhluận	決定論	0	
bànluận	盤論	0	
bình	評	0	
bìnhluận	評論	0	
bình	平	0	
bìnhan	平安	0	
hoà	和	0	
hoàbình	和平	0	
ngói	瓦	0	
bình	瓶	0	
thuỷ	水	0	
bìnhthuỷ	瓶水	0	
tâm	心	0	
trungtâm	中心	0	
lời	𠳒	0	
lực	力	0	
quyềnlực	權力	0	
áp	壓	0	
áplực	壓力	0	
quân	軍	0	
quânsự	軍事	0	
khí	氣	0	
khôngkhí	空氣	0	
áplựckhôngkhí	壓力空氣	0	
dânsự	民事	0	
thếsự	世事	0	
giá	價	0	
giá	价	0	
hoa	華	0	
nhân	人	0	
ngày	𣈜	0	
ngày	𣈗	0	
ngày	㝵	0	
thì	時	0	
thì	时	0	
quốc	國	0	
quốc	国	0	
đã	㐌	0	
đã	𠰹	0	
này	呢	0	
này	尼	0	
một	𠬠	0	
tại	在	0	
quan	關	0	
quan	関	0	
kỳ	期	0	
định	定	0	
nhấtđịnh	一定	0	
niên	年	0	
thủ	手	0	
em	㛪	0	
em	腌	0	
thứ	次	0	
cá	𩵜	0	
tiên	仙	0	
tiên	先	0	
đầutiên	頭先	0	
chiến	戰	0	
tàu	艚	0	
tàuchiến	艚戰	0	
giải	解	0	
giảiquyết	解決	0	
giảinghĩa	解義	0	
trình	呈	0	
trình	程	0	
trìnhđộ	程度	0	
chương	章	0	
chươngtrình	章程	0	
bảo	保	0	
hiểm	險	0	
bảohiểm	保險	0	
nguy	危	0	
nguyhiểm	危險	0	
lần	吝	0	
bằng	朋	0	
lầnđầu	吝頭	0	
cầu	求	0	
cầuxin	求吀	0	
vừa	𣃣	0	
vừa	𣃤	0	
muốn	㦖	0	
muốn	悶	0	
giáo	教	0	
côgiáo	姑教	0	
giáosư	教師	0	
sư	師	0	
toàn	全	0	
bảotoàn	保全	0	
lượng	量	0	
lựclượng	力量	0	
quốcgia	國家	0	
tế	際	0	
tế	际	0	
quốctế	國際	0	
tất	畢	0	
tất	毕	0	
tất	悉	0	
tấtcả	畢哿	0	
nhau	憢	0	
nhau	𠑬	0	
đềunhau	調憢	0	
hoá	化	0	
tạohoá	造化	0	
mỗi	每	0	
phẩm	品	0	
chị	姉	0	
bán	半	0	
âm	陰	0	
âm	阴	0	
quyết	決	0	
chim	𪀄	0	
nữ	女	0	
sáu	𦒹	0	
in	印	0	
đệ	第	0	
giờ	𣇞	0	
phi	飛	0	
phi	飞	0	
tạm	暫	0	
nhì	二	0	
ngân	銀	0	
ngữ	語	0	
ngôn	言	0	
sao	牢	0	
sao	吵	0	
sao	𫳵	0	
gian	間	0	
trời	𡗶	0	
độ	度	0	
cõi	𡎝	0	
kết	結	0	
sôi	炊	0	
sôi	𤉚	0	
kỷ	紀	0	
nôm	喃	0	
nguyễn	阮	0	
luật	律	0	
luậtsư	律師	0	
mọi	𤞦	0	
đạo	道	0	
quả	果	0	
kếtquả	結果	0	
tài	才	0	
nữa	𠯆	0	
bé	𡮣	0	
bé	𡮤	0	
bécon	𡮣𡥵	0	
embé	㛪𡮣	0	
hộp	盒	0	
hợp	合	0	
trườnghợp	場合	0	
kếthợp	結合	0	
liênhợp	聯合	0	
adiđàphật	阿彌陀佛	0	
bàcon	婆𡥵	0	
thiếu	少	0	
niênthiếu	年少	0	
a	阿	0	
mộtcái	𠬠丐	0	
đạophật	道佛	0	
phậtgiáo	佛教	0	
aphiến	阿片	0	
áchâu	亞洲	0	
trai	𤳇	0	
trai	𤳆	0	
contrai	𡥵𤳇	0	
dài	𨱽	0	
dài	𨱾	0	
chiều	朝	0	
triều	朝	0	
chiềudài	朝𨱽	0	
chiềucao	朝高	0	
áodài	襖𨱽	0	
nhạc	樂	0	
âmnhạc	音樂	0	
cổ	古	0	
điển	典	0	
cổđiển	古典	0	
âmnhạccổđiển	音樂古典	0	
âmthanh	音聲	0	
má	媽	0	
bamá	爸媽	0	
bànội	婆内	0	
bác	伯	0	
sĩ	士	0	
bácsĩ	博士	0	
thật	實	0	
thànhthật	誠實	0	
thiệt	寔	0	
hỏi	𠳨	0	
hỏi	哙	0	
câu	句	0	
câuhỏi	句𠳨	0	
hà	河	0	
hồng	紅	0	
hồnghà	紅河	0	
phố	庯	0	
phố	鋪	0	
phố	舖	0	
đườngphố	塘庯	0	
thànhphố	城庯	0	
phốxá	庯舍	0	
gấp	急	0	
cấp	級	0	
cấp	急	0	
caocấp	高級	0	
thi	詩	0	
thi	試	0	
thử	試	0	
thử	此	0	
thànhthử	成此	0	
công	功	0	
thànhcông	成功	0	
ănthử	咹試	0	
thinhân	詩人	0	
nhiên	然	0	
tuy	雖	0	
tuynhiên	雖然	0	
tựnhiên	自然	0	
tất	必	0	
tấtnhiên	必然	0	
chưa	𣗓	0	
chưa	𣠕	0	
chưa	渚	0	
làmsao	爫牢	0	
thế	勢	0	
thếnào	勢芇	0	
nhưthếnào	如勢芇	0	
tựđiển	字典	0	
từđiển	詞典	0	
cận	近	0	
thị	視	0	
cậnthị	近視	0	
đại	代	0	
cậnđại	近代	0	
hiệnđại	現代	0	
thờiđại	時代	0	
phần	分	0	
phân	分	0	
phânbiệt	分别	0	
chia	𢺺	0	
chia	𢺹	0	
phânchia	分𢺺	0	
chiatay	𢺺𢬣	0	
tìm	尋	0	
tìmhiểu	尋曉	0	
bậy	呸	0	
gần	𧵆	0	
xa	賖	0	
gầnxa	𧵆賖	0	
caoxa	高賖	0	
chú	注	0	
chúý	注意	0	
bao	包	0	
baogiờ	包𣇞	0	
baotay	包𢬣	0	
cần	勤	0	
âncần	殷勤	0	
ântình	恩情	0	
hận	恨	0	
hốihận	悔恨	0	
vô	無	0	
vônghĩa	無義	0	
bệnh	病	0	
viện	院	0	
bệnhviện	病院	0	
họcviện	學院	0	
khổ	苦	0	
khó	𧁷	0	
thái	太	0	
tháibình	太平	0	
tử	子	0	
tháitử	太子	0	
dương	洋	0	
tháibìnhdương	太平洋	0	
phật	佛	0	
xanh	撑	0	
xanh	𩇢	0	
đèn	畑	0	
đỏ	𧹼	0	
đỏ	𧺃	0	
đỏ	𣠶	0	
đỏ	𧹦	0	
đỏ	𪜕	0	
đỏ	赭	0	
thập	十	0	
hồngthậptự	紅十字	0	
chữthậpđỏ	𡦂十𧹼	0	
trở	𧿨	0	
trởlại	𧿨吏	0	
bản	本	0	
đồ	圖	0	
bảnđồ	版圖	0	
hôm	𣋚	0	
hôm	歆	0	
hômnay	𣋚𫢩	0	
hômqua	𣋚戈	0	
khoẻ	劸	0	
khoẻ	跬	0	
mạnhkhoẻ	孟劸	0	
lấy	𥙩	0	
điểm	點	0	
địađiểm	地點	0	
caođiểm	高點	0	
quan	觀	0	
quanđiểm	觀點	0	
quanâm	觀音	0	
sống	𤯩	0	
đờisống	𠁀𤯩	0	
lập	立	0	
độc	獨	0	
độclập	獨立	0	
thân	身	0	
độcthân	獨身	0	
thể	體	0	
thể	体	0	
thânthể	身體	0	
cóthể	固體	0	
nhìn	𥆾	0	
nhìnthấy	𥆾𧡊	0	
cây	𣘃	0	
câysố	𣘃数	0	
hạch	核	0	
chuyện	𡀯	0	
chuyệntình	𡀯情	0	
nóichuyện	呐𡀯	0	
đâu	兜	0	
ởđâu	於兜	0	
thay	台	0	
thayvì	台爲	0	
yêu	𢞅	0	
yêu	腰	0	
yêu	夭	0	
ngay	𣦍	0	
ngaykhi	𣦍欺	0	
ngayngắn	𣦍𥐉	0	
ngaythật	𣦍實	0	
thương	傷	0	
cảmthương	感傷	0	
dễ	易	0	
dễthương	易傷	0	
thức	式	0	
thứcăn	式咹	0	
chínhthức	正式	0	
thậpniên	十年	0	
đối	對	0	
đối	对	0	
đối	対	0	
phản	反	0	
phảnđối	反對	0	
cuộc	局	0	
cuộcđời	局𠁀	0	
nhập	入	0	
nhậpcuộc	入局	0	
sáng	𤎜	0	
sáng	創	0	
sáng	灲	0	
sáng	𠓇	0	
sáng	𣋃	0	
mắt	眜	0	
sángmắt	𤎜眜	0	
nướcmắt	渃眜	0	
trong	𤄯	0	
trongsáng	𤄯𤎜	0	
bắt	扒	0	
lửa	焒	0	
tên	𥏌	0	
tên	𥏋	0	
tênlửa	𥏌焒	0	
ảnhlửa	影焒	0	
núilửa	𡶀焒	0	
lửatình	焒情	0	
lòng	𢚸	0	
lửalòng	焒𢚸	0	
khólòng	𧁷𢚸	0	
phòng	房	0	
phòngăn	房咹	0	
ngủ	𥄬	0	
phòngngủ	房𥄬	0	
phòng	防	0	
phòngkhông	防空	0	
quốcphòng	國防	0	
nghiệp	業	0	
côngnghiệp	工業	0	
đạicôngnghiệp	大工業	0	
nghề	藝	0	
nghề	芸	0	
nghềnghiệp	藝業	0	
phương	方	0	
bốnphương	𦊚方	0	
địaphương	地方	0	
khắp	泣	0	
khắpnơi	泣坭	0	
tổ	組	0	
phậttổ	佛組	0	
tổquốc	祖國	0	
tổhợp	組合	0	
tổtiên	祖先	0	
chức	織	0	
tổchức	組織	0	
cảitổ	改組	0	
vị	味	0	
mùi	味	0	
gia	加	0	
giavị	加味	0	
gianhập	加入	0	
bây	𣊾	0	
bây	悲	0	
nhiêu	饒	0	
bâynhiêu	𣊾饒	0	
baonhiêu	包饒	0	
khôngbaogiờ	空包𣇞	0	
đội	隊	0	
độihình	隊形	0	
phiđội	飛隊	0	
độiquân	隊軍	0	
tổng	總	0	
tổng	縂	0	
tổngcộng	總共	0	
tổngkết	總結	0	
thu	秋	0	
tếttrungthu	節中秋	0	
ấy	𧘇	0	
ấy	𠂎	0	
tham	貪	0	
thamăn	貪咹	0	
tài	財	0	
kinhtài	經財	0	
tàichính	財政	0	
thamtài	貪財	0	
máu	𧖱	0	
máutham	𧖱貪	0	
ngânhàngmáu	銀行𧖱	0	
tham	參	0	
tham	参	0	
thamgia	參加	0	
thamchiến	參戰	0	
thamquan	參觀	0	
khảo	考	0	
thamkhảo	參考	0	
tra	查	0	
khảotra	考查	0	
điềutra	調查	0	
trị	治	0	
trịbệnh	治病	0	
chínhtrị	政治	0	
chínhtrịgia	政治家	0	
phạm	犯	0	
chínhtrịphạm	政治犯	0	
phạmnhân	犯人	0	
phạmpháp	犯法	0	
giađìnhtrị	家庭治	0	
nộitrị	内治	0	
pháptrị	法治	0	
tựtrị	自治	0	
chủtrị	主治	0	
trị	値	0	
giátrị	價値	0	
hoátrị	化値	0	
đatrị	多値	0	
bộđội	步隊	0	
giúp	𠢞	0	
đỡ	拖	0	
giúpđỡ	𠢞拖	0	
đỡđầu	拖頭	0	
đỡlời	拖𠳒	0	
nhiềulời	𡗉𠳒	0	
đề	題	0	
chủđề	主題	0	
luậnđề	論題	0	
tài	材	0	
đềtài	題材	0	
tàiliệu	材料	0	
liệu	料	0	
hương	香	0	
hươngvị	香味	0	
hươngliệu	香料	0	
sen	蓮	0	
bôngsen	葻蓮	0	
địnhliệu	定料	0	
sốliệu	数料	0	
đề	提	0	
đềcao	提高	0	
đềphòng	提防	0	
đềxuất	題出	0	
thường	常	0	
bìnhthường	平常	0	
bấtthường	不常	0	
bất	不	0	
coithương	𫀅常	0	
dễthường	易常	0	
khácthường	恪常	0	
ngàythường	𣈜常	0	
ngũ	五	0	
ngũthường	五常	0	
thất	失	0	
thấtthường	失常	0	
thườngkhi	常欺	0	
thườngngày	常𣈜	0	
thườngnhật	常日	0	
thườngniên	常年	0	
thườngthường	常常	0	
chế	製	0	
chếđộ	制度	0	
chếphẩm	製品	0	
tác	作	0	
tácgia	作家	0	
chếtác	製作	0	
chếtạo	製造	0	
vụ	務	0	
nghĩavụ	義務	0	
nộivụ	内務	0	
giáovụ	教務	0	
khu	區	0	
khuphố	區庯	0	
vực	域	0	
khuvực	區域	0	
địavực	地域	0	
cùng	共	0	
đềucũng	調拱	0	
trướckhi	𠓀欺	0	
đấu	鬥	0	
đấugiá	鬥價	0	
đấu	斗	0	
đá	跢	0	
đấuđá	鬥跢	0	
đánh	打	0	
đánhnhau	打憢	0	
đánhmáy	打𣛠	0	
đánhđộng	打動	0	
độngđất	動坦	0	
đánhthức	打式	0	
đánhgiá	打價	0	
xã	社	0	
xãhội	社會	0	
côngxã	公社	0	
xãluận	社論	0	
chiếc	隻	0	
thuyền	船	0	
chiếnthuyền	戰船	0	
tục	俗	0	
hương	鄉	0	
hương	鄕	0	
hươngtục	鄉俗	0	
têntục	𠸜俗	0	
tiếptục	接俗	0	
thếtục	世俗	0	
tụcngữ	俗語	0	
điện	電	0	
đènđiện	畑電	0	
dâyđiện	絏電	0	
triển	展	0	
phát	發	0	
pháttriển	發展	0	
án	案	0	
dự	預	0	
dựán	預案	0	
dựđịnh	預定	0	
dựbáo	預報	0	
chi	支	0	
dựchi	預支	0	
dựkiến	預見	0	
hệ	係	0	
quanhệ	關係	0	
hệ	系	0	
thống	統	0	
hệsố	係数	0	
ngữhệ	語系	0	
đức	德	0	
nhânđức	人德	0	
bỏ	𠬃	0	
bỏkhông	𠬃空	0	
bỏqua	𠬃戈	0	
bỏđi	𠬃𠫾	0	
dụng	用	0	
nhậtdụng	日用	0	
thông	通	0	
thôngdụng	通用	0	
thôngbáo	通報	0	
thích	適	0	
thíchý	適意	0	
thích	釋	0	
giảithích	解釋	0	
chúthích	注釋	0	
thíchhợp	適合	0	
giao	交	0	
giaohàng	交行	0	
bàn	搬	0	
bàngiao	搬交	0	
bàntay	盤𢬣	0	
bàngiấy	盤紙	0	
bànra	盤𫥨	0	
cờ	旗	0	
cờ	碁	0	
bàncờ	盤碁	0	
ban	班	0	
banngày	班𣈜	0	
banđầu	班頭	0	
bansáng	班𤎜	0	
nguyên	元	0	
nguyênniên	元年	0	
nguyênâm	元音	0	
thanhniên	青年	0	
đán	旦	0	
tếtnguyênđán	節元旦	0	
kỷnguyên	紀元	0	
nhịnguyên	二元	0	
vấnđề	問題	0	
họcvấn	學問	0	
phátvấn	發問	0	
tính	併	0	
toán	算	0	
tínhtoán	併算	0	
thanh	清	0	
thanhtoán	清算	0	
thanhtâm	清心	0	
thiên	天	0	
thanhthiên	青天	0	
thanhtra	清查	0	
tiêu	椒	0	
hạttiêu	籺椒	0	
châu	珠	0	
hột	籺	0	
hột	紇	0	
hạtchâu	籺珠	0	
hạtmưa	籺𩅹	0	
hạtsen	籺蓮	0	
nhân	仁	0	
hạchnhân	核仁	0	
cử	舉	0	
cửhành	舉行	0	
cửnhân	舉人	0	
dâncử	民舉	0	
bâygiờ	𣊾𣇞	0	
khinào	欺芇	0	
tiếngviệt	㗂越	0	
tiếnganh	㗂英	0	
tiếngpháp	㗂法	0	
tiếngnhật	㗂日	0	
tiếngtrungquốc	㗂中國	0	
tiếngđức	㗂德	0	
tiếngý	㗂意	0	
tiếngmỹ	㗂美	0	
thicử	試舉	0	
vật	物	0	
vậtlý	物理	0	
vậtlýhọc	物理學	0	
sựvật	事物	0	
đồvật	圖物	0	
độngvật	動物	0	
độngvậthọc	動物學	0	
cảnh	景	0	
cảnhvật	景物	0	
cảnhtình	景情	0	
giacảnh	家景	0	
vậtphẩm	物品	0	
sinhvật	生物	0	
vạn	萬	0	
vạn	万	0	
vạnvật	萬物	0	
vậtliệu	物料	0	
vậtthể	物體	0	
kể	𠸥	0	
kể	計	0	
kểra	𠸥𫥨	0	
kểtrên	𠸥𨕭	0	
khôngkể	空𠸥	0	
thần	神	0	
tinhthần	精神	0	
nữthần	女神	0	
tâmthần	心神	0	
đảng	黨	0	
đảng	党	0	
chínhđảng	政黨	0	
đảngtrị	黨治	0	
sử	史	0	
đảngsử	黨史	0	
kinhsử	經史	0	
sửsách	史册	0	
sửhọc	史學	0	
bố	布	0	
bốmẹ	𢂞媄	0	
bố	佈	0	
côngbố	公佈	0	
phânbố	分佈	0	
trận	陣	0	
bốtrận	佈陣	0	
chiếntrận	戰陣	0	
mặttrận	𩈘陣	0	
ratrận	𫥨陣	0	
thấttrận	失陣	0	
cứ	拠	0	
cứ	據	0	
luậncứ	論拠	0	
cứđiểm	拠點	0	
triệu	兆	0	
mộttriệu	𠬠兆	0	
nhândân	人民	0	
thứnăm	次𠄼	0	
thứsáu	次𦒹	0	
thứbảy	次𬙞	0	
vợ	𡞕	0	
hiệnnay	現𫢩	0	
bị	被	0	
bịđộng	被動	0	
bị	備	0	
phòngbị	防備	0	
xem	䀡	0	
tuổi	歲	0	
íttuổi	𠃣歲	0	
nhỏtuổi	𡮈歲	0	
cótuổi	固歲	0	
trẻtuổi	𥘷歲	0	
tuổitrẻ	歲𥘷	0	
nhàtrẻ	茹𥘷	0	
trẻcon	𥘷𡥵	0	
trẻem	𥘷㛪	0	
năng	能	0	
tàinăng	才能	0	
năngđộng	能動	0	
nộinăng	内能	0	
nănglực	能力	0	
nănglượng	能量	0	
quyềnnăng	權能	0	
vạnnăng	萬能	0	
thêm	添	0	
chơi	𨔈	0	
đichơi	𠫾𨔈	0	
chơichữ	𨔈𡦂	0	
đồchơi	圖𨔈	0	
nóichơi	呐𨔈	0	
chạy	𧼋	0	
chạy	𧼌	0	
bỏchạy	𠬃𧼋	0	
chạytheo	𧼋遶	0	
chạybộ	𧼋步	0	
lãnh	領	0	
bảolãnh	保領	0	
lãnhsự	領事	0	
tổnglãnhsự	總領事	0	
cơ	機	0	
cơ	机	0	
phicơ	飛機	0	
cơhội	機會	0	
cơthể	機體	0	
cơ	基	0	
cơbản	基本	0	
cơquan	機關	0	
đầu	投	0	
đầucơ	投機	0	
thờicơ	時機	0	
gọi	噲	0	
têngọi	𠸜噲	0	
gọilà	噲𱺵	0	
cửa	𨷶	0	
cửa	𨴦	0	
cửa	𨷯	0	
cửa	𨵣	0	
cửa	𫔳	0	
cửahàng	𨷶行	0	
gọicửa	噲𨷶	0	
nhàcửa	茹𨷶	0	
cửasổ	𨷶数	0	
cáchmạng	革命	0	
mạngngười	命𠊛	0	
bóng	𩃳	0	
bụng	䏾	0	
trăng	𦝄	0	
trăng	𫆢	0	
bóngtrăng	𣈖𦝄	0	
mặttrăng	𩈘𦝄	0	
đếnnơi	𦤾坭	0	
bấthạnh	不幸	0	
hạnh	幸	0	
nhớ	𢖵	0	
nhớđời	𢖵𠁀	0	
nhớnhà	𢖵茹	0	
nhớlại	𢖵吏	0	
nhớra	𢖵𫥨	0	
nhớthương	𢖵傷	0	
ơn	恩	0	
cảmơn	感恩	0	
ân	恩	0	
tìnhân	情恩	0	
ânnhân	恩人	0	
hối	悔	0	
tiếc	惜	0	
hốitiếc	悔惜	0	
nhớtiếc	𢖵惜	0	
tớ	伵	0	
tôitớ	碎伵	0	
từ	自	0	
non	嫩	0	
thanh	聲	0	
già	𦓅	0	
già	𫅷	0	
ônggià	翁𦓅	0	
giàđời	𦓅𠁀	0	
giàcả	𦓅哿	0	
trẻ	𥘷	0	
trẻ	𪨅	0	
nontrẻ	嫩𥘷	0	
non	𡽫	0	
núinon	𡶀𡽫	0	
nonnước	𡽫渃	0	
giữ	𡨹	0	
giữ	𪧚	0	
giữý	𡨹意	0	
giữlời	𡨹𠳒	0	
hạnh	杏	0	
hạnhnhân	杏仁	0	
đứchạnh	德行	0	
hãng	行	0	
mây	𩄲	0	
chânmây	蹎𩄲	0	
đichân	𠫾蹎	0	
chân	蹎	0	
bànchân	盤蹎	0	
chântay	蹎𢬣	0	
gió	䬔	0	
gió	𩙌	0	
gió	𩙋	0	
gió	𫖾	0	
gió	𩙍	0	
gióđông	䬔東	0	
giómưa	䬔𩅹	0	
giótrăng	䬔𦝄	0	
bónggió	𣈖䬔	0	
đá	𥒥	0	
đáhoa	𥒥花	0	
đálửa	𥒥焒	0	
nướcđá	渃𥒥	0	
nhàhàng	茹行	0	
cácbạn	各伴	0	
xưa	𠸗	0	
hômxưa	𣋚𠸗	0	
nămxưa	𢆥𠸗	0	
ngườixưa	𠊛𠸗	0	
dựa	豫	0	
dựatrên	豫𨕭	0	
áo	奥	0	
châu	洲	0	
cộnghoà	共和	0	
quânđội	軍隊	0	
ítkhi	𠃣欺	0	
ítnhất	𠃣一	0	
ítlời	𠃣𠳒	0	
ítnhiều	𠃣𡗉	0	
mộtít	𠬠𠃣	0	
sốít	数𠃣	0	
ítcó	𠃣固	0	
tết	節	0	
tiết	節	0	
mục	目	0	
tiếtmục	節目	0	
âmtết	音節	0	
đaâmtiết	多音節	0	
pháttiết	發節	0	
thờitiết	時節	0	
ravào	𫥨𠓨	0	
sauđó	𡢐妬	0	
sauđây	𡢐低	0	
sauhết	𡢐歇	0	
saunày	𡢐呢	0	
saunữa	𡢐𠯆	0	
hômsau	𣋚𡢐	0	
ngàysau	𣈜𡢐	0	
sauxưa	𡢐𠸗	0	
saucùng	𡢐共	0	
cáigì	丐之	0	
rấtlà	慄𱺵	0	
nhậphọc	入學	0	
nhậpcảnh	入景	0	
nhậpkhẩu	入口	0	
nhậphội	入會	0	
nhậpnội	入内	0	
hảikhẩu	海口	0	
hảingoại	海外	0	
thượnghải	上海	0	
hảinam	海南	0	
thượng	上	0	
thượngphẩm	上品	0	
caothượng	高上	0	
bấtnhân	不仁	0	
chủnhân	主人	0	
nhânnghĩa	仁義	0	
thếphẩm	替品	0	
bay	𠖤	0	
hàng	航	0	
hànghải	航海	0	
hàngkhông	航空	0	
viết	曰	0	
câyviết	𣘃曰	0	
chữviết	𡦂曰	0	
đẹpý	𢢲意	0	
đẹplòng	𢢲𢚸	0	
đẹptrai	𢢲𤳇	0	
caođẹp	高𢢲	0	
sắcđẹp	色𢢲	0	
khách	客	0	
hànhkhách	行客	0	
kháchđịa	客地	0	
làmkhách	爫客	0	
nhàkhách	茹客	0	
phòngkhách	房客	0	
thượngkhách	上客	0	
đấtkhách	坦客	0	
đường	糖	0	
trần	陳	0	
trương	張	0	
phèn	𥽢	0	
đườngphèn	糖𥽢	0	
thanhlong	青龍	0	
đôngdương	東洋	0	
độngtừ	動詞	0	
vàng	鐄	0	
âuchâu	歐洲	0	
châuđạidương	洲大洋	0	
ấnđộdương	印度洋	0	
tâynguyên	西原	0	
hoáhọc	化學	0	
sinhhọc	生學	0	
sao	𣋀	0	
sao	𬁖	0	
saohảivương	𣋀海王	0	
saothiênvương	𣋀天王	0	
saothổ	𣋀土	0	
saohoả	𣋀火	0	
saokim	𣋀金	0	
saothuỷ	𣋀水	0	
hoả	火	0	
thiênđường	天堂	0	
đường	堂	0	
chữnho	𡦂儒	0	
chữhán	𡦂漢	0	
namdương	南洋	0	
địatrunghải	地中海	0	
tỉnh	省	0	
ấnđộgiáo	印度教	0	
trà	茶	0	
kiếm	劍	0	
đứctin	德信	0	
bút	筆	0	
bảovệ	保衛	0	
trunghọc	中學	0	
trườngtiểuhọc	場小學	0	
biểnnhậtbản	𣷷日本	0	
biểnđông	𣷷東	0	
dược	藥	0	
tràxanh	茶撑	0	
hoatrà	花茶	0	
nướctrà	渃茶	0	
phòngtrà	房茶	0	
tâmlý	心理	0	
liêntỉnh	聯省	0	
dượcphẩm	藥品	0	
đôngdược	東藥	0	
dượcđiển	藥典	0	
dượchọc	藥學	0	
dượcliệu	藥料	0	
dượcphòng	藥房	0	
dượcsĩ	藥士	0	
liênbang	聯邦	0	
hợpbang	合邦	0	
tiểubang	小邦	0	
tiểuhọc	小學	0	
tiểusử	小史	0	
nướchoa	渃花	0	
dầu	油	0	
dânchủ	民主	0	
phápquyền	法權	0	
dânquyền	民權	0	
loại	類	0	
nhânloại	人類	0	
nhânloạihọc	人類學	0	
phânloại	分類	0	
phânloạihọc	分類學	0	
phẩmloại	品類	0	
thuật	術	0	
thuật	朮	0	
mỹthuật	美術	0	
kiếmthuật	劍術	0	
nghệthuật	藝術	0	
ấnkiếm	印劍	0	
phikiếm	飛劍	0	
nghiên	研	0	
nghiêncứu	研究	0	
nghiêncứusinh	研究生	0	
khảocứu	考究	0	
tracứu	查究	0	
trungtâmnghiêncứu	中心研究	0	
việnnghiêncứu	院研究	0	
nhậtbản	日本	0	
cổđô	古都	0	
cuộcsống	局生	0	
thưđiệntử	書電子	0	
điệntử	電子	0	
duynhất	唯一	0	
cácvị	各位	0	
conmột	𡥵𠬠	0	
mộtvạn	𠬠萬	0	
khoahọc	科學	0	
triềuđại	朝代	0	
đôthị	都市	0	
thị	市	0	
hìnhthành	形成	0	
địalý	地理	0	
phíabắc	𪰂北	0	
phíatây	𪰂西	0	
phíanam	𪰂南	0	
biểnđen	𣷷黰	0	
phíađông	𪰂東	0	
dãynúi	𧿆𡶀	0	
châuâu	洲歐	0	
châuá	洲亞	0	
bắcmỹ	北美	0	
dânsố	民数	0	
tráiđất	𣛤坦	0	
địachínhtrị	地政治	0	
từnguyên	詞源	0	
hánviệt	漢越	0	
tiếngtrung	㗂中	0	
đồngbằng	垌平	0	
phươngthức	方式	0	
lịchsử	歷史	0	
địnhnghĩa	定義	0	
sốlượng	数量	0	
đặcđiểm	特點	0	
bảnđịa	本地	0	
mọingười	𤞦𠊛	0	
khổngtử	孔子	0	
khổnggiáo	孔教	0	
trunghoa	中華	0	
luậnngữ	論語	0	
thư	書	0	
namkỳ	南圻	0	
bắckỳ	北圻	0	
hìnhthức	形式	0	
nhóm	𡖡	0	
nhóm	呫	0	
mạnh	孟	0	
côngtác	工作	0	
tácgiả	作者	0	
quantâm	關心	0	
chiếnđấu	戰鬥	0	
tháinguyên	太原	0	
quađời	戈𠁀	0	
phụâm	輔音	0	
hànội	河内	0	
đếquốcđức	帝國德	0	
xãhộichủnghĩa	社會主義	0	
hạnhphúc	幸福	0	
giữa	𡨌	0	
giữa	𡧲	0	
tức	息	0	
âu	歐	0	
âulà	歐𱺵	0	
cũ	𫇰	0	
bạncũ	伴𫇰	0	
nhưcũ	如𫇰	0	
tiềngiấy	錢紙	0	
baogiấy	包紙	0	
giấyảnh	紙影	0	
giấyđánhmáy	紙打𣛠	0	
giấybáo	紙報	0	
giấybạc	紙鉑	0	
giấyin	紙印	0	
làmgiấy	爫紙	0	
mớiđây	㵋低	0	
trướcđây	𠓀低	0	
đâuđây	兜低	0	
đâucó	兜固	0	
biếtđâu	别兜	0	
biếtđiều	别條	0	
chobiết	朱别	0	
nhậnbiết	認别	0	
nhậnlời	認𠳒	0	
nhậnra	認𫥨	0	
nhậnmặt	認𩈘	0	
cân	斤	0	
cânthư	斤書	0	
giấyviếtthư	紙曰書	0	
hộpthư	盒書	0	
mai	埋	0	
maimột	埋没	0	
mộtdược	没藥	0	
tìnhyêu	情𢞅	0	
vui	𢝙	0	
vuilòng	𢝙𢚸	0	
vệ	衛	0	
vệ	卫	0	
cảnh	警	0	
cảnhvệ	警衛	0	
dânvệ	民衛	0	
phòngvệ	防衛	0	
sảnphẩm	産品	0	
hàngchữ	行𡦂	0	
chữmắt	𡦂眜	0	
giámắt	價眜	0	
thángtư	𣎃四	0	
cập	及	0	
đềcập	提及	0	
hiệntiền	現前	0	
mặttiền	𩈘前	0	
tiềnđịnh	前定	0	
tiềnđề	前提	0	
đồ	途	0	
tiềnđồ	前途	0	
tiềnnhân	前人	0	
lịch	歷	0	
lịch	历	0	
tiềnsử	前史	0	
cộngđồng	共同	0	
thời	時	0	
thời	时	0	
vương	王	0	
khácbiệt	恪别	0	
hán	漢	0	
hánvăn	漢文	0	
miền	沔	0	
miềnbắc	沔北	0	
miềnnam	沔南	0	
miềntrung	沔中	0	
ngàn	𠦳	0	
dùng	用	0	
kỳ	圻	0	
trungkỳ	中圻	0	
hoakỳ	花旗	0	
thuộc	屬	0	
thuộclòng	屬𢚸	0	
họcthuộclòng	學屬𢚸	0	
dathuộc	䏧屬	0	
thuộcđịa	屬地	0	
hậu	後	0	
hậuthuộcđịa	後屬地	0	
phápthuộc	法屬	0	
giữlòng	𡨹𢚸	0	
mặcdầu	默𠶢	0	
dù	𠶢	0	
mặcdù	默𠶢	0	
trắng	𤽸	0	
taytrắng	𢬣𤽸	0	
lầnđầutiên	吝頭先	0	
hòn	𡉕	0	
hònđảo	𡉕島	0	
ngoàigiao	外交	0	
giáp	夾	0	
giápchiến	夾戰	0	
giápgiới	夾界	0	
giáphạt	夾籺	0	
giápmặt	夾𩈘	0	
tiếpgiáp	接夾	0	
lịch	曆	0	
lịch	厤	0	
đẹp	𢢲	0	
tiểu	小	0	
rồng	龍	0	
rồng	龙	0	
rồng	竜	0	
long	龍	0	
long	龙	0	
long	竜	0	
tinh	精	0	
tinhminh	精明	0	
dãy	𧿆	0	
họcđường	學堂	0	
nữhọcđường	女學堂	0	
phậtđường	佛堂	0	
giáođường	教堂	0	
hậuđường	後堂	0	
nộiđường	内堂	0	
khổng	孔	0	
hếtcả	歇哿	0	
cámơn	感恩	0	
phầncông	分工	0	
côngthức	公式	0	
chủthể	主體	0	
nhưlà	如𱺵	0	
vị	位	0	
vịtrí	位置	0	
trí	置	0	
cấpthời	急時	0	
sứ	使	0	
sửdụng	使用	0	
đạisứ	大使	0	
thiênsứ	天使	0	
ty	司	0	
côngty	公司	0	
củacông	𧵑公	0	
trả	𠭤	0	
trả	呂	0	
trảơn	𠭤恩	0	
trảlời	𠭤𠳒	0	
lan	蘭	0	
bônglan	葻蘭	0	
chỉ	指	0	
chỉsố	指数	0	
thị	示	0	
chỉthị	指示	0	
thànhthị	城市	0	
hiệntại	現在	0	
nộitại	内在	0	
côngnhận	公認	0	
khoa	科	0	
dựng	𥩯	0	
dựng	孕	0	
gây	𢲧	0	
gâychiến	𢲧戰	0	
gâychuyện	𢲧𡀯	0	
gâydựng	𢲧𥩯	0	
bạnvàng	伴鐄	0	
cávàng	𩵜鐄	0	
vàngtây	鐄西	0	
trang	妝	0	
trangđiểm	妝點	0	
chínhthể	正體	0	
thôngtin	通信	0	
xây	𡏦	0	
xâydựng	𡏦𥩯	0	
doanh	營	0	
doanh	营	0	
đạibảndoanh	大本營	0	
đạidoanh	大營	0	
bảndoanh	本營	0	
doanhnghiệp	營業	0	
doanhsố	營数	0	
hợpdoanh	合營	0	
kinhdoanh	經營	0	
liêndoanh	聯營	0	
quốcdoanh	國營	0	
thịtrường	市場	0	
giáthịtrường	價市場	0	
pháthiện	發現	0	
thựchiện	實現	0	
dịchvụ	役務	0	
quátrình	過程	0	
côngnghệ	工藝	0	
khăn	巾	0	
khókhăn	𧁷巾	0	
khôngthể	空體	0	
hỗtrợ	互助	0	
trợ	助	0	
bảotrợ	保助	0	
cứu	究	0	
trợđộngtừ	助動詞	0	
trợlý	助理	0	
trợthủ	助手	0	
giáoviên	教員	0	
hỗ	互	0	
vấn	問	0	
yêu	要	0	
yêucầu	要求	0	
yếu	要	0	
cầnyếu	勤要	0	
giàyếu	𦓅要	0	
nhỏyếu	𡮈要	0	
tấtyếu	必要	0	
thứyếu	次要	0	
trọngyếu	重要	0	
yếuđiểm	要點	0	
yếunhân	要人	0	
sẻ	𢩿	0	
chiasẻ	𢺺𢩿	0	
phầnlớn	分𡘯	0	
đaphần	多分	0	
hợpphần	合分	0	
khẩuphần	口分	0	
phầnnào	分芇	0	
phầnnhiều	分𡗉	0	
phầntử	分子	0	
phầntrăm	分𤾓	0	
phầnviệc	分役	0	
thànhphần	成分	0	
hưởng	響	0	
ảnhhưởng	影響	0	
âmhưởng	音響	0	
bộtrưởng	部長	0	
đảngtrưởng	黨長	0	
độitrưởng	隊長	0	
bang	邦	0	
khoatrưởng	科長	0	
nhómtrưởng	𡖡長	0	
sinhtrưởng	生長	0	
sưtrưởng	師長	0	
thủtrưởng	首長	0	
thứtrưởng	次長	0	
thuyềntrưởng	船長	0	
trưởngkhoa	長科	0	
trưởngthành	長成	0	
môi	媒	0	
trưởng	長	0	
môitrường	媒場	0	
môitrườnghọc	媒場學	0	
xảyra	仕𫥨	0	
chỉsốkinhtế	指数經濟	0	
tiệm	店	0	
tiệmăn	店咹	0	
phường	坊	0	
conngười	𡥵𠊛	0	
nhànước	茹渃	0	
nhàở	茹於	0	
liênquan	聯關	0	
hảiquân	海軍	0	
nướcngoài	渃外	0	
vóitay	𢭲𢬣	0	
vóitới	𢭲細	0	
kêu	呌	0	
kêu	叫	0	
kêucầu	呌求	0	
kêugọi	呌噲	0	
kêutrời	呌𡗶	0	
xảy	仕	0	
đình	庭	0	
lắm	𡗋	0	
quálắm	過𡗋	0	
nhưthế	如勢	0	
đàn	彈	0	
đànbà	彈婆	0	
đànông	彈翁	0	
vẫn	吻	0	
cháu	𡥙	0	
tui	碎	0	
tui	倅	0	
tui	祽	0	
lâm	林	0	
lâmhọc	林學	0	
sơn	山	0	
sơnlâm	山林	0	
chúa	主	0	
quỳnh	瓊	0	
đem	𨑻	0	
đem	抌	0	
bò	𤙭	0	
lễ	禮	0	
lễ	礼	0	
lễtrungthu	禮中秋	0	
ngàylễ	𣈜禮	0	
lễgiáo	禮教	0	
cười	唭	0	
quỳ	跪	0	
dắt	𢩮	0	
mất	𠅍	0	
to	𡚢	0	
tolớn	𡚢𡘯	0	
lại	ㇴ	0	
vua	𤤰	0	
nhàvua	茹𤤰	0	
rồira	耒𫥨	0	
tối	最	0	
tối	𣋁	0	
tốiđa	最多	0	
tốicao	最高	0	
tốinghĩa	最義	0	
tốithiểu	最少	0	
tốihậu	最後	0	
tốihậuthư	最後書	0	
tốingày	最𣈜	0	
bantối	班最	0	
họchành	學行	0	
bắtđầu	扒頭	0	
chonên	朱𢧚	0	
truyện	傳	0	
truyền	傳	0	
truyềnhình	傳形	0	
truyềnthanh	傳聲	0	
dịch	譯	0	
làmgì	爫之	0	
mộtlần	𠬠吝	0	
trởvề	𧿨𧗱	0	
đivề	𠫾𧗱	0	
đilàm	𠫾爫	0	
làmviệc	爫役	0	
việclàm	役爫	0	
giờlàmviệc	𣇞爫役	0	
anhem	偀㛪	0	
làmcho	爫朱	0	
chịem	姉㛪	0	
trởnên	𧿨𢧚	0	
nên	𢧚	0	
nênngười	𢧚𠊛	0	
ởlại	於吏	0	
trướcmặt	𠓀𩈘	0	
cònlại	群吏	0	
cha	吒	0	
chamẹ	吒媄	0	
conbé	𡥵𡮣	0	
ngàyxưa	𣈜𠸗	0	
thầy	偨	0	
thầygiáo	偨教	0	
dạy	𠰺	0	
dạybảo	𠰺保	0	
dạyhọc	𠰺學	0	
mấtdạy	𠅍𠰺	0	
bản	版	0	
xanhxanh	撑ㇴ	0	
điđilạilại	𠫾ㇴ吏ㇴ	0	
aiai	埃ㇴ	0	
nghelời	𦖑𠳒	0	
bởi	𤳄	0	
bởi	罷	0	
bởi	𤳸	0	
bởi	𪽝	0	
trường	長	0	
xá	舍	0	
nhưkhông	如空	0	
trái	𣛤	0	
sinhnhật	生日	0	
bởivì	𤳄爲	0	
trướcsau	𠓀𡢐	0	
ngon	𤯆	0	
ngonmắt	𤯆眜	0	
ngonmiệng	𤯆𠰘	0	
giữmiệng	𡨹𠰘	0	
ngoàimiệng	外𠰘	0	
ngủngon	𥄬𤯆	0	
haysao	咍牢	0	
cókhi	固欺	0	
cóđiều	固條	0	
biếtbao	别包	0	
bênngoài	边外	0	
khôngsao	空牢	0	
nóilà	呐𱺵	0	
đồngý	同意	0	
giờđây	𣇞低	0	
đểcho	底朱	0	
buổi	𣇜	0	
buổisáng	𣇜𤎜	0	
buổitối	𣇜最	0	
nhàvăn	茹文	0	
vậymà	丕𦓡	0	
nhàtôi	茹碎	0	
anhchị	偀姉	0	
nếukhông	𠮩空	0	
xuấthiện	出現	0	
xuấtbản	出版	0	
rađi	𫥨𠫾	0	
đổi	𢷮	0	
đổi	𢬭	0	
đổimới	𢷮㵋	0	
bộthủ	部首	0	
tổ	祖	0	
anh	偀	0	
ngài	𠊚	0	
nơi	坭	0	
hộkhẩu	戶口	0	
bố	𢂞	0	
một	没	0	
một	沒	0	
anhquốc	英國	0	
vươngquốcanh	王國英	0	
bảo	𠸒	0	
chấphành	執行	0	
chấp	執	0	
chấp	执	0	
chấpchính	執政	0	
mặccảm	默感	0	
mặc	默	0	
bỏmặc	𠬃默	0	
dầuăn	油咹	0	
đồng	垌	0	
cáđồng	𩵜垌	0	
cábiển	𩵜𣷷	0	
trang	張	0	
miệng	𠰘	0	
quên	𠅳	0	
bỏquên	𠬃𠅳	0	
quênmình	𠅳𨉟	0	
hồ	湖	0	
hồthuỷ	湖水	0	
hồ	糊	0	
thuốc	𧆄	0	
thầythuốc	偨𧆄	0	
thuốcbắc	𧆄北	0	
thuốcnam	𧆄南	0	
thuốcngủ	𧆄𥄬	0	
nàng	娘	0	
cônàng	姑娘	0	
nàngtiên	娘仙	0	
mấy	𠇍	0	
mấykhi	𠇍欺	0	
mấyai	𠇍埃	0	
ngồi	𡎥	0	
ngồikhông	𡎥空	0	
nàođó	芇妬	0	
thayđổi	台𢷮	0	
biệt	别	0	
biệt	別	0	
đặcbiệt	特别	0	
đặc	特	0	
đặckhu	特區	0	
đặcquyền	特權	0	
đặcsản	特産	0	
đặcsắc	特色	0	
đặcsứ	特使	0	
đặcvụ	特務	0	
mặttrời	𩈘𡗶	0	
nho	儒	0	
đạinho	大儒	0	
nhànho	茹儒	0	
nhogia	儒家	0	
nhogiáo	儒教	0	
nhohọc	儒學	0	
nhosĩ	儒士	0	
nhosinh	儒生	0	
chủbút	主筆	0	
hạbút	下筆	0	
hạ	下	0	
bộhạ	部下	0	
hạbộ	下部	0	
cấphạ	級下	0	
hạcờ	下旗	0	
hạgiá	下價	0	
hạgiới	下界	0	
hạlong	下龍	0	
hạmình	下𨉟	0	
hạthuỷ	下水	0	
hạviện	下院	0	
quốchội	國會	0	
sinhhạ	生下	0	
thiênhạ	天下	0	
thủđô	首都	0	
đô	都	0	
thức	式	0	
hoảsơn	火山	0	
tinh	星	0	
hoảtinh	火星	0	
hànhtinh	行星	0	
tao	𠋺	0	
nửa	姅	0	
nửa	𡛤	0	
nửađêm	姅𣎀	0	
đêm	𣎀	0	
ănuống	咹㕵	0	
đồuống	圖㕵	0	
nướcuống	渃㕵	0	
thôi	推	0	
màthôi	𦓡推	0	
mày	𠋥	0	
chúngmày	眾𠋥	0	
nghĩ	𢣂	0	
nghĩ	𢪀	0	
ýnghĩ	意𢣂	0	
cảmnghĩ	感𢣂	0	
khónghĩ	𧁷𢣂	0	
nghĩbụng	𢣂䏾	0	
nghĩlại	𢣂吏	0	
nghĩra	𢣂𫥨	0	
chúc	祝	0	
chúcmừng	祝𢜠	0	
mừng	𢜠	0	
mừng	𢜏	0	
chúcmừngnămmới	祝𢜠𢆥㵋	0	
chàomừng	嘲𢜠	0	
ănmừng	咹𢜠	0	
mừngtuổi	𢜠歲	0	
cầuchúc	求祝	0	
chúcthư	祝書	0	
thằng	𠊟	0	
thằngnhỏ	𠊟𡮈	0	
thằngbé	𠊟𡮣	0	
chàng	払	0	
anhchàng	偀払	0	
chàngtrai	払𤳇	0	
phụ	輔	0	
bánphụâm	半輔音	0	
nghềphụ	藝輔	0	
phụđạo	輔道	0	
phụchú	輔注	0	
phụgiáo	輔教	0	
phụtừ	輔詞	0	
bốnbiển	𦊚𣷷	0	
tưhải	四海	0	
đấtnước	坦渃	0	
gỗ	楛	0	
gỗcây	楛𣘃	0	
bác	博	0	
báchọc	博學	0	
nhàbáchọc	茹博學	0	
bácvật	博物	0	
bácgái	伯𡛔	0	
từng	曾	0	
chưatừng	𣗓曾	0	
chưatừngthấy	𣗓曾𧡊	0	
đãtừng	㐌曾	0	
từngcái	曾丐	0	
ngoại	外	0	
đứa	𠁂	0	
đứa	侈	0	
đứabé	𠁂𡮣	0	
haimặt	𠄩𩈘	0	
chó	㹥	0	
mèo	猫	0	
chómèo	㹥猫	0	
ngư	魚	0	
ngưtrường	魚場	0	
ngưông	魚翁	0	
ngưdân	魚民	0	
mã	馬	0	
quânmã	軍馬	0	
hạmã	下馬	0	
mãlực	馬力	0	
điểu	鳥	0	
thiênđiểu	天鳥	0	
khuyển	犬	0	
đạn	彈	0	
đấy	帝	0	
nằm	𦣰	0	
đinằm	𠫾𦣰	0	
nằmnơi	𦣰坭	0	
mang	芒	0	
mangtiếng	芒㗂	0	
vài	𠄧	0	
mộtvài	𠬠𠄧	0	
sang	𨖅	0	
sang	𢲲	0	
sangnăm	𨖅𢆥	0	
đemsang	𨑻𨖅	0	
sangtên	𨖅𠸜	0	
sangtrang	𨖅張	0	
mùa	务	0	
giómùa	䬔务	0	
làmmùa	爫务	0	
hếtmùa	歇务	0	
mùathu	务秋	0	
mấtmùa	𠅍务	0	
nửamùa	姅务	0	
ngàymùa	𣈜务	0	
ôi	喂	0	
ôithôi	喂推	0	
hồi	回	0	
hồiâm	回音	0	
hồi	徊	0	
hồigiáo	回教	0	
hồi	徊	0	
hồisinh	回生	0	
hồithanh	回聲	0	
hồitrước	徊𠓀	0	
hồivăn	回文	0	
hồilại	回吏	0	
hồinào	徊芇	0	
hồiđó	徊妬	0	
hồixưa	徊𠸗	0	
mộthồi	𠬠徊	0	
đặt	噠	0	
đặttên	噠𠸜	0	
đặthàng	噠航	0	
đặtgiá	噠價	0	
kẻ	仉	0	
kẻkhó	仉𧁷	0	
kẻnhỏ	仉𡮈	0	
kẻlớn	仉𡘯	0	
đứng	𨅸	0	
đứngđầu	𨅸頭	0	
đứnggió	𨅸䬔	0	
đứnglên	𨅸𨖲	0	
đôi	堆	0	
đôiba	堆𠀧	0	
đôibên	堆边	0	
đôikhi	堆欺	0	
đôimươi	堆𨑮	0	
mộtđôi	𠬠堆	0	
sinhđôi	生堆	0	
chỗ	𡊲	0	
giữchỗ	𡨹𡊲	0	
tạichỗ	在𡊲	0	
lâu	𥹰	0	
ítlâu	𠃣𥹰	0	
đãlâu	㐌𥹰	0	
baolâu	包𥹰	0	
giờlâu	𣇞𥹰	0	
hồilâu	徊𥹰	0	
lâuđời	𥹰𠁀	0	
từđó	自妬	0	
từlâu	自𥹰	0	
lo	𢗼	0	
lo	𢥈	0	
chắc	𢟘	0	
chắcchân	𢟘蹎	0	
khỏi	塊	0	
đikhỏi	𠫾塊	0	
nhờ	𢘾	0	
nhờtrời	𢘾𡗶	0	
sông	滝	0	
núisông	𡶀滝	0	
nonsông	𡽫滝	0	
sôngnước	滝渃	0	
tưởng	想	0	
ýtưởng	意想	0	
cảmtưởng	感想	0	
hồitưởng	回想	0	
hồitưởng	回想	0	
khôngtưởng	空想	0	
lýtưởng	理想	0	
liêntưởng	連想	0	
tưởngnhớ	想𢖵	0	
gặp	﨤	0	
gặpnhau	﨤憢	0	
gặpmặt	﨤𩈘	0	
bắtgặp	扒﨤	0	
kia	箕	0	
hômkia	𣋚箕	0	
nămkia	𢆥箕	0	
ngàykia	𣈜箕	0	
xưakia	𠸗箕	0	
cậu	舅	0	
lớp	𤖹	0	
lênlớp	𨖲𤖹	0	
phânlớp	分𤖹	0	
làng	廊	0	
lang	廊	0	
hànhlang	行廊	0	
dânlàng	民廊	0	
đừng	停	0	
chịu	𠹾	0	
bánchịu	𧸝𠹾	0	
chịukhó	𠹾𧁷	0	
dễchịu	易𠹾	0	
khóchịu	𧁷𠹾	0	
chờ	徐	0	
từtừ	徐徐	0	
chờxem	徐䀡	0	
tốt	卒	0	
lòngtốt	𢚸卒	0	
tốtbụng	卒䏾	0	
tốtsố	卒数	0	
tốttiếng	卒㗂	0	
tốtnghiệp	卒業	0	
lục	綠	0	
xanhlục	撑綠	0	
màulục	牟綠	0	
buồn	𢞂	0	
buồnngủ	𢞂𥄬	0	
buồnlòng	𢞂𢚸	0	
buồncười	𢞂唭	0	
buồntình	𢞂情	0	
lobuồn	𢗼𢞂	0	
bước	𨀈	0	
bướcđầu	𨀈頭	0	
trúng	𠁦	0	
đúng	𠁦	0	
khóc	哭	0	
sợ	𢜝	0	
lá	蘿	0	
lá	𦲿	0	
áolá	襖蘿	0	
xanhlácây	撑蘿𣘃	0	
gã	妸	0	
đủ	都	0	
đủsố	都数	0	
đủmặt	都𩈘	0	
đủđiều	都條	0	
luôn	輪	0	
luônluôn	輪輪	0	
luônmiệng	輪𠰘	0	
thăm	探	0	
thám	探	0	
thámtử	探子	0	
dothám	由探	0	
thámhiểm	探險	0	
hỏithăm	𠳨探	0	
chết	𣩂	0	
chóchết	㹥𣩂	0	
chếtđứng	𣩂𨅸	0	
chếtcha	𣩂吒	0	
sốngchết	𤯩𣩂	0	
bắtsống	扒𤯩	0	
ănsống	咹𤯩	0	
sốnglại	𤯩吏	0	
chồng	重	0	
vợchồng	𡞕重	0	
nhàchồng	茹重	0	
emchồng	㛪重	0	
chứ	𠹲	0	
chứsao	𠹲牢	0	
xong	衝	0	
làmxong	爫衝	0	
tấm	糝	0	
cơmtấm	粓糝	0	
tấm	𤗲	0	
tấmkhăn	𤗲巾	0	
lão	老	0	
ônglão	翁老	0	
đẹplão	𢢲老	0	
hươnglão	鄉老	0	
lãobà	老婆	0	
lãogiáo	老教	0	
ngọc	玉	0	
ngọcnữ	玉女	0	
đầy	菭	0	
đầy	𧀟	0	
đầyđủ	菭都	0	
đầytháng	菭𣎃	0	
đầytuổi	菭歲	0	
màuđen	牟黰	0	
đen	黰	0	
đentối	黰最	0	
cơmđen	粓黰	0	
dânđen	民黰	0	
sốđen	数黰	0	
tuần	旬	0	
tuầnlễ	旬禮	0	
thượngtuần	上旬	0	
hơi	唏	0	
mộthơi	𠬠唏	0	
hếthơi	歇唏	0	
nghehơi	𦖑唏	0	
chẳng	庄	0	
chẳng	庒	0	
chẳngai	庄埃	0	
chẳngbaogiờ	庄包𣇞	0	
chẳngcần	庄勤	0	
chẳnggì	庄之	0	
chẳngnữa	庄𠯆	0	
thà	他	0	
chẳngthà	庄他	0	
chẳngvừa	庄𣃣	0	
chẳngsao	庄牢	0	
vânglời	𠳐𠳒	0	
bắtlửa	扒焒	0	
phước	福	0	
phúc	福	0	
hắn	𪝳	0	
hắnta	𪝳些	0	
à	啊	0	
phía	𪰂	0	
phíatrước	𪰂𠓀	0	
càng	強	0	
sa	沙	0	
ítra	𠃣𫥨	0	
thì	㖘	0	
thì	辰	0	
thì	𣊒	0	
vậythì	丕㖘	0	
anhminh	英明	0	
chỉđịnh	指定	0	
dẫn	引	0	
đềdẫn	題引	0	
chứngdẫn	證引	0	
chỉdẫn	指引	0	
dâydẫn	絏引	0	
dẫnđiện	引電	0	
dẫnđường	引塘	0	
dẫnchứng	引證	0	
dẫngiải	引解	0	
sáchdẫn	册引	0	
trúngsố	𠁦数	0	
khinãy	欺迺	0	
bannãy	班迺	0	
nấy	乃	0	
ainấy	埃乃	0	
bóng	𤊡	0	
bóngđèn	𣈖畑	0	
tứcmình	息𨉟	0	
tứcbụng	息䏾	0	
bóng	𣈖	0	
đábóng	跢𣈖	0	
bóngcá	𣈖𩵜	0	
sángbóng	𤎜𤊡	0	
nướcbóng	渃𤊡	0	
đánhbóng	打𤊡	0	
đánhbóng	打𩃳	0	
đánhbóngbàn	打𣈖盤	0	
bóngbàn	𣈖盤	0	
chơiđábóng	𨔈跢𣈖	0	
thốngnhất	統一	0	
hệthống	系統	0	
chỉgiáo	指教	0	
chỉnam	指南	0	
đìnhchỉ	停止	0	
chỉ	止	0	
chỉ	址	0	
địachỉ	地址	0	
chỉđiểm	指點	0	
cuốnsách	卷册	0	
quyển	卷	0	
cuốn	卷	0	
cuốn	捲	0	
cuốnlên	捲𨖲	0	
cuốnlại	捲吏	0	
baothơ	包書	0	
thơ	書	0	
cạnh	競	0	
tranh	爭	0	
cạnhtranh	競爭	0	
đàntranh	彈爭	0	
chiếntranh	戰爭	0	
đấutranh	鬥爭	0	
tranhluận	爭論	0	
vùng	𤀘	0	
vùngđất	𤀘坦	0	
bức	幅	0	
tranh	幀	0	
bứctranh	幅幀	0	
truyệntranh	傳幀	0	
tácphẩm	作品	0	
vănhọc	文學	0	
mê	迷	0	
ngủmê	𥄬迷	0	
nằmmê	𦣰迷	0	
nãy	迺	0	
vănminh	文明	0	
nghệsĩ	藝士	0	
xuân	春	0	
mùaxuân	务春	0	
hồixuân	回春	0	
xuânthu	春秋	0	
khoảng	曠	0	
vàokhoảng	𠓨曠	0	
khoảngkhông	曠空	0	
chuỷ	ㇶ	0	
đểlại	底吏	0	
út	乙𖿱	0	
nữa	女𖿱	0	
kim	金	0	
bạchkim	白金	0	
hợpkim	合金	0	
kimanh	金英	0	
kimbằng	金朋	0	
kim	今	0	
đươngkim	當今	0	
kimcổ	今古	0	
giả	者	0	
họcgiả	學者	0	
khángiả	看者	0	
độcgiả	讀者	0	
độc	讀	0	
vẽ	𦘧	0	
vẽ	捤	0	
vẽ	𡳒	0	
hìnhvẽ	形𦘧	0	
màuvẽ	牟𦘧	0	
vănhoá	文化	0	
chế	制	0	
chơi	制	0	
đợi	待	0	
duyên	縁	0	
duyên	緣	0	
đệpduyên	𢢲縁	0	
duyêndo	縁由	0	
nhânduyên	人縁	0	
kếtduyên	結縁	0	
duyênsố	縁数	0	
cầuduyên	求縁	0	
chồng	𫯳	0	
cóchồng	固𫯳	0	
emchồng	㛪𫯳	0	
nhàchồng	茹𫯳	0	
mở	𨷑	0	
mởđầu	𨷑頭	0	
mởđường	𨷑塘	0	
mởmặt	𨷑𩈘	0	
mởmiệng	𨷑𠰘	0	
câuchuyện	句𡀯	0	
phụ	婦	0	
phụnữ	婦女	0	
thiếuphụ	少婦	0	
sảnphụ	産婦	0	
phụnhân	婦人	0	
bài	排	0	
bàihọc	排學	0	
bàithơ	排書	0	
bàilàm	排爫	0	
bàibáo	排報	0	
hát	欱	0	
hét	喝	0	
nhàhát	茹欱	0	
bàihát	排欱	0	
lahét	囉喝	0	
vạnnhất	萬一	0	
khíthế	氣勢	0	
hìnhthế	形勢	0	
vìthế	爲勢	0	
địathế	地勢	0	
chữ	字	0	
rượu	𨢇	0	
uốngrượu	㕵𨢇	0	
rượumạnh	𨢇孟	0	
rượulễ	𨢇禮	0	
la	囉	0	
chung	終	0	
nóichung	呐終	0	
ởchung	於終	0	
củachung	𧵑終	0	
nhìnchung	𥆾終	0	
chungkết	終結	0	
chọn	𢮪	0	
lựa	攎	0	
lựa	𢫘	0	
lựachọn	攎𢮪	0	
chọnlựa	𢮪攎	0	
vẻ	𨤔	0	
cóvẻ	固𨤔	0	
ravẻ	𫥨𨤔	0	
vănvẻ	文𨤔	0	
chùa	廚	0	
chùa	厨	0	
nhàchùa	茹廚	0	
thầychùa	偨廚	0	
tăng	增	0	
giatăng	加增	0	
nguồn	源	0	
nguồnsáng	源𤎜	0	
nguyên	原	0	
caonguyên	高原	0	
cung	宮	0	
	0	