a	丫	0	
a	亚	0	
a	阿	0	
a	亞	0	
a	妸	0	
a	𠲞	0	
a	鸦	0	
a	婀	0	
a	疴	0	
a	啊	0	
a	桠	0	
a	锕	0	
a	椏	0	
a	鴉	0	
a	錒	0	
a	鵶	0	
ai	哀	0	
ai	埃	0	
ai	挨	0	
ai	唉	0	
ai	𥑴	0	
ai	㥋	0	
ai	锿	0	
ai	鎄	0	
am	谙	0	
am	庵	0	
am	菴	0	
am	堷	0	
am	萻	0	
am	鹌	0	
am	盦	0	
am	諳	0	
am	鵪	0	
an	安	0	
an	胺	0	
an	桉	0	
an	氨	0	
an	铵	0	
an	𫛩	0	
an	𩽾	0	
an	銨	0	
an	鞌	0	
an	鞍	0	
an	鴳	0	
an	鮟	0	
ang	央	0	
ang	坱	0	
ang	垵	0	
ang	盎	0	
ang	𤮃	0	
anh	英	0	
anh	莺	0	
anh	婴	0	
anh	罂	0	
anh	缨	0	
anh	䁐	0	
anh	樱	0	
anh	鹦	0	
anh	嬰	0	
anh	鶧	0	
anh	罌	0	
anh	嚶	0	
anh	鶯	0	
anh	櫻	0	
anh	纓	0	
anh	鸚	0	
ao	凹	0	
ao	𠯻	0	
ao	㘭	0	
ao	𬇚	0	
ao	泑	0	
ao	呦	0	
ao	坳	0	
ao	𪵲	0	
ao	鏖	0	
at	胺	0	
au	区	0	
au	㓜	0	
au	泑	0	
au	區	0	
ba	巴	0	
ba	芭	0	
ba	𠀧	0	
ba	吧	0	
ba	爬	0	
ba	波	0	
ba	爸	0	
ba	疤	0	
ba	钯	0	
ba	蚆	0	
ba	笆	0	
ba	舥	0	
ba	豝	0	
ba	菠	0	
ba	葩	0	
ba	鈀	0	
ba	𧤭	0	
ba	𮠟	0	
bai	排	0	
bai	𠸟	0	
bai	𢴾	0	
bai	𠾦	0	
ban	半	0	
ban	扳	0	
ban	胖	0	
ban	颁	0	
ban	班	0	
ban	般	0	
ban	斑	0	
ban	搬	0	
ban	頒	0	
ban	瘢	0	
ban	癍	0	
bang	邦	0	
bang	乓	0	
bang	垹	0	
bang	帮	0	
bang	挷	0	
bang	梆	0	
bang	䏾	0	
bang	幚	0	
bang	幫	0	
bang	謗	0	
banh	兵	0	
banh	抨	0	
banh	浜	0	
banh	捠	0	
banh	绷	0	
banh	烹	0	
banh	綳	0	
bao	勹	0	
bao	𠂊	0	
bao	包	0	
bao	刨	0	
bao	苞	0	
bao	笣	0	
bao	龅	0	
bao	褒	0	
bao	襃	0	
bao	齙	0	
bau	保	0	
bay	飞	0	
bay	𢒎	0	
bay	飛	0	
bay	拜	0	
bay	排	0	
bay	悲	0	
bay	蜚	0	
bay	𠎩	0	
bay	𫅫	0	
bay	𫹊	0	
bay	𬲊	0	
bay	𫅰	0	
bay	𠖤	0	
bay	𨅥	0	
bay	𨭍	0	
bay	𩙻	0	
bay	𩈂	0	
be	陂	0	
be	碑	0	
be	𠻻	0	
be	𨼚	0	
be	𫮦	0	
be	𠾦	0	
be	𣛥	0	
be	𤮑	0	
be	𫇟	0	
ben	边	0	
ben	扁	0	
ben	𤶒	0	
ben	邊	0	
beng	鋲	0	
beo	包	0	
beo	豹	0	
beo	𧲼	0	
beo	𧴋	0	
beo	𤣄	0	
bi	啤	0	
bi	悲	0	
bi	碑	0	
bi	醊	0	
bi	𨡕	0	
bi	𠾦	0	
bia	碑	0	
bia	𨡕	0	
bia	醊	0	
biai	排	0	
binh	乒	0	
binh	兵	0	
binh	梹	0	
biooc	𫇥	0	
biem	砭	0	
bien	边	0	
bien	编	0	
bien	編	0	
bien	蹁	0	
bien	邊	0	
bieng	梹	0	
bieu	蚫	0	
bieu	脿	0	
biim	砭	0	
biec	碧	0	
biem	贬	0	
biem	窆	0	
biem	砭	0	
biem	貶	0	
bien	变	0	
bien	遍	0	
bien	徧	0	
bien	萹	0	
bien	藊	0	
bien	變	0	
bieng	丙	0	
bieng	𠰳	0	
bieng	怲	0	
bieng	𠴠	0	
biet	別	0	
biet	𪿍	0	
biet	瘪	0	
biet	蹩	0	
biet	癟	0	
biet	鳖	0	
biet	鱉	0	
biet	鼈	0	
biet	虌	0	
bieu	俵	0	
bieu	𠶓	0	
bieu	殍	0	
bieu	裱	0	
bieu	𤷶	0	
bieu	𧶫	0	
bieu	𠾷	0	
bien	弁	0	
bien	骈	0	
bien	昪	0	
bien	便	0	
bien	胼	0	
bien	谝	0	
bien	骗	0	
bien	𫑆	0	
bien	諞	0	
bien	駢	0	
bien	騙	0	
bieu	蜱	0	
bieu	瓢	0	
bieu	䕯	0	
bien	汴	0	
bien	扁	0	
bien	𣷷	0	
bien	𣷭	0	
bien	匾	0	
bien	㴜	0	
bien	骗	0	
bien	惼	0	
bien	煸	0	
bien	褊	0	
bien	蝙	0	
bien	騙	0	
bien	鯿	0	
bien	𤅶	0	
bieu	表	0	
bieu	俵	0	
bieu	𠶓	0	
bieu	婊	0	
bieu	㧼	0	
bieu	裱	0	
bieu	錶	0	
bieu	鳔	0	
bieu	鰾	0	
bien	办	0	
bien	卞	0	
bien	抃	0	
bien	忭	0	
bien	拚	0	
bien	緶	0	
bien	辨	0	
bien	辦	0	
bien	瓣	0	
bien	𥶁	0	
bien	辮	0	
bien	辯	0	
biet	別	0	
biet	别	0	
biet	𨡊	0	
biet	𬩁	0	
bo	甫	0	
bo	圃	0	
bo	莆	0	
bo	逋	0	
bo	剖	0	
bo	脯	0	
bo	𥿠	0	
bom	喯	0	
bon	奔	0	
bon	𨁼	0	
bong	俸	0	
bong	蓬	0	
bong	篷	0	
bong	𢶻	0	
bong	𤂧	0	
boong	俸	0	
boong	葻	0	
boong	䏾	0	
bu	𡜵	0	
bu	哺	0	
bu	蚼	0	
bu	𥮉	0	
bua	𤤰	0	
bua	𢂜	0	
bua	𢃊	0	
bua	哺	0	
bui	盃	0	
bui	𠸟	0	
bui	𣻃	0	
bui	𣾾	0	
bung	芃	0	
bung	葻	0	
bung	𢶻	0	
bung	𨮇	0	
bua	布	0	
bua	斧	0	
bua	鈽	0	
buoi	𠸟	0	
buon	奔	0	
buon	倴	0	
buon	捹	0	
buon	𧶭	0	
buon	𫬩	0	
buong	芃	0	
buong	𢭾	0	
buong	喯	0	
buong	捹	0	
buong	葻	0	
buong	𦀋	0	
buong	𢶻	0	
bua	步	0	
bua	倍	0	
bua	𡝃	0	
bua	捕	0	
bua	𥿠	0	
bua	䋠	0	
buoc	𫁰	0	
buot	扑	0	
buot	𤶽	0	
buot	𤏫	0	
buot	𤺭	0	
buoi	裴	0	
buoi	𦢄	0	
buom	帆	0	
buom	𭘜	0	
buon	忿	0	
buon	盆	0	
buon	𢞂	0	
buong	帆	0	
buong	房	0	
buong	逢	0	
buong	蓬	0	
buong	䤑	0	
buong	𢩣	0	
buoi	贝	0	
buoi	貝	0	
buoi	𣇙	0	
buoi	𣇜	0	
buoi	𣉳	0	
buoc	扑	0	
buoc	𫃚	0	
buoc	𥾾	0	
buoc	𢯜	0	
buoc	𦂿	0	
buoc	撲	0	
buoc	樸	0	
buoc	𢷏	0	
buoc	𦄾	0	
buoc	纀	0	
buot	哱	0	
buot	𨁝	0	
buot	𫄂	0	
buot	𨅗	0	
ba	妑	0	
ba	爬	0	
ba	杷	0	
ba	粑	0	
ba	耙	0	
ba	婆	0	
ba	掱	0	
ba	琶	0	
ba	靶	0	
ba	𢱨	0	
bai	俳	0	
bai	排	0	
bai	掰	0	
bai	牌	0	
bai	摆	0	
bai	𣘓	0	
bai	擘	0	
bai	擺	0	
bai	𣞻	0	
bai	襬	0	
bam	砭	0	
bam	𠻅	0	
ban	肨	0	
ban	胖	0	
ban	柈	0	
ban	般	0	
ban	𠴞	0	
ban	盘	0	
ban	搬	0	
ban	槃	0	
ban	盤	0	
ban	磐	0	
ban	𡂑	0	
ban	蟠	0	
ban	𭢋	0	
bang	彷	0	
bang	㧍	0	
bang	庞	0	
bang	逄	0	
bang	胮	0	
bang	旁	0	
bang	盘	0	
bang	雱	0	
bang	傍	0	
bang	滂	0	
bang	嗙	0	
bang	徬	0	
bang	蒡	0	
bang	㥬	0	
bang	榜	0	
bang	膀	0	
bang	镑	0	
bang	盤	0	
bang	磅	0	
bang	螃	0	
bang	龎	0	
bang	鳑	0	
bang	鎊	0	
bang	龐	0	
bang	鰟	0	
banh	彭	0	
banh	澎	0	
banh	膨	0	
banh	蟚	0	
banh	蟛	0	
bao	包	0	
bao	刨	0	
bao	庖	0	
bao	苞	0	
bao	泡	0	
bao	狍	0	
bao	咆	0	
bao	胞	0	
bao	炮	0	
bao	疱	0	
bao	皰	0	
bao	袍	0	
bao	𠝇	0	
bao	匏	0	
bao	鲍	0	
bao	鉋	0	
bao	麅	0	
bao	鮑	0	
bao	鳔	0	
bao	鰾	0	
bao	鑤	0	
bau	咆	0	
bau	垉	0	
bau	泡	0	
bay	排	0	
bay	悲	0	
bay	𠼕	0	
bay	𫕾	0	
ba	叭	0	
ba	百	0	
ba	坝	0	
ba	把	0	
ba	伯	0	
ba	报	0	
ba	柏	0	
ba	咟	0	
ba	栢	0	
ba	𬇫	0	
ba	耙	0	
ba	報	0	
ba	𫜨	0	
ba	𩨜	0	
ba	𬡹	0	
ba	播	0	
ba	檗	0	
ba	䶕	0	
ba	覇	0	
ba	霸	0	
ba	壩	0	
ba	欛	0	
bac	北	0	
bac	驳	0	
bac	伯	0	
bac	炮	0	
bac	砲	0	
bac	剥	0	
bac	剝	0	
bac	博	0	
bac	搏	0	
bac	膊	0	
bac	駁	0	
bac	镈	0	
bac	駮	0	
bac	鎛	0	
bac	礮	0	
bach	百	0	
bach	廹	0	
bach	迫	0	
bach	佰	0	
bach	柏	0	
bach	栢	0	
bach	舶	0	
bai	扒	0	
bai	沛	0	
bai	芾	0	
bai	拜	0	
bai	狽	0	
bai	㤳	0	
bai	旆	0	
bai	唄	0	
bai	稗	0	
bai	霈	0	
bam	抸	0	
bam	禀	0	
bam	稟	0	
bam	𢵉	0	
bam	𢶸	0	
bam	撼	0	
ban	半	0	
ban	绊	0	
ban	叛	0	
ban	絆	0	
ban	𬥓	0	
ban	𧸝	0	
bang	炐	0	
bang	谤	0	
bang	搒	0	
bang	榜	0	
bang	𤹔	0	
bang	镑	0	
bang	謗	0	
bang	鎊	0	
banh	饼	0	
banh	𤖶	0	
banh	𥹘	0	
banh	掽	0	
banh	𨋣	0	
banh	碰	0	
banh	𩛄	0	
banh	軿	0	
banh	餅	0	
banh	𬖪	0	
bao	报	0	
bao	豹	0	
bao	報	0	
bao	𠸒	0	
bao	𪽕	0	
bat	八	0	
bat	丷	0	
bat	圦	0	
bat	癶	0	
bat	叭	0	
bat	扒	0	
bat	泼	0	
bat	茇	0	
bat	呠	0	
bat	拨	0	
bat	钵	0	
bat	釟	0	
bat	般	0	
bat	捌	0	
bat	缽	0	
bat	笨	0	
bat	鉢	0	
bat	潑	0	
bat	撥	0	
bau	宝	0	
bau	寶	0	
bay	排	0	
bam	贬	0	
bam	貶	0	
ban	𬮜	0	
ban	彬	0	
ban	𫯩	0	
ban	斌	0	
ban	𫗌	0	
bang	氷	0	
bang	冰	0	
bang	挷	0	
bang	𫺎	0	
bang	𢲔	0	
bau	咆	0	
bau	袍	0	
bau	蚫	0	
bau	蚼	0	
bau	袌	0	
bau	裒	0	
bau	𢄇	0	
bau	𢄝	0	
bau	𬡣	0	
bau	𧜺	0	
bay	拜	0	
bay	悲	0	
bay	碑	0	
bay	𣊾	0	
bau	𬡞	0	
ba	把	0	
ba	𬐒	0	
ba	𠴙	0	
ba	粑	0	
ba	𥺖	0	
ba	𥺕	0	
bai	罢	0	
bai	𡌣	0	
bai	𣺽	0	
bai	𪤄	0	
bai	罷	0	
bai	𡓁	0	
bai	擺	0	
bao	抱	0	
bao	饱	0	
bao	菢	0	
bao	跑	0	
bao	飽	0	
bao	雹	0	
bao	褓	0	
bao	緥	0	
bao	暴	0	
bao	𣋰	0	
bao	𩙕	0	
be	皮	0	
be	佊	0	
be	舥	0	
be	𤿤	0	
be	𣙨	0	
be	𥯤	0	
be	𬜛	0	
bem	𠹰	0	
ben	卞	0	
ben	𠂪	0	
ben	𠂫	0	
ben	骈	0	
ben	𬩄	0	
ben	駢	0	
beo	瓢	0	
beo	䕯	0	
be	闭	0	
be	𡭬	0	
be	𡮌	0	
be	閉	0	
be	𡮥	0	
be	𡮤	0	
be	𡮣	0	
be	𡮩	0	
ben	变	0	
ben	𤇮	0	
ben	𣷷	0	
ben	𫽕	0	
ben	𤊰	0	
ben	鍽	0	
ben	變	0	
ben	𤅶	0	
ben	𤓩	0	
ben	𨰺	0	
beng	𧦿	0	
beo	报	0	
beo	胖	0	
beo	豹	0	
beo	報	0	
beo	脿	0	
bep	𠰏	0	
bep	𤇮	0	
bep	𬜆	0	
bet	別	0	
bet	𦛺	0	
bet	𥇂	0	
bet	鳖	0	
bet	鱉	0	
bet	𩻪	0	
be	陂	0	
be	𠶎	0	
be	𤚆	0	
be	𤛞	0	
be	𠾦	0	
be	𪺵	0	
ben	边	0	
ben	扁	0	
ben	邊	0	
benh	兵	0	
benh	𦛼	0	
beu	标	0	
beu	摽	0	
beu	撩	0	
beu	標	0	
bi	皮	0	
bi	疲	0	
bi	埤	0	
bi	蚽	0	
bi	𣓋	0	
bi	裨	0	
bi	蜱	0	
bia	皮	0	
bia	牌	0	
bim	砭	0	
bim	䒦	0	
bim	𦹴	0	
bim	𪀐	0	
binh	平	0	
binh	评	0	
binh	坪	0	
binh	泙	0	
binh	屏	0	
binh	瓶	0	
binh	萍	0	
binh	塀	0	
binh	缾	0	
binh	評	0	
binh	軿	0	
binh	䤣	0	
binh	鲆	0	
binh	𤭸	0	
binh	鮃	0	
binh	塀	0	
biu	褓	0	
biu	瓢	0	
bi	否	0	
bi	苾	0	
bi	祕	0	
bi	毖	0	
bi	贲	0	
bi	秘	0	
bi	铋	0	
bi	賁	0	
bi	痞	0	
bi	𠸠	0	
bi	𣖞	0	
bi	辔	0	
bi	閟	0	
bi	鉍	0	
bi	𦷬	0	
bi	轡	0	
bich	廹	0	
bich	迫	0	
bich	辟	0	
bich	碧	0	
bich	擗	0	
bich	壁	0	
bich	甓	0	
bich	璧	0	
bich	癖	0	
binh	丙	0	
binh	怲	0	
binh	饼	0	
binh	炳	0	
binh	柄	0	
binh	迸	0	
binh	摒	0	
binh	𧚭	0	
binh	碰	0	
binh	餅	0	
bit	扒	0	
bit	別	0	
bit	捌	0	
biu	㧼	0	
biu	裱	0	
biu	𩤕	0	
bo	爬	0	
bo	匍	0	
bo	圃	0	
bo	𤞨	0	
bo	𤙭	0	
bo	䊇	0	
bo	蜅	0	
bo	𧌂	0	
bo	𨁏	0	
bo	𨄳	0	
bo	鯆	0	
bo	𨆶	0	
bo	𩟢	0	
bo	𭺗	0	
boi	培	0	
boi	䏽	0	
boi	裴	0	
boi	𦟷	0	
bom	𪷤	0	
bom	澟	0	
bon	盆	0	
bon	𢱔	0	
bon	𫽡	0	
bong	蓬	0	
bong	摓	0	
bong	𢸚	0	
bong	纄	0	
bong	𣠑	0	
bo	布	0	
bo	沛	0	
bo	抚	0	
bo	补	0	
bo	抪	0	
bo	咘	0	
bo	捕	0	
bo	𥿠	0	
bo	𣔩	0	
bo	補	0	
bo	撫	0	
boc	卜	0	
boc	扑	0	
boc	剥	0	
boc	剝	0	
boi	卜	0	
boi	贝	0	
boi	貝	0	
boi	𧴤	0	
boi	𫎑	0	
bon	𤵳	0	
bon	𦊚	0	
bon	𫃘	0	
bong	俸	0	
bong	淎	0	
bong	𡞗	0	
bong	䏾	0	
bong	𣈖	0	
bong	𤊡	0	
bong	𩃳	0	
bong	𩄴	0	
bong	𫕰	0	
bop	𢯒	0	
bo	布	0	
bo	甫	0	
bo	佈	0	
bo	逋	0	
bo	圃	0	
bo	哺	0	
bo	𫗦	0	
bo	晡	0	
bo	鈽	0	
bo	餔	0	
bo	醭	0	
boc	𦄾	0	
boi	杯	0	
boi	盃	0	
boi	桮	0	
boi	𠸟	0	
boi	𫽗	0	
boi	𭉩	0	
bom	𠰏	0	
bom	𠻅	0	
bon	奔	0	
bon	泍	0	
bon	贲	0	
bon	逩	0	
bon	賁	0	
bon	犇	0	
bon	锛	0	
bon	𨁼	0	
bon	錛	0	
bong	芃	0	
bong	𥟌	0	
bong	葻	0	
bong	𣜳	0	
bong	𬡟	0	
bo	补	0	
bo	捕	0	
bo	剖	0	
bo	部	0	
bo	補	0	
bo	𡀨	0	
bom	呠	0	
bom	𪷤	0	
bom	澟	0	
bong	𣶈	0	
bong	淎	0	
bu	补	0	
bu	哺	0	
bu	補	0	
bu	赔	0	
bu	蒲	0	
bu	賠	0	
bua	苻	0	
bua	符	0	
bui	坏	0	
bui	裴	0	
bui	𫬍	0	
bui	壞	0	
bun	盆	0	
bun	渀	0	
bun	湓	0	
bun	𡎛	0	
bung	飒	0	
bung	𩂑	0	
bung	蓬	0	
bung	颯	0	
bung	𩄏	0	
bung	𤑫	0	
bung	𩅛	0	
bu	补	0	
bu	咘	0	
bu	哺	0	
bu	啂	0	
bu	補	0	
bu	𪜛	0	
bua	布	0	
bua	斧	0	
bua	鈽	0	
bui	贝	0	
bui	貝	0	
bui	𢱎	0	
bui	𦁀	0	
bui	𧸻	0	
bun	本	0	
bun	𥻸	0	
bun	𡅊	0	
bung	俸	0	
bung	捧	0	
bung	棒	0	
bung	𢺒	0	
bup	芣	0	
but	芣	0	
but	笔	0	
but	筆	0	
but	潷	0	
bam	乏	0	
bam	贬	0	
bam	貶	0	
bam	𠞢	0	
bam	𨫄	0	
bam	𨮍	0	
bam	𫦢	0	
ban	氷	0	
ban	冰	0	
ban	班	0	
ban	彬	0	
ban	𠺚	0	
bang	冫	0	
bang	氷	0	
bang	冰	0	
bang	绷	0	
bang	崩	0	
bang	硼	0	
bang	𨀰	0	
bang	𬭖	0	
bang	綳	0	
bang	繃	0	
bang	𫑌	0	
bang	蹦	0	
bang	鏰	0	
bi	圮	0	
bi	否	0	
bi	㳪	0	
bi	痞	0	
bi	噽	0	
binh	胼	0	
biu	哹	0	
biu	𠶓	0	
biu	𠼼	0	
bo	巴	0	
bo	𠇕	0	
bo	𠀧	0	
bo	𪩬	0	
bo	吧	0	
boi	拜	0	
boi	悲	0	
boi	𬈺	0	
boi	𢴾	0	
bom	泵	0	
bom	砭	0	
bon	般	0	
bon	班	0	
bon	𩺡	0	
bon	𩺪	0	
bonh	𩺪	0	
bung	氷	0	
bung	冰	0	
bung	兵	0	
bung	𢫕	0	
bung	挷	0	
bung	𢬄	0	
bung	𣵮	0	
bung	搬	0	
bung	𢲔	0	
buu	邮	0	
buu	郵	0	
buu	彪	0	
buoi	𢴾	0	
buon	玥	0	
buon	𬂇	0	
buon	𪱟	0	
buon	𨁼	0	
buong	邦	0	
buong	梆	0	
buong	𥮇	0	
buou	邮	0	
buou	豹	0	
buou	郵	0	
buou	蚫	0	
buoc	北	0	
buoc	𨀈	0	
buoc	跳	0	
buom	乏	0	
buom	𠰏	0	
buom	𧊉	0	
buom	蝶	0	
buom	𧒅	0	
buong	半	0	
buong	谤	0	
buong	謗	0	
buong	𬒩	0	
buop	𩶟	0	
buou	报	0	
buou	肬	0	
buou	疣	0	
buou	報	0	
buou	𤷶	0	
buou	𤹼	0	
buou	𤺴	0	
buong	平	0	
buong	旁	0	
buoi	𣘓	0	
buoi	𣞻	0	
ba	把	0	
ba	播	0	
ba	簿	0	
ba/bo	簿	0	
bac	白	0	
bac	泊	0	
bac	泺	0	
bac	铂	0	
bac	萡	0	
bac	博	0	
bac	鉑	0	
bac	鞄	0	
bac	魄	0	
bac	薄	0	
bac	㩧	0	
bac	濼	0	
bac	簿	0	
bac	礴	0	
bach	白	0	
bach	帛	0	
bach	迫	0	
bach	𨒹	0	
bach	铂	0	
bach	鉑	0	
bai	败	0	
bai	敗	0	
bai	𪤄	0	
bai	𡏯	0	
bai	𡓁	0	
ban	伴	0	
ban	拌	0	
ban	绊	0	
ban	怑	0	
ban	泮	0	
ban	叛	0	
ban	柈	0	
ban	畔	0	
ban	𠴞	0	
ban	絆	0	
ban	魬	0	
bang	蚌	0	
bang	𧉻	0	
bang	蜯	0	
banh	病	0	
banh	𪽲	0	
bao	抱	0	
bao	袌	0	
bao	雹	0	
bao	暴	0	
bao	爆	0	
bap	柉	0	
bat	茇	0	
bat	拔	0	
bat	拨	0	
bat	紱	0	
bat	跋	0	
bat	弼	0	
bat	䥽	0	
bat	鈸	0	
bat	鲅	0	
bat	鮁	0	
bat	鼥	0	
bau	倍	0	
bau	偣	0	
bau	㖣	0	
ba	𠇕	0	
ba	把	0	
ba	爸	0	
ba	𥸿	0	
ba	粑	0	
ba	跁	0	
ba	跛	0	
ba	靶	0	
ba	𩨜	0	
ba	𨁩	0	
ba	欛	0	
bai	𨇑	0	
ban	本	0	
ban	阪	0	
ban	岅	0	
ban	𢪱	0	
ban	扳	0	
ban	坂	0	
ban	板	0	
ban	版	0	
ban	𡊖	0	
ban	钣	0	
ban	舨	0	
ban	鈑	0	
bang	版	0	
bang	绑	0	
bang	綁	0	
bang	搒	0	
bang	牓	0	
bang	榜	0	
bang	镑	0	
bang	鎊	0	
banh	抦	0	
banh	秉	0	
banh	炤	0	
banh	炳	0	
banh	𬙵	0	
banh	𫅚	0	
bao	宝	0	
bao	泡	0	
bao	保	0	
bao	𠶓	0	
bao	堡	0	
bao	葆	0	
bao	𠸒	0	
bao	褓	0	
bao	鴇	0	
bao	寳	0	
bao	寶	0	
bau	𠸒	0	
bay	𦉱	0	
bay	罢	0	
bay	罷	0	
bay	𠤩	0	
bac	北	0	
bac	苝	0	
bac	𫕡	0	
bac	𬊴	0	
bam	禁	0	
bam	禀	0	
bam	稟	0	
bam	𢶸	0	
bam	𡀫	0	
bam	𡀀	0	
ban	绊	0	
ban	絆	0	
ban	𪨄	0	
ban	鬂	0	
bap	乏	0	
bat	不	0	
bat	抔	0	
bat	潷	0	
bau	否	0	
bau	𪜢	0	
bau	保	0	
bau	𠸒	0	
bau	㨐	0	
bau	搆	0	
bau	𬋳	0	
bau	𢺔	0	
bay	闭	0	
bay	卑	0	
bay	罢	0	
bay	閉	0	
bay	悲	0	
bay	碑	0	
bay	罷	0	
bam	𫲃	0	
bam	𦡣	0	
bam	𬆸	0	
ban	贫	0	
ban	貧	0	
ban	𢠈	0	
bang	怦	0	
bang	泙	0	
bang	𤇊	0	
bang	旁	0	
bang	蓬	0	
bau	抔	0	
bau	泡	0	
bau	咆	0	
bau	垉	0	
bau	保	0	
bau	匏	0	
bau	裒	0	
bau	蔀	0	
bau	辏	0	
bau	瓢	0	
bau	輳	0	
bau	䕯	0	
bay	皮	0	
bay	俳	0	
bay	排	0	
bay	悲	0	
bay	𠍣	0	
bam	禀	0	
bam	稟	0	
bam	𡀫	0	
ban	𠄯	0	
ban	泍	0	
ban	泮	0	
ban	𣵲	0	
ban	𬇸	0	
ban	𬉂	0	
ban	𪷪	0	
ban	鬂	0	
ban	瀵	0	
bay	摆	0	
bay	𠤩	0	
bay	襬	0	
bam	𦚖	0	
bang	𢀫	0	
bau	瓿	0	
bau	𧧀	0	
bay	𠙣	0	
bay	𦋕	0	
bay	𣘓	0	
bay	𪳴	0	
bay	擺	0	
bay	𣞻	0	
bay	𣡯	0	
bac	北	0	
bac	𨸾	0	
bac	偪	0	
bac	匐	0	
bac	𨀈	0	
bac	幅	0	
bac	弼	0	
bac	堛	0	
bac	𨄑	0	
bac	𫂨	0	
bam	𡒄	0	
bam	壈	0	
ban	半	0	
ban	伴	0	
ban	𢏑	0	
ban	绊	0	
ban	泮	0	
ban	𥾽	0	
ban	彬	0	
ban	絆	0	
ban	捹	0	
ban	遍	0	
ban	𦁂	0	
bap	𠰏	0	
bap	潗	0	
bat	苾	0	
bat	弼	0	
bau	倍	0	
bau	裒	0	
bau	蔀	0	
bau	𧔙	0	
bay	丕	0	
bay	败	0	
bay	呸	0	
bay	敗	0	
bay	𪦚	0	
bac	北	0	
bac	𢫣	0	
ban	半	0	
ban	伴	0	
ban	扳	0	
ban	𪪻	0	
ban	拌	0	
ban	𢏑	0	
ban	𬑰	0	
ban	鉡	0	
ban	𢐊	0	
ban	𨉠	0	
ban	𪧻	0	
ban	𡭉	0	
bang	绷	0	
bang	綳	0	
bang	繃	0	
bap	法	0	
bap	𣔟	0	
bap	𥟼	0	
bat	八	0	
bat	扒	0	
bat	抔	0	
bat	捌	0	
bat	𫐴	0	
bat	𫐾	0	
ban	怦	0	
ban	弼	0	
bang	冯	0	
bang	平	0	
bang	朋	0	
bang	凭	0	
bang	甭	0	
bang	棚	0	
bang	評	0	
bang	馮	0	
bang	鹏	0	
bang	𫷚	0	
bang	凴	0	
bang	憑	0	
bang	錋	0	
bang	鵬	0	
bam	砭	0	
bam	禀	0	
bam	稟	0	
ban	𢪱	0	
ban	扳	0	
ban	㤓	0	
ban	怑	0	
ban	𢠈	0	
bang	平	0	
bam	砭	0	
bam	𤢤	0	
bam	𢶸	0	
bang	朋	0	
bang	凭	0	
bang	滂	0	
bac	卜	0	
bac	匐	0	
bac	𦹣	0	
bac	踣	0	
bac	𨄑	0	
bam	禀	0	
bam	稟	0	
bam	𠏟	0	
bam	𤢤	0	
bam	𡀫	0	
bang	平	0	
bang	𠶉	0	
bap	𠰏	0	
bat	別	0	
bat	拨	0	
bat	拔	0	
bat	匐	0	
bat	弼	0	
be	备	0	
be	梐	0	
be	備	0	
be	𠹯	0	
be	瓣	0	
ben	𫆘	0	
ben	胼	0	
ben	辨	0	
beo	表	0	
beo	暴	0	
beo	㩧	0	
bep	抸	0	
bep	𠰏	0	
bep	𧊉	0	
bep	𠻅	0	
bep	𫣱	0	
bep	㩹	0	
bet	別	0	
bet	𪺤	0	
be	把	0	
be	披	0	
be	𬌱	0	
be	𠶎	0	
be	𢯏	0	
bem	𠷨	0	
bem	𠹰	0	
bem	𬜎	0	
beo	表	0	
beo	𠶓	0	
be	狓	0	
be	彼	0	
be	𠳝	0	
be	㤳	0	
be	啚	0	
be	𢜢	0	
be	鄙	0	
be	蜱	0	
ben	扁	0	
ben	惼	0	
ben	𪭀	0	
beo	莩	0	
beo	殍	0	
be	闭	0	
be	𫆝	0	
be	閉	0	
be	𢲾	0	
be	𦟼	0	
be	嬖	0	
ben	变	0	
ben	𣷷	0	
ben	𡍣	0	
ben	變	0	
ben	𡔖	0	
ben	𤅶	0	
ben	𥘂	0	
bep	灶	0	
bep	𤇮	0	
bep	点	0	
bet	別	0	
bet	𡌀	0	
be	皮	0	
be	佊	0	
be	𪤻	0	
be	鼙	0	
ben	骈	0	
ben	𥑃	0	
ben	𥾽	0	
ben	駢	0	
ben	𥘂	0	
benh	泙	0	
benh	萍	0	
beu	𤃛	0	
be	波	0	
be	彼	0	
be	坤	0	
be	𣷭	0	
be	𥓳	0	
be	彼	0	
be	桮	0	
be	𣔓	0	
be	睥	0	
be	髀	0	
be	𫖽	0	
beu	莩	0	
be	陛	0	
be	被	0	
be	狴	0	
be	梐	0	
be	薜	0	
bech	胉	0	
bech	壁	0	
bech	璧	0	
ben	抃	0	
ben	绊	0	
ben	𥾽	0	
ben	絆	0	
ben	辮	0	
benh	病	0	
bet	別	0	
beu	𦟵	0	
bi	比	0	
bi	佊	0	
bi	彼	0	
bi	秕	0	
bi	粃	0	
bi	啚	0	
bi	鄙	0	
binh	秉	0	
binh	炳	0	
binh	眪	0	
bi	备	0	
bi	被	0	
bi	俻	0	
bi	𪝌	0	
bi	紴	0	
bi	惫	0	
bi	備	0	
bi	鞁	0	
bi	憊	0	
bi	鞴	0	
bia	碑	0	
bia	𫫢	0	
bia	𡀠	0	
bia	𬣈	0	
bich	擗	0	
bich	壁	0	
bich	甓	0	
bich	璧	0	
bich	𢸵	0	
bin	𥾽	0	
bin	瓢	0	
binh	病	0	
bip	𠰏	0	
bip	䒦	0	
bip	𪀐	0	
bit	別	0	
bit	𢃉	0	
bit	捌	0	
bit	𤿱	0	
bit	𠣶	0	
bit	𦖇	0	
bit	𨧢	0	
biu	褓	0	
bo	步	0	
bo	蜅	0	
bo	𧌂	0	
bo	𦟋	0	
bo	𧏳	0	
bo	𧐾	0	
boc	仆	0	
boc	𫃚	0	
boc	僕	0	
boc	襆	0	
boc	𥼜	0	
boc	𦄾	0	
boc	纀	0	
bon	伴	0	
bon	呠	0	
bon	𦏓	0	
bon	𪨠	0	
bong	俸	0	
bong	淎	0	
bong	䏾	0	
bong	棒	0	
bong	𣻈	0	
bop	𢯒	0	
bot	浡	0	
bot	渤	0	
bo	补	0	
bo	捕	0	
bo	悑	0	
bo	補	0	
bo	𠬃	0	
bo	𠬕	0	
bo	𠬖	0	
boi	𪔡	0	
boi	𬥪	0	
bom	呠	0	
bom	𡀫	0	
bom	𡀀	0	
bon	𫋑	0	
bong	疱	0	
bong	𤊡	0	
bong	𣻈	0	
bo	布	0	
bo	甫	0	
bo	佈	0	
bo	怖	0	
bo	𢂞	0	
bo	捕	0	
bo	悑	0	
boc	卜	0	
boc	𣱶	0	
boc	扑	0	
boc	𥃨	0	
boc	𧴤	0	
boc	蔔	0	
boc	襆	0	
boc	㯷	0	
boc	𡃒	0	
boc	蹼	0	
boc	⺊	0	
boi	贝	0	
boi	貝	0	
boi	背	0	
boi	钡	0	
boi	梖	0	
boi	揹	0	
boi	辈	0	
boi	𦁀	0	
boi	蓓	0	
boi	鋇	0	
boi	輩	0	
bom	𦷩	0	
bon	本	0	
bon	奔	0	
bon	𦊚	0	
bong	俸	0	
bong	𩸮	0	
bong	𩺨	0	
bop	抸	0	
bop	𠶙	0	
bop	𢯒	0	
bo	补	0	
bo	匍	0	
bo	浦	0	
bo	哺	0	
bo	耙	0	
bo	菩	0	
bo	補	0	
bo	葡	0	
bo	蒲	0	
bo	𥮉	0	
bo	𥎉	0	
bo	䈬	0	
bo	𪇨	0	
boi	抔	0	
boi	背	0	
boi	倍	0	
boi	陪	0	
boi	培	0	
boi	徘	0	
boi	掊	0	
boi	焙	0	
boi	赔	0	
boi	𥟍	0	
boi	锫	0	
boi	褙	0	
boi	裴	0	
boi	賠	0	
boi	錇	0	
bon	盆	0	
bon	㖹	0	
bon	𢞂	0	
bon	葐	0	
bon	湓	0	
bong	芃	0	
bong	捧	0	
bong	蓬	0	
bong	摓	0	
bong	塳	0	
bong	𢲵	0	
bong	篷	0	
bong	𤂧	0	
bong	𢸚	0	
bong	𣠑	0	
bo	补	0	
bo	捕	0	
bo	補	0	
bo	𧻷	0	
boi	背	0	
boi	培	0	
boi	𥺎	0	
boi	𢊫	0	
bon	夯	0	
bon	本	0	
bon	畚	0	
bon	笨	0	
bong	俸	0	
bong	捧	0	
bong	棒	0	
bong	𫠷	0	
bong	𩙹	0	
bo	哺	0	
bong	俸	0	
bong	𠺭	0	
bo	步	0	
bo	钚	0	
bo	𫴼	0	
bo	捕	0	
bo	部	0	
bo	哺	0	
bo	鈈	0	
bo	簿	0	
boc	仆	0	
boc	朴	0	
boc	𣅃	0	
boc	𥃨	0	
boc	钋	0	
boc	釙	0	
boc	䨔	0	
boc	僕	0	
boc	𣾴	0	
boc	暴	0	
boc	濮	0	
boc	襆	0	
boc	瀑	0	
boc	𦄾	0	
boc	曝	0	
boc	纀	0	
boi	佩	0	
boi	苝	0	
boi	背	0	
boi	悖	0	
boi	珮	0	
boi	倍	0	
boi	焙	0	
boi	蓓	0	
boi	𢲾	0	
bon	本	0	
bon	坌	0	
bon	㤓	0	
bon	𫯐	0	
bon	𦁂	0	
bon	𡖱	0	
bong	奉	0	
bong	菶	0	
bong	棒	0	
bop	𠶙	0	
bot	孛	0	
bot	勃	0	
bot	侼	0	
bot	饽	0	
bot	悖	0	
bot	浡	0	
bot	荸	0	
bot	哱	0	
bot	挬	0	
bot	桲	0	
bot	脖	0	
bot	渤	0	
bot	鹁	0	
bot	𥹸	0	
bot	餑	0	
bot	鵓	0	
bo	叭	0	
bo	咟	0	
bo	𪡈	0	
bo	𡃓	0	
boi	捭	0	
boi	㗑	0	
boi	𢱎	0	
boi	𫴵	0	
boi	𪽝	0	
boi	𤳄	0	
boi	𤳷	0	
boi	𤳸	0	
bon	半	0	
bop	抸	0	
bop	𩶟	0	
bot	叭	0	
bot	扒	0	
bot	抔	0	
bot	𤴭	0	
bot	𣼪	0	
bot	𤁙	0	
bo	皮	0	
bo	披	0	
bo	坡	0	
boi	披	0	
boi	罢	0	
boi	排	0	
boi	牌	0	
boi	𢱎	0	
boi	罷	0	
boi	𫄐	0	
bom	𣭛	0	
bom	砭	0	
bo	彼	0	
bo	𠴙	0	
bo	啚	0	
boi	罢	0	
boi	罷	0	
boi	𪽝	0	
boi	𤳄	0	
boi	𤳷	0	
boi	𤳸	0	
bo	把	0	
bo	被	0	
bo	𠳝	0	
bo	𢤛	0	
bon	版	0	
bon	㤓	0	
bon	怑	0	
bon	胖	0	
bo	备	0	
bo	被	0	
bo	備	0	
bo	播	0	
bo	簿	0	
bom	乏	0	
bom	姂	0	
bom	𠇖	0	
bom	𪥻	0	
bom	𫱑	0	
bom	𠍥	0	
bon	泮	0	
bon	𣵲	0	
bon	湲	0	
bop	𩬪	0	
bot	叭	0	
bot	𦫘	0	
bu	哺	0	
bu	𫯵	0	
bua	步	0	
bua	倍	0	
bua	𡝃	0	
buc	㯷	0	
bui	垻	0	
bui	倍	0	
bui	培	0	
bui	𣻃	0	
bui	蓓	0	
bui	𡏧	0	
bui	𣼯	0	
bui	𦹷	0	
bui	𣾾	0	
bum	禀	0	
bum	稟	0	
bum	𢶸	0	
bung	俸	0	
bung	䏾	0	
but	孛	0	
but	侼	0	
but	荸	0	
but	桲	0	
but	𪣽	0	
but	𠍤	0	
bua	补	0	
bua	捕	0	
bua	𥿠	0	
bua	補	0	
bua	䋠	0	
bum	𣱭	0	
bun	本	0	
bun	𡭦	0	
bun	㤓	0	
bung	䏾	0	
bung	𤷰	0	
bua	栢	0	
buc	偪	0	
buc	揊	0	
buc	皕	0	
buc	逼	0	
buc	幅	0	
buc	堛	0	
buc	愊	0	
buc	辐	0	
buc	煏	0	
buc	蝠	0	
buc	踾	0	
buc	輻	0	
bung	挷	0	
bung	榜	0	
but	抔	0	
bua	耙	0	
bua	耚	0	
bung	平	0	
bung	怦	0	
bung	明	0	
bung	泙	0	
bung	𤇊	0	
bung	𪰓	0	
bung	旁	0	
bung	評	0	
bung	𬊠	0	
bung	蓬	0	
bung	𪹚	0	
bua	把	0	
bua	𩛷	0	
bua	𨧆	0	
bua	𠠉	0	
bung	板	0	
bung	榜	0	
buu	宝	0	
buu	保	0	
buu	㨐	0	
buu	寶	0	
bua	否	0	
bua	把	0	
bua	𠳝	0	
bua	栢	0	
bua	𣇊	0	
bua	𩛷	0	
bu	被	0	
bua	把	0	
bua	𠳝	0	
bua	𠻋	0	
bua	𡃓	0	
bua	𭈜	0	
buc	北	0	
buc	偪	0	
buc	域	0	
buc	逼	0	
buc	堛	0	
buc	愊	0	
buc	踾	0	
bung	垹	0	
ca	尕	0	
ca	轧	0	
ca	旮	0	
ca	钆	0	
ca	迦	0	
ca	軋	0	
ca	釓	0	
ca	尜	0	
ca	𦨜	0	
ca	哥	0	
ca	袈	0	
ca	喀	0	
ca	𣖚	0	
ca	嘎	0	
ca	歌	0	
ca	䔅	0	
cai	陔	0	
cai	侅	0	
cai	该	0	
cai	荄	0	
cai	垓	0	
cai	赅	0	
cai	颏	0	
cai	賅	0	
cai	該	0	
cai	頦	0	
cam	甘	0	
cam	泔	0	
cam	坩	0	
cam	柑	0	
cam	疳	0	
can	干	0	
can	肝	0	
can	杆	0	
can	竿	0	
can	乾	0	
cang	亢	0	
cang	刚	0	
cang	㧏	0	
cang	钢	0	
cang	缸	0	
cang	剛	0	
cang	罡	0	
cang	掆	0	
cang	釭	0	
cang	鋼	0	
canh	更	0	
canh	庚	0	
canh	经	0	
canh	畊	0	
canh	埂	0	
canh	耕	0	
canh	粳	0	
canh	經	0	
canh	𥓷	0	
canh	賡	0	
canh	羮	0	
canh	鶊	0	
cao	高	0	
cao	皋	0	
cao	羔	0	
cao	皐	0	
cao	髙	0	
cao	臯	0	
cao	槔	0	
cao	膏	0	
cao	睾	0	
cao	熇	0	
cao	槹	0	
cao	橰	0	
cao	糕	0	
cao	翱	0	
cao	篙	0	
cao	𥢐	0	
cao	餻	0	
cau	枸	0	
cau	皋	0	
cau	皐	0	
cau	槔	0	
cau	榚	0	
cau	槁	0	
cau	槹	0	
cau	橰	0	
cau	𥢐	0	
cau	𫑯	0	
cay	荄	0	
cay	咳	0	
cay	𠹽	0	
cay	𡀲	0	
cay	𨢟	0	
cay	𨐮	0	
cay	𫐝	0	
cha	乍	0	
cha	吒	0	
cha	诈	0	
cha	咋	0	
cha	𤕔	0	
cha	𬏨	0	
cha	詐	0	
chai	齐	0	
chai	𥑂	0	
chai	齊	0	
cham	斟	0	
chan	奸	0	
chan	荘	0	
chan	莊	0	
chan	真	0	
chan	振	0	
chan	滇	0	
chan	𬞕	0	
chang	江	0	
chang	荘	0	
chang	莊	0	
chang	真	0	
chang	𣆮	0	
chang	𬇧	0	
chang	粧	0	
chang	𤑈	0	
chanh	争	0	
chanh	张	0	
chanh	征	0	
chanh	爭	0	
chanh	柾	0	
chanh	棦	0	
chanh	張	0	
chanh	𣔥	0	
chanh	徵	0	
chanh	橙	0	
chao	招	0	
chao	洲	0	
chao	挍	0	
chao	焯	0	
chao	嘲	0	
chau	朱	0	
chau	邹	0	
chau	邾	0	
chau	荘	0	
chau	洙	0	
chau	咮	0	
chau	莊	0	
chau	珠	0	
chau	𤶎	0	
chau	𥅲	0	
chau	鄒	0	
chau	𠺾	0	
chau	罩	0	
chau	𬎹	0	
chay	齐	0	
chay	斋	0	
chay	斎	0	
chay	𣙮	0	
chay	齋	0	
chay	𡄡	0	
che	支	0	
che	𨑤	0	
che	枝	0	
che	𠴜	0	
che	𩂏	0	
che	𫑃	0	
chem	占	0	
chem	沾	0	
chem	蛄	0	
chen	扦	0	
chen	杆	0	
chen	𢫔	0	
chen	毡	0	
chen	真	0	
chen	𧿐	0	
chen	擅	0	
chen	𢷆	0	
chen	邅	0	
chen	氈	0	
chen	羶	0	
chen	𨆁	0	
chen	V+60966	0	
cheng	棦	0	
cheo	召	0	
cheo	招	0	
cheo	㹦	0	
cheo	𠰉	0	
cheo	𬦪	0	
cheo	撩	0	
chi	之	0	
chi	支	0	
chi	卮	0	
chi	芝	0	
chi	吱	0	
chi	巵	0	
chi	枝	0	
chi	肢	0	
chi	栀	0	
chi	胝	0	
chi	脂	0	
chi	梔	0	
chi	嗞	0	
chi	搘	0	
chi	𩿨	0	
chia	支	0	
chia	技	0	
chia	𬨟	0	
chia	𢺺	0	
chia	枝	0	
chia	𢺹	0	
chim	占	0	
chim	𪀄	0	
chim	𫚳	0	
chinh	征	0	
chinh	怔	0	
chinh	𦙫	0	
chinh	钲	0	
chinh	鉦	0	
chinh	徵	0	
chiu	招	0	
chiu	昭	0	
chiu	𠶅	0	
chiem	占	0	
chiem	佔	0	
chiem	苫	0	
chiem	呫	0	
chiem	拈	0	
chiem	𫀅	0	
chiem	䀡	0	
chiem	砧	0	
chiem	秥	0	
chiem	粘	0	
chiem	詹	0	
chiem	碪	0	
chiem	㙴	0	
chiem	噡	0	
chiem	霑	0	
chiem	瞻	0	
chiem	襜	0	
chiem	韂	0	
chien	专	0	
chien	毡	0	
chien	𪵚	0	
chien	𦍫	0	
chien	專	0	
chien	煎	0	
chien	邅	0	
chien	氈	0	
chien	氊	0	
chien	颤	0	
chien	羶	0	
chien	顫	0	
chieng	征	0	
chieng	𦙫	0	
chieng	钲	0	
chieng	𠸩	0	
chieng	鉦	0	
chieng	徵	0	
chieng	𨨨	0	
chieu	钊	0	
chieu	招	0	
chieu	昭	0	
chieu	釗	0	
chieu	鉊	0	
chieu	𢢅	0	
chii	持	0	
chiec	只	0	
chiec	隻	0	
chiec	䑾	0	
chiem	占	0	
chiem	佔	0	
chiem	苫	0	
chiem	揕	0	
chien	战	0	
chien	戰	0	
chien	𧂁	0	
chieng	正	0	
chieng	𠰪	0	
chieng	政	0	
chieng	𦭒	0	
chiep	呫	0	
chiep	𪠺	0	
chiep	𠽃	0	
chiep	慴	0	
chiep	𫌇	0	
chiep	襵	0	
chiet	折	0	
chiet	析	0	
chiet	浙	0	
chiet	淛	0	
chiet	蜇	0	
chiet	摺	0	
chiet	䱑	0	
chieu	召	0	
chieu	诏	0	
chieu	炤	0	
chieu	昭	0	
chieu	𤇧	0	
chieu	詔	0	
chieu	照	0	
chieu	𥴜	0	
chieu	𬡰	0	
chieu	𥵕	0	
chien	传	0	
chien	傳	0	
chien	廛	0	
chien	蹍	0	
chien	纒	0	
chieng	呈	0	
chieng	𠴔	0	
chieu	𫠧	0	
chieu	朝	0	
chieu	潮	0	
chieu	𪤾	0	
chieu	嘲	0	
chieu	𢢅	0	
chieu	廛	0	
chieu	𣊿	0	
chieu	𣋂	0	
chieu	𣎢	0	
chieu	沼	0	
chien	便	0	
chien	𪁃	0	
chiep	褶	0	
chieu	召	0	
chion	𪵚	0	
cho	朱	0	
cho	咮	0	
cho	渚	0	
choa	朱	0	
choai	追	0	
choai	𡮓	0	
choai	𫷤	0	
choai	騅	0	
choai	繸	0	
choang	张	0	
choang	𤈛	0	
choang	淳	0	
choang	張	0	
choang	𨭒	0	
choang	𨭏	0	
choe	啜	0	
choe	𣾵	0	
choi	制	0	
choi	椎	0	
choi	𧏴	0	
choi	𪅧	0	
chon	村	0	
chon	终	0	
chon	終	0	
chon	敦	0	
chon	㨯	0	
chon	墩	0	
chon	嶟	0	
chong	终	0	
chong	𢫝	0	
chong	炵	0	
chong	𤇩	0	
chong	終	0	
chong	𢴋	0	
chong	𤍑	0	
choai	淮	0	
choang	払	0	
choang	絖	0	
choang	幢	0	
choanh	𨁎	0	
choa	𠺦	0	
choac	㭬	0	
choac	𠺷	0	
choac	𣘌	0	
choac	㗱	0	
choai	厔	0	
choai	𨁘	0	
choan	准	0	
choan	準	0	
choan	𠿶	0	
choan	篡	0	
choang	胱	0	
choang	𤶏	0	
choang	𤶜	0	
choang	𢲜	0	
choang	幛	0	
choang	𨡈	0	
choang	𨡧	0	
choa	锁	0	
choa	鎖	0	
choai	扯	0	
choai	𨁘	0	
choe	𦴶	0	
choe	𪄦	0	
choen	专	0	
choen	專	0	
choe	啜	0	
choet	拙	0	
choet	𣾵	0	
choong	桶	0	
choac	𠺷	0	
choac	𨄃	0	
choac	𫸍	0	
choac	𫸐	0	
choai	𨁘	0	
choai	繸	0	
choang	𨡧	0	
choang	𨆒	0	
choai	𨁘	0	
choang	𢶥	0	
choat	拙	0	
choat	捉	0	
choe	鋖	0	
choet	𣾵	0	
chu	卅	0	
chu	朱	0	
chu	舟	0	
chu	州	0	
chu	邹	0	
chu	周	0	
chu	邾	0	
chu	𤝹	0	
chu	株	0	
chu	硃	0	
chu	週	0	
chu	鄒	0	
chu	蛛	0	
chua	朱	0	
chua	注	0	
chua	咮	0	
chua	洙	0	
chua	洛	0	
chua	珠	0	
chua	註	0	
chua	𢟐	0	
chua	䣷	0	
chui	推	0	
chui	堆	0	
chui	𨄺	0	
chui	𩠱	0	
chui	𩠳	0	
chui	𥩉	0	
chum	坫	0	
chum	炶	0	
chum	墫	0	
chum	𡑓	0	
chum	𡓯	0	
chun	墫	0	
chung	终	0	
chung	𢫝	0	
chung	柊	0	
chung	盅	0	
chung	钟	0	
chung	悰	0	
chung	終	0	
chung	鈡	0	
chung	蔠	0	
chung	鍾	0	
chung	螽	0	
chung	𧑆	0	
chung	鐘	0	
chuy	隹	0	
chuy	淄	0	
chuy	萑	0	
chuy	鎚	0	
chuy	騅	0	
chuyen	专	0	
chuyen	转	0	
chuyen	䏝	0	
chuyen	耑	0	
chuyen	砖	0	
chuyen	專	0	
chuyen	剸	0	
chuyen	膞	0	
chuyen	颛	0	
chuyen	甎	0	
chuyen	磚	0	
chuyen	𦉊	0	
chuyen	轉	0	
chuyen	顓	0	
chuyen	专	0	
chuyen	传	0	
chuyen	转	0	
chuyen	战	0	
chuyen	專	0	
chuyen	傳	0	
chuyen	戰	0	
chuyen	轉	0	
chuyenh	𨠣	0	
chuyet	拙	0	
chuyet	炪	0	
chuyet	啜	0	
chuyet	棁	0	
chuyet	腏	0	
chuyet	辍	0	
chuyet	敪	0	
chuyet	輟	0	
chuyen	传	0	
chuyen	转	0	
chuyen	傳	0	
chuyen	轉	0	
chuyen	转	0	
chuyen	轉	0	
chuyen	囀	0	
chuyen	𧘇	0	
chuyen	传	0	
chuyen	傳	0	
chuyen	意	0	
chuyen	𡀯	0	
chua	主	0	
chuoi	洡	0	
chuoi	槌	0	
chuoi	摧	0	
chuoi	槯	0	
chuoi	𣙯	0	
chuom	潹	0	
chuom	𣛧	0	
chuong	鍾	0	
chuong	鐘	0	
chuong	𬬐	0	
chuy	惴	0	
chuat	绌	0	
chuat	茁	0	
chuat	絀	0	
chuan	隼	0	
chuan	准	0	
chuan	準	0	
chuan	榫	0	
chuan	𣛜	0	
chuat	怵	0	
chue	缀	0	
chue	綴	0	
chue	贅	0	
chuenh	𨠣	0	
chuoc	卒	0	
chuoc	织	0	
chuoc	祝	0	
chuoc	聀	0	
chuoc	酌	0	
chuoc	职	0	
chuoc	𠺷	0	
chuoc	織	0	
chuoc	職	0	
chuoc	𬉤	0	
chuoi	荎	0	
chuoi	𣑳	0	
chuoi	桎	0	
chuoi	胵	0	
chuoi	𬝉	0	
chuoi	棳	0	
chuoi	腏	0	
chuoi	槯	0	
chuoi	樶	0	
chuoi	𩸯	0	
chuoi	V+606B9	0	
chuon	准	0	
chuon	準	0	
chuot	拙	0	
chuot	炪	0	
chuot	淬	0	
chuot	捽	0	
chuot	率	0	
chuon	存	0	
chuon	𨒸	0	
chuon	𧋃	0	
chuon	窜	0	
chuon	竄	0	
chuon	𧓆	0	
chuong	𫭅	0	
chuong	框	0	
chuong	栫	0	
chuong	𡈈	0	
chuong	𡈡	0	
chuong	𡈩	0	
chuoi	缀	0	
chuoi	𦀵	0	
chuoi	綴	0	
chuoi	𫡍	0	
chuoi	𥣽	0	
chuoi	𫡎	0	
chuoi	𠁻	0	
chuoc	属	0	
chuoc	赎	0	
chuoc	屬	0	
chuoc	贖	0	
chuong	尚	0	
chuong	尙	0	
chuong	重	0	
chuong	𢝆	0	
chuong	喠	0	
chuong	𫱪	0	
chuong	𡮶	0	
chuong	𡮵	0	
chuong	𫖦	0	
chuot	𤝞	0	
chuup	執	0	
chuy	捶	0	
chuy	椎	0	
chuy	搥	0	
chuy	槌	0	
chuy	锤	0	
chuy	锥	0	
chuy	錐	0	
chuy	錘	0	
chuy	鎚	0	
chuy	匕	0	
chuy	粃	0	
chuy	匙	0	
chuy	觜	0	
chuy	徵	0	
chuy	嘴	0	
cha	吒	0	
cha	柁	0	
cha	茶	0	
cha	㭼	0	
cha	搽	0	
cha	𣗪	0	
cha	𨃓	0	
cha	鯺	0	
cha	鷋	0	
chai	才	0	
chai	䊷	0	
chai	𦨑	0	
chai	𥾒	0	
chai	𩵝	0	
chai	𦄴	0	
cham	占	0	
cham	沈	0	
cham	蓝	0	
cham	𪷞	0	
cham	藍	0	
cham	𣞎	0	
cham	𣠩	0	
chang	払	0	
chang	𧛇	0	
chang	䗅	0	
chang	幢	0	
chang	撞	0	
chang	𧑆	0	
chanh	梗	0	
chao	朝	0	
chao	嘲	0	
chau	招	0	
chay	来	0	
chay	迟	0	
chay	來	0	
chay	迡	0	
chay	杵	0	
chay	持	0	
chay	𣖖	0	
chay	𪲻	0	
chay	𣖗	0	
chay	遲	0	
chay	𣙮	0	
chay	𨃉	0	
chay	𩹭	0	
cha	吒	0	
cha	炙	0	
cha	咋	0	
cha	柘	0	
cha	痄	0	
cha	锗	0	
cha	鍺	0	
chac	角	0	
chac	卓	0	
chac	啄	0	
chac	啅	0	
chac	琢	0	
chac	喙	0	
chac	棹	0	
chach	只	0	
chach	咋	0	
chach	隻	0	
chach	㗱	0	
chai	厔	0	
chai	𢈖	0	
chai	斎	0	
chan	旦	0	
chan	振	0	
chan	𠺲	0	
chan	𢤟	0	
chan	𡃹	0	
chan	𢥇	0	
chang	降	0	
chang	𣈚	0	
chang	幛	0	
chang	鱆	0	
chanh	正	0	
chanh	政	0	
chanh	𦭒	0	
chanh	𧣠	0	
chao	𥹙	0	
chao	粩	0	
chao	粥	0	
chao	𥺊	0	
chap	箚	0	
chat	札	0	
chat	质	0	
chat	貭	0	
chat	𠹗	0	
chat	質	0	
chat	𨐷	0	
chat	𨐿	0	
chau	孙	0	
chau	𡥙	0	
chau	𫲤	0	
chau	沼	0	
chau	孫	0	
chau	𫲰	0	
chau	𭛤	0	
chay	𪸔	0	
chay	炽	0	
chay	𤈜	0	
chay	熾	0	
chay	𩶪	0	
chay	𩺧	0	
cham	𠛌	0	
cham	针	0	
cham	拈	0	
cham	針	0	
cham	砧	0	
cham	椹	0	
cham	斟	0	
cham	箴	0	
cham	鍼	0	
cham	䥠	0	
chan	眞	0	
chan	真	0	
chan	甄	0	
chan	搷	0	
chan	蹎	0	
chau	卅	0	
chau	朱	0	
chau	舟	0	
chau	州	0	
chau	周	0	
chau	咮	0	
chau	洲	0	
chau	舡	0	
chau	舩	0	
chau	陳	0	
chau	珠	0	
chau	株	0	
chau	硃	0	
chau	週	0	
chau	鸼	0	
chau	蛛	0	
chau	㑳	0	
chau	鮉	0	
chau	鵃	0	
chay	斋	0	
chay	齋	0	
cha	诸	0	
cha	渚	0	
cha	𣼫	0	
cha	𣾻	0	
cha	諸	0	
cha	𤀞	0	
chao	找	0	
chao	绍	0	
chao	紹	0	
chao	𧊌	0	
chao	𥿣	0	
chao	𦄹	0	
che	茶	0	
che	𦷨	0	
che	𤯊	0	
che	𫉕	0	
che	𥻹	0	
chen	𢷹	0	
chen	躔	0	
cheo	招	0	
cheo	掉	0	
cheo	棹	0	
cheo	𣖞	0	
cheo	嘲	0	
cheo	𢴿	0	
cheo	𣛨	0	
cheo	𩻹	0	
che	𡍘	0	
che	𬎭	0	
che	𪨛	0	
che	𫵨	0	
chem	𫥸	0	
chem	㓠	0	
chem	𠛤	0	
chem	𪟂	0	
chem	斩	0	
chem	剑	0	
chem	斬	0	
chem	劍	0	
chem	𡃍	0	
chen	盏	0	
chen	盞	0	
chen	𡓥	0	
chen	𡃹	0	
chen	𥗜	0	
cheo	召	0	
cheo	袑	0	
cheo	湥	0	
cheo	𧝨	0	
chep	𪠺	0	
chep	啧	0	
chep	剳	0	
chep	劄	0	
chep	箚	0	
chep	𠽃	0	
chep	嘖	0	
chep	鮿	0	
chep	𩺗	0	
chet	折	0	
chet	哳	0	
chet	紥	0	
chet	𧋺	0	
chet	𧋍	0	
chet	𦄃	0	
che	支	0	
che	吱	0	
chem	拈	0	
chem	袩	0	
chem	襜	0	
chenh	正	0	
chenh	征	0	
chenh	崢	0	
chenh	𦲵	0	
chenh	徵	0	
chenh	邅	0	
chenh	𫤎	0	
chi	持	0	
chi	鈘	0	
chi	𨦥	0	
chi	𨨲	0	
chia	匙	0	
chia	鈙	0	
chia	鈘	0	
chia	𠸽	0	
chia	𢹌	0	
chim	沉	0	
chim	沈	0	
chinh	征	0	
chinh	埕	0	
chinh	徵	0	
chinh	𩶝	0	
chinh	𩸵	0	
chi	至	0	
chi	志	0	
chi	挚	0	
chi	贽	0	
chi	鸷	0	
chi	蛭	0	
chi	痣	0	
chi	𧋺	0	
chi	疐	0	
chi	誌	0	
chi	摯	0	
chi	踬	0	
chi	𤴡	0	
chi	𩶪	0	
chi	贄	0	
chi	識	0	
chi	躓	0	
chi	鷙	0	
chich	只	0	
chich	折	0	
chich	炙	0	
chich	泽	0	
chich	刺	0	
chich	隻	0	
chich	跖	0	
chich	摭	0	
chich	鹡	0	
chich	澤	0	
chich	蹠	0	
chich	鶺	0	
chich	𩹹	0	
chich	𬷩	0	
chich	𪅥	0	
chich	𪇪	0	
chim	占	0	
chim	呫	0	
chin	𢒂	0	
chin	㐱	0	
chin	𫡦	0	
chin	𠃩	0	
chin	𤇪	0	
chin	熟	0	
chin	𤒙	0	
chinh	正	0	
chinh	政	0	
chinh	酲	0	
chip	𢩾	0	
chip	折	0	
chip	𪠺	0	
chip	𠽃	0	
chit	折	0	
chit	哳	0	
chit	哲	0	
chit	揗	0	
chit	𦄃	0	
chit	𡂒	0	
chit	㩫	0	
chiu	𠰉	0	
cho	朱	0	
cho	校	0	
cho	株	0	
choi	𢬗	0	
choi	椎	0	
choi	𥴛	0	
choi	𢋬	0	
chom	呫	0	
chom	𫇳	0	
chom	移	0	
chom	笘	0	
chom	𥬧	0	
chom	𥱱	0	
chong	㤏	0	
chong	呫	0	
chong	湩	0	
chong	𧰜	0	
cho	犬	0	
cho	犾	0	
cho	㹥	0	
cho	𤝹	0	
cho	𤠚	0	
cho	𦢞	0	
choc	祝	0	
choi	𤈜	0	
choi	𠺦	0	
choi	𣉴	0	
choi	樶	0	
choi	熶	0	
chong	𪭮	0	
chong	㨂	0	
chong	𨖼	0	
chong	𬩓	0	
chong	𢶢	0	
chong	𨄞	0	
chong	𫏢	0	
chong	𨙛	0	
chop	𡼈	0	
chop	䉅	0	
chop	𩅀	0	
chop	𩮿	0	
chot	拙	0	
chot	卒	0	
chot	捽	0	
chot	啐	0	
chot	崒	0	
chot	𣖛	0	
chot	𩫛	0	
chom	苫	0	
chom	𣚽	0	
chom	橬	0	
chon	村	0	
chon	墫	0	
chong	弄	0	
chong	拥	0	
chong	蔠	0	
chong	𪳘	0	
chong	䈺	0	
cho	朱	0	
cho	𡊲	0	
cho	𠰍	0	
cho	注	0	
cho	拄	0	
cho	𫼠	0	
cho	𪨚	0	
cho	𡓇	0	
chom	呫	0	
chon	准	0	
chong	宋	0	
chong	种	0	
chong	重	0	
chong	梇	0	
chong	偅	0	
chong	種	0	
chong	榻	0	
chong	𥵾	0	
chu	朱	0	
chu	𤝹	0	
chu	啁	0	
chu	厨	0	
chu	廚	0	
chu	𪻋	0	
chua	厨	0	
chua	㕑	0	
chua	廚	0	
chua	闘	0	
chui	𢬗	0	
chui	𣑳	0	
chui	𢹉	0	
chum	呫	0	
chum	𫇳	0	
chum	森	0	
chun	𠱜	0	
chun	尊	0	
chung	虫	0	
chung	𦙸	0	
chung	𦇮	0	
chung	𮈉	0	
chu	𬣣	0	
chu	住	0	
chu	诅	0	
chu	咒	0	
chu	㹥	0	
chu	注	0	
chu	昼	0	
chu	炷	0	
chu	疰	0	
chu	晝	0	
chu	蛀	0	
chu	註	0	
chu	铸	0	
chu	詛	0	
chu	鋳	0	
chu	澍	0	
chu	鑄	0	
chua	主	0	
chuc	祝	0	
chuc	烛	0	
chuc	铸	0	
chuc	属	0	
chuc	粥	0	
chuc	鋳	0	
chuc	嘱	0	
chuc	瞩	0	
chuc	𨃷	0	
chuc	燭	0	
chuc	屬	0	
chuc	鬻	0	
chuc	灟	0	
chuc	囑	0	
chuc	矚	0	
chui	咥	0	
chui	𫠮	0	
chui	捶	0	
chui	跮	0	
chum	呫	0	
chum	點	0	
chum	𡆖	0	
chung	众	0	
chung	眾	0	
chung	衆	0	
chung	𨖙	0	
chut	出	0	
chut	拙	0	
chut	卒	0	
chut	㤕	0	
chut	𪨀	0	
chut	𡭧	0	
chut	𡭱	0	
chut	𡭲	0	
chut	祝	0	
chut	𫵀	0	
chut	𡮇	0	
chut	啐	0	
chut	𡮍	0	
chut	𢮬	0	
chut	悴	0	
chut	𪨃	0	
cham	占	0	
cham	针	0	
cham	沾	0	
cham	𫂷	0	
cham	針	0	
cham	𢟙	0	
cham	𫃋	0	
cham	𥊀	0	
cham	鍼	0	
cham	𢤝	0	
cham	𥍒	0	
chan	真	0	
chan	搷	0	
chan	𤛇	0	
chan	𧜖	0	
chan	𢅬	0	
chan	𩝻	0	
chang	丕	0	
chang	庄	0	
chang	庒	0	
chang	张	0	
chang	𠲕	0	
chang	張	0	
chang	𫽄	0	
chia	𢶾	0	
chinh	埩	0	
chinh	埕	0	
chinh	𫄺	0	
chinh	整	0	
chinh	𡓟	0	
chiu	沼	0	
chua	牲	0	
chua	𤖸	0	
chui	跮	0	
chum	枕	0	
chum	鸩	0	
chum	朕	0	
chum	𠶍	0	
chum	鴆	0	
chum	𨫇	0	
chum	𣞅	0	
chun	𦡤	0	
cho	加	0	
cho	诸	0	
cho	諸	0	
choi	支	0	
choi	台	0	
choi	制	0	
choi	挃	0	
choi	𠶜	0	
choi	𨔈	0	
chom	𩬑	0	
chu	诸	0	
chu	猪	0	
chu	諸	0	
chu	鯺	0	
chua	朱	0	
chua	诸	0	
chua	猪	0	
chua	渚	0	
chua	𣗓	0	
chua	諸	0	
chua	豬	0	
chua	𤀞	0	
chua	𬚍	0	
chua	𬄞	0	
chua	𣜾	0	
chua	𣠕	0	
chua	𣠖	0	
chun	蹎	0	
chung	烝	0	
chung	蒸	0	
chung	㴥	0	
chung	徵	0	
chuong	张	0	
chuong	胀	0	
chuong	章	0	
chuong	張	0	
chuong	脹	0	
chuong	獐	0	
chuong	嫜	0	
chuong	彰	0	
chuong	樟	0	
chuong	璋	0	
chuong	蟑	0	
chuong	麞	0	
chuoc	勺	0	
chuoc	妁	0	
chuoc	杓	0	
chuoc	灼	0	
chuoc	斫	0	
chuoc	酌	0	
chuoc	著	0	
chuoc	硳	0	
chuoc	焯	0	
chuoc	箸	0	
chuoc	缴	0	
chuoc	𫍍	0	
chuoc	繳	0	
chuong	张	0	
chuong	胀	0	
chuong	張	0	
chuong	脹	0	
chuong	障	0	
chuong	嶂	0	
chuong	瘴	0	
chuom	𤉠	0	
chuong	呈	0	
chuong	𠴔	0	
chuong	悜	0	
chuoi	𠯽	0	
chuong	仉	0	
chuong	掌	0	
cha	乍	0	
cha	诈	0	
cha	咋	0	
cha	䖳	0	
cha	詐	0	
cha	藉	0	
cha	𡁽	0	
chac	啅	0	
chac	鋜	0	
chac	镯	0	
chac	櫂	0	
chac	戳	0	
chac	鐯	0	
chac	鐲	0	
chach	宅	0	
chach	坧	0	
chach	䖳	0	
chach	𧋇	0	
chach	𩶱	0	
chach	𩺢	0	
chach	𩹹	0	
cham	𫼜	0	
cham	𠝻	0	
cham	揕	0	
cham	湛	0	
cham	凿	0	
cham	𢵺	0	
cham	錾	0	
cham	踸	0	
cham	𪮻	0	
cham	鏨	0	
cham	鑿	0	
chan	𣗑	0	
chang	𣈚	0	
chang	𩕆	0	
chang	贑	0	
chanh	郑	0	
chanh	𫺫	0	
chanh	鄭	0	
chanh	踸	0	
chanh	𢤜	0	
chao	招	0	
chao	𦚔	0	
chao	鮉	0	
chap	腊	0	
chap	𣎖	0	
chap	臘	0	
chay	豸	0	
chay	𧼌	0	
chay	𬦳	0	
chay	𧼋	0	
chay	𨂼	0	
cha	炙	0	
cha	啫	0	
cha	渚	0	
cha	𫆢	0	
cha	鲊	0	
cha	𤌄	0	
cha	𬛃	0	
cha	稼	0	
cha	𤀞	0	
cha	鮓	0	
cha	𠁙	0	
cha	鮺	0	
cha	鯺	0	
cha	𪃲	0	
cha	𪃙	0	
chai	止	0	
chai	扯	0	
chai	豸	0	
chai	沚	0	
chai	𦃀	0	
cham	針	0	
chang	降	0	
chang	贑	0	
chao	早	0	
chao	𨥿	0	
chao	𨧪	0	
chay	沚	0	
chay	𬈰	0	
cham	占	0	
cham	枕	0	
cham	点	0	
cham	砧	0	
cham	㴨	0	
cham	點	0	
cham	蘸	0	
chan	振	0	
chan	震	0	
chap	汁	0	
chap	𢩾	0	
chap	执	0	
chap	𪠺	0	
chap	執	0	
chap	𠽃	0	
chap	𢴇	0	
chap	𤎒	0	
chap	𫌇	0	
chap	褶	0	
chap	襵	0	
chat	屹	0	
chat	质	0	
chat	厔	0	
chat	郅	0	
chat	貭	0	
chat	蛭	0	
chat	锧	0	
chat	膣	0	
chat	質	0	
chat	劕	0	
chat	𡂒	0	
chat	𤁩	0	
chat	鑕	0	
chat	V+607F1	0	
chau	奏	0	
chau	䖡	0	
chau	蛀	0	
chau	蛁	0	
chau	𧋀	0	
chau	𧍌	0	
chau	𧎝	0	
chau	蘸	0	
chay	𤈜	0	
chay	蛭	0	
chay	𧋺	0	
cham	占	0	
cham	寻	0	
cham	尋	0	
cham	斟	0	
chan	尘	0	
chan	陈	0	
chan	陳	0	
chan	塵	0	
chau	朝	0	
chau	𠎫	0	
chau	𨗛	0	
chay	迟	0	
chay	迡	0	
chay	持	0	
chay	遲	0	
chay	𡂙	0	
cham	枕	0	
cham	怎	0	
chan	㐱	0	
chan	诊	0	
chan	胗	0	
chan	轸	0	
chan	怎	0	
chan	袗	0	
chan	疹	0	
chan	畛	0	
chan	赈	0	
chan	軫	0	
chan	診	0	
chan	缜	0	
chan	賑	0	
chan	縝	0	
chang	拯	0	
chau	朱	0	
chau	咮	0	
chau	𠶕	0	
chay	沚	0	
cham	酖	0	
cham	踸	0	
chau	蛁	0	
chau	𧋀	0	
chau	蛛	0	
chau	蛰	0	
chau	𧍌	0	
chau	蟄	0	
chau	𧐼	0	
cham	鸩	0	
cham	啿	0	
cham	鴆	0	
cham	踸	0	
chan	阵	0	
chan	陣	0	
chan	振	0	
chan	镇	0	
chan	鎮	0	
chap	习	0	
chap	执	0	
chap	泣	0	
chap	習	0	
chap	執	0	
chap	蛰	0	
chap	𪮞	0	
chap	蟄	0	
chat	帙	0	
chat	秩	0	
chat	踬	0	
chat	𡒻	0	
chat	躓	0	
chau	沼	0	
chau	𡊱	0	
chau	𡎣	0	
chau	𦈽	0	
chau	𫵥	0	
chau	𤭷	0	
chau	𡔍	0	
chac	则	0	
chac	昃	0	
chac	质	0	
chac	结	0	
chac	則	0	
chac	祝	0	
chac	聀	0	
chac	貭	0	
chac	职	0	
chac	結	0	
chac	𠺵	0	
chac	𢟘	0	
chac	質	0	
chac	職	0	
chac	軄	0	
cham	枕	0	
chan	振	0	
chan	𪩔	0	
chan	镇	0	
chan	鎮	0	
chang	𪭽	0	
chap	及	0	
chap	𢩾	0	
chap	扱	0	
chap	执	0	
chap	招	0	
chap	拾	0	
chap	執	0	
chap	插	0	
chap	𢴇	0	
chap	𦄌	0	
chat	质	0	
chat	揗	0	
chat	𠹗	0	
chat	質	0	
chat	𡂒	0	
chat	㩫	0	
chat	𡦫	0	
cham	占	0	
cham	忱	0	
cham	沈	0	
cham	沉	0	
cham	𢭽	0	
cham	𢲥	0	
cham	𣗒	0	
chan	陈	0	
chan	陳	0	
chan	𤠶	0	
chan	𤛇	0	
chang	庄	0	
chang	庒	0	
chang	𦀐	0	
chang	𤠶	0	
chang	𦁢	0	
cham	枕	0	
chang	丕	0	
chang	庄丶	0	
chang	庄	0	
chang	丞	0	
chang	庒	0	
chang	亟	0	
chang	拯	0	
chang	𫽄	0	
chan	轸	0	
chan	振	0	
chan	軫	0	
chan	提	0	
cham	揕	0	
cham	𣻁	0	
chan	阵	0	
chan	尽	0	
chan	陣	0	
chan	拯	0	
chan	振	0	
chan	提	0	
chan	盡	0	
chang	拯	0	
chap	执	0	
chap	扱	0	
chap	執	0	
chap	蛰	0	
chap	蟄	0	
chat	质	0	
chat	突	0	
chat	秩	0	
chat	𥾛	0	
chat	揗	0	
chat	𠞠	0	
chat	锧	0	
chat	𪮞	0	
chat	質	0	
chat	劕	0	
chat	㩫	0	
chat	鑕	0	
che	䊼	0	
chen	𢸢	0	
cheo	召	0	
chet	折	0	
che	止	0	
che	技	0	
che	扯	0	
che	𢯙	0	
che	𨨪	0	
chem	㓠	0	
chem	鲇	0	
chem	鮎	0	
chen	𧝧	0	
cheng	掙	0	
che	扯	0	
che	䊼	0	
che	製	0	
chen	展	0	
chen	𧟀	0	
che	吱	0	
che	制	0	
che	𠶜	0	
che	製	0	
che	𨨪	0	
chech	只	0	
chech	聀	0	
chech	隻	0	
chech	职	0	
chech	𣉲	0	
chech	職	0	
chech	𣄥	0	
chenh	正	0	
chenh	𨠣	0	
chep	𬏧	0	
chet	折	0	
chet	找	0	
chet	𣩁	0	
chet	𣩂	0	
che	支	0	
che	迟	0	
che	迡	0	
che	痆	0	
che	提	0	
che	滯	0	
che	遲	0	
chenh	整	0	
chem	占	0	
chem	呫	0	
chem	𡓢	0	
cheu	占	0	
che	治	0	
che	篆	0	
chech	只	0	
chech	折	0	
chech	隻	0	
chech	掷	0	
chech	篆	0	
chech	擲	0	
chen	𧂁	0	
chenh	篆	0	
chenh	整	0	
chi	止	0	
chi	只	0	
chi	阯	0	
chi	旨	0	
chi	芷	0	
chi	扯	0	
chi	扺	0	
chi	纸	0	
chi	址	0	
chi	沚	0	
chi	帋	0	
chi	祇	0	
chi	衹	0	
chi	咫	0	
chi	恉	0	
chi	指	0	
chi	枳	0	
chi	脂	0	
chi	䊼	0	
chi	秪	0	
chi	䇛	0	
chi	紙	0	
chi	茝	0	
chi	砥	0	
chi	隻	0	
chi	趾	0	
chi	𥿗	0	
chi	黹	0	
chi	酯	0	
chi	跐	0	
chi	滓	0	
chi	躇	0	
chia	䤠	0	
chim	呫	0	
chim	砧	0	
chin	㐱	0	
chinh	整	0	
chiu	炤	0	
chi	姉	0	
chi	姊	0	
chi	肺	0	
chia	鈘	0	
chit	折	0	
chiu	召	0	
chiu	招	0	
chiu	受	0	
chiu	𠹾	0	
chiu	𠺥	0	
choc	浊	0	
choc	祝	0	
choc	𠺷	0	
choc	𢴊	0	
choc	濁	0	
choc	𨫈	0	
choc	𢹅	0	
choc	矗	0	
choi	挃	0	
choi	跮	0	
choi	𨀤	0	
choi	㩡	0	
choi	𧥃	0	
choi	𩠵	0	
chon	论	0	
chon	𢮪	0	
chon	𪮙	0	
chon	論	0	
chon	撰	0	
chon	𫾗	0	
chon	䠣	0	
chot	𡊲	0	
chot	捽	0	
chot	啐	0	
cho	拄	0	
cho	指	0	
cho	𦙴	0	
cho	撸	0	
cho	擼	0	
choi	姪	0	
chom	枕	0	
chom	𫗹	0	
chom	𩮿	0	
chong	种	0	
chong	偅	0	
chong	種	0	
chong	𥵾	0	
choc	祝	0	
choc	𤹙	0	
choi	咥	0	
choi	啜	0	
choi	嘬	0	
choi	嚉	0	
chon	坉	0	
chon	准	0	
chon	準	0	
chon	撰	0	
chong	证	0	
chong	𪭮	0	
chong	挵	0	
chong	証	0	
chong	𢶢	0	
chong	證	0	
chot	卒	0	
chot	椊	0	
chot	䱣	0	
cho	𡊲	0	
choi	𣑳	0	
choi	䒹	0	
choi	槯	0	
choi	𦾣	0	
chom	跕	0	
chom	𨇸	0	
chon	屯	0	
chon	㹠	0	
chon	𤞐	0	
chon	𦛊	0	
chon	𤶐	0	
chong	重	0	
chong	𫯳	0	
chong	𫯰	0	
chong	𠽚	0	
chong	𥔧	0	
chong	𨤯	0	
choi	帚	0	
choi	咥	0	
choi	䇛	0	
choi	筙	0	
choi	䒹	0	
choi	箒	0	
choi	𥶲	0	
choi	𭘒	0	
chom	跕	0	
chom	𨅺	0	
chon	准	0	
chong	种	0	
chong	偅	0	
chong	種	0	
chong	𥵾	0	
cho	𡊲	0	
cho	祖	0	
cho	𡺐	0	
cho	𣗿	0	
cho	𡓇	0	
choi	㑍	0	
choi	跮	0	
choi	𠐞	0	
chom	跕	0	
chom	𨃵	0	
chon	撰	0	
chop	执	0	
chop	𢩾	0	
chop	捉	0	
chop	執	0	
chop	𢴊	0	
chot	𥄵	0	
chot	捽	0	
chot	椊	0	
chot	𥈳	0	
cho	咀	0	
cho	诸	0	
cho	渚	0	
cho	𤈪	0	
cho	䐗	0	
cho	諸	0	
cho	𤀞	0	
cho	𠤆	0	
cho	𠤌	0	
choi	制	0	
choi	𨔈	0	
choi	𤈪	0	
choi	𤋽	0	
chom	拈	0	
chom	𠠭	0	
chon	𡻗	0	
chop	执	0	
chop	𥅿	0	
chop	執	0	
chop	𤎒	0	
chop	𣊎	0	
chop	𥊝	0	
chop	𩅀	0	
chop	𮦉	0	
chot	质	0	
chot	質	0	
chot	𡂒	0	
cho	朱	0	
cho	除	0	
cho	徐	0	
cho	𣇞	0	
cho	渚	0	
cho	蜍	0	
cho	𪡷	0	
cho	䟻	0	
chon	𫯳	0	
chon	廛	0	
chon	𤒲	0	
cho	䢐	0	
cho	诸	0	
cho	𫽖	0	
cho	渚	0	
cho	𬨱	0	
cho	𨔾	0	
cho	𬩅	0	
cho	翥	0	
cho	𡪦	0	
cho	諸	0	
cho	𩅻	0	
chom	崭	0	
chom	𡹟	0	
chom	嶄	0	
chom	𥕌	0	
chom	鍼	0	
chom	𫓏	0	
cho	助	0	
cho	𢄂	0	
chop	𢩾	0	
chop	执	0	
chop	𥅿	0	
chop	執	0	
chop	𢴇	0	
chop	𥊝	0	
chop	臘	0	
chot	直	0	
chot	卒	0	
chot	突	0	
chot	眣	0	
chot	秩	0	
chot	跌	0	
chot	𡂒	0	
chu	注	0	
chu	炷	0	
chuc	妯	0	
chuc	柚	0	
chuc	逐	0	
chuc	蚰	0	
chuc	𨔿	0	
chuc	𠦹	0	
chum	笘	0	
chum	跕	0	
chum	揕	0	
chum	𥱱	0	
chup	执	0	
chup	執	0	
chup	𨄴	0	
chut	卒	0	
chut	𠶯	0	
chut	啐	0	
chu	丶	0	
chu	主	0	
chu	𠰍	0	
chu	注	0	
chu	枓	0	
chu	拄	0	
chu	麈	0	
chua	主	0	
chun	准	0	
chun	準	0	
chung	肿	0	
chung	种	0	
chung	冡	0	
chung	偅	0	
chung	喠	0	
chung	腫	0	
chung	種	0	
chung	踵	0	
chung	𥵾	0	
chu	诸	0	
chu	渚	0	
chu	諸	0	
chu	𠹲	0	
chu	著	0	
chua	贮	0	
chua	诸	0	
chua	渚	0	
chua	貯	0	
chua	翥	0	
chua	諸	0	
chua	踷	0	
chua	𦼥	0	
chua	𤀞	0	
chua	𥢳	0	
chua	躇	0	
chua	𧸓	0	
chuc	织	0	
chuc	聀	0	
chuc	𥿗	0	
chuc	职	0	
chuc	𦀗	0	
chuc	織	0	
chuc	職	0	
chung	证	0	
chung	症	0	
chung	証	0	
chung	瘴	0	
chung	證	0	
chung	癥	0	
chu	除	0	
chu	𣇞	0	
chua	除	0	
chua	徐	0	
chung	证	0	
chung	烝	0	
chung	証	0	
chung	惩	0	
chung	蒸	0	
chung	澄	0	
chung	懲	0	
chung	證	0	
chu	杵	0	
chu	渚	0	
chu	楮	0	
chu	煮	0	
chu	煑	0	
chu	褚	0	
chu	翥	0	
chu	𤀞	0	
chua	媎	0	
chua	渚	0	
chua	𦍺	0	
chua	䐗	0	
chua	𫲬	0	
chua	𪦜	0	
chua	𪳼	0	
chua	𣜾	0	
chua	𤁛	0	
chua	𡤊	0	
chua	𣠕	0	
chua	𣠖	0	
chui	𠯽	0	
chui	𪴾	0	
chung	拯	0	
chung	𫫷	0	
chuu	箒	0	
chu	宁	0	
chu	字	0	
chu	𫿰	0	
chu	𫳘	0	
chu	渚	0	
chu	𡨸	0	
chu	𡦂	0	
chua	助	0	
chua	抒	0	
chua	𦔳	0	
chua	渚	0	
chua	𫦵	0	
chua	𡪇	0	
chua	𬛒	0	
chua	𢵻	0	
chua	𧸓	0	
chung	证	0	
chung	拯	0	
chung	証	0	
chung	𨅰	0	
chung	證	0	
chuc	直	0	
chuc	𫹦	0	
co	抓	0	
co	㧓	0	
co	孤	0	
co	姑	0	
co	枯	0	
co	𢯐	0	
co	𨔌	0	
co	𢮩	0	
co	𧿼	0	
co	觚	0	
co	𨂗	0	
coi	占	0	
coi	𫀅	0	
coi	嵬	0	
coi	𩲡	0	
coi	䁛	0	
coi	𫀢	0	
coi	𥋳	0	
con	昆	0	
con	𡥵	0	
cong	弓	0	
cong	工	0	
cong	𡉎	0	
cong	圮	0	
cong	𡉖	0	
cong	缸	0	
cong	𦈣	0	
cong	𢏢	0	
cong	𢏣	0	
cong	𣒳	0	
cong	釭	0	
cong	𧋄	0	
coong	工	0	
cooc	𧣳	0	
cooc	𬢗	0	
coong	槓	0	
cu	俱	0	
cu	鸲	0	
cu	蚼	0	
cu	鴝	0	
cua	姑	0	
cua	蛄	0	
cua	蛌	0	
cua	𧍆	0	
cua	𧍏	0	
cua	蠏	0	
cui	𣔞	0	
cun	𪂳	0	
cung	弓	0	
cung	工	0	
cung	邛	0	
cung	卭	0	
cung	空	0	
cung	供	0	
cung	宫	0	
cung	烘	0	
cung	宮	0	
cung	恭	0	
cung	躬	0	
cung	筇	0	
cung	跫	0	
cuong	光	0	
cuong	宫	0	
cua	𧶮	0	
cuoc	國	0	
cuoc	掬	0	
cuoc	脚	0	
cuoc	锔	0	
cuoc	腳	0	
cuoc	蝈	0	
cuoc	鋦	0	
cuoc	𨨠	0	
cuoc	蟈	0	
cuoc	𨫵	0	
cuoc	鵴	0	
cuoc	𪅦	0	
cuoc	𫛐	0	
cuoi	会	0	
cuoi	季	0	
cuoi	𪭯	0	
cuoi	桧	0	
cuoi	會	0	
cuoi	𡳃	0	
cuoi	𡳜	0	
cuoi	𢶒	0	
cuoi	檜	0	
cuoi	𣞄	0	
cuoi	𨆝	0	
cuoi	𡳳	0	
cuoi	𨭗	0	
cuon	卷	0	
cuon	捲	0	
cuon	眷	0	
cuon	睠	0	
cuon	𫡌	0	
cuong	况	0	
cuong	逛	0	
cuong	𫈃	0	
cuong	𧋵	0	
cuong	誑	0	
cuong	𨁨	0	
cuong	𬞷	0	
cuon	滚	0	
cuon	𪷧	0	
cuong	狂	0	
cuoi	桧	0	
cuoi	檜	0	
cuon	𬦸	0	
cuoc	局	0	
cuoi	侩	0	
cuoi	桧	0	
cuoi	𬒊	0	
cuoi	儈	0	
cuoi	檜	0	
cuoi	𥖩	0	
cuon	卷	0	
cuon	衮	0	
cuon	捃	0	
cuon	倦	0	
cuon	淃	0	
cuon	捲	0	
cuon	袞	0	
cuon	綣	0	
cuon	滾	0	
cuon	𦄣	0	
ca	其	0	
ca	咖	0	
ca	茄	0	
ca	袈	0	
ca	𫈥	0	
ca	𪲾	0	
ca	𣖚	0	
ca	歌	0	
ca	蜞	0	
ca	𣘁	0	
ca	𬞢	0	
ca	䔅	0	
ca	鎶	0	
ca	𫉸	0	
cai	㧡	0	
cai	掑	0	
cai	𢱙	0	
cai	瘸	0	
can	干	0	
can	菫	0	
can	乾	0	
can	𠼳	0	
can	㨴	0	
cang	強	0	
cang	强	0	
cang	𪨈	0	
cang	彊	0	
cang	𫋙	0	
canh	更	0	
canh	挭	0	
canh	梗	0	
canh	𡙴	0	
cao	皋	0	
cao	搞	0	
cao	𢲵	0	
cao	觏	0	
cao	镐	0	
cao	𧎸	0	
cao	覯	0	
cao	檺	0	
cao	鎬	0	
cau	苟	0	
cau	𥬉	0	
cau	笱	0	
cay	其	0	
cay	掑	0	
cay	𫀵	0	
cay	𦓿	0	
ca	个	0	
ca	亇	0	
ca	𠮶	0	
ca	個	0	
ca	𫙏	0	
ca	箇	0	
ca	𩵜	0	
cac	各	0	
cac	阁	0	
cac	𬮤	0	
cac	铬	0	
cac	搁	0	
cac	閣	0	
cac	閤	0	
cac	鉻	0	
cac	擱	0	
cach	肐	0	
cach	革	0	
cach	挌	0	
cach	咯	0	
cach	鬲	0	
cach	格	0	
cach	胳	0	
cach	硌	0	
cach	隔	0	
cach	蛒	0	
cach	嗝	0	
cach	觡	0	
cach	滆	0	
cach	膈	0	
cach	骼	0	
cach	镉	0	
cach	鎘	0	
cai	丐	0	
cai	匃	0	
cai	𫡔	0	
cai	该	0	
cai	钙	0	
cai	個	0	
cai	盖	0	
cai	鈣	0	
cai	摡	0	
cai	蓋	0	
cai	該	0	
cai	戤	0	
cai	槩	0	
cai	𡡇	0	
cai	𡣨	0	
cam	绀	0	
cam	敢	0	
cam	紺	0	
cam	感	0	
cam	𥼲	0	
cam	𥽇	0	
cam	V+60473	0	
can	干	0	
can	杆	0	
can	桿	0	
can	骭	0	
can	幹	0	
can	榦	0	
can	擀	0	
can	檊	0	
cang	伉	0	
cang	纲	0	
cang	杭	0	
cang	𫆥	0	
cang	綱	0	
canh	更	0	
canh	勁	0	
canh	哽	0	
canh	挭	0	
canh	竟	0	
canh	梗	0	
canh	𦑃	0	
canh	𫅩	0	
cao	告	0	
cao	吿	0	
cao	诰	0	
cao	哠	0	
cao	𤞺	0	
cao	梏	0	
cao	锆	0	
cao	誥	0	
cao	鋯	0	
cap	甲	0	
cap	合	0	
cap	押	0	
cap	哈	0	
cap	鸽	0	
cap	铪	0	
cap	蛤	0	
cap	𫎖	0	
cap	鉿	0	
cap	𨉣	0	
cap	鴿	0	
cap	𮈔	0	
cat	吉	0	
cat	佶	0	
cat	洁	0	
cat	𡋥	0	
cat	桔	0	
cat	秸	0	
cat	割	0	
cat	葛	0	
cat	𢲞	0	
cat	𣻅	0	
cat	𪶼	0	
cat	㮮	0	
cat	㵧	0	
cat	𡑪	0	
cau	告	0	
cau	吿	0	
cau	呴	0	
cau	逅	0	
cau	垢	0	
cau	𬈉	0	
cau	𢞄	0	
cau	㗕	0	
cau	𡒫	0	
cay	𢗡	0	
cay	𧉝	0	
cay	𢚲	0	
cay	猉	0	
cay	𦞍	0	
cay	𧑂	0	
cam	今	0	
cam	钅	0	
cam	汵	0	
cam	釒	0	
cam	金	0	
cam	衾	0	
cam	唫	0	
cam	惍	0	
cam	㦗	0	
cam	噤	0	
cam	襟	0	
cam	𡅧	0	
can	巾	0	
can	斤	0	
can	荕	0	
can	䘜	0	
can	觔	0	
can	筋	0	
can	靳	0	
can	跟	0	
cang	疆	0	
cau	勹	0	
cau	勾	0	
cau	句	0	
cau	抅	0	
cau	佝	0	
cau	沟	0	
cau	泃	0	
cau	拘	0	
cau	钩	0	
cau	痀	0	
cau	阄	0	
cau	鸲	0	
cau	俱	0	
cau	鈎	0	
cau	鳩	0	
cau	㗕	0	
cau	鉤	0	
cau	𩾛	0	
cau	溝	0	
cau	褠	0	
cau	駒	0	
cau	篝	0	
cau	鴝	0	
cau	𪀊	0	
cau	鼩	0	
cau	齁	0	
cau	鞲	0	
cau	鬮	0	
cay	荄	0	
cay	核	0	
cay	𣘃	0	
cai	改	0	
cai	𠳚	0	
cai	𠴜	0	
cai	𠲹	0	
cai	唤	0	
cai	喚	0	
co	孤	0	
co	蛌	0	
co	𨂗	0	
co	𬷊	0	
co	瞿	0	
co	𪂮	0	
co	𫛈	0	
co	𪂯	0	
co	𪂲	0	
co	鸜	0	
coi	孤	0	
coi	嵬	0	
coi	𩲡	0	
coi	𧥇	0	
coi	𥶯	0	
com	膁	0	
com	𦟉	0	
com	臁	0	
con	哙	0	
con	群	0	
con	羣	0	
con	噲	0	
con	𫲳	0	
cong	穷	0	
cong	𢏣	0	
cong	躬	0	
cong	拲	0	
cong	𣌶	0	
cong	𪽱	0	
cong	𧋄	0	
cong	𬛉	0	
cong	鉷	0	
cong	窮	0	
cong	𣍗	0	
cong	𧔚	0	
cong	𧸺	0	
co	个	0	
co	古	0	
co	固	0	
co	故	0	
co	箇	0	
co	𣎏	0	
coc	㭲	0	
coc	𧋉	0	
coi	荟	0	
coi	桧	0	
coi	蒐	0	
coi	𦷭	0	
coi	薈	0	
coi	檜	0	
con	群	0	
con	𫤠	0	
cong	贡	0	
cong	貢	0	
cong	𠗸	0	
cop	合	0	
cop	级	0	
cop	哈	0	
cop	给	0	
cop	級	0	
cop	給	0	
cot	咭	0	
cot	𥱪	0	
cot	𬗁	0	
co	估	0	
co	姑	0	
co	沽	0	
co	苦	0	
co	孤	0	
co	苽	0	
co	轱	0	
co	鸪	0	
co	蛄	0	
co	逭	0	
co	菰	0	
co	菇	0	
co	辜	0	
co	觚	0	
co	軲	0	
co	箍	0	
co	鴣	0	
coi	孤	0	
coi	槶	0	
coi	𡦶	0	
coi	𪧄	0	
con	昆	0	
con	崑	0	
con	裈	0	
con	棍	0	
con	琨	0	
con	鹍	0	
con	褌	0	
con	緄	0	
con	鲲	0	
con	鵾	0	
con	鯤	0	
cong	工	0	
cong	公	0	
cong	功	0	
cong	攻	0	
cong	蚣	0	
cong	釭	0	
cong	䲨	0	
cong	䲲	0	
coong	工	0	
coi	𡎝	0	
coi	揆	0	
coi	𡑭	0	
coi	𨇒	0	
cong	拱	0	
cong	𬛀	0	
cong	𧶯	0	
cu	𡵺	0	
cu	求	0	
cu	虬	0	
cu	劬	0	
cu	虯	0	
cu	拘	0	
cu	岣	0	
cu	虮	0	
cu	枸	0	
cu	鸲	0	
cu	埧	0	
cu	樛	0	
cu	鴝	0	
cu	瞿	0	
cu	鼩	0	
cu	臞	0	
cu	氍	0	
cu	癯	0	
cu	蠷	0	
cu	衢	0	
cu	蠼	0	
cu	鸜	0	
cui	㽿	0	
cui	𪽵	0	
cui	儈	0	
cui	𢶟	0	
cui	癞	0	
cui	癩	0	
cui	𪇋	0	
cui	𪇫	0	
cum	拑	0	
cum	柑	0	
cum	拱	0	
cum	鉗	0	
cum	𣘉	0	
cun	𠝕	0	
cun	𪟓	0	
cun	勤	0	
cun	𡀳	0	
cun	𨮉	0	
cung	共	0	
cung	穷	0	
cung	穹	0	
cung	供	0	
cung	拱	0	
cung	蛩	0	
cung	窮	0	
cung	𡀳	0	
cung	藭	0	
cu	勾	0	
cu	句	0	
cu	苟	0	
cu	枸	0	
cu	鸲	0	
cu	笱	0	
cu	𫚱	0	
cu	鴝	0	
cua	固	0	
cuc	掬	0	
cuc	菊	0	
cuc	梮	0	
cuc	粷	0	
cuc	踘	0	
cuc	𨨠	0	
cuc	鞠	0	
cuc	鞫	0	
cuc	鵴	0	
cui	侩	0	
cui	哙	0	
cui	桧	0	
cui	儈	0	
cui	𩠠	0	
cui	噲	0	
cui	𠁚	0	
cui	𣍋	0	
cui	檜	0	
cui	𫏱	0	
cui	𨆝	0	
cui	𩠴	0	
cum	噤	0	
cum	𤻎	0	
cung	供	0	
cung	𬒸	0	
cup	及	0	
cut	骨	0	
cut	咭	0	
cut	嗗	0	
cut	榾	0	
cut	𠬒	0	
cut	𪄥	0	
cam	今	0	
cam	扲	0	
cam	咁	0	
cam	㤌	0	
cam	唅	0	
cam	唫	0	
cam	惍	0	
cam	𫥕	0	
cam	𫺦	0	
cam	𫴐	0	
cam	𡄎	0	
can	垠	0	
can	根	0	
can	𠶌	0	
can	乾	0	
cang	扛	0	
cang	𢫮	0	
cang	矜	0	
cang	兢	0	
cang	膙	0	
cu	具	0	
cu	𫇰	0	
cu	屡	0	
cu	屢	0	
cu	𪡻	0	
cu	寠	0	
cu	𦼨	0	
cu	𬞰	0	
cu	𬞺	0	
cu	𡳰	0	
cu	𬟛	0	
cu	𬟗	0	
cu	𡳵	0	
cu	𡳶	0	
cui	柜	0	
cui	圚	0	
cui	櫃	0	
cun	滚	0	
cung	共	0	
cung	供	0	
cung	拱	0	
cung	㤨	0	
co	几	0	
co	讥	0	
co	叽	0	
co	饥	0	
co	肌	0	
co	机	0	
co	矶	0	
co	奇	0	
co	虮	0	
co	姬	0	
co	剞	0	
co	飢	0	
co	唧	0	
co	基	0	
co	埮	0	
co	萁	0	
co	幾	0	
co	犄	0	
co	碁	0	
co	箕	0	
co	箍	0	
co	綦	0	
co	槣	0	
co	機	0	
co	𦠄	0	
co	墼	0	
co	磯	0	
co	蟣	0	
co	譏	0	
co	饑	0	
coi	该	0	
coi	核	0	
coi	𬂻	0	
coi	棋	0	
coi	該	0	
coi	𣛣	0	
com	咁	0	
com	粓	0	
com	𩚵	0	
con	干	0	
con	杆	0	
con	𩂀	0	
con	群	0	
con	𬏎	0	
cu	居	0	
cu	据	0	
cu	琚	0	
cu	裾	0	
cu	锯	0	
cu	鋸	0	
cu	據	0	
cua	剧	0	
cua	锯	0	
cua	鋸	0	
cung	羌	0	
cung	姜	0	
cung	畺	0	
cung	薑	0	
cung	疆	0	
cuu	鸠	0	
cuu	𫦬	0	
cuu	鳩	0	
cuu	𩾛	0	
cuong	冈	0	
cuong	刚	0	
cuong	岗	0	
cuong	纲	0	
cuong	岡	0	
cuong	㭎	0	
cuong	钢	0	
cuong	剛	0	
cuong	崗	0	
cuong	畺	0	
cuong	綱	0	
cuong	僵	0	
cuong	彊	0	
cuong	缰	0	
cuong	鋼	0	
cuong	殭	0	
cuong	繮	0	
cuong	疆	0	
cuong	韁	0	
cuoc	脚	0	
cuoc	腳	0	
cuoc	踋	0	
cuoi	丐	0	
cuoi	𡛔	0	
cuoi	𡠣	0	
cuoi	𡡇	0	
cuoi	𡣨	0	
cuop	刧	0	
cuop	劫	0	
cuop	刦	0	
cuop	刼	0	
cuop	给	0	
cuop	給	0	
cuop	𪠱	0	
cuoi	𪤺	0	
cuoi	唭	0	
cuoi	䶞	0	
cuom	𥑠	0	
cuom	鉗	0	
cuom	𤪊	0	
cuong	強	0	
cuong	强	0	
cuong	彊	0	
cuong	镪	0	
cuong	糨	0	
cuong	鏹	0	
cuong	囝	0	
cuong	𪇏	0	
cuoi	骑	0	
cuoi	騎	0	
cuong	強	0	
cuong	强	0	
cuong	襁	0	
cuong	繦	0	
cuoc	㖸	0	
cuoc	𪨗	0	
cuoc	噱	0	
cuoc	屩	0	
cuoc	蹻	0	
cac	咯	0	
cac	𡁤	0	
cach	劇	0	
cach	磔	0	
cam	槛	0	
cam	橄	0	
cam	檻	0	
can	汗	0	
can	件	0	
can	𣴓	0	
can	𣵲	0	
can	乾	0	
can	𭰃	0	
canh	竞	0	
canh	竟	0	
canh	梗	0	
canh	兢	0	
canh	𧣲	0	
canh	𧡟	0	
canh	劇	0	
canh	𥪰	0	
canh	競	0	
cao	𠜯	0	
cao	皋	0	
cao	锆	0	
cao	𠞟	0	
cao	𫦑	0	
cao	搞	0	
cao	鋯	0	
cap	及	0	
cap	吸	0	
cap	笈	0	
cap	𫊩	0	
cau	姤	0	
cau	𡀭	0	
cay	忌	0	
cay	𢬹	0	
cay	𢭮	0	
cay	掑	0	
cay	𫔷	0	
ca	奇	0	
ca	竒	0	
ca	架	0	
ca	哿	0	
ca	𪥘	0	
cai	改	0	
cai	𣒵	0	
cai	𦰦	0	
cai	𦀻	0	
cai	𪥞	0	
cam	敢	0	
cam	感	0	
cam	橄	0	
cam	贑	0	
can	扞	0	
can	艮	0	
can	杆	0	
can	捍	0	
can	赶	0	
can	𧻚	0	
can	趕	0	
cang	讲	0	
cang	咺	0	
cang	𪡝	0	
cang	港	0	
cang	講	0	
canh	顷	0	
canh	胫	0	
canh	耿	0	
canh	頃	0	
canh	颈	0	
canh	脛	0	
canh	景	0	
canh	境	0	
canh	儆	0	
canh	踁	0	
canh	憬	0	
canh	頸	0	
canh	警	0	
canh	鐛	0	
cao	吿	0	
cao	杲	0	
cao	捁	0	
cao	搞	0	
cao	犒	0	
cao	槁	0	
cao	镐	0	
cao	稿	0	
cao	藁	0	
cao	檺	0	
cao	鎬	0	
cau	苟	0	
cau	笱	0	
cau	𠸚	0	
cau	𥰄	0	
cay	𢭮	0	
cay	𢚲	0	
cay	𧋷	0	
cac	亟	0	
cam	妗	0	
cam	禁	0	
cam	噤	0	
cam	㯲	0	
can	艮	0	
can	哏	0	
can	茛	0	
can	豤	0	
can	勤	0	
can	𪻊	0	
can	𤄲	0	
can		0	
cap	汲	0	
cap	级	0	
cap	急	0	
cap	級	0	
cap	给	0	
cap	笈	0	
cap	給	0	
cap	𠎨	0	
cat	吉	0	
cat	拮	0	
cau	勾	0	
cau	句	0	
cau	诟	0	
cau	购	0	
cau	构	0	
cau	逅	0	
cau	垢	0	
cau	姤	0	
cau	𧵈	0	
cau	梂	0	
cau	夠	0	
cau	够	0	
cau	搆	0	
cau	𢲤	0	
cau	彀	0	
cau	媾	0	
cau	𢲱	0	
cau	詬	0	
cau	遘	0	
cau	構	0	
cau	觏	0	
cau	褠	0	
cau	𡒫	0	
cau	覯	0	
cau	購	0	
cay	𥝽	0	
cay	𫀵	0	
cay	摡	0	
cay	𦓿	0	
cay	穊	0	
cay	稼	0	
cay	𦔙	0	
cam	及	0	
cam	扲	0	
cam	芩	0	
cam	琹	0	
cam	鈙	0	
cam	禽	0	
cam	琴	0	
cam	擒	0	
cam	噙	0	
cam	檎	0	
cam	㩒	0	
cam	𨆓	0	
can	干	0	
can	𫢍	0	
can	芹	0	
can	竿	0	
can	𥬊	0	
can	菫	0	
can	𣔠	0	
can	勤	0	
can	慬	0	
can	懃	0	
can	𥵚	0	
cau	虬	0	
cau	求	0	
cau	虯	0	
cau	𥬉	0	
cau	逑	0	
cau	浗	0	
cau	桥	0	
cau	笱	0	
cau	梂	0	
cau	球	0	
cau	毬	0	
cau	𥿺	0	
cau	裘	0	
cau	橋	0	
cay	猉	0	
cay	𤊄	0	
cay	𦓿	0	
cam	钅	0	
cam	金	0	
cam	釒	0	
cam	唫	0	
cam	锦	0	
cam	錦	0	
can	仅	0	
can	𢀷	0	
can	卺	0	
can	菫	0	
can	僅	0	
can	谨	0	
can	瑾	0	
can	謹	0	
cau	狗	0	
cau	苟	0	
cau	枸	0	
cau	笱	0	
cam	𢥅	0	
cam	𦽔	0	
can	近	0	
can	菫	0	
can	靳	0	
can	馑	0	
can	𣂷	0	
can	觐	0	
can	覲	0	
can	饉	0	
cap	及	0	
cap	芨	0	
cap	岌	0	
cap	笈	0	
cat	吃	0	
cat	劼	0	
cat	诘	0	
cat	𦛋	0	
cat	詰	0	
cau	舅	0	
cay	忌	0	
cay	𢚁	0	
cay	𢭄	0	
cay	𠲹	0	
cay	梞	0	
cac	各	0	
cac	扱	0	
cac	咯	0	
cac	割	0	
cac	蛒	0	
cam	扲	0	
cam	锦	0	
cam	禁	0	
cam	撼	0	
cam	錦	0	
cam	㩒	0	
can	哏	0	
can	撼	0	
cang	亙	0	
cang	亘	0	
cap	及	0	
cap	扱	0	
cap	给	0	
cap	𫱅	0	
cap	給	0	
cap	𢰽	0	
cap	𢲩	0	
cap	𠎨	0	
cap	𢵰	0	
cat	吉	0	
cat	㓤	0	
cat	拮	0	
cat	洁	0	
cat	咭	0	
cat	割	0	
cat	𫥘	0	
cat	𢵷	0	
cat	𠟸	0	
cat	𪁄	0	
cat	𪧱	0	
cam	扲	0	
cam	肣	0	
cam	𦚕	0	
cam	𦠴	0	
cam	𦡬	0	
can	根	0	
can	勤	0	
can	𠼳	0	
can	𡀣	0	
can	𣝀	0	
can	杆	0	
can	谨	0	
can	謹	0	
can	𡄾	0	
cang	亙	0	
cang	𨀿	0	
cang	𨃈	0	
cang	強	0	
cac	极	0	
cac	胳	0	
cac	極	0	
cam	扲	0	
cam	㩒	0	
can	近	0	
can	𣴓	0	
can	𠶌	0	
can	𣷯	0	
can	𫪿	0	
can	𤄲	0	
cap	及	0	
cap	扱	0	
cap	笈	0	
cap	𥝥	0	
cap	𫮥	0	
cap	𬥠	0	
co	𢮭	0	
co	椇	0	
coc	极	0	
coc	局	0	
coc	㭲	0	
coc	梮	0	
coc	極	0	
com	膁	0	
com	臁	0	
cong	共	0	
cop	𤜯	0	
cop	𤝰	0	
cop	𧲫	0	
cop	𧳇	0	
cot	骨	0	
cot	橛	0	
co	古	0	
co	苦	0	
co	𦹯	0	
co	𦹵	0	
coi	块	0	
coi	𫋻	0	
coi	𡎝	0	
coi	塊	0	
coi	襘	0	
con	衮	0	
con	袞	0	
con	𫴾	0	
con	群	0	
co	估	0	
co	固	0	
co	故	0	
co	顾	0	
co	雇	0	
co	锢	0	
co	痼	0	
co	僱	0	
co	錮	0	
co	顧	0	
coc	卜	0	
coc	谷	0	
coc	﨏	0	
coc	梏	0	
coc	㭲	0	
coc	𤥫	0	
coc	𤭏	0	
coc	鹆	0	
coc	毂	0	
coc	榖	0	
coc	穀	0	
coc	𣫂	0	
coc	轂	0	
coc	𪁵	0	
coc	𪁴	0	
coc	鵒	0	
coi	臼	0	
coi	脍	0	
coi	桧	0	
coi	𬒊	0	
coi	𫋻	0	
coi	𡑒	0	
coi	檜	0	
coi	膾	0	
coi	襘	0	
coi	𥖩	0	
com	感	0	
com	𥺻	0	
com	𬖮	0	
com	𥽍	0	
com	𨭺	0	
con	㫻	0	
con	𣙹	0	
cong	贡	0	
cong	貢	0	
cong	𠗸	0	
cong	𣹟	0	
cong	槓	0	
cong	𪄌	0	
cong	贑	0	
cop	给	0	
cop	給	0	
cop	𠺻	0	
cot	汨	0	
cot	骨	0	
cot	傦	0	
cot	蓇	0	
cot	滑	0	
cot	榾	0	
cot	鹘	0	
cot	縎	0	
cot	餶	0	
cot	鶻	0	
co	瞿	0	
co	𡚝	0	
co	𬯵	0	
com	兼	0	
com	𨃰	0	
con	𪣋	0	
con	堒	0	
con	𡑱	0	
con	𡑳	0	
cong	工	0	
cong	槓	0	
cong	𨫋	0	
co	古	0	
co	咕	0	
co	股	0	
co	牯	0	
co	罟	0	
co	贾	0	
co	蛊	0	
co	詁	0	
co	賈	0	
co	鼓	0	
co	鼔	0	
co	皷	0	
co	臌	0	
co	瞽	0	
co	盬	0	
co	蠱	0	
coi	𪭯	0	
coi	𫋻	0	
coi	𢶒	0	
coi	襘	0	
con	丨	0	
con	衮	0	
con	混	0	
con	袞	0	
con	滚	0	
con	滾	0	
con	磙	0	
con	鯀	0	
cong	𢩉	0	
cong	𫼌	0	
cong	𥯏	0	
cong	𤗤	0	
cong	槓	0	
cong	𢩛	0	
cong	𨶛	0	
co	古	0	
co	具	0	
co	股	0	
co	钴	0	
co	鈷	0	
co	𩚩	0	
co	𡪻	0	
co	𩜃	0	
coi	根	0	
coi	桧	0	
coi	檜	0	
coi	𦓊	0	
co	椇	0	
co	𤚦	0	
co	𨍄	0	
coc	局	0	
coc	𥐏	0	
coi	桧	0	
coi	檜	0	
com	㯲	0	
com	𥽍	0	
cong	共	0	
cop	吸	0	
cot	扢	0	
cot	厥	0	
cot	榾	0	
cot	縎	0	
cot	撅	0	
cot	橛	0	
co	固	0	
co	故	0	
co	据	0	
co	㨿	0	
co	據	0	
co	旂	0	
co	棋	0	
co	棊	0	
co	碁	0	
co	旗	0	
co	𬄯	0	
coi	掑	0	
coi	棋	0	
coi	褀	0	
coi	改	0	
coi	𪭯	0	
coi	绘	0	
coi	𠳚	0	
coi	𢭮	0	
coi	解	0	
coi	𢶷	0	
coi	𢶒	0	
coi	繪	0	
co	㪯	0	
co	举	0	
co	筥	0	
co	舉	0	
co	擧	0	
co	𢤫	0	
coi	骑	0	
coi	騎	0	
com	慬	0	
con	釬	0	
con	慬	0	
co	𫭻	0	
com	俭	0	
com	儉	0	
com	𣋜	0	
con	𣴓	0	
con	𣵲	0	
cop	𩭆	0	
cot	吃	0	
cot	恄	0	
cot	𠹳	0	
cu	具	0	
cu	俱	0	
cu	惧	0	
cu	颶	0	
cu	懼	0	
cuc	局	0	
cuc	侷	0	
cuc	𫪐	0	
cuc	𠸘	0	
cuc	锔	0	
cuc	跼	0	
cuc	鋦	0	
cuc	鋳	0	
cuc	𫬊	0	
cui	𪭯	0	
cui	桧	0	
cui	𢶒	0	
cui	檜	0	
cui	𨆝	0	
cum	椹	0	
cum	㩒	0	
cum	噤	0	
cum	𦽔	0	
cum	㯲	0	
cung	共	0	
cup	级	0	
cup	𠀨	0	
cup	級	0	
cup	𨸍	0	
cut	𡭕	0	
cut	梮	0	
cut	橛	0	
cut	𥐒	0	
cut	𩪽	0	
cu	纠	0	
cu	句	0	
cu	糾	0	
cu	赳	0	
cu	矩	0	
cu	榘	0	
cu	𬄃	0	
cu	踽	0	
cua	古	0	
cua	𧵑	0	
cua	𧶮	0	
cui	𪭯	0	
cui	桧	0	
cui	𢶒	0	
cui	檜	0	
cun	滾	0	
cung	𪜀	0	
cung	弓	0	
cung	廾	0	
cung	巩	0	
cung	共	0	
cung	供	0	
cung	拱	0	
cung	鞏	0	
cung	𫋐	0	
cu	拠	0	
cu	据	0	
cu	锯	0	
cu	㨿	0	
cu	踞	0	
cu	鋸	0	
cu	據	0	
cua	锯	0	
cua	鋸	0	
cua	鐻	0	
cuc	亟	0	
cuc	殛	0	
cuc	棘	0	
cung	亙	0	
cung	亘	0	
cung	劲	0	
cung	𠡚	0	
cung	勁	0	
cung	𠠊	0	
cut	吉	0	
cut	结	0	
cut	結	0	
cut	𡳛	0	
cut	𥻽	0	
cuu	灸	0	
cuu	究	0	
cuu	疚	0	
cuu	捄	0	
cuu	厩	0	
cuu	救	0	
cu	佢	0	
cu	居	0	
cu	渠	0	
cu	蕖	0	
cu	璖	0	
cu	磲	0	
cu	讎	0	
cuu	仇	0	
cuu	裘	0	
cuu	讎	0	
cuu	讐	0	
cu	㪯	0	
cu	枸	0	
cu	举	0	
cu	筥	0	
cu	椐	0	
cu	榉	0	
cu	舉	0	
cu	擧	0	
cu	櫸	0	
cua	㪯	0	
cua	举	0	
cua	𫔳	0	
cua	𫔸	0	
cua	𨴦	0	
cua	𫔤	0	
cua	𪭚	0	
cua	𬮌	0	
cua	𨵣	0	
cua	舉	0	
cua	擧	0	
cua	𨷶	0	
cua	𨷯	0	
cui	𦀻	0	
cuu	九	0	
cuu	久	0	
cuu	犰	0	
cuu	玖	0	
cuu	疚	0	
cuu	柩	0	
cuu	韭	0	
cuu	韮	0	
cu	忌	0	
cu	㪯	0	
cu	昛	0	
cu	举	0	
cu	晤	0	
cu	𣈝	0	
cu	筥	0	
cu	𦝄	0	
cu	𤯶	0	
cu	舉	0	
cu	擧	0	
cu	攑	0	
cu	𤰁	0	
cuu	臼	0	
cuu	咎	0	
cuu	柩	0	
cuu	桕	0	
cuu	舅	0	
cu	巨	0	
cu	讵	0	
cu	苣	0	
cu	拒	0	
cu	炬	0	
cu	柜	0	
cu	昛	0	
cu	钜	0	
cu	倨	0	
cu	詎	0	
cu	距	0	
cu	鉅	0	
cu	遽	0	
cu	鐻	0	
cua	巨	0	
cua	拒	0	
cua	距	0	
cuc	极	0	
cuc	亟	0	
cuc	極	0	
cuu	旧	0	
cuu	𫇰	0	
cuu	舊	0	
da	加	0	
da	坡	0	
da	䏢	0	
da	枷	0	
da	䏧	0	
da	𤿦	0	
da	𪤻	0	
da	椰	0	
da	𪾉	0	
dai	夷	0	
dai	佳	0	
dai	皆	0	
dai	带	0	
dai	帶	0	
dai	𦀊	0	
dai	𨱽	0	
dan	奸	0	
dan	延	0	
dan	扛	0	
dan	拦	0	
dan	𢬥	0	
dan	攔	0	
dan	𢺤	0	
dang	延	0	
dang	江	0	
dang	扛	0	
dang	扬	0	
dang	拦	0	
dang	𢬥	0	
dang	揚	0	
dang	攔	0	
danh	争	0	
danh	名	0	
danh	爭	0	
danh	萾	0	
danh	㨕	0	
dao	刀	0	
dao	交	0	
dao	𫥿	0	
dao	釖	0	
dao	铰	0	
dao	窑	0	
dao	谣	0	
dao	遙	0	
dao	猺	0	
dao	摇	0	
dao	𡏟	0	
dao	搖	0	
dao	鉸	0	
dao	瑤	0	
dao	窰	0	
dao	窯	0	
dao	謠	0	
dao	謡	0	
dao	鳐	0	
dao	鰩	0	
dao	鷂	0	
day	厓	0	
day	移	0	
day	崖	0	
day	揩	0	
day	𢴐	0	
day	𨃌	0	
denshin	𫌷	0	
di	㐌	0	
di	夷	0	
di	𢩵	0	
di	圯	0	
di	迆	0	
di	弥	0	
di	怡	0	
di	易	0	
di	饴	0	
di	迤	0	
di	洟	0	
di	咦	0	
di	荑	0	
di	姨	0	
di	迻	0	
di	拪	0	
di	㹫	0	
di	胰	0	
di	移	0	
di	痍	0	
di	蛦	0	
di	遗	0	
di	貽	0	
di	飴	0	
di	颐	0	
di	𣻗	0	
di	遺	0	
di	頤	0	
di	彛	0	
di	彜	0	
di	彌	0	
di	彝	0	
di	瀰	0	
dia	𧣧	0	
dim	淫	0	
dim	焰	0	
dim	𥇌	0	
dim	𥌸	0	
din	𡺦	0	
dinh	营	0	
dinh	營	0	
diu	鮡	0	
diu	鮧	0	
diem	盐	0	
diem	阎	0	
diem	焰	0	
diem	焯	0	
diem	閻	0	
diem	㙴	0	
diem	檐	0	
diem	𤒦	0	
diem	鹽	0	
dien	延	0	
dien	㳄	0	
dien	鸢	0	
dien	娫	0	
dien	涎	0	
dien	铅	0	
dien	𣭻	0	
dien	筵	0	
dien	蜒	0	
dien	鉛	0	
dien	鳶	0	
dieu	佻	0	
dieu	姚	0	
dieu	傜	0	
dieu	䖴	0	
dieu	遙	0	
dieu	嗂	0	
dieu	遥	0	
dieu	徭	0	
dieu	搖	0	
dieu	鹞	0	
dieu	䁘	0	
dieu	窰	0	
dieu	繇	0	
dieu	鷂	0	
diec	𠹗	0	
diec	𩷉	0	
dien	缅	0	
dien	腼	0	
dien	緬	0	
diep	叶	0	
diep	葉	0	
diep	𣋑	0	
dieu	𠰀	0	
dieu	窖	0	
dieu	酵	0	
diem	檐	0	
dieng	盈	0	
dieu	鸢	0	
dieu	𠺧	0	
dieu	鳶	0	
dieu	鹞	0	
dieu	鷂	0	
dieu	岙	0	
dieu	杳	0	
dieu	嶴	0	
dieu	藐	0	
diem	艳	0	
diem	琰	0	
diem	焰	0	
diem	燄	0	
diem	艶	0	
diem	艷	0	
diem	豔	0	
dien	𪵰	0	
dien	衍	0	
dien	演	0	
dien	𠻤	0	
dien	縯	0	
dieu	杪	0	
dieu	𠰉	0	
dieu	绕	0	
dieu	眇	0	
dieu	𠴕	0	
dieu	渺	0	
dieu	淼	0	
dieu	緲	0	
dieu	繞	0	
dieu	𡅍	0	
diec	亦	0	
diec	易	0	
diec	𪁂	0	
diem	艷	0	
diem	豔	0	
dien	靣	0	
dien	面	0	
dien	愐	0	
dien	麪	0	
dien	麺	0	
dien	麵	0	
diep	叶	0	
diep	烨	0	
diep	晔	0	
diep	葉	0	
diep	碟	0	
diep	曄	0	
diep	燁	0	
diep	擛	0	
diep	靥	0	
diep	蹀	0	
diep	爗	0	
diep	㯿	0	
diep	靨	0	
diet	灭	0	
diet	易	0	
diet	姪	0	
diet	拽	0	
diet	滅	0	
diet	搣	0	
dieu	兆	0	
dieu	岙	0	
dieu	妙	0	
dieu	玅	0	
dieu	渺	0	
dieu	曜	0	
dieu	燿	0	
dieu	矅	0	
dieu	耀	0	
do	由	0	
do	犹	0	
do	铀	0	
do	蚰	0	
do	猶	0	
do	楢	0	
do	鈾	0	
doanh	茔	0	
doanh	盈	0	
doanh	营	0	
doanh	萾	0	
doanh	溋	0	
doanh	塋	0	
doanh	楹	0	
doanh	營	0	
doanh	嬴	0	
doanh	赢	0	
doanh	瀛	0	
doanh	贏	0	
doi	耒	0	
doi	堆	0	
doi	唯	0	
doi	𣼲	0	
doi	𣼭	0	
dom	肛	0	
dom	𢶺	0	
dom	𣛱	0	
don	炖	0	
don	敦	0	
don	燉	0	
dong	𣳔	0	
dong	𢫝	0	
dong	容	0	
dong	庸	0	
dong	搈	0	
dong	溶	0	
dong	熔	0	
doanh	盈	0	
doanh	溋	0	
doa	挫	0	
doan	尹	0	
doan	允	0	
doan		0	
doong	容	0	
doa	唑	0	
doa	挫	0	
doa	堕	0	
doa	墮	0	
doa	𡁜	0	
doa	𡃏	0	
du	攸	0	
du	臾	0	
du	𨒣	0	
du	油	0	
du	𠱋	0	
du	柚	0	
du	谀	0	
du	㾄	0	
du	萸	0	
du	偷	0	
du	䣭	0	
du	悠	0	
du	愉	0	
du	逾	0	
du	腴	0	
du	裕	0	
du	媮	0	
du	㾞	0	
du	揄	0	
du	游	0	
du	渝	0	
du	遊	0	
du	榆	0	
du	猷	0	
du	腧	0	
du	牏	0	
du	瑜	0	
du	窬	0	
du	𨱎	0	
du	蝣	0	
du	蝓	0	
du	諛	0	
du	踰	0	
du	輸	0	
du	鮋	0	
du	鍮	0	
dua	谀	0	
dua	誽	0	
dua	諛	0	
dui	堆	0	
dum	森	0	
dun	搎	0	
dun	噋	0	
dun	撴	0	
dun	𧑒	0	
dung	用	0	
dung	佣	0	
dung	容	0	
dung	庸	0	
dung	溶	0	
dung	蓉	0	
dung	墉	0	
dung	慵	0	
dung	榕	0	
dung	熔	0	
dung	融	0	
dung	镛	0	
dung	鎔	0	
dung	鏞	0	
dung	鱅	0	
duy	惟	0	
duy	帷	0	
duy	唯	0	
duy	維	0	
duyen	延	0	
duyen	吮	0	
duyen	沿	0	
duyen	娫	0	
duyen	铅	0	
duyen	缘	0	
duyen	鉛	0	
duyen	椽	0	
duyen	縁	0	
duyen	緣	0	
duyen	橼	0	
duyen	櫞	0	
duyen	緣	0	
duyen	吮	0	
duyen	掾	0	
duyet	悅	0	
duyet	阅	0	
duyet	𥆟	0	
duyet	閲	0	
duoi	堆	0	
duoi	唯	0	
duan	尹	0	
duan	芛	0	
duan	笋	0	
duat	肀	0	
duat	𦘒	0	
duat	聿	0	
duat	矞	0	
duat	䋖	0	
duat	煜	0	
duat	遹	0	
duat	鹬	0	
duat	𧑐	0	
duat	鶏	0	
duat	鷸	0	
duat1	肀	0	
duat2	𦘒	0	
duenh	溋	0	
duenh	瀛	0	
due	曳	0	
due	抴	0	
due	泄	0	
due	呭	0	
due	洩	0	
due	㹭	0	
due	拽	0	
due	𤵺	0	
due	𥹞	0	
due	锐	0	
due	裔	0	
due	睿	0	
due	銳	0	
due	鋭	0	
due	叡	0	
due	𢶀	0	
duoi	唯	0	
duoi	𣝉	0	
duong	扬	0	
duong	𣳔	0	
duong	拥	0	
duong	揚	0	
duoc	赎	0	
duoc	贖	0	
duoi	𨆷	0	
duoi	𩧍	0	
duoi	𢩽	0	
duoi	唯	0	
duoi	𨀤	0	
duoi	𨁬	0	
duoi	撮	0	
duoi	𨅎	0	
duoi	𬧕	0	
duoi	𨇒	0	
duoc	勺	0	
duoc	杓	0	
da	它	0	
da	吔	0	
da	伹	0	
da	迦	0	
da	夜	0	
da	柁	0	
da	枷	0	
da	㭨	0	
da	𧹟	0	
da	椰	0	
da	遮	0	
dai	才	0	
dai	曳	0	
dai	𪟞	0	
dai	𨱽	0	
dai	𨱾	0	
dam	缄	0	
dam	潭	0	
dam	緘	0	
dan	拦	0	
dan	𢬥	0	
dan	寅	0	
dan	弹	0	
dan	滇	0	
dan	𢵧	0	
dan	彈	0	
dan	攔	0	
dan	𢺤	0	
dan	躝	0	
dang	阳	0	
dang	阦	0	
dang	扛	0	
dang	扬	0	
dang	杨	0	
dang	𠲞	0	
dang	𢬥	0	
dang	陽	0	
dang	揚	0	
dang	楊	0	
danh	仃	0	
danh	忊	0	
danh	𠯼	0	
danh	呈	0	
danh	爭	0	
danh	盈	0	
danh	𬋨	0	
danh	𠴔	0	
danh	停	0	
danh	𦱊	0	
danh	𪺓	0	
danh	𧶄	0	
danh	𠼵	0	
danh	𪩧	0	
danh	𤔷	0	
dao	滛	0	
dao	槽	0	
dao	𤁠	0	
dao	𤁓	0	
dao	𩆍	0	
dao	𮦡	0	
dau	油	0	
day	苔	0	
day	持	0	
day	移	0	
day	𠼪	0	
day	𪠗	0	
day	𠫆	0	
day	𠫅	0	
dac	弋	0	
dac	𢩮	0	
dac	度	0	
dac	𦬹	0	
dac	觉	0	
dac	笪	0	
dac	桷	0	
dac	覚	0	
dac	榷	0	
dac	覺	0	
dai	曳	0	
dai	戒	0	
dai	𠰺	0	
dai	𢘽	0	
dai	带	0	
dai	帶	0	
dai	𤲼	0	
dam	𪾋	0	
dam	监	0	
dam	敢	0	
dam	噉	0	
dam	監	0	
dan	旦	0	
dan	间	0	
dan	間	0	
dan	演	0	
dan	𧍴	0	
dan	𬖭	0	
dan	𬖷	0	
dang	样	0	
dang	𦍛	0	
dang	𠍵	0	
dang	樣	0	
danh	酩	0	
danh	颖	0	
danh	穎	0	
danh	頴	0	
dao	狡	0	
dao	眇	0	
dao	教	0	
dao	敎	0	
dao	酵	0	
dat	妲	0	
dat	测	0	
dat	笪	0	
dat	測	0	
dat	𢟟	0	
dat	镒	0	
dat	鎰	0	
day	洩	0	
dam	冘	0	
dam	婬	0	
dam	淫	0	
dam	森	0	
dam	𣓆	0	
dam	滛	0	
dam	䨙	0	
dam	𦹻	0	
dam	霪	0	
dan	民	0	
dan	咽	0	
dang	扬	0	
dang	揚	0	
dang	登	0	
dang	𤼸	0	
dang	𫠿	0	
dau	妯	0	
dau	柚	0	
dau	桑	0	
dau	嫂	0	
dau	𪳫	0	
dau	𣘛	0	
dau	橷	0	
day	苔	0	
day	洟	0	
day	移	0	
day	𦀊	0	
day	絏	0	
day	𠫆	0	
day	𠫅	0	
da	也	0	
da	㐌	0	
da	吔	0	
da	冶	0	
da	泻	0	
da	者	0	
da	虵	0	
da	𣳮	0	
da	野	0	
da	埜	0	
da	啫	0	
da	瀉	0	
dai	已	0	
dai	汜	0	
dai	待	0	
dai	𢚵	0	
dai	𤉒	0	
dai	𣹘	0	
dai	𪶩	0	
dai	舄	0	
dai	𤋵	0	
dan	演	0	
dang	荡	0	
dang	蕩	0	
day	大	0	
day	𠖰	0	
day	圮	0	
day	圯	0	
day	𠯇	0	
day	𧿆	0	
de	移	0	
de	提	0	
de	𠽮	0	
dem	渐	0	
dem	漸	0	
dem	𡅩	0	
den	钱	0	
den	錢	0	
deo	𠰉	0	
deo	迢	0	
dep	蹀	0	
dep	蹛	0	
dep	𨆡	0	
dep	𩍣	0	
dep	躡	0	
de	移	0	
de	羝	0	
de	喈	0	
de	𫅕	0	
deu	摇	0	
di	之	0	
di	夷	0	
di	姨	0	
dia	抴	0	
dia	拽	0	
dia	𧣧	0	
dia	鮧	0	
dim	沈	0	
dim	浔	0	
dim	潯	0	
dim	霑	0	
dim	𢸝	0	
dim	𢺓	0	
din	银	0	
din	銀	0	
dinh	情	0	
diu	妙	0	
diu	迢	0	
diu	𠴕	0	
diu	𢭼	0	
diu	调	0	
diu	遙	0	
diu	遥	0	
diu	調	0	
diu	耀	0	
diu	𤓛	0	
di	挗	0	
di	洟	0	
di	𡡧	0	
dich	𪾀	0	
dim	𤝫	0	
dim	𤢾	0	
din	𠱆	0	
din	𠱉	0	
dinh	订	0	
dinh	性	0	
dinh	訂	0	
dinh	粘	0	
dinh	颖	0	
dinh	穎	0	
dinh	頴	0	
dinh	𬗀	0	
dip	折	0	
dip	釞	0	
dip	釟	0	
dip	鐷	0	
diu	𫼛	0	
diu	眇	0	
diu	𢬢	0	
diu	𥾗	0	
diu	𥙙	0	
diu	繞	0	
do	伩	0	
do	𠱋	0	
do	𪭴	0	
do	䌷	0	
do	紬	0	
do	𠻀	0	
do	𢲛	0	
do	𣺺	0	
do	𨃝	0	
doi	𧋆	0	
dom	𥄮	0	
dom	𥆡	0	
dom	𥦝	0	
dom	窞	0	
dom	𥈺	0	
dom	𥛗	0	
dom	𥉰	0	
dom	𥊥	0	
dom	𥋺	0	
dom	𥌸	0	
don	存	0	
don	𤵊	0	
don	𣆱	0	
don	𤈊	0	
don	𤶐	0	
dong	用	0	
dong	𣳔	0	
do	柚	0	
do	楮	0	
do	𢷀	0	
do	𦾤	0	
do	𣜴	0	
doc	育	0	
doc	笃	0	
doc	祝	0	
doc	唷	0	
doc	觫	0	
doc	篤	0	
doi	唯	0	
doi	㩡	0	
don	寸	0	
don	䠣	0	
dong	𢶢	0	
dot	埣	0	
do	由	0	
do	𠱋	0	
do	𠴗	0	
doi	𠐸	0	
don	敦	0	
dong	𣳔	0	
dong	柊	0	
dong	容	0	
dong	庸	0	
dong	搈	0	
dong	𩄱	0	
dong	𩘨	0	
doi	烩	0	
doi	唯	0	
doi	𠼲	0	
doi	燴	0	
don	𩊾	0	
dong	勇	0	
dong	俑	0	
dong	洞	0	
dong	㗈	0	
dong	蛹	0	
du	油	0	
du	𢂎	0	
du	𠱋	0	
du	轴	0	
du	𠶢	0	
du	軸	0	
du	愈	0	
dua	朱	0	
dua	咮	0	
dua	捈	0	
dua	揂	0	
dui	椎	0	
dui	搥	0	
dui	锤	0	
dui	楕	0	
dui	槌	0	
dui	锥	0	
dui	錐	0	
dui	錘	0	
dui	鎚	0	
dui	𨬉	0	
dui	𣟩	0	
dui	鑆	0	
dui	𨯸	0	
dun	屯	0	
dun	𫄃	0	
dung	用	0	
dung	拥	0	
dung	𬎽	0	
dung	𢫡	0	
dung	𣳔	0	
dung	𨀍	0	
dung	𢴋	0	
du	瘐	0	
du	癒	0	
dua	瘐	0	
dui	𢫊	0	
dui	唯	0	
dui	𢷮	0	
dum	森	0	
dun	顿	0	
dun	頓	0	
dung	𢪠	0	
dut	卒	0	
dut	莼	0	
dut	蒓	0	
dut	蓴	0	
dam	𥭍	0	
dam	𠄼	0	
dam	箴	0	
dam	𥶳	0	
dan	因	0	
dan	呡	0	
dan	𤶑	0	
dan	絪	0	
dan	演	0	
dang	扛	0	
dang	张	0	
dang	張	0	
dang	蝇	0	
dang	蠅	0	
di	已	0	
di	以	0	
di	𠖰	0	
di	𡵆	0	
di	钇	0	
di	迆	0	
di	圯	0	
di	苡	0	
di	迤	0	
di	胣	0	
di	釔	0	
di	既	0	
dia	圯	0	
dia	𥐦	0	
dinh	浧	0	
dinh	梬	0	
dinh	颖	0	
dinh	穎	0	
dinh	頴	0	
du	收	0	
du	俞	0	
du	诱	0	
du	庾	0	
du	匬	0	
du	揄	0	
du	瘐	0	
du	愈	0	
du	输	0	
du	瘉	0	
du	誘	0	
du	窳	0	
du	𢷀	0	
du	輸	0	
du	癒	0	
dua	杜	0	
dui	唯	0	
dum	𡍛	0	
dum	𡏟	0	
dung	甬	0	
dung	俑	0	
dung	勇	0	
dung	涌	0	
dung	埇	0	
dung	恿	0	
dung	𧊊	0	
dung	桶	0	
dung	湧	0	
dung	搈	0	
dung	筩	0	
dung	蛹	0	
dung	踊	0	
dung	踴	0	
do	汿	0	
do	拁	0	
do	洳	0	
do	除	0	
do	唋	0	
do	悇	0	
do	涂	0	
do	𦝔	0	
do	𬉣	0	
doi	㹫	0	
doi	猚	0	
doi	蛦	0	
doi	蝔	0	
du	予	0	
du	欤	0	
du	妤	0	
du	余	0	
du	油	0	
du	舁	0	
du	誉	0	
du	艅	0	
du	舆	0	
du	餘	0	
du	輿	0	
du	𡁎	0	
du	㺞	0	
du	歟	0	
du	鮽	0	
du	譽	0	
dua	瓜	0	
dua	芧	0	
dua	荼	0	
dua	𦯬	0	
dua	𤬀	0	
dua	𤫿	0	
dua	𦼞	0	
dua	𦾠	0	
dua	鮽	0	
dua	𧃋	0	
dua	𩻓	0	
dung	仍	0	
dung	𣱽	0	
dung	凌	0	
dung	𤼸	0	
duong	𠃓	0	
duong	𦍌	0	
duong	扬	0	
duong	阳	0	
duong	羊	0	
duong	阦	0	
duong	杨	0	
duong	旸	0	
duong	炀	0	
duong	佯	0	
duong	疡	0	
duong	徉	0	
duong	昜	0	
duong	洋	0	
duong	烊	0	
duong	陽	0	
duong	揚	0	
duong	傳	0	
duong	暘	0	
duong	楊	0	
duong	敭	0	
duong	煬	0	
duong	瘍	0	
duong	⺶	0	
duoi	𨑜	0	
duoi	带	0	
duoi	𢃄	0	
duoi	帶	0	
duoi	𤲂	0	
duoi	𣻉	0	
duoi	𠁑	0	
duoi	𢋴	0	
duoi	曳	0	
duong	杨	0	
duong	𦍛	0	
duong	羕	0	
duong	楊	0	
duong	𠍵	0	
duong	呈	0	
duong	养	0	
duong	氧	0	
duong	痒	0	
duong	養	0	
duong	癢	0	
duoc	药	0	
duoc	跃	0	
duoc	葯	0	
duoc	龠	0	
duoc	藥	0	
duoc	躍	0	
duoi	曳	0	
duong	丈	0	
duong	仗	0	
duong	𬋼	0	
duot	阅	0	
duot	欲	0	
duot	閲	0	
da	也	0	
da	肔	0	
da	夜	0	
da	亱	0	
da	胣	0	
da	㖡	0	
da	唯	0	
da	啫	0	
da	腋	0	
da	𦁹	0	
dac	弋	0	
dac	角	0	
dac	度	0	
dac	喥	0	
dach	画	0	
dach	畫	0	
dai	曳	0	
dai	呆	0	
dai	𢘽	0	
dai	㹭	0	
dai	𢚵	0	
dai	栧	0	
dai	𤵺	0	
dai	𥹞	0	
dai	𠻇	0	
dai	解	0	
dam	淡	0	
dam	啖	0	
dam	𢴗	0	
dam	𡃞	0	
dan	𫺒	0	
dan	弹	0	
dan	惮	0	
dan	简	0	
dan	䃅	0	
dan	演	0	
dan	僤	0	
dan	憚	0	
dan	彈	0	
dan	磾	0	
dan	簡	0	
dang	炀	0	
dang	恙	0	
dang	样	0	
dang	𦍛	0	
dang	羕	0	
dang	煬	0	
dang	漾	0	
dang	𠍵	0	
dang	樣	0	
dang	𤎔	0	
dang	𨄶	0	
dao	䟞	0	
dao	道	0	
dao	𢳥	0	
dao	蹈	0	
dao	𨄹	0	
dao	𬧖	0	
dao	𭧙	0	
dat	𢩮	0	
dat	沃	0	
dat	戞	0	
dat	搣	0	
dat	𣼸	0	
dat	澾	0	
dat	𪁄	0	
dau	酉	0	
dau	奏	0	
dau	唒	0	
day	代	0	
day	曳	0	
day	𠰺	0	
day	敎	0	
dai	带	0	
dai	帶	0	
dai	解	0	
dai	滯	0	
dai	𢄩	0	
dai	䙊	0	
dai	𧜵	0	
dai	戴	0	
dai	𦄂	0	
dai	𧞊	0	
dai	繲	0	
dao	交	0	
day	大	0	
day	𢩽	0	
day	𧿆	0	
dam	酟	0	
dam	𨠲	0	
dam	𨡉	0	
dam	𨡼	0	
dam	𡗋	0	
dam	𨣤	0	
dam	𨣨	0	
dan	𢪉	0	
dan	振	0	
dan	镇	0	
dan	震	0	
dan	鎮	0	
dan	𤂪	0	
dan	𤄱	0	
dap	𢩾	0	
dau	豆	0	
dau	酉	0	
dau	唒	0	
dau	鬥	0	
dau	𤶈	0	
dau	𧿫	0	
dau	𢰳	0	
dau	㾞	0	
dau	𥆺	0	
dau	𨁪	0	
dau	𨣥	0	
day	曳	0	
day	拽	0	
day	𧻭	0	
day	跩	0	
day	𬏌	0	
day	𧽇	0	
day	𧽈	0	
dam	挦	0	
dam	淋	0	
dam	淫	0	
dam	滛	0	
dam	潭	0	
dam	撏	0	
dam	𫶻	0	
dam	霪	0	
dam	𩆍	0	
dan	寅	0	
dan	简	0	
dan	𢴍	0	
dan	夤	0	
dan	𬒞	0	
dan	𥳄	0	
dan	𡫫	0	
dan	簡	0	
dau	酉	0	
dau	怞	0	
dau	妯	0	
dau	油	0	
dau	𠱋	0	
dau	喻	0	
dau	𪽠	0	
day	𥻣	0	
day	𠫆	0	
dau	𠱋	0	
dau	唒	0	
dau	𠶢	0	
dau	𫇊	0	
dau	喻	0	
day	𢩽	0	
day	𧿆	0	
dau	诸	0	
dau	𫇊	0	
dau	諸	0	
dam	踸	0	
dan	廴	0	
dan	引	0	
dan	泯	0	
dan	胤	0	
dan	蚓	0	
dan	𤄱	0	
dau	酉	0	
dau	油	0	
dau	𠱋	0	
dau	唒	0	
dau	𠶢	0	
dau	喻	0	
day	𠖰	0	
day	𡉏	0	
day	𢩵	0	
day	𣲆	0	
day	汜	0	
day	𠯇	0	
day	洗	0	
day	𧿆	0	
day	𬧕	0	
dam	埮	0	
dam	葚	0	
dam	𨤮	0	
dam	踸	0	
dam	𫃒	0	
dan	引	0	
dan	胤	0	
dan	蚓	0	
dan	𢭝	0	
dan	𨄻	0	
dang	𨀊	0	
dap	习	0	
dap	扱	0	
dap	𪭡	0	
dap	拉	0	
dap	㕸	0	
dap	迭	0	
dap	逸	0	
dap	習	0	
dap	𫃡	0	
dap	𫐶	0	
dap	搧	0	
dap	𡏽	0	
dap	㗩	0	
dap	摺	0	
dap	熠	0	
dap	䌌	0	
dat	佚	0	
dat	泆	0	
dat	迭	0	
dat	轶	0	
dat	逸	0	
dat	軼	0	
dat	𫐶	0	
dat	溢	0	
dat	镒	0	
dat	鎰	0	
dau	丣	0	
dau	酉	0	
dau	莤	0	
dau	梄	0	
dau	棹	0	
dau	簉	0	
dau	𥴙	0	
day	代	0	
day	𠖰	0	
day	𠯅	0	
day	曳	0	
day	𠰺	0	
day	㖂	0	
day	𧿆	0	
day	跩	0	
day	𧻭	0	
day	𧽇	0	
day	𧽈	0	
dac	𢴑	0	
dang	孕	0	
dang	𠱆	0	
dang	賸	0	
dang	𡅉	0	
dat	弋	0	
dat	𢩮	0	
dat	迭	0	
dat	怛	0	
dat	逸	0	
dat	揗	0	
dat	𢴑	0	
dat	𦄵	0	
dat	𪮽	0	
dat	㩫	0	
dam	栣	0	
dam	𥭍	0	
dam	𣓆	0	
dam	霪	0	
dam	𥶳	0	
dan	陈	0	
dan	陳	0	
dan	𢴍	0	
dan	撊	0	
dang	弋	0	
dang	邓	0	
dang	孕	0	
dang	担	0	
dang	𢫡	0	
dang	浪	0	
dang	寅	0	
dang	㖫	0	
dang	𨀊	0	
dang	𥿱	0	
dang	鄧	0	
dang	𨄻	0	
dac	𬧜	0	
dang	讲	0	
dang	庄	0	
dang	庒	0	
dang	养	0	
dang	简	0	
dang	養	0	
dang	講	0	
dang	簡	0	
dang	𡄧	0	
dang	简	0	
dang	簡	0	
dac	弋	0	
dac	曳	0	
dac	𢖺	0	
dam	拰	0	
dam	埮	0	
dam	淡	0	
dam	琰	0	
dam	𫮡	0	
dam	𨤮	0	
dam	𨤵	0	
dan	引	0	
dan	吲	0	
dan	胤	0	
dan	𢚴	0	
dan	𠸕	0	
dan	𠼺	0	
dan	噒	0	
dan	𡃐	0	
dang	孕	0	
dang	庄	0	
dang	庒	0	
dang	𠱆	0	
dang	𣞽	0	
dang	𡅉	0	
dat	迭	0	
dat	逸	0	
dat	撻	0	
de	易	0	
deo	妙	0	
dep	𡮊	0	
dep	揲	0	
dep	擛	0	
dep	𠿚	0	
dep	𣜿	0	
de	圯	0	
de	𠯇	0	
de	𦘺	0	
de	底	0	
de	易	0	
de	杞	0	
dem	𡅪	0	
deo	妙	0	
deo	𠰉	0	
deo	眇	0	
deo	緲	0	
deo	𥻠	0	
de	𠖰	0	
de	𡉏	0	
de	𢩵	0	
de	圯	0	
de	𠯇	0	
de	易	0	
de	𢭺	0	
de	𧿆	0	
de	鹈	0	
de	雉	0	
de	鵜	0	
de	啼	0	
de	喙	0	
de	𧍝	0	
de	池	0	
de	抵	0	
de	泜	0	
de	洟	0	
de	痍	0	
de	匙	0	
de	湜	0	
de	提	0	
de	㖷	0	
de	𣻗	0	
de	𣾸	0	
de	𠽮	0	
den	畑	0	
den	𦹸	0	
denh	爭	0	
denh	盈	0	
denh	挰	0	
denh	情	0	
denh	溋	0	
de	易	0	
de	𠴭	0	
de	啺	0	
de	礼	0	
de	𠖰	0	
de	曳	0	
de	弟	0	
de	易	0	
de	𬀺	0	
de	𥚯	0	
de	𣉷	0	
de	𪱁	0	
de	禮	0	
den	𢴍	0	
den	蝒	0	
denh	㨕	0	
det	𦂾	0	
det	𦄅	0	
di	汜	0	
di	洟	0	
di	异	0	
di	易	0	
di	異	0	
di	肄	0	
dia	地	0	
dia	泄	0	
dia	洩	0	
dia	𪵸	0	
dich	译	0	
dich	役	0	
dich	怿	0	
dich	驿	0	
dich	绎	0	
dich	易	0	
dich	奕	0	
dich	疫	0	
dich	弈	0	
dich	埸	0	
dich	液	0	
dich	掖	0	
dich	𤶣	0	
dich	腋	0	
dich	蜴	0	
dich	踢	0	
dich	懌	0	
dich	繹	0	
dich	譯	0	
dich	驛	0	
dip	堞	0	
dip	擛	0	
dip	蹀	0	
dip	𤗽	0	
dip	𣋑	0	
dit	绎	0	
dit	繹	0	
diu	妙	0	
diu	易	0	
diu	裕	0	
diu	耀	0	
do	𠻀	0	
doc	𢩮	0	
doc	育	0	
doc	独	0	
doc	唷	0	
doc	𫆡	0	
doc	淥	0	
doc	槈	0	
doc	𨂔	0	
doc	獨	0	
doc	㯮	0	
doc	𤣡	0	
doi	烩	0	
doi	唯	0	
doi	𤐝	0	
doi	燴	0	
doi	𨅷	0	
don	屯	0	
don	论	0	
don	迍	0	
don	扽	0	
don	抡	0	
don	𢮪	0	
don	掄	0	
don	遁	0	
don	遯	0	
don	論	0	
don	撰	0	
don	𢵶	0	
don	𢵬	0	
don	𢶿	0	
dong	洞	0	
dot	突	0	
dot	揬	0	
do	㳶	0	
dong	董	0	
dong	𡀇	0	
dong	𦡦	0	
dong	𦡂	0	
doc	诈	0	
doc	祝	0	
doc	詐	0	
doc	渥	0	
doc	嘞	0	
doc	篤	0	
doc	𡾬	0	
doc	𡓞	0	
doi	对	0	
doi	𠲝	0	
doi	𫴬	0	
doi	𢇉	0	
doi	對	0	
doi	噲	0	
doi	嚉	0	
doi	𡂳	0	
don	撰	0	
don	𦠆	0	
dot	讷	0	
dot	咄	0	
dot	訥	0	
dot	椊	0	
do	𠱋	0	
doi	洡	0	
doi	𢬗	0	
doi	捶	0	
doi	𥹯	0	
doi	搥	0	
doi	漼	0	
doi	𣼭	0	
doi	𦟿	0	
doi	䊚	0	
doi	𬛎	0	
doi	㵢	0	
doi	𩅚	0	
don	屯	0	
don	存	0	
don	吨	0	
don	沌	0	
don	扽	0	
don	拵	0	
don	盆	0	
don	𠱜	0	
dong	容	0	
do	扗	0	
do	撸	0	
do	擼	0	
do	抚	0	
do	杜	0	
do	诱	0	
do	𠴗	0	
do	喻	0	
do	𠻀	0	
do	誘	0	
do	撫	0	
do	𡁹	0	
do	嚕	0	
doi	磊	0	
doi	𢤡	0	
doi	队	0	
doi	洡	0	
doi	隊	0	
doi	唯	0	
doi	𣾶	0	
doi	𢵩	0	
doi	磊	0	
dong	用	0	
dong	洞	0	
dong	𧊊	0	
dong	湧	0	
dop	爉	0	
dot	灭	0	
dot	突	0	
dot	悅	0	
dot	湥	0	
dot	𢝀	0	
dot	揬	0	
dot	慄	0	
dot	滅	0	
don	𠃤	0	
don	简	0	
don	𠻤	0	
don	瞷	0	
don	簡	0	
don	𧢑	0	
dop	叶	0	
dop	𨑰	0	
dop	葉	0	
do	余	0	
doi	移	0	
doi	𢴐	0	
doi	𨖨	0	
doi	𧐹	0	
doi	𨄼	0	
doi	𬓟	0	
don	寅	0	
don	缠	0	
don	纏	0	
do	唋	0	
do	𧿨	0	
do	𢷣	0	
do	𡁎	0	
dom	減	0	
do	啫	0	
do	㨋	0	
do	𢷣	0	
do	𡁎	0	
doi	待	0	
don	引	0	
don	寅	0	
don	湎	0	
don	𣼹	0	
don	𪬦	0	
don	演	0	
dop	叶	0	
dop	葉	0	
du	𢂎	0	
du	诱	0	
du	峪	0	
du	谕	0	
du	裕	0	
du	喻	0	
du	誘	0	
du	諭	0	
dua	堕	0	
dua	墮	0	
duc	昗	0	
duc	育	0	
duc	浴	0	
duc	欲	0	
duc	唷	0	
duc	淯	0	
duc	鹆	0	
duc	喲	0	
duc	毓	0	
duc	慾	0	
duc	鵒	0	
duc	鬻	0	
dui	队	0	
dui	𢭺	0	
dui	隊	0	
dui	𢵌	0	
dum	呫	0	
dum	森	0	
dung	用	0	
dung	苚	0	
dut	逸	0	
dut	揬	0	
dut	㷝	0	
du	诱	0	
du	誘	0	
dui	㩡	0	
du	唋	0	
dua	架	0	
dua	预	0	
dua	預	0	
dua	𦼥	0	
duc	𠯅	0	
duc	𤴵	0	
duc	𠲧	0	
duc	𠺵	0	
duc	𠺒	0	
dut	弋	0	
dut	吊	0	
dut	𢩮	0	
dut	𠛣	0	
dut	怛	0	
dut	担	0	
dut	秩	0	
dut	悉	0	
dut	𠞹	0	
dut	𢴑	0	
dut	𢲼	0	
dut	𤎕	0	
dut	𦄵	0	
duu	釉	0	
duu	牖	0	
duu	鼬	0	
du	予	0	
du	如	0	
du	余	0	
dua	梌	0	
dua	㭨	0	
dua	蒢	0	
dua	椰	0	
dua	蒣	0	
dung	仃	0	
dung	仍	0	
dung	打	0	
dung	𥩯	0	
dung	停	0	
dung	棱	0	
dung	𨀊	0	
dung	揨	0	
dung	踭	0	
dung	𨄻	0	
du	字	0	
du	汝	0	
du	𪾟	0	
du	唋	0	
du	𪰿	0	
du	𡁎	0	
duc	𪧡	0	
dung	仍	0	
dung	孕	0	
dung	𫢖	0	
dung	𢘩	0	
duu	柚	0	
duu	莠	0	
du	与	0	
du	屿	0	
du	兴	0	
du	㑏	0	
du	與	0	
du	懙	0	
du	嶼	0	
du	㺞	0	
duu	卣	0	
duu	铕	0	
duu	銪	0	
du	与	0	
du	吁	0	
du	预	0	
du	與	0	
du	預	0	
du	誉	0	
du	豫	0	
du	蕷	0	
du	譽	0	
du	𥸤	0	
dua	汿	0	
dua	诸	0	
dua	预	0	
dua	𢭸	0	
dua	預	0	
dua	諸	0	
duc	翊	0	
duc	翌	0	
duc	煜	0	
duc	熤	0	
duc	翼	0	
dung	邓	0	
dung	孕	0	
dung	𢫡	0	
dung	𢘩	0	
dung	𥩯	0	
dung	𨀊	0	
dung	媵	0	
dung	鄧	0	
dung	𢸞	0	
dut	秩	0	
e	衣	0	
e	依	0	
e	𢙬	0	
e	𠲖	0	
e	𠵱	0	
e	㥋	0	
em	奄	0	
em	俺	0	
em	㛪	0	
em	掩	0	
em	腌	0	
em	𫸽	0	
en	𬏪	0	
en	嚥	0	
eng	𫵄	0	
eng	𡂍	0	
eo	夭	0	
eo	㕭	0	
eo	殀	0	
eo	要	0	
eo	哓	0	
eo	𣍩	0	
eo	喓	0	
eo	腰	0	
eo	嘵	0	
gai	荄	0	
gai	核	0	
gai	𣘃	0	
gai	𦃮	0	
gan	旰	0	
gan	肝	0	
gan	𭆺	0	
gang	刚	0	
gang	㧏	0	
gang	钢	0	
gang	剛	0	
gang	𡱸	0	
gang	掆	0	
gang	𡬷	0	
gang	𡬼	0	
gang	𪮚	0	
gang	𨧠	0	
gang	鋼	0	
gang	𮢪	0	
ganh	坑	0	
ganh	爭	0	
ganh	竞	0	
ganh	兢	0	
ganh	競	0	
gao	耗	0	
gay	荄	0	
gay	垓	0	
gay	咳	0	
ghe	舸	0	
ghe	𠺳	0	
ghe	稽	0	
ghe	𥠻	0	
ghe	𡃊	0	
ghe	𦪵	0	
ghe	𦪼	0	
ghe	𬜜	0	
ghen	悭	0	
ghen	惚	0	
ghen	㭴	0	
ghen	慳	0	
ghen	樫	0	
ghi	记	0	
ghi	記	0	
ghi	掑	0	
ghi	𪡴	0	
ghi	劄	0	
ghi	𪟕	0	
ghi	𥱬	0	
ghi	𥶂	0	
ghi	𫍕	0	
ghi	𫂮	0	
ghim	钅	0	
ghim	金	0	
ghim	釒	0	
ghii	持	0	
ghiec	𢙕	0	
ghien	坚	0	
ghien	堅	0	
ghien	㗔	0	
ghieng	鍄	0	
ghe	掑	0	
ghe	𡒬	0	
ghen	𥉸	0	
ghenh	更	0	
ghe	掎	0	
ghe	𥇚	0	
ghe	㨳	0	
ghe	踦	0	
ghe	𬑦	0	
ghe	𥊘	0	
ghe	𦗞	0	
ghe	𨄾	0	
ghe	艤	0	
ghem	剑	0	
ghem	检	0	
ghem	劍	0	
ghem	檢	0	
ghem	𧁴	0	
ghep	夹	0	
ghep	扱	0	
ghep	夾	0	
ghep	押	0	
ghep	𢯖	0	
ghep	接	0	
ghet	恄	0	
ghet	结	0	
ghet	結	0	
ghet	𢢂	0	
ghet	𪢍	0	
ghe	𠺳	0	
ghe	稽	0	
ghe	𡃊	0	
ghi	持	0	
ghi	掑	0	
ghim	鉗	0	
ghim	𩸱	0	
ghin	谨	0	
ghin	謹	0	
ghe	𧋷	0	
ghem	剑	0	
ghem	劍	0	
gheo	𠰉	0	
gheo	哓	0	
gheo	挑	0	
gheo	𪴻	0	
gheo	憍	0	
gheo	嘵	0	
gheo	嘺	0	
gheo	𡃺	0	
gheo	𪢤	0	
gheo	𡅬	0	
gheo	𥍑	0	
ghe	几	0	
ghe	𤴪	0	
ghe	𡒬	0	
ghet	恄	0	
ghe	𢪊	0	
ghe	技	0	
ghe	稽	0	
ghe	几	0	
ghe	𧦔	0	
ghe	𪞴	0	
ghe	𧦕	0	
ghe	椅	0	
ghe	楴	0	
ghe	𣖟	0	
ghe	𬃪	0	
ghe	槣	0	
ghech	击	0	
ghech	格	0	
ghech	𨃶	0	
ghech	擊	0	
ghe	𡓈	0	
ghe	𥗎	0	
ghenh	京	0	
ghenh	埂	0	
ghenh	𡌿	0	
ghenh	𡹡	0	
ghenh	涼	0	
ghenh	𡹞	0	
ghenh	溸	0	
ghenh	䃄	0	
ghenh	𡰏	0	
ghenh	𨂙	0	
ghenh	赢	0	
ghenh	贏	0	
ghenh	撔	0	
ghi	忌	0	
gi	椸	0	
gia	加	0	
gia	爷	0	
gia	伽	0	
gia	耶	0	
gia	咖	0	
gia	拁	0	
gia	茄	0	
gia	茶	0	
gia	枷	0	
gia	𧘪	0	
gia	珈	0	
gia	倻	0	
gia	家	0	
gia	啫	0	
gia	耞	0	
gia	跏	0	
gia	椰	0	
gia	爺	0	
gia	傢	0	
gia	嘉	0	
gia	镓	0	
gia	豭	0	
gia	鎵	0	
gia	𬷬	0	
giai	阶	0	
giai	佳	0	
giai	皆	0	
giai	階	0	
giai	谐	0	
giai	偕	0	
giai	秸	0	
giai	堦	0	
giai	喈	0	
giai	楷	0	
giai	稭	0	
giai	𪟦	0	
giai	諧	0	
giam	𪾋	0	
giam	监	0	
giam	㨔	0	
giam	𪬌	0	
giam	缄	0	
giam	監	0	
giam	緘	0	
giam	㩜	0	
gian	奸	0	
gian	间	0	
gian	艰	0	
gian	姦	0	
gian	菅	0	
gian	間	0	
gian	艱	0	
giang	阳	0	
giang	阦	0	
giang	江	0	
giang	扛	0	
giang	㧏	0	
giang	杠	0	
giang	肛	0	
giang	缸	0	
giang	𦈣	0	
giang	𠳹	0	
giang	豇	0	
giang	掆	0	
giang	陽	0	
giang	𥬮	0	
giang	𤭛	0	
giang	槓	0	
giang	𢺤	0	
gianh	江	0	
gianh	爭	0	
gianh	淨	0	
giao	艽	0	
giao	交	0	
giao	郊	0	
giao	茭	0	
giao	㬵	0	
giao	搅	0	
giao	蛟	0	
giao	跤	0	
giao	鲛	0	
giao	膠	0	
giao	鮫	0	
giao	鮻	0	
giao	攪	0	
giay	移	0	
giay	掾	0	
gieo	召	0	
gieo	招	0	
gieo	挍	0	
gieo	𪶎	0	
gieo	𫽟	0	
gieo	𢱐	0	
gieo	搖	0	
gieo	僚	0	
gieo	憭	0	
gieo	撩	0	
gion	敦	0	
giong	㠶	0	
giong	扛	0	
giong	冲	0	
giong	𨒟	0	
giong	终	0	
giong	𣳔	0	
giong	𢫝	0	
giong	𢬥	0	
giong	炵	0	
giong	終	0	
giong	𨀐	0	
giong	溶	0	
giong	蔠	0	
giong	衝	0	
giong	𩢦	0	
giong	𨄿	0	
gioe	唯	0	
gioen	眩	0	
git	乙	0	
giun	𧉙	0	
giun	撴	0	
giun	𨘗	0	
giun	𧑒	0	
giun	䔻	0	
giung	戎	0	
giua	銼	0	
giua	𨮋	0	
giua	鑥	0	
giuong	降	0	
giuoi	𨀤	0	
giuoi	㩡	0	
giuoi	𨆷	0	
giuoc	勺	0	
giuoc	𣨧	0	
gia	加	0	
gia	伽	0	
gia	迦	0	
gia	夜	0	
gia	茄	0	
gia	枷	0	
gia	查	0	
gia	痂	0	
gia	笳	0	
gia	葭	0	
gia	遮	0	
gia	𦓅	0	
gia	𫅷	0	
giam	缄	0	
giam	緘	0	
gian	间	0	
gian	床	0	
gian	𣑴	0	
gian	間	0	
gian	滇	0	
gian	𢵧	0	
gian	橺	0	
gian	𣠰	0	
giang	江	0	
giang	扛	0	
giang	扬	0	
giang	床	0	
giang	降	0	
giang	𢏠	0	
giang	𢬥	0	
giang	𢭩	0	
giang	揚	0	
gianh	伶	0	
gianh	爭	0	
gianh	𠲜	0	
gianh	棦	0	
gianh	掙	0	
gianh	停	0	
gianh	箏	0	
gianh	𥱭	0	
giao	洨	0	
giao	槽	0	
giao	𤁓	0	
giau	校	0	
giau	朝	0	
giau	𫡯	0	
giau	蔞	0	
giau	𢀭	0	
giay	持	0	
giay	𧿫	0	
giay	𥀌	0	
giay	𠼪	0	
giay	鞋	0	
giay	𦂄	0	
giay	履	0	
giay	𨃌	0	
giay	𨃐	0	
giay	𠫆	0	
giay	𩌂	0	
gia	价	0	
gia	这	0	
gia	驾	0	
gia	拁	0	
gia	架	0	
gia	柘	0	
gia	這	0	
gia	贾	0	
gia	假	0	
gia	液	0	
gia	賈	0	
gia	嫁	0	
gia	蔗	0	
gia	𦁹	0	
gia	稼	0	
gia	價	0	
gia	駕	0	
gia	鹧	0	
gia	𥳅	0	
gia	篾	0	
gia	𬰊	0	
gia	鷓	0	
giac	𢩮	0	
giac	角	0	
giac	觉	0	
giac	斍	0	
giac	桷	0	
giac	覚	0	
giac	搉	0	
giac	覺	0	
giai	戒	0	
giai	䐭	0	
giam	𪾋	0	
giam	监	0	
giam	敢	0	
giam	尲	0	
giam	鉴	0	
giam	尴	0	
giam	槛	0	
giam	監	0	
giam	鍳	0	
giam	尶	0	
giam	檻	0	
giam	鑒	0	
giam	鑑	0	
gian	间	0	
gian	𫔮	0	
gian	谏	0	
gian	間	0	
gian	閒	0	
gian	演	0	
gian	𧍴	0	
gian	諫	0	
gian	覵	0	
gian	𫋨	0	
giang	降	0	
giang	绛	0	
giang	揀	0	
giang	絳	0	
giang	𩄐	0	
giao	眇	0	
giao	饺	0	
giao	挍	0	
giao	教	0	
giao	敎	0	
giao	铰	0	
giao	窖	0	
giao	酵	0	
giao	鉸	0	
giao	槊	0	
giao	餃	0	
giao	𪳞	0	
giao	𨬊	0	
giap	甲	0	
giap	夹	0	
giap	夾	0	
giap	岬	0	
giap	挟	0	
giap	胛	0	
giap	峡	0	
giap	郟	0	
giap	荚	0	
giap	峽	0	
giap	钾	0	
giap	挾	0	
giap	莢	0	
giap	袷	0	
giap	裌	0	
giap	颊	0	
giap	鉀	0	
giap	頬	0	
giap	頰	0	
giat	戛	0	
giat	戞	0	
giam	滛	0	
giam	𢹽	0	
giau	校	0	
giay	之	0	
giay	𣆰	0	
giay	絏	0	
giay	𦀊	0	
gia	也	0	
gia	写	0	
gia	吔	0	
gia	啫	0	
gia	𣨕	0	
gia	𨔾	0	
gia	㨋	0	
gia	𦩳	0	
gia	𪢆	0	
gia	寫	0	
giai	戒	0	
giai	豸	0	
giai	待	0	
giai	𤉒	0	
giai	𠸤	0	
giai	𤋵	0	
giai	解	0	
gian	𠡚	0	
giang	𠷬	0	
giang	𡅉	0	
giay	䟢	0	
giay	𨃉	0	
giem	谗	0	
giem	𡅩	0	
giem	讒	0	
giem	𡆙	0	
gie	秷	0	
gieo	𠰉	0	
gie	支	0	
gieng	正	0	
gieng	征	0	
gieng	𦙫	0	
gieng	𣦓	0	
gieng	徵	0	
gieng	𥢆	0	
gio	蓗	0	
gio	𥱰	0	
gio	𨃝	0	
gioi	𧋆	0	
gioi	蜼	0	
gioi	𧔾	0	
gion	屯	0	
gion	存	0	
gion	吨	0	
gion	𤵊	0	
gion	𤶐	0	
gion	𦎍	0	
gion	𬙴	0	
gion	𦟒	0	
giong	𣳔	0	
gio	这	0	
gio	這	0	
gio	逾	0	
gio	愈	0	
gio	𨗮	0	
gio	𬰅	0	
gio	𫖾	0	
gio	𫕲	0	
gio	𫗄	0	
gio	𫗃	0	
gio	𩙌	0	
gio	𩙍	0	
gio	𩙋	0	
gioc	祝	0	
gioc	𠺷	0	
gioi	𢫊	0	
gioi	𢬭	0	
gioi	唯	0	
gioi	𢷮	0	
giong	仲	0	
giong	冻	0	
giong	拣	0	
giong	𢫝	0	
giong	咚	0	
giong	栋	0	
giong	容	0	
giong	凍	0	
giong	㨂	0	
giong	棟	0	
giong	揀	0	
giong	喠	0	
giong	𢶢	0	
giot	埣	0	
gio	𥳉	0	
gioi	𣑳	0	
gion	敦	0	
gion	燉	0	
giong	𣳔	0	
giong	容	0	
giong	庸	0	
giong	𧊕	0	
giong	溶	0	
giong	𩄱	0	
giong	𩘪	0	
gioi	烩	0	
gioi	燴	0	
giong	㗈	0	
giua	捈	0	
giua	𢭳	0	
giua	楢	0	
giui	搥	0	
gium	用	0	
gium	𡑓	0	
giung	屯	0	
giung	用	0	
giu	注	0	
giui	𢬗	0	
giui	㩡	0	
gium	揕	0	
giung	𢪠	0	
giup	丸	0	
giup	𢩾	0	
giup	执	0	
giup	𪜾	0	
giup	執	0	
giup	𠢟	0	
giup	𠢞	0	
giup	𢴇	0	
giam	箴	0	
giang	江	0	
giang	扛	0	
giang	𢬥	0	
giang	㖫	0	
giang	绫	0	
giang	𪩮	0	
giang	𦝄	0	
giang	綾	0	
giang	綾	0	
giu	𪮴	0	
giu	𢷀	0	
giu	𢷱	0	
giu	𣜴	0	
giua	锉	0	
giua	銼	0	
giua	镥	0	
giua	𨮋	0	
giua	鑥	0	
gio	加	0	
gio	拁	0	
gio	𫼰	0	
gio	捈	0	
gioi	磊	0	
giua	荼	0	
giuong	牀	0	
giuong	扛	0	
giuong	扬	0	
giuong	张	0	
giuong	𢬥	0	
giuong	𥆄	0	
giuong	𥆀	0	
giuong	張	0	
giuong	揚	0	
giuong	扬	0	
giuong	床	0	
giuong	牀	0	
giuong	𪲝	0	
giuong	揚	0	
giuong	棖	0	
giuong	𦀾	0	
giuong	𦀚	0	
giuong	樑	0	
gia	𣂃	0	
gia	箸	0	
giac	𠯅	0	
giac	喥	0	
giai	豸	0	
giam	𢪭	0	
giam	谈	0	
giam	談	0	
giam	𠾻	0	
giam	嚂	0	
giang	𢬥	0	
giang	𢏠	0	
giang	𨀹	0	
giang	𨄶	0	
giat	札	0	
giat	𪵳	0	
giat	𢫄	0	
giat	卓	0	
giat	挞	0	
giat	淖	0	
giat	搣	0	
giat	𣼸	0	
giat	撻	0	
giat	𨆹	0	
gia	伽	0	
gia	驾	0	
gia	者	0	
gia	柘	0	
gia	贾	0	
gia	偖	0	
gia	假	0	
gia	啫	0	
gia	斝	0	
gia	㨋	0	
gia	賈	0	
gia	锗	0	
gia	𪝪	0	
gia	赭	0	
gia	駕	0	
gia	鍺	0	
giai	豸	0	
giai	带	0	
giai	帶	0	
giai	𤉒	0	
giai	𤋵	0	
giai	觧	0	
giai	解	0	
giai	𢄩	0	
giai	䙊	0	
giai	邂	0	
giai	𦃿	0	
giai	獬	0	
giai	𧜵	0	
giai	懈	0	
giai	螮	0	
giai	𦄂	0	
giai	蠏	0	
giai	蟹	0	
giai	繲	0	
giai	𩺌	0	
giam	减	0	
giam	啖	0	
giam	減	0	
giam	简	0	
giam	撊	0	
giam	簡	0	
gian	但	0	
gian	拣	0	
gian	柬	0	
gian	揀	0	
gian	简	0	
gian	澗	0	
gian	橺	0	
gian	𥳑	0	
gian	簡	0	
gian	劗	0	
giang	讲	0	
giang	拣	0	
giang	揀	0	
giang	講	0	
gianh	颖	0	
gianh	穎	0	
gianh	頴	0	
giao	佼	0	
giao	咬	0	
giao	姣	0	
giao	𤞑	0	
giao	绞	0	
giao	狡	0	
giao	饺	0	
giao	较	0	
giao	铰	0	
giao	啮	0	
giao	絞	0	
giao	較	0	
giao	𫜪	0	
giao	鉸	0	
giao	餃	0	
giao	𪘂	0	
giao	齩	0	
giao	齧	0	
giao	囓	0	
giao	䶧	0	
giap	甲	0	
giac	弋	0	
giac	𢩮	0	
giac	𠯅	0	
giac	聀	0	
giac	𦕛	0	
giac	职	0	
giac	𥋏	0	
giac	職	0	
giam	𪾋	0	
giam	监	0	
giam	酟	0	
giam	𨠲	0	
giam	𨡉	0	
giam	監	0	
giam	𨡼	0	
giam	𨣤	0	
giam	𨣨	0	
giam	釅	0	
gian	𢴍	0	
gian	镇	0	
gian	鎮	0	
giap	叶	0	
giap	葉	0	
giap	蓻	0	
giap	𤎒	0	
giau	丑	0	
giau	丒	0	
giau	酉	0	
giau	𢭳	0	
giau	唒	0	
giau	𫫅	0	
giau	𨁪	0	
giau	𠥤	0	
giau	𡆞	0	
giau	𭔰	0	
giay	纸	0	
giay	紙	0	
giay	䊼	0	
giay	𥿗	0	
giay	絏	0	
giay	𫷏	0	
giay	繶	0	
giam	淫	0	
giam	㨔	0	
giam	滛	0	
giam	𢴏	0	
giam	氳	0	
giam	樳	0	
giam	橝	0	
giam	霪	0	
giam	𩆍	0	
gian	寅	0	
gian	𥳄	0	
gian	𣠰	0	
giau	芙	0	
giau	油	0	
giau	茱	0	
giau	朝	0	
giau	蒌	0	
giau	蒥	0	
giau	蔞	0	
giau	𦺓	0	
giau	𢀭	0	
giay	持	0	
giay	摡	0	
giay	鞋	0	
giay	履	0	
giay	𥻣	0	
giay	𠫆	0	
giay	𩌂	0	
giang	拯	0	
giau	喻	0	
giay	𢩽	0	
giam	𣨮	0	
giam	踸	0	
giam	𨃵	0	
giay	𢩽	0	
giay	扯	0	
giay	洗	0	
giay	洙	0	
giay	𢬿	0	
giay	𧿆	0	
giay	䟢	0	
giam	滥	0	
giam	𦂼	0	
giam	踸	0	
giam	濫	0	
giam	濫	0	
giam	𥸄	0	
gian	引	0	
gian	阵	0	
gian	限	0	
gian	陣	0	
gian	恨	0	
gian	𢚷	0	
gian	𠻆	0	
gian	𫺶	0	
gian	𢠣	0	
gian	𫻂	0	
gian	𪬲	0	
gian	𭉆	0	
giap	执	0	
giap	拉	0	
giap	執	0	
giap	𢴇	0	
giap	熠	0	
giat	迭	0	
giat	秩	0	
giat	𪮞	0	
giau	酉	0	
giau	酒	0	
giau	莤	0	
giau	梄	0	
giau	笤	0	
giau	𥭛	0	
giau	𣙭	0	
giau	簉	0	
giau	𬕩	0	
giau	𥴙	0	
giau	𥵙	0	
giang	𠱆	0	
giat	揗	0	
giat	𢴑	0	
giat	㩫	0	
giam	㨔	0	
giam	箴	0	
gian	简	0	
gian	撊	0	
gian	簡	0	
giang	払	0	
giang	庄	0	
giang	扛	0	
giang	庒	0	
giang	𢬥	0	
giang	𢏠	0	
giang	𢬂	0	
giang	𢭩	0	
giang	㖫	0	
giang	兢	0	
giang	蝇	0	
giang	𢴍	0	
giang	蠅	0	
gian	引	0	
giam	踸	0	
giam	𨃵	0	
giac	弋	0	
giac	贼	0	
giac	賊	0	
giam	引	0	
giam	拰	0	
giam	湛	0	
gian	吲	0	
giap	习	0	
giap	習	0	
giat	佚	0	
giat	泆	0	
giat	迭	0	
giat	秩	0	
giat	逸	0	
giat	逸	0	
giat	𪶵	0	
giat	㴽	0	
giat	𣾹	0	
gieo	召	0	
gieo	招	0	
gieo	𬦪	0	
giep	甲	0	
giep	叶	0	
giep	折	0	
giep	押	0	
giep	𡮊	0	
giep	葉	0	
giet	𠲔	0	
gie	币	0	
gie	䌽	0	
gie	綵	0	
gie	弊	0	
gie	幣	0	
gie	𪂰	0	
gieo	渺	0	
gie	𡉏	0	
gie	𧿆	0	
gie	雉	0	
gie	𬦳	0	
gie	𪂰	0	
giec	𩷉	0	
giec	𩷳	0	
giec	𩷛	0	
giec	䱑	0	
giec	𩹹	0	
giem	占	0	
giem	掂	0	
gien	因	0	
gieng	井	0	
gieng	汫	0	
gieng	泟	0	
gieng	𥐹	0	
gieng	𠄺	0	
gieng	𬈈	0	
giet	折	0	
giet	𪲽	0	
giet	𢷄	0	
giet	𤄌	0	
gieu	酵	0	
gie	𠽮	0	
gien	萾	0	
gien	𧁶	0	
gieng	征	0	
gieng	盈	0	
gieng	埕	0	
gieng	唐	0	
gieng	𫣂	0	
gieng	𪝕	0	
gieng	𡎠	0	
gieng	萾	0	
gieng	溋	0	
gieng	𧋸	0	
gieng	𦀚	0	
gieng	䋼	0	
gieng	徵	0	
gienh	征	0	
gienh	徵	0	
gie	𥫟	0	
gieu	𠰉	0	
gieu	眇	0	
gieu	𠴕	0	
gieu	𬕓	0	
gienh	征	0	
gienh	徵	0	
gieu	兆	0	
gieu	咷	0	
gio	住	0	
gioi	队	0	
gioi	𪭯	0	
gioi	烩	0	
gioi	隊	0	
gioi	唯	0	
gioi	𢶒	0	
gioi	燴	0	
gion	论	0	
gion	論	0	
giong	咚	0	
giong	𣳔	0	
giong	喠	0	
giot	突	0	
giot	湥	0	
giot	𠸂	0	
gio	𠰍	0	
gio	祖	0	
gio	𬚶	0	
gio	䇠	0	
gio	𬕷	0	
gioi	𤈜	0	
gioi	磊	0	
gioi	𠐞	0	
gioi	㩡	0	
gioi	𡤟	0	
gion	吮	0	
gioc	角	0	
gioc	祝	0	
giong	𣐄	0	
giong	种	0	
giong	𥞖	0	
giong	𥞁	0	
giong	偅	0	
giong	種	0	
giong	𥠭	0	
giong	𠏳	0	
giong	𧀑	0	
giong	𥵾	0	
giot	卒	0	
gio	𠻀	0	
gioi	𢬗	0	
gioi	𬁻	0	
gioi	搥	0	
gioi	䊚	0	
gioi	㵢	0	
gioi	㩡	0	
giong	仝	0	
giong	𡊸	0	
giong	𢲣	0	
gio	吐	0	
gioi	𣑳	0	
gioi	𣞂	0	
gioi	㰁	0	
gio	吐	0	
gio	杜	0	
gio	𠰍	0	
gio	祖	0	
gio	𥣒	0	
gio	𣋼	0	
gio	𬲠	0	
gioi	𢙩	0	
gioi	𠾕	0	
gioi	洡	0	
gioi	𢬗	0	
gioi	𣾶	0	
gioi	㩡	0	
giong	挵	0	
giop	执	0	
giop	𢩾	0	
giop	執	0	
giop	㷝	0	
giot	湥	0	
gio	贺	0	
gio	贾	0	
gio	賀	0	
gio	賈	0	
gioi	介	0	
gioi	价	0	
gioi	𠆷	0	
gioi	戒	0	
gioi	芥	0	
gioi	届	0	
gioi	炌	0	
gioi	屆	0	
gioi	诫	0	
gioi	界	0	
gioi	疥	0	
gioi	蚧	0	
gioi	𪽐	0	
gioi	𤈪	0	
gioi	械	0	
gioi	𤋽	0	
gioi	誡	0	
gioi	價	0	
gioi	瀣	0	
giom	𪾋	0	
giom	监	0	
giom	監	0	
gion	䒡	0	
gion	瞷	0	
gion	𧢈	0	
gion	𧢑	0	
gion	覵	0	
gion	覸	0	
gio	除	0	
gio	徐	0	
gio	𣇞	0	
gio	𪱡	0	
gio	𣉹	0	
gio	𬁊	0	
gio	𬁐	0	
gio	𪬪	0	
gioi	𡗶	0	
gioi	炌	0	
gioi	𤈪	0	
gioi	𤋽	0	
gioi	𧋹	0	
gioi	𧍊	0	
gion	湎	0	
gion	𭰫	0	
gio	𧿨	0	
gio	𢷣	0	
gio	𡁎	0	
gio	啫	0	
gio	𢷣	0	
gion	屯	0	
gion	引	0	
gion	折	0	
gion	𫸷	0	
gion	简	0	
gion	演	0	
gion	簡	0	
gion	𢥣	0	
gion	𡅌	0	
giom	𪾋	0	
giom	监	0	
giom	監	0	
gion	喕	0	
gion	愐	0	
giot	𤁩	0	
giuc	促	0	
giuc	逐	0	
giuc	欲	0	
giuc	唷	0	
giuc	𬨲	0	
giuc	𠽖	0	
giui	𢬗	0	
giui	㩡	0	
gium	呫	0	
gium	𡑓	0	
gium	踸	0	
giui	𢬗	0	
giui	㩡	0	
giung	嵎	0	
giu	宁	0	
giu	守	0	
giu	佇	0	
giu	㑏	0	
giu	拧	0	
giu	贮	0	
giu	𢬇	0	
giu	渚	0	
giu	𡨺	0	
giu	𡨹	0	
giu	𫳘	0	
giu	𡨸	0	
giu	貯	0	
giu	𪧚	0	
giu	𧵤	0	
giua	𫡇	0	
giua	𡧲	0	
giua	𡨌	0	
giua	𫡉	0	
giua	𠁵	0	
giua	𠁹	0	
giut	秩	0	
go	姑	0	
go	孤	0	
go	箛	0	
go	𦁿	0	
go	𦁣	0	
go	𩸰	0	
gom	搛	0	
gon	昆	0	
gon	棍	0	
goa	过	0	
goa	過	0	
goa	寡	0	
goang	肱	0	
gooc	梮	0	
gooc	槶	0	
gu	俱	0	
gu	塸	0	
gua	𤺮	0	
guoc	國	0	
guoc	梮	0	
guoc	椈	0	
guoc	槶	0	
guoc	踘	0	
guot	𩄨	0	
guoc	局	0	
guoc	𤶹	0	
guy	跪	0	
ga	呵	0	
ga	𪰏	0	
ga	猗	0	
ga	𤠄	0	
ga	𬞢	0	
ga	鵸	0	
ga	𪂮	0	
ga	𬷤	0	
ga	𫰄	0	
ga	𪃴	0	
ga	𪃿	0	
gai	咳	0	
gai	掑	0	
gai	摡	0	
gai	𢹆	0	
gam	𫏄	0	
gan	杆	0	
gan	近	0	
gan	乾	0	
gan	強	0	
gan	𢠥	0	
gan	𢢈	0	
gang	強	0	
ganh	䃄	0	
ganh	瀛	0	
gao	哠	0	
gao	嗃	0	
gao	嚎	0	
gau	浗	0	
gau	脙	0	
gau	笱	0	
gau	篙	0	
gau	𣠘	0	
ga	妸	0	
ga	呵	0	
ga	架	0	
ga	嫁	0	
gac	各	0	
gac	阁	0	
gac	挌	0	
gac	搁	0	
gac	閣	0	
gac	閤	0	
gac	擱	0	
gac	櫊	0	
gac	𨆿	0	
gai	丐	0	
gai	𡛔	0	
gan	㨴	0	
gan	擀	0	
gan	檊	0	
ganh	挭	0	
ganh	梗	0	
gao	吿	0	
gao	𫧂	0	
gao	梏	0	
gao	𤭚	0	
gao	𣂋	0	
gao	𪢡	0	
gay	丐	0	
gay	𠰁	0	
gay	嘅	0	
gay	摡	0	
gay	𩬆	0	
gay	𬛑	0	
gay	𦢾	0	
gay	𩯂	0	
gay	𩺺	0	
gan	荕	0	
gan	筋	0	
gau	𠯜	0	
gau	呴	0	
gay	㧡	0	
gay	垓	0	
gay	咳	0	
gay	掑	0	
gay	𢲧	0	
gay	𧻭	0	
gay	𨠳	0	
gay	𦟍	0	
gay	磋	0	
gay	𨡨	0	
gay	𨢟	0	
gay	𫾑	0	
gay	𥶂	0	
ga	何	0	
ga	𡥚	0	
ga	奇	0	
ga	妸	0	
ga	哿	0	
ga	𪟡	0	
ga	𤯱	0	
ga	𠏠	0	
ga	𭓊	0	
gai	改	0	
gai	𢭮	0	
gai	掑	0	
gai	𫼿	0	
gai	摡	0	
gay	技	0	
gay	折	0	
gay	改	0	
gay	𢭮	0	
gay	𪮣	0	
gay	𢴛	0	
gi	之	0	
gi	夷	0	
gi	咦	0	
gin	吲	0	
gin	廛	0	
gin	𡃚	0	
gi	挗	0	
go	孤	0	
go	坵	0	
go	𡍢	0	
go	𦁿	0	
go	塸	0	
go	㩴	0	
gon	棍	0	
gong	扛	0	
goc	角	0	
goc	谷	0	
goc	𣃺	0	
goc	𫈅	0	
goc	㭲	0	
goc	𣍂	0	
goc	𧣳	0	
goc	𬢗	0	
goi	绘	0	
goi	𪭯	0	
goi	𫋻	0	
goi	絵	0	
goi	𢶒	0	
goi	襘	0	
goi	繪	0	
gop	合	0	
gop	给	0	
gop	給	0	
gop	𢵰	0	
got	嗗	0	
got	𨃴	0	
got	𬛟	0	
go	𦁿	0	
go	𪂯	0	
goi	𡼾	0	
gom	搛	0	
gong	杠	0	
go	𢫈	0	
go	𢮭	0	
go	楛	0	
go	𢱗	0	
go	𦩛	0	
go	𧑁	0	
gu	虬	0	
gu	俱	0	
gu	鸲	0	
gu	㖵	0	
gu	鴝	0	
gu	臞	0	
gu	𡆚	0	
gui	其	0	
gui	蒉	0	
gui	蕢	0	
gui	𥯜	0	
gui	簣	0	
gun	扲	0	
gung	贡	0	
gung	穷	0	
gung	𠴛	0	
gung	貢	0	
gung	窮	0	
gung	𡃕	0	
gua	𤺮	0	
gung	貢	0	
gung	𠗸	0	
gut	骨	0	
gut	縎	0	
gam	钅	0	
gam	针	0	
gam	金	0	
gam	釒	0	
gam	針	0	
gam	鍼	0	
gang	矜	0	
gui	柜	0	
gui	哙	0	
gui	𫠴	0	
gui	噲	0	
gui	櫃	0	
guom	剑	0	
guom	劍	0	
guom	鎌	0	
guong	強	0	
guong	葁	0	
guong	鉴	0	
guong	𠻁	0	
guong	𦎛	0	
guong	镜	0	
guong	鍳	0	
guong	鏡	0	
guong	鑒	0	
guong	鑑	0	
guom	睒	0	
guom	䁠	0	
guom	𥋼	0	
guom	睒	0	
guom	𥊗	0	
guom	𨇓	0	
guong	強	0	
guong	强	0	
guong	𠼢	0	
guong	摾	0	
ga	妸	0	
ga	𠶄	0	
gac	各	0	
gac	挌	0	
gac	觡	0	
gac	𫜍	0	
gach	划	0	
gach	坧	0	
gach	砖	0	
gach	劃	0	
gach	𤮄	0	
gach	劇	0	
gach	甎	0	
gach	𡑞	0	
gach	磚	0	
gach	𤮘	0	
gach	壢	0	
gach	𥗌	0	
gach	𥗩	0	
gach	𥗳	0	
gai	𥒅	0	
gan	伴	0	
gan	𣴓	0	
gan	𠲟	0	
gan	𢭬	0	
gan	𣵲	0	
gan	𫪿	0	
gao	杲	0	
gao	㫧	0	
gao	𥺊	0	
gao	槹	0	
gao	𬖰	0	
gao	檤	0	
gao	檰	0	
gao	𥽌	0	
gat	诘	0	
gat	拔	0	
gat	拮	0	
gat	詰	0	
gay	𢭮	0	
ga	妸	0	
ga	哿	0	
ga	婍	0	
ga	嫁	0	
gang	𪻈	0	
gap	吸	0	
gay	技	0	
gay	改	0	
gay	𢭮	0	
gac	葛	0	
gac	棘	0	
gam	锦	0	
gam	錦	0	
gam	𬬃	0	
gap	及	0	
gap	扱	0	
gap	急	0	
gap	𥄫	0	
gap	𠍭	0	
gau	𤠰	0	
gau	𦵷	0	
gau	褠	0	
gay	𠰁	0	
gay	嘅	0	
gam	吟	0	
gam	呤	0	
gam	唅	0	
gam	㖗	0	
gam	𪡆	0	
gam	噙	0	
gam	蠄	0	
gan	斤	0	
gan	𫶾	0	
gan	近	0	
gan	𧵆	0	
gau	勾	0	
gau	𫲢	0	
gau	𥬉	0	
gau	浗	0	
gau	脙	0	
gau	槁	0	
gau	篙	0	
gau	𥴚	0	
gay	𤷍	0	
gay	𫈺	0	
gay	𤻓	0	
gay	𤼞	0	
gay	折	0	
gay	𢭮	0	
gam	吟	0	
gam	唫	0	
gam	𬑛	0	
gam	噤	0	
gam	𡄎	0	
gau	㗕	0	
gay	𢭮	0	
gam	汵	0	
gam	埁	0	
gam	𡄎	0	
gap	及	0	
gap	岌	0	
gap	岋	0	
gap	趿	0	
gat	乞	0	
gat	𡴯	0	
gat	讫	0	
gat	扢	0	
gat	屹	0	
gat	𪨣	0	
gat	各	0	
gat	𪜒	0	
gat	拮	0	
gat	咭	0	
gat	訖	0	
gat	𦛋	0	
gat	掘	0	
gat	颉	0	
gat	𩠓	0	
gat	頡	0	
gay	忌	0	
gay	𢭮	0	
gay	梞	0	
gay	𧋷	0	
gam	吟	0	
gam	锦	0	
gam	錦	0	
gam	𥋴	0	
gan	坚	0	
gan	哏	0	
gan	拫	0	
gan	𠴍	0	
gan	堅	0	
gan	𠦯	0	
gang	亙	0	
gang	𪟙	0	
gang	𠡚	0	
gang	哏	0	
gang	強	0	
gap	扱	0	
gap	𢰽	0	
gat	刻	0	
gat	咭	0	
gat	噶	0	
gam	吟	0	
gam	䁠	0	
gan	近	0	
gan	垠	0	
gan	𧵆	0	
gan	𠼹	0	
gap	及	0	
gap	吸	0	
gam	钅	0	
gam	吟	0	
gam	金	0	
gam	釒	0	
gam	啃	0	
gam	唫	0	
gam	噤	0	
gam	𡄎	0	
gam	𡅧	0	
gan	近	0	
gang	𠶌	0	
gap	及	0	
gap	吸	0	
gap	汲	0	
gap	扱	0	
gap	﨤	0	
gap	𠳖	0	
gap	趿	0	
gat	𥝎	0	
gat	拮	0	
gat	秸	0	
gat	割	0	
gat	䣷	0	
gat	𠟸	0	
gat	𥢫	0	
genh	京	0	
genh	𡌿	0	
genh	𡹞	0	
gi	已	0	
git	绎	0	
git	繹	0	
goi	侩	0	
goi	哙	0	
goi	儈	0	
goi	噲	0	
gon	论	0	
gon	衮	0	
gon	混	0	
gon	袞	0	
gon	論	0	
gon	𭫊	0	
gong	共	0	
got	𠚯	0	
got	𤮾	0	
got	𠞡	0	
got	搰	0	
got	𨪷	0	
goi	回	0	
goi	会	0	
goi	哙	0	
goi	脍	0	
goi	會	0	
goi	鲙	0	
goi	噲	0	
goi	𫙛	0	
goi	𩷆	0	
goi	膾	0	
goi	鱠	0	
gong	贡	0	
gong	貢	0	
goc	梏	0	
goc	㭲	0	
goc	楃	0	
goi	𪭯	0	
goi	桧	0	
goi	𫋻	0	
goi	絵	0	
goi	𢶒	0	
goi	檜	0	
goi	襘	0	
goi	𨆝	0	
gom	𡑲	0	
got	𫵢	0	
go	𥐰	0	
go	㮧	0	
go	𥕥	0	
goi	𧀐	0	
gom	𠔮	0	
gom	歉	0	
gom	𪞍	0	
gom	𠁝	0	
gom	𡗄	0	
gom	𫡂	0	
gom	𠁟	0	
gom	𫡁	0	
gong	工	0	
gong	扛	0	
gom	锦	0	
gom	錦	0	
go	具	0	
go	枯	0	
go	楛	0	
go	椇	0	
go	㮧	0	
goc	梮	0	
goc	㭲	0	
goi	浍	0	
goi	澮	0	
gop	合	0	
gop	𠄦	0	
got	滑	0	
gom	剑	0	
gom	感	0	
gom	劍	0	
gom	憾	0	
gom	𡃍	0	
gom	𢢬	0	
go	𪡽	0	
go	𢤫	0	
goi	改	0	
goi	𢭮	0	
go	𫡛	0	
go	𨔉	0	
go	𫑀	0	
go	𢷣	0	
go	攑	0	
go	𡱶	0	
go	据	0	
go	據	0	
goi	𢭮	0	
goi	𢴖	0	
goi	㨳	0	
gon	湎	0	
gon	𭰫	0	
got	诘	0	
got	詰	0	
gu	椇	0	
gu	槁	0	
gu	𦩛	0	
gu	𣛡	0	
guc	局	0	
guc	𩠧	0	
gui	浍	0	
gui	澮	0	
gung	共	0	
gut	掘	0	
gu	㖵	0	
gua	渠	0	
gun	𪤷	0	
gun	𢁯	0	
gung	羌	0	
gung	姜	0	
gung	𦹱	0	
gung	薑	0	
gung	𤃥	0	
gui	改	0	
gui	𠳚	0	
gui	𢭮	0	
gui	𦰦	0	
gui	寄	0	
gui	㗇	0	
gui	㨳	0	
gui	𫏍	0	
ha	诃	0	
ha	何	0	
ha	呵	0	
ha	哬	0	
ha	訶	0	
hai	台	0	
hai	𠄩	0	
hai	咍	0	
hai	𪱜	0	
hai	胎	0	
ham	函	0	
ham	蚶	0	
ham	酣	0	
ham	歆	0	
ham	颔	0	
ham	嗿	0	
ham	頷	0	
ham	𢣇	0	
ham	噷	0	
han	叹	0	
han	汉	0	
han	轩	0	
han	軒	0	
han	𪡗	0	
han	𠻃	0	
han	漢	0	
han	嘆	0	
han	鼾	0	
han	𨫪	0	
han	𧄊	0	
hang	缸	0	
hang	﨏	0	
hang	𪬏	0	
hang	𡎟	0	
hang	𥧎	0	
hang	𪨝	0	
hang	𧯅	0	
hang	𧯄	0	
hanh	亨	0	
hanh	哼	0	
hanh	脝	0	
hanh	㨘	0	
hanh	擤	0	
hanh	馨	0	
hao	灲	0	
hao	哮	0	
hao	耗	0	
hao	虓	0	
hao	𪡱	0	
hao	滈	0	
hao	嚆	0	
hau	耗	0	
hau	嚆	0	
hay	𫧇	0	
hay	台	0	
hay	咍	0	
hay	𫨩	0	
hay	能	0	
hay	𣕘	0	
haang	响	0	
he	希	0	
he	唏	0	
he	𢬾	0	
he	䖷	0	
he	熙	0	
he	𡁱	0	
he	鯑	0	
hem	嫌	0	
hem	㾾	0	
hem	𫅸	0	
hen	叹	0	
hen	轩	0	
hen	軒	0	
hen	𠻃	0	
hen	嘆	0	
hen	𤹖	0	
hen	𨪚	0	
heng	𬠇	0	
heo	嚣	0	
heo	囂	0	
heo	㺧	0	
hi	希	0	
hi	牺	0	
hi	唏	0	
hi	浠	0	
hi	欷	0	
hi	晞	0	
hi	稀	0	
hi	䖷	0	
hi	僖	0	
hi	熙	0	
hi	嬉	0	
hi	嘻	0	
hi	熹	0	
hi	戲	0	
hi	𦏁	0	
hi	𣌀	0	
hi	犧	0	
hi	嚱	0	
hi	䂀	0	
hia	𩊽	0	
hia	鞵	0	
him	𥇶	0	
him	𥋵	0	
hinh	馨	0	
hiu	休	0	
hiu	咻	0	
hiu	嚣	0	
hiu	囂	0	
hiem	莶	0	
hiem	薟	0	
hien	轩	0	
hien	顸	0	
hien	莶	0	
hien	軒	0	
hien	掀	0	
hien	萱	0	
hien	頇	0	
hien	蜆	0	
hien	锨	0	
hien	薟	0	
hien	鍁	0	
hieu	哓	0	
hieu	枵	0	
hieu	痚	0	
hieu	嘵	0	
hieu	嚣	0	
hieu	囂	0	
hiem	险	0	
hiem	俭	0	
hiem	險	0	
hiem	儉	0	
hien	宪	0	
hien	哯	0	
hien	献	0	
hien	憲	0	
hien	獻	0	
hieng	䁐	0	
hieng	𥌷	0	
hiep	胁	0	
hiep	協	0	
hiep	脇	0	
hiep	脅	0	
hiep	鐷	0	
hiet	歇	0	
hieu	好	0	
hieu	孝	0	
hieu	傳	0	
hiem	嫌	0	
hien	贤	0	
hien	䝨	0	
hien	賢	0	
hien	㘋	0	
hieu	枵	0	
hiem	险	0	
hiem	險	0	
hien	显	0	
hien	顕	0	
hien	䘆	0	
hien	顯	0	
hieu	晓	0	
hieu	曉	0	
hiem	贍	0	
hien	见	0	
hien	苋	0	
hien	見	0	
hien	现	0	
hien	莧	0	
hien	哯	0	
hien	蚬	0	
hien	現	0	
hien	蜆	0	
hien	㦓	0	
hiep	协	0	
hiep	協	0	
hiep	侠	0	
hiep	拹	0	
hiep	柙	0	
hiep	挟	0	
hiep	峡	0	
hiep	狭	0	
hiep	俠	0	
hiep	洽	0	
hiep	峽	0	
hiep	挾	0	
hiep	狹	0	
hiep	陿	0	
hiet	页	0	
hiet	頁	0	
hiet	籺	0	
hiet	颉	0	
hiet	頡	0	
hiet	撷	0	
hiet	黠	0	
hiet	擷	0	
hiet	纈	0	
hieu	号	0	
hieu	効	0	
hieu	哠	0	
hieu	校	0	
hieu	效	0	
hieu	皎	0	
hieu	皓	0	
hieu	傚	0	
hieu	號	0	
hieu	斅	0	
ho	呼	0	
ho	𤵡	0	
ho	𫚶	0	
hoa	化	0	
hoa	划	0	
hoa	华	0	
hoa	花	0	
hoa	找	0	
hoa	骅	0	
hoa	哗	0	
hoa	華	0	
hoa	桦	0	
hoa	铧	0	
hoa	𢯘	0	
hoa	葩	0	
hoa	嘩	0	
hoa	傳	0	
hoa	樺	0	
hoa	劃	0	
hoa	譁	0	
hoa	鏵	0	
hoa	驊	0	
hoai	坏	0	
hoai	𪢖	0	
hoai	壞	0	
hoai	𡅯	0	
hoan	欢	0	
hoan	歓	0	
hoan	獾	0	
hoan	懽	0	
hoan	歡	0	
hoan	讙	0	
hoan	貛	0	
hoan	驩	0	
hoang	肓	0	
hoang	荒	0	
hoang	塃	0	
hoang	慌	0	
hoang	䐠	0	
hoang	謊	0	
hoanh	轟	0	
hoay	挥	0	
hoay	畏	0	
hoay	渨	0	
hoay	揮	0	
hoe	晖	0	
hoe	槐	0	
hoe	暉	0	
hoen	欢	0	
hoen	欣	0	
hoen	𤸧	0	
hoen	𤸫	0	
hoen	歡	0	
hoi	灰	0	
hoi	回	0	
hoi	𤞑	0	
hoi	咴	0	
hoi	脄	0	
hoi	𦤠	0	
hom	愔	0	
hom	𪵦	0	
hom	歆	0	
hom	𩩿	0	
hom	𤻐	0	
hom	𥵗	0	
hom	𨮈	0	
hom	𫘃	0	
hon	昏	0	
hon	焝	0	
hon	燉	0	
hong	洪	0	
hong	烘	0	
hong	𤈤	0	
hong	𣈞	0	
hoa	禾	0	
hoa	花	0	
hoa	和	0	
hoa	龢	0	
hoai	怀	0	
hoai	𢙇	0	
hoai	淮	0	
hoai	懷	0	
hoan	丸	0	
hoan	芄	0	
hoan	纨	0	
hoan	汍	0	
hoan	完	0	
hoan	还	0	
hoan	环	0	
hoan	紈	0	
hoan	桓	0	
hoan	脘	0	
hoan	烷	0	
hoan	鲩	0	
hoan	寰	0	
hoan	還	0	
hoan	環	0	
hoan	鹮	0	
hoan	鯇	0	
hoan	鯶	0	
hoan	鬟	0	
hoan	䴉	0	
hoang	皇	0	
hoang	隍	0	
hoang	黄	0	
hoang	凰	0	
hoang	喤	0	
hoang	黃	0	
hoang	惶	0	
hoang	堭	0	
hoang	徨	0	
hoang	遑	0	
hoang	煌	0	
hoang	潢	0	
hoang	蝗	0	
hoang	篁	0	
hoang	磺	0	
hoang	癀	0	
hoang	簧	0	
hoang	鳇	0	
hoang	𨱑	0	
hoang	蟥	0	
hoang	鐄	0	
hoang	鰉	0	
hoanh	竑	0	
hoanh	珩	0	
hoanh	鸻	0	
hoanh	横	0	
hoanh	衡	0	
hoanh	鴴	0	
hoanh	蘅	0	
hoanh	鑅	0	
hoa	化	0	
hoa	货	0	
hoa	貨	0	
hoac	霍	0	
hoac	壑	0	
hoan	奂	0	
hoan	奐	0	
hoan	换	0	
hoan	浣	0	
hoan	涣	0	
hoan	唤	0	
hoan	焕	0	
hoan	逭	0	
hoan	換	0	
hoan	痪	0	
hoan	喚	0	
hoan	渙	0	
hoan	缓	0	
hoan	煥	0	
hoan	瘓	0	
hoan	緩	0	
hoan	澣	0	
hoang	晄	0	
hoat	眓	0	
hoat	豁	0	
hoay	畏	0	
hoay	渨	0	
hoa	踝	0	
hoan	缓	0	
hoan	暖	0	
hoan	緩	0	
hoang	宏	0	
hoe	槐	0	
hoe	吪	0	
hoet	穴	0	
hoet	血	0	
hoet	𠲣	0	
hoan	㬻	0	
hoang	荒	0	
hoang	薨	0	
hoa	𥘑	0	
hoa	和	0	
hoa	画	0	
hoa	祸	0	
hoa	畫	0	
hoa	𪽗	0	
hoa	禍	0	
hoa	觟	0	
hoa	夥	0	
hoa	𤲿	0	
hoach	划	0	
hoach	画	0	
hoach	捇	0	
hoach	畫	0	
hoach	劃	0	
hoach	㩇	0	
hoach	獲	0	
hoach	嚄	0	
hoach	擭	0	
hoach	穫	0	
hoach	镬	0	
hoach	𥽍	0	
hoach	鑊	0	
hoai	坏	0	
hoai	壞	0	
hoan	宦	0	
hoan	患	0	
hoan	豢	0	
hoan	𭓡	0	
hoang	妄	0	
hoang	恍	0	
hoanh	横	0	
hoat	活	0	
hoat	搰	0	
hoat	滑	0	
hoa	一	0	
hoa	灬	0	
hoa	火	0	
hoa	钬	0	
hoa	鈥	0	
hoa	夥	0	
hoa2	灬	0	
hoai	坏	0	
hoai	壞	0	
hoang	怳	0	
hoang	恍	0	
hoang	晄	0	
hoang	晃	0	
hoang	慌	0	
hoang	㨪	0	
hoang	幌	0	
hoanh	怳	0	
hoanh	𣹔	0	
hoac	或	0	
hoac	霍	0	
hoac	攉	0	
hoac	藿	0	
hoam	陷	0	
hoam	𬔒	0	
hoam	𥩇	0	
hoat	𠟥	0	
hoat	𨨅	0	
hoan	𡮗	0	
hoang	弘	0	
hoang	泓	0	
hoan	𦞔	0	
hoan	䐠	0	
hoang	𤠤	0	
hoang	麂	0	
hoang	䴟	0	
hoang	𬹀	0	
hoang	麞	0	
hoac	或	0	
hoac	惑	0	
hoe	𠽡	0	
hoe	𡁜	0	
hoet	穴	0	
hoet	𠱇	0	
hoen	幻	0	
hoen	𠲣	0	
hoen	𡮄	0	
hu	吁	0	
hu	纡	0	
hu	旴	0	
hu	㽳	0	
hu	紆	0	
hu	昫	0	
hu	冔	0	
hu	𠳲	0	
hu	樗	0	
hu	籲	0	
hua	𫗶	0	
hui	灰	0	
hum	𥮈	0	
hum	歆	0	
hum	𥵗	0	
hun	焝	0	
hun	魂	0	
hun	熏	0	
hun	燻	0	
hung	凶	0	
hung	匈	0	
hung	讻	0	
hung	㐫	0	
hung	兇	0	
hung	恟	0	
hung	胷	0	
hung	胸	0	
hung	訩	0	
hung	詾	0	
huy	㧑	0	
huy	挥	0	
huy	晖	0	
huy	眭	0	
huy	辉	0	
huy	揮	0	
huy	煇	0	
huy	暉	0	
huy	撝	0	
huy	輝	0	
huy	噅	0	
huy	𧗼	0	
huy	麾	0	
huy	徽	0	
huy	𮥠	0	
huynh	兄	0	
huyen	玄	0	
huyen	泫	0	
huyen	埙	0	
huyen	谖	0	
huyen	喧	0	
huyen	渲	0	
huyen	萱	0	
huyen	煊	0	
huyen	塤	0	
huyen	暄	0	
huyen	諠	0	
huyen	諼	0	
huyen	蘐	0	
huyen	玄	0	
huyen	绚	0	
huyen	絢	0	
huyet	血	0	
huyet	眓	0	
huyen	玄	0	
huyen	县	0	
huyen	弦	0	
huyen	痃	0	
huyen	悬	0	
huyen	絃	0	
huyen	舷	0	
huyen	縣	0	
huyen	懸	0	
huyen	幻	0	
huyen	炫	0	
huyen	眩	0	
huyen	烜	0	
huyen	晅	0	
huyen	铉	0	
huyen	衒	0	
huyen	楥	0	
huyen	楦	0	
huyen	鉉	0	
huyen	县	0	
huyen	縣	0	
huyet	穴	0	
huan	荤	0	
huan	勋	0	
huan	埙	0	
huan	勛	0	
huan	葷	0	
huan	熏	0	
huan	𦞢	0	
huan	勳	0	
huan	薰	0	
huan	壎	0	
huan	曛	0	
huan	燻	0	
huan	醺	0	
hue	花	0	
huenh	𨋌	0	
huenh	轟	0	
huy	讳	0	
huy	伵	0	
huy	諱	0	
huych	鬩	0	
huynh	迥	0	
huyt	𠲣	0	
huyt	𬕫	0	
huo	挥	0	
huo	𢯘	0	
huo	揮	0	
huoi	揮	0	
huan	训	0	
huan	訓	0	
huan	𡮗	0	
hue	化	0	
huech	扩	0	
huech	擴	0	
huenh	呪	0	
huenh	迥	0	
hue	和	0	
hue	畦	0	
hue	携	0	
hue	𢹂	0	
hue	攜	0	
hue	恚	0	
hue	惠	0	
hue	慱	0	
hue	僡	0	
hue	憓	0	
hue	蕙	0	
hue	慧	0	
hue	蟪	0	
huong	况	0	
huong	況	0	
huong	贶	0	
huong	貺	0	
huynh	兄	0	
huynh	𫇦	0	
huynh	荧	0	
huynh	萤	0	
huynh	黄	0	
huynh	黃	0	
huynh	熒	0	
huynh	螢	0	
huych	鬩	0	
huy	𠦄	0	
huy	虺	0	
huy	毀	0	
huy	𤌋	0	
huy	燬	0	
huy	䃣	0	
huy	譭	0	
hy	希	0	
hy	熙	0	
ha	何	0	
ha	河	0	
ha	苛	0	
ha	呵	0	
ha	虾	0	
ha	荷	0	
ha	哬	0	
ha	蚵	0	
ha	菏	0	
ha	瑕	0	
ha	蝦	0	
ha	蝴	0	
ha	霞	0	
hai	孩	0	
hai	谐	0	
hai	𠹛	0	
hai	骸	0	
hai	鞋	0	
hai	諧	0	
hai	鞵	0	
ham	含	0	
ham	函	0	
ham	炶	0	
ham	咸	0	
ham	唅	0	
ham	圅	0	
ham	涵	0	
ham	梒	0	
ham	𦛜	0	
ham	衔	0	
ham	𥆡	0	
ham	啣	0	
ham	㮀	0	
ham	酣	0	
ham	嗛	0	
ham	颔	0	
ham	銜	0	
ham	憨	0	
ham	𥻧	0	
ham	頷	0	
ham	𬺍	0	
ham	鹹	0	
ham	𧂄	0	
han	焊	0	
han	釬	0	
han	寒	0	
han	韩	0	
han	𬭍	0	
han	蔊	0	
han	憪	0	
han	㩃	0	
han	銲	0	
han	翰	0	
han	韓	0	
hang	行	0	
hang	吭	0	
hang	沆	0	
hang	杭	0	
hang	降	0	
hang	绗	0	
hang	姮	0	
hang	𠲓	0	
hang	航	0	
hang	桁	0	
hang	䟘	0	
hang	絎	0	
hang	頏	0	
hanh	行	0	
hanh	茎	0	
hanh	荇	0	
hanh	珩	0	
hanh	莖	0	
hanh	桁	0	
hanh	莕	0	
hanh	衡	0	
hao	爻	0	
hao	号	0	
hao	肴	0	
hao	蚝	0	
hao	毫	0	
hao	淆	0	
hao	殽	0	
hao	號	0	
hao	嗥	0	
hao	豪	0	
hao	𣉶	0	
hao	嘷	0	
hao	餚	0	
hao	𡀱	0	
hao	嚎	0	
hao	濠	0	
hao	壕	0	
hao	蠔	0	
hau	䗔	0	
hau	蠔	0	
ha	𬁶	0	
ha	呵	0	
ha	𪫧	0	
ha	𠹛	0	
ha	暇	0	
ha	𧯶	0	
hac	郝	0	
hac	嗃	0	
hac	壑	0	
hac	𫫽	0	
hach	吓	0	
hach	㖪	0	
hach	赫	0	
hach	罅	0	
hach	嚇	0	
hai	挴	0	
hai	採	0	
hai	𢲨	0	
hai	𦷫	0	
hai	𨨫	0	
ham	噉	0	
ham	𠽏	0	
ham	憨	0	
ham	憾	0	
ham	撼	0	
ham	瞰	0	
ham	闞	0	
ham	矙	0	
han	厂	0	
han	汉	0	
han	漢	0	
hang	汉	0	
hang	项	0	
hang	𫷇	0	
hang	𪩵	0	
hang	項	0	
hang	漢	0	
hao	好	0	
hao	𣉶	0	
hap	匣	0	
hap	柙	0	
hat	咭	0	
hat	欱	0	
hat	喝	0	
hat	渴	0	
hat	𠺴	0	
hat	𠿒	0	
hau	好	0	
hay	唉	0	
hay	𥉪	0	
ham	喑	0	
ham	𤋾	0	
ham	歆	0	
ham	噷	0	
ham	𤐚	0	
ham	鑫	0	
han	忻	0	
han	忺	0	
han	欣	0	
han	杴	0	
han	惞	0	
han	訢	0	
han	焮	0	
han	𣔙	0	
han	锨	0	
han	𪾯	0	
han	㯊	0	
han	鍁	0	
hau	𬷎	0	
hau	𪁆	0	
hau	𪃱	0	
hau	䳧	0	
hay	希	0	
hay	咍	0	
hay	俙	0	
hay	𪹎	0	
hay	𤍃	0	
hay	熙	0	
hay	熹	0	
hai	㤥	0	
hai	骇	0	
hai	害	0	
hai	駭	0	
ham	陷	0	
ham	馅	0	
ham	㨔	0	
ham	餡	0	
ham	撼	0	
ham	𦡶	0	
ham	𧂄	0	
han	汗	0	
han	罕	0	
han	猂	0	
han	悍	0	
han	捍	0	
han	熯	0	
han	闞	0	
hang	行	0	
hang	桁	0	
hanh	倖	0	
hanh	悻	0	
hanh	撔	0	
hao	好	0	
hao	𠲡	0	
hao	皞	0	
hao	皥	0	
hay	矣	0	
hay	骇	0	
hay	咳	0	
hay	涘	0	
hay	唉	0	
hay	駭	0	
he	𢇱	0	
he	复	0	
he	唏	0	
he	夏	0	
he	厦	0	
he	𡏘	0	
he	廈	0	
he	𡏛	0	
he	複	0	
he	𡕵	0	
he	𡐯	0	
hem	嫌	0	
hem	槏	0	
hem	𥻧	0	
hem	𥽎	0	
hen	闲	0	
hen	䝨	0	
hen	閑	0	
hen	𠍦	0	
hen	𪬡	0	
hen	賢	0	
hen	𡮷	0	
hen	𢤞	0	
hen	𡮺	0	
hen	𫎤	0	
heo	枵	0	
heo	𣜵	0	
he	戏	0	
he	𬮶	0	
he	戲	0	
heo	孝	0	
heo	㭳	0	
heo	𤉗	0	
heo	痚	0	
het	喝	0	
het	歇	0	
het	𠿒	0	
he	希	0	
he	唏	0	
hen	轩	0	
hen	軒	0	
hen	𢟑	0	
hen	興	0	
henh	馨	0	
heu	嚣	0	
heu	囂	0	
hi	唏	0	
hi	稀	0	
hi	嘻	0	
hinh	刑	0	
hinh	形	0	
hinh	型	0	
hi	戏	0	
hi	屃	0	
hi	咥	0	
hi	屓	0	
hi	唏	0	
hi	嘻	0	
hi	曁	0	
hi	戲	0	
hi	屭	0	
hich	觋	0	
hich	覡	0	
hich	赫	0	
hip	协	0	
hip	協	0	
hip	㾑	0	
hit	喝	0	
hit	歇	0	
hit	𪗀	0	
ho	呼	0	
ho	胡	0	
ho	㗅	0	
ho	𧛞	0	
hoi	囘	0	
hoi	回	0	
hoi	𤞑	0	
hoi	㹯	0	
hoi	徊	0	
hoi	潰	0	
hom	函	0	
hom	梒	0	
hom	㮀	0	
hon	丸	0	
hon	𡉕	0	
hon	块	0	
hon	𣏒	0	
hon	塊	0	
hon	𪢰	0	
hong	哄	0	
hong	洪	0	
hong	烘	0	
hong	䀧	0	
hong	啌	0	
hong	𢞃	0	
hong	𢝳	0	
hong	𪡥	0	
hong	𠸣	0	
hong	𫱏	0	
ho	嘑	0	
hoc	旭	0	
hoc	郁	0	
hoc	斛	0	
hoc	𬲑	0	
hoc	𫘲	0	
hoi	洄	0	
hoi	浍	0	
hoi	晦	0	
hoi	溃	0	
hoi	潰	0	
hoi	澮	0	
hom	陷	0	
hom	憨	0	
hom	憾	0	
hong	𤆺	0	
hong	烘	0	
hong	𠺱	0	
hong	𥈰	0	
hop	哈	0	
hop	答	0	
hot	忽	0	
hot	㧾	0	
hot	唿	0	
hot	𡁾	0	
ho	戏	0	
ho	岵	0	
ho	呼	0	
ho	恗	0	
ho	虖	0	
ho	㗅	0	
ho	瑚	0	
ho	㦆	0	
ho	嘑	0	
ho	㙤	0	
ho	戱	0	
ho	戲	0	
ho	謼	0	
hoi	灰	0	
hoi	荤	0	
hoi	洃	0	
hoi	咴	0	
hoi	豗	0	
hoi	脄	0	
hoi	葷	0	
hoi	喂	0	
hoi	𦤠	0	
hom	暗	0	
hom	歆	0	
hom	𣋚	0	
hon	昏	0	
hon	㖧	0	
hon	惛	0	
hon	阍	0	
hon	婚	0	
hon	焝	0	
hon	𧍎	0	
hon	閽	0	
hong	凶	0	
hong	㐫	0	
hong	烘	0	
hong	胷	0	
hong	胸	0	
hong	𤈤	0	
hong	𡏠	0	
hong	𤭶	0	
hom	陷	0	
hu	吁	0	
hu	旴	0	
hua	扶	0	
hua	𠇼	0	
hua	和	0	
hua	抶	0	
hua	谀	0	
hua	諛	0	
hui	𢌞	0	
hui	廻	0	
hui	悔	0	
hum	𤞻	0	
hum	𧳘	0	
hun	魂	0	
hun	𡄬	0	
hung	官	0	
hung	婎	0	
hung	雄	0	
hung	䧺	0	
hung	熊	0	
hu	呴	0	
hu	呼	0	
hu	酗	0	
hu	煦	0	
hu	㦆	0	
hu	嘘	0	
hu	嘑	0	
hu	觳	0	
huc	旭	0	
huc	拗	0	
huc	诲	0	
huc	𪺬	0	
huc	顼	0	
huc	彧	0	
huc	勖	0	
huc	朂	0	
huc	触	0	
huc	頊	0	
huc	誨	0	
huc	觸	0	
hui	𠜮	0	
hui	诲	0	
hui	悔	0	
hui	誨	0	
hum	憨	0	
hun	𡂃	0	
hung	汹	0	
hung	𦭪	0	
hung	洶	0	
hung	酗	0	
hung	𠺱	0	
hung	𩷇	0	
hup	吸	0	
hup	𠾀	0	
hut	吸	0	
hut	忽	0	
hut	呴	0	
hut	唿	0	
huy	諱	0	
ham	唅	0	
ham	菡	0	
ham	喑	0	
ham	歆	0	
ham	𢣇	0	
ham	噷	0	
han	𬢀	0	
hang	行	0	
hang	興	0	
hang	𢣇	0	
hang	𡁝	0	
hang	𤑉	0	
hi	矣	0	
hi	唉	0	
him	险	0	
him	險	0	
hinh	胫	0	
hinh	脛	0	
hu	圬	0	
hu	𪺛	0	
hu	壼	0	
hu	𧇍	0	
hu	𤮒	0	
ho	浠	0	
ho	虚	0	
ho	𪹣	0	
ho	𤏤	0	
hoi	有	0	
hoi	希	0	
hoi	矣	0	
hoi	唏	0	
hoi	唉	0	
hoi	𣱬	0	
hon	欣	0	
hu	虚	0	
hu	虛	0	
hu	欻	0	
hu	墟	0	
hu	嘘	0	
hu	𨼋	0	
hu	歔	0	
hua	虚	0	
hung	兴	0	
hung	㒷	0	
hung	興	0	
huu	休	0	
huu	㹯	0	
huu	咻	0	
huu	庥	0	
huu	鸺	0	
huu	貅	0	
huu	鵂	0	
huoi	挥	0	
huoi	揮	0	
huom	焓	0	
huong	乡	0	
huong	香	0	
huong	鄉	0	
huong	鄕	0	
huou	休	0	
huou	㹯	0	
huou	貅	0	
huou	㺧	0	
huoc	谑	0	
huoc	謔	0	
huong	向	0	
huong	饷	0	
huong	餉	0	
huong	嚮	0	
huong	響	0	
huong	饟	0	
huom	𡌢	0	
huom	𫼹	0	
huom	焓	0	
huong	红	0	
huong	紅	0	
huong	𧹰	0	
huong	享	0	
huong	响	0	
huong	飨	0	
huong	萫	0	
huong	響	0	
huong	饗	0	
huom	𧳘	0	
ha	下	0	
ha	贺	0	
ha	复	0	
ha	夏	0	
ha	假	0	
ha	賀	0	
ha	厦	0	
ha	嗄	0	
ha	暇	0	
ha	廈	0	
ha	複	0	
hac	涸	0	
hac	貉	0	
hac	鹤	0	
hac	鶴	0	
hac	䳽	0	
hach	劾	0	
hach	核	0	
hach	覈	0	
hai	㧡	0	
hai	害	0	
ham	𤞻	0	
ham	舰	0	
ham	菡	0	
ham	䚀	0	
ham	颔	0	
ham	槛	0	
ham	頷	0	
ham	㺝	0	
ham	檻	0	
ham	艦	0	
han	旱	0	
han	限	0	
han	釬	0	
han	銲	0	
han	瀚	0	
hang	项	0	
hang	巷	0	
hang	項	0	
hang	𥈿	0	
hanh	行	0	
hanh	杏	0	
hanh	幸	0	
hanh	荇	0	
hanh	倖	0	
hanh	擤	0	
hao	昊	0	
hao	浩	0	
hao	涸	0	
hao	皓	0	
hao	滈	0	
hao	暠	0	
hao	皜	0	
hao	镐	0	
hao	𣎣	0	
hao	鎬	0	
hap	合	0	
hap	匣	0	
hap	狎	0	
hap	匼	0	
hap	呷	0	
hap	盇	0	
hap	盍	0	
hap	峽	0	
hap	盒	0	
hap	閘	0	
hap	嗑	0	
hap	闔	0	
hat	纥	0	
hat	抇	0	
hat	籺	0	
hat	曷	0	
hat	紇	0	
hat	涸	0	
hat	搳	0	
hat	辖	0	
hat	褐	0	
hat	鹖	0	
hat	瞎	0	
hat	蝎	0	
hat	轄	0	
hat	鎋	0	
hat	蠍	0	
hat	鶡	0	
ha	可	0	
ha	𫡲	0	
ha	呵	0	
ha	𪵤	0	
ha	哬	0	
ha	暇	0	
ha	嘑	0	
hai	矣	0	
hai	海	0	
hai	害	0	
hai	烸	0	
hai	醢	0	
ham	喊	0	
hang	项	0	
hang	項	0	
hang	萫	0	
hanh	焞	0	
hanh	擤	0	
hao	好	0	
hay	唉	0	
hay	嘻	0	
hac	吃	0	
ham	噷	0	
ham	𡄏	0	
han	衅	0	
han	釁	0	
hang	秤	0	
hang	称	0	
hang	稱	0	
hang	𢷲	0	
hap	㲸	0	
hap	吸	0	
hap	翕	0	
hap	噏	0	
hap	熻	0	
hap	歙	0	
hat	乞	0	
hat	讫	0	
hat	吃	0	
hat	迄	0	
hat	恄	0	
hat	訖	0	
hat	𤇳	0	
hau	好	0	
hau	垢	0	
hau	鲎	0	
hau	𦵷	0	
hau	𤬈	0	
hau	鱟	0	
hay	海	0	
ham	唅	0	
ham	𡌢	0	
ham	焓	0	
ham	窨	0	
ham	𢣇	0	
ham	𤐚	0	
hau	休	0	
hau	侯	0	
hau	倪	0	
hau	候	0	
hau	喉	0	
hau	𤶿	0	
hau	猴	0	
hau	瘊	0	
hau	篌	0	
hau	䗔	0	
hau	𧓏	0	
hau	蠔	0	
ham	饮	0	
ham	飲	0	
ham	歆	0	
ham	噷	0	
ham	𥼲	0	
han	很	0	
hang	閧	0	
hang	𣋱	0	
hang	𤑉	0	
hau	好	0	
hay	海	0	
hay	𢲨	0	
hay	𤍃	0	
hay	𫗀	0	
hay	𩘫	0	
hau	许	0	
hau	欥	0	
hau	許	0	
hang	项	0	
hang	項	0	
hang	𠾿	0	
ham	槛	0	
ham	噷	0	
ham	檻	0	
han	恨	0	
hat	肸	0	
hau	后	0	
hau	後	0	
hau	侯	0	
hau	厚	0	
hau	候	0	
hau	𤬈	0	
hau	骺	0	
hac	黒	0	
hac	黑	0	
han	汉	0	
han	罕	0	
han	漢	0	
han	𪝳	0	
han	釁	0	
hang	响	0	
hang	𠶁	0	
hang	𡁝	0	
hat	乙	0	
hat	乞	0	
hat	𫤾	0	
hat	忆	0	
hat	𢩧	0	
hat	吃	0	
hat	迄	0	
hat	憶	0	
ham	卸	0	
ham	唅	0	
ham	菡	0	
ham	喑	0	
ham	歆	0	
ham	𫺾	0	
ham	𢣇	0	
ham	𫻈	0	
han	垠	0	
han	拫	0	
han	恨	0	
han	痕	0	
han	𢢈	0	
hang	𫰟	0	
hang	恒	0	
hang	姮	0	
hang	恆	0	
hang	桁	0	
ham	陷	0	
han	罕	0	
han	幸	0	
han	恨	0	
han	𪳨	0	
hang	𠽘	0	
hang	亙	0	
hang	亘	0	
hang	𣆯	0	
hac	劾	0	
he	係	0	
he	𦵠	0	
hem	𡮞	0	
hen	现	0	
hen	限	0	
hen	哏	0	
hen	現	0	
hen	𠻷	0	
hen	𭉑	0	
hep	狭	0	
hep	狹	0	
hep	陿	0	
he	矣	0	
he	喜	0	
hem	险	0	
hem	險	0	
heo	哓	0	
heo	晓	0	
heo	䓔	0	
heo	嘵	0	
heo	曉	0	
heo	𪸊	0	
hech	扢	0	
hech	劾	0	
hen	蚬	0	
hen	蜆	0	
hen	䘆	0	
hen	𧖃	0	
het	尽	0	
het	喝	0	
het	歇	0	
het	盡	0	
het	𣍊	0	
het	𥃞	0	
heu	好	0	
heu	孝	0	
heu	𤽴	0	
he	兮	0	
he	𠯋	0	
he	係	0	
he	奚	0	
he	稀	0	
he	嗘	0	
he	嘻	0	
he	鼷	0	
he	𭛭	0	
henh	形	0	
heu	嚣	0	
heu	囂	0	
he	係	0	
he	盻	0	
hen	显	0	
hen	顯	0	
hen	𡆘	0	
henh	胫	0	
henh	脛	0	
heu	晓	0	
heu	曉	0	
he	𠯋	0	
he	係	0	
he	盻	0	
he	唉	0	
he	匚	0	
he	系	0	
he	係	0	
he	繋	0	
hech	扢	0	
hech	劾	0	
het	页	0	
het	頁	0	
het	颉	0	
het	頡	0	
het	頢	0	
hi	矣	0	
hi	喜	0	
hi	禧	0	
hinh	胫	0	
hinh	脛	0	
hinh	擤	0	
hich	檄	0	
hich	𪄧	0	
ho	戸	0	
ho	戶	0	
ho	户	0	
ho	𣱆	0	
ho	𬇋	0	
ho	𪭘	0	
ho	𢩜	0	
hoc	斈	0	
hoc	学	0	
hoc	斛	0	
hoc	學	0	
hoc	𭓇	0	
hong	𦙥	0	
hong	哄	0	
hong	𠸣	0	
hop	合	0	
hop	哈	0	
hoi	诲	0	
hoi	哙	0	
hoi	𠳨	0	
hoi	𫊹	0	
hoi	誨	0	
hoi	噲	0	
hom	吼	0	
hom	陷	0	
hon	混	0	
hon	𠽞	0	
hong	孔	0	
hong	吼	0	
hong	烘	0	
hong	閧	0	
ho	戽	0	
ho	呼	0	
ho	唬	0	
ho	㙤	0	
ho	諕	0	
ho	𬔑	0	
hoc	谷	0	
hoc	㕰	0	
hoc	𡐗	0	
hoc	嘝	0	
hoc	熇	0	
hoc	𫁚	0	
hoc	齷	0	
hoi	汇	0	
hoi	哕	0	
hoi	诲	0	
hoi	𢙽	0	
hoi	悔	0	
hoi	贿	0	
hoi	晦	0	
hoi	賄	0	
hoi	彙	0	
hoi	滙	0	
hoi	匯	0	
hoi	誨	0	
hoi	擓	0	
hoi	噦	0	
hoi	濊	0	
hong	吼	0	
hong	汞	0	
hong	哄	0	
hong	䀧	0	
hong	閧	0	
hong	䈜	0	
hong	銾	0	
hong	鬨	0	
hot	囫	0	
hot	忽	0	
hot	笏	0	
hot	啒	0	
hot	惚	0	
hot	㧾	0	
hot	唿	0	
hot	嚛	0	
ho	乎	0	
ho	弧	0	
ho	狐	0	
ho	胡	0	
ho	烀	0	
ho	壶	0	
ho	瓠	0	
ho	湖	0	
ho	猢	0	
ho	𫗫	0	
ho	壺	0	
ho	葫	0	
ho	㗅	0	
ho	壼	0	
ho	瑚	0	
ho	煳	0	
ho	𩚩	0	
ho	𧛞	0	
ho	鹕	0	
ho	衚	0	
ho	糊	0	
ho	蝴	0	
ho	醐	0	
ho	餬	0	
ho	鬍	0	
ho	鶘	0	
hoi	灰	0	
hoi	回	0	
hoi	囬	0	
hoi	廻	0	
hoi	迴	0	
hoi	茴	0	
hoi	徊	0	
hoi	洄	0	
hoi	咴	0	
hoi	蚘	0	
hoi	蛔	0	
hoi	鮰	0	
hon	诨	0	
hon	浑	0	
hon	馄	0	
hon	隗	0	
hon	渾	0	
hon	𩲉	0	
hon	𠺌	0	
hon	魂	0	
hon	餛	0	
hon	諢	0	
hon	𭡏	0	
hong	讧	0	
hong	红	0	
hong	紅	0	
hong	洪	0	
hong	虹	0	
hong	烘	0	
hong	訌	0	
hong	鸿	0	
hong	𣖘	0	
hong	鉷	0	
hong	㗢	0	
hong	魟	0	
hong	鴻	0	
ho	互	0	
ho	许	0	
ho	虍	0	
ho	𢗝	0	
ho	虎	0	
ho	𬤀	0	
ho	𢜜	0	
ho	許	0	
ho	唬	0	
ho	琥	0	
ho	䗂	0	
ho	諕	0	
hoi	烸	0	
hoi	晦	0	
hoi	𤍃	0	
hom	歆	0	
hom	𨄽	0	
hon	混	0	
hon	𠽞	0	
hong	孔	0	
hong	吼	0	
hong	𫁎	0	
hong	嗊	0	
hong	閧	0	
hong	䈜	0	
hong	鬨	0	
ho	互	0	
ho	岵	0	
ho	嘏	0	
hon	浑	0	
hon	圂	0	
hon	混	0	
hon	渾	0	
hon	焜	0	
hon	溷	0	
ho	戶	0	
ho	戸	0	
ho	户	0	
ho	冱	0	
ho	护	0	
ho	沪	0	
ho	怙	0	
ho	𧦈	0	
ho	扈	0	
ho	𫈈	0	
ho	楛	0	
ho	滬	0	
ho	𫉚	0	
ho	護	0	
ho	鸌	0	
hoc	斛	0	
hoc	鹄	0	
hoc	槲	0	
hoc	觳	0	
hoc	鵠	0	
hoi	会	0	
hoi	荟	0	
hoi	浍	0	
hoi	绘	0	
hoi	愦	0	
hoi	缋	0	
hoi	溃	0	
hoi	會	0	
hoi	㱮	0	
hoi	潰	0	
hoi	圚	0	
hoi	憒	0	
hoi	聩	0	
hoi	殨	0	
hoi	澮	0	
hoi	薈	0	
hoi	繢	0	
hoi	聵	0	
hoi	癐	0	
hoi	繪	0	
hon	混	0	
hop	匣	0	
hop	匼	0	
hop	哈	0	
hop	盒	0	
hop	鋡	0	
hot	纥	0	
hot	籺	0	
hot	曷	0	
hot	紇	0	
hot	核	0	
hot	龁	0	
hot	辖	0	
hot	轄	0	
hot	齕	0	
ho	许	0	
ho	許	0	
ho	𠼯	0	
ho	𤾟	0	
hoi	㖑	0	
hon	汉	0	
hon	忻	0	
hon	欣	0	
hon	焮	0	
hon	𢠦	0	
hon	漢	0	
hon	𡁚	0	
hop	吸	0	
hop	咂	0	
hop	呷	0	
hop	哈	0	
hot	𫤾	0	
hot	吃	0	
hot	㓭	0	
hot	唿	0	
hot	搳	0	
hot	歇	0	
ho	除	0	
ho	哬	0	
ho	𨼋	0	
ho	嘘	0	
ho	噓	0	
hoi	侅	0	
hoi	孩	0	
hom	含	0	
hon	恨	0	
hon	𪬡	0	
hon	𢤞	0	
hon	㘋	0	
hon	𪬼	0	
ho	许	0	
ho	矣	0	
ho	浒	0	
ho	許	0	
ho	䧺	0	
ho	滸	0	
ho	𢠇	0	
ho	𠼯	0	
ho	憘	0	
hoi	唉	0	
hoi	喜	0	
hoi	亥	0	
hoi	有	0	
hoi	矣	0	
hoi	咳	0	
hoi	唉	0	
hoi	𪠠	0	
hoi	亥	0	
hoi	咳	0	
hoi	𢬿	0	
hom	唅	0	
hom	颔	0	
hom	頷	0	
hop	合	0	
hop	哈	0	
hop	饸	0	
hop	颌	0	
hop	餄	0	
hop	頜	0	
hot	㖽	0	
hot	喍	0	
hot	辖	0	
hot	轄	0	
hu	戸	0	
hu	戶	0	
hu	户	0	
huc	学	0	
huc	勖	0	
huc	触	0	
huc	學	0	
huc	觸	0	
hui	会	0	
hui	會	0	
hum	唅	0	
hum	𡅋	0	
hup	𣴚	0	
hup	溘	0	
hut	纥	0	
hut	紇	0	
hut	唿	0	
hu	朽	0	
hu	诩	0	
hu	果	0	
hu	栩	0	
hu	詡	0	
hu	腐	0	
hui	𤹾	0	
hui	𤻏	0	
hui	癐	0	
hu	呿	0	
hu	嘘	0	
hua	许	0	
hua	許	0	
hua	𠼯	0	
huc	洫	0	
huc	馘	0	
huc	䱛	0	
hung	興	0	
hu	嘑	0	
hu	嘘	0	
hung	𤊪	0	
hung	𤑍	0	
hu	许	0	
hu	浒	0	
hu	虚	0	
hu	許	0	
hu	嘘	0	
hu	滸	0	
hung	项	0	
hung	𤊪	0	
hung	焞	0	
hung	項	0	
hung	𢣹	0	
hung	𤑍	0	
hu	许	0	
hu	許	0	
hung	𠾿	0	
hung	𡁝	0	
hung	𢸾	0	
huu	友	0	
huu	右	0	
huu	有	0	
huu	圀	0	
huu	铕	0	
huu	銪	0	
hu	虚	0	
hu	嘘	0	
huc	讫	0	
huc	訖	0	
huc	𠶗	0	
huc	𤊧	0	
huc	𠸡	0	
huc	𤍋	0	
huu	又	0	
huu	佑	0	
huu	侑	0	
huu	宥	0	
huu	祐	0	
hy	喜	0	
hy	絺	0	
hy	矣	0	
i	㥋	0	
im	厌	0	
im	奄	0	
im	㛪	0	
im	庵	0	
im	淹	0	
im	厭	0	
in	印	0	
inh	英	0	
inh	𠸄	0	
inh	嚶	0	
ieng	英	0	
ia	𦟑	0	
ien	𬚈	0	
kamishimo	裃	0	
ke	𠴜	0	
ke	雞	0	
ke	鷄	0	
kem	兼	0	
ken	摼	0	
keng	更	0	
keng	坚	0	
keng	堅	0	
keng	铿	0	
keng	鍄	0	
keng	鏗	0	
keng	𮡸	0	
keo	呌	0	
keo	䐧	0	
keo	膠	0	
keo	鷮	0	
kha	可	0	
kha	诃	0	
kha	坷	0	
kha	柯	0	
kha	牁	0	
kha	珂	0	
kha	轲	0	
kha	疴	0	
kha	𬦡	0	
kha	哥	0	
kha	舸	0	
kha	訶	0	
kha	軻	0	
kha	跒	0	
khai	开	0	
khai	𫔭	0	
khai	開	0	
khai	锎	0	
khai	揩	0	
khai	楷	0	
khai	鐦	0	
kham	龛	0	
kham	谌	0	
kham	嵁	0	
kham	堪	0	
kham	戡	0	
kham	膁	0	
kham	諶	0	
kham	龕	0	
khan	刊	0	
khan	汗	0	
khan	旱	0	
khan	看	0	
khan	悭	0	
khan	乾	0	
khan	𠸦	0	
khan	慳	0	
khan	漧	0	
khang	吭	0	
khang	康	0	
khang	腔	0	
khang	槺	0	
khang	穅	0	
khang	糠	0	
khang	𩾌	0	
khang	鱇	0	
khanh	阬	0	
khanh	坑	0	
khanh	𡝕	0	
khanh	硁	0	
khanh	卿	0	
khanh	硜	0	
khanh	铿	0	
khanh	摼	0	
khanh	𥉸	0	
khanh	鏗	0	
khanh	𮡸	0	
khao	𪽽	0	
khao	嗃	0	
khao	蒿	0	
khao	滈	0	
khao	犒	0	
khao	槁	0	
khao	𫘶	0	
khao	稿	0	
khao	磽	0	
khau	𪯫	0	
khau	𥬨	0	
khay	开	0	
khay	𫔭	0	
khay	𬂻	0	
khay	開	0	
khay	𦼟	0	
khay	𦼠	0	
khay	𣛣	0	
khay	𥳐	0	
khay	𫣽	0	
khe	溪	0	
khem	谦	0	
khem	嗛	0	
khem	槏	0	
khem	謙	0	
khem	𡄫	0	
khen	𠰙	0	
khen	看	0	
khen	𠱝	0	
khen	𪮒	0	
khen	𠸦	0	
khen	𫽯	0	
kheo	丘	0	
kheo	挑	0	
kheo	𤵢	0	
kheo	䟬	0	
kheo	𩨼	0	
kheo	𪴁	0	
khi	𫢩	0	
khi	桤	0	
khi	欺	0	
khi	欹	0	
khi	攲	0	
khi	榿	0	
khin	牵	0	
khin	牽	0	
khinh	𢫞	0	
khinh	轻	0	
khinh	𠲮	0	
khinh	氫	0	
khinh	輕	0	
khiu	窍	0	
khiu	竅	0	
khiem	咁	0	
khiem	谦	0	
khiem	嗛	0	
khiem	謙	0	
khien	肩	0	
khien	牵	0	
khien	䊹	0	
khien	悭	0	
khien	牽	0	
khien	愆	0	
khien	骞	0	
khien	慳	0	
khien	搴	0	
khien	褰	0	
khien	縴	0	
khien	騫	0	
khieng	扛	0	
khieng	杭	0	
khieng	掮	0	
khieng	摼	0	
khieng	撁	0	
khieng	𢷰	0	
khieu	挑	0	
khieu	𢬹	0	
khieu	翘	0	
khieu	跳	0	
khieu	墝	0	
khieu	撬	0	
khieu	橇	0	
khieu	翹	0	
khieu	㚁	0	
khiem	欠	0	
khiem	芡	0	
khiem	堑	0	
khiem	塹	0	
khiem	槏	0	
khien	遣	0	
khien	谴	0	
khien	缱	0	
khien	繾	0	
khien	譴	0	
khiep	怯	0	
khiep	𠲵	0	
khiep	惬	0	
khiep	愜	0	
khiep	箧	0	
khiep	篋	0	
khiet	乜	0	
khiet	洁	0	
khiet	挈	0	
khiet	啮	0	
khiet	㓶	0	
khiet	喫	0	
khiet	𣸲	0	
khiet	潔	0	
khiet	羯	0	
khiet	𪘂	0	
khiet	齧	0	
khieu	叫	0	
khieu	呌	0	
khieu	侥	0	
khieu	窍	0	
khieu	啸	0	
khieu	窖	0	
khieu	僥	0	
khieu	儌	0	
khieu	徼	0	
khieu	嘯	0	
khieu	噭	0	
khieu	竅	0	
khien	愆	0	
khiem	慊	0	
khiem	歉	0	
khien	肷	0	
khien	遣	0	
khien	膁	0	
khien	谴	0	
khien	缱	0	
khien	𥳐	0	
khien	繾	0	
khien	譴	0	
khieng	𨇀	0	
khieu	𬰘	0	
kho	厍	0	
kho	库	0	
kho	厙	0	
kho	𤇌	0	
kho	庫	0	
kho	𢉽	0	
kho	𤋹	0	
kho	𤋼	0	
kho	𪹜	0	
kho	𧁷	0	
khoa	夸	0	
khoa	呙	0	
khoa	侉	0	
khoa	咼	0	
khoa	科	0	
khoa	垮	0	
khoa	咵	0	
khoa	恗	0	
khoa	姱	0	
khoa	蚪	0	
khoa	䚵	0	
khoa	誇	0	
khoa	窠	0	
khoa	蝌	0	
khoai	芌	0	
khoai	圬	0	
khoai	圭	0	
khoai	荂	0	
khoai	垮	0	
khoai	鲑	0	
khoai	鲙	0	
khoai	鮭	0	
khoai	𧃷	0	
khoai	鱠	0	
khoan	宽	0	
khoan	寬	0	
khoan	髋	0	
khoan	鑧	0	
khoan	鑛	0	
khoan	髖	0	
khoang	光	0	
khoang	挄	0	
khoang	舱	0	
khoang	桄	0	
khoang	椌	0	
khoang	𦨻	0	
khoang	𧧯	0	
khoang	艙	0	
khoang	𦪻	0	
khoanh	倾	0	
khoanh	傾	0	
khoay	开	0	
khoay	𫔭	0	
khoay	開	0	
khoe	夸	0	
khoe	恗	0	
khoe	誇	0	
khoe	𫏥	0	
khoen	圈	0	
khoi	𣾺	0	
khom	钦	0	
khom	欽	0	
khom	谦	0	
khom	堪	0	
khom	𢐎	0	
khom	𢐊	0	
khom	謙	0	
khom	𤺰	0	
khong	控	0	
khong	啌	0	
khoong	空	0	
khoa	挎	0	
khoa	胯	0	
khoa	课	0	
khoa	袴	0	
khoa	釫	0	
khoa	锁	0	
khoa	跨	0	
khoa	锞	0	
khoa	銙	0	
khoa	課	0	
khoa	骻	0	
khoa	錁	0	
khoa	鎖	0	
khoa	𩸄	0	
khoac	夸	0	
khoac	扩	0	
khoac	誇	0	
khoac	𡀵	0	
khoac	擴	0	
khoac	𢸠	0	
khoac	攉	0	
khoach	扩	0	
khoach	挄	0	
khoach	廓	0	
khoach	擴	0	
khoai	快	0	
khoai	侩	0	
khoai	𪭯	0	
khoai	哙	0	
khoai	浍	0	
khoai	𫪎	0	
khoai	脍	0	
khoai	烩	0	
khoai	蒯	0	
khoai	筷	0	
khoai	鲙	0	
khoai	儈	0	
khoai	𢶒	0	
khoai	噲	0	
khoai	澮	0	
khoai	𩷆	0	
khoai	膾	0	
khoai	燴	0	
khoai	鱠	0	
khoan	券	0	
khoang	纩	0	
khoang	圹	0	
khoang	旷	0	
khoang	矿	0	
khoang	㳹	0	
khoang	絖	0	
khoang	壙	0	
khoang	曠	0	
khoang	爌	0	
khoang	矌	0	
khoang	礦	0	
khoang	纊	0	
khoang	鑛	0	
khoat	括	0	
khoat	阔	0	
khoat	闊	0	
khoat	濶	0	
khoay	快	0	
khoen	跳	0	
khoeo	跳	0	
khoeo	𨃑	0	
khoe	恗	0	
khoe	𥆁	0	
khoe	眭	0	
khoe	觟	0	
khoe	𠺺	0	
khoe	睽	0	
khoe	𥉯	0	
khoe	𥌥	0	
khoet	抉	0	
khoet	𪟅	0	
khoet	鈌	0	
khoet	劂	0	
khoan	困	0	
khoan	宽	0	
khoan	魂	0	
khoan	寬	0	
khoan	𡂷	0	
khoach	𠼴	0	
khoat	蛞	0	
khoat	豁	0	
khoa	𪝄	0	
khoa	课	0	
khoa	倮	0	
khoa	骒	0	
khoa	𬈎	0	
khoa	棵	0	
khoa	锁	0	
khoa	裸	0	
khoa	銙	0	
khoa	裹	0	
khoa	颗	0	
khoa	課	0	
khoa	顆	0	
khoa	髁	0	
khoa	騍	0	
khoa	鎖	0	
khoa	㰁	0	
khoa	臝	0	
khoa	攞	0	
khoai	快	0	
khoai	哙	0	
khoai	挂	0	
khoai	掛	0	
khoai	𧋿	0	
khoai	噲	0	
khoan	券	0	
khoan	欵	0	
khoan	款	0	
khoan	窾	0	
khoang	圹	0	
khoang	坎	0	
khoang	旷	0	
khoang	壙	0	
khoang	曠	0	
khoanh	圹	0	
khoanh	坎	0	
khoanh	顷	0	
khoanh	頃	0	
khoanh	壙	0	
khoac	國	0	
khoac	啯	0	
khoac	域	0	
khoac	嘓	0	
khoang	矿	0	
khoang	礦	0	
khoat	阔	0	
khoat	闊	0	
khoam	坎	0	
khoan	群	0	
khoe	圭	0	
khoe	劸	0	
khoe	跬	0	
khoe	𥉯	0	
khu	区	0	
khu	岖	0	
khu	抠	0	
khu	驱	0	
khu	枢	0	
khu	眍	0	
khu	躯	0	
khu	區	0	
khu	摳	0	
khu	嶇	0	
khu	塸	0	
khu	𦟏	0	
khu	敺	0	
khu	樞	0	
khu	䆰	0	
khu	瞘	0	
khu	軀	0	
khu	驅	0	
khua	区	0	
khua	抠	0	
khua	拞	0	
khua	枢	0	
khua	枯	0	
khua	區	0	
khua	摳	0	
khua	樞	0	
khui	开	0	
khui	𫔭	0	
khui	启	0	
khui	啓	0	
khui	啟	0	
khui	開	0	
khui	𢴖	0	
khum	穷	0	
khum	穹	0	
khum	窮	0	
khun	坤	0	
khung	芎	0	
khung	匡	0	
khung	空	0	
khung	穹	0	
khung	控	0	
khung	椌	0	
khuy	亏	0	
khuy	𧘚	0	
khuy	眭	0	
khuy	窥	0	
khuy	窺	0	
khuy	虧	0	
khuy	闚	0	
khuya	亏	0	
khuya	𢇡	0	
khuya	𣅘	0	
khuya	𣅙	0	
khuya	疞	0	
khuya	虧	0	
khuya	𣌉	0	
khuya	𩆾	0	
khuynh	顷	0	
khuynh	倾	0	
khuynh	頃	0	
khuynh	傾	0	
khuynh	𩑭	0	
khuyen	劝	0	
khuyen	圈	0	
khuyen	勸	0	
khuyen	𡅳	0	
khuyen	劝	0	
khuyen	勸	0	
khuyet	炔	0	
khuyet	袂	0	
khuyet	缺	0	
khuyet	鈌	0	
khuyet	阕	0	
khuyet	阙	0	
khuyet	劂	0	
khuyet	闋	0	
khuyet	闕	0	
khuyen	犭	0	
khuyen	犬	0	
khua	抠	0	
khua	摳	0	
khuan	囷	0	
khuan	捃	0	
khuan	𢮖	0	
khuang	宽	0	
khuang	倾	0	
khuang	傾	0	
khuang	寬	0	
khuay	亏	0	
khuay	𢗃	0	
khuay	𣅘	0	
khuay	𢚹	0	
khuay	雐	0	
khuay	𢢯	0	
khuay	𢣧	0	
khuay	虧	0	
khue	圭	0	
khue	刲	0	
khue	劸	0	
khue	奎	0	
khue	闺	0	
khue	珪	0	
khue	恚	0	
khue	硅	0	
khue	喹	0	
khue	暌	0	
khue	鲑	0	
khue	閨	0	
khue	睽	0	
khue	鮭	0	
khuon	匡	0	
khuon	困	0	
khuon	坤	0	
khuon	囷	0	
khuon	悃	0	
khuon	圈	0	
khuon	𣟂	0	
khuong	匡	0	
khuong	劻	0	
khuong	哐	0	
khuong	框	0	
khuong	阃	0	
khuong	𣃱	0	
khuong	眶	0	
khuong	筐	0	
khuong	𨀕	0	
khuong	閫	0	
khuyt	掘	0	
khuat	屈	0	
khuat	阒	0	
khuat	闃	0	
khuay	快	0	
khuay	𢭴	0	
khuan	囷	0	
khuan	菌	0	
khue	挂	0	
khuech	扩	0	
khuech	廓	0	
khuech	擴	0	
khue	跬	0	
khuong	𢬤	0	
khuop	泣	0	
khuot	屈	0	
khuynh	倾	0	
khuynh	傾	0	
khuynh	𢷳	0	
khuy	𨇶	0	
khuyu	肘	0	
khuyu	鬼	0	
khuyu	窍	0	
khuyu	𬁥	0	
khuyu	𣎣	0	
khuyu	竅	0	
kha	𠀪	0	
kha	呵	0	
khan	𠸦	0	
khanh	卿	0	
khao	尻	0	
khao	𡂀	0	
kha	可	0	
kha	坷	0	
kha	呵	0	
kha	哿	0	
khac	恪	0	
khac	𢙵	0	
khach	咯	0	
khach	客	0	
khach	揢	0	
khach	喀	0	
khach	髂	0	
khai	忾	0	
khai	咳	0	
khai	欬	0	
khai	唭	0	
khai	𤈪	0	
khai	慨	0	
khai	嘅	0	
khai	𤠲	0	
khai	愾	0	
khai	概	0	
khai	槩	0	
khai	𤡚	0	
khai	漒	0	
kham	𠥈	0	
kham	勘	0	
kham	龛	0	
kham	闞	0	
kham	龕	0	
khan	看	0	
khang	亢	0	
khang	夯	0	
khang	伉	0	
khang	抗	0	
khang	炕	0	
khang	肮	0	
khang	钪	0	
khang	䂫	0	
khang	鈧	0	
khang	頏	0	
khanh	庆	0	
khanh	汫	0	
khanh	慶	0	
khanh	磬	0	
khanh	罄	0	
khanh	謦	0	
khao	稿	0	
khao	靠	0	
khap	匼	0	
khap	恰	0	
khap	掐	0	
khat	吃	0	
khat	咭	0	
khat	曷	0	
khat	渴	0	
khat	㵣	0	
khau	叩	0	
khau	扣	0	
khau	寇	0	
khau	𬦨	0	
khau	𫅖	0	
khau	𫅟	0	
khay	看	0	
khay	𠹛	0	
khay	𡁙	0	
kham	衽	0	
kham	钦	0	
kham	衾	0	
kham	欽	0	
kham	襟	0	
khan	巾	0	
khau	丘	0	
khau	扣	0	
khau	邱	0	
khau	坵	0	
khau	蚯	0	
khau	𥿤	0	
khe	契	0	
kheo	𨅻	0	
khe	契	0	
khe	栔	0	
khec	客	0	
khem	㳄	0	
kheo	巧	0	
kheo	呌	0	
kheo	矫	0	
kheo	窖	0	
kheo	靠	0	
kheo	矯	0	
khep	押	0	
khep	抾	0	
khep	怯	0	
khep	𢬱	0	
khep	𢯖	0	
khep	惬	0	
khep	𫽅	0	
khep	揳	0	
khep	愜	0	
khep	𤋸	0	
khep	𨨤	0	
khet	𤋸	0	
khet	𤏦	0	
khe	奚	0	
khe	溪	0	
khe	𥻺	0	
khe	𤐓	0	
khe	蹊	0	
khe	谿	0	
khe	鞵	0	
khenh	𢷰	0	
kheu	丘	0	
kheu	拞	0	
kheu	挑	0	
kheu	挢	0	
kheu	跳	0	
kheu	撟	0	
khi	唭	0	
khi	𫫀	0	
khi	𠿁	0	
khia	𠿁	0	
khi	气	0	
khi	𠖯	0	
khi	弃	0	
khi	汽	0	
khi	炁	0	
khi	氣	0	
khi	棄	0	
khi	𡮪	0	
khi	噐	0	
khi	器	0	
khia	抾	0	
khia	契	0	
khia	㓶	0	
khich	隙	0	
khich	𨻶	0	
khich	綌	0	
khich	激	0	
khin	𫠺	0	
khin	缱	0	
khin	繾	0	
khit	契	0	
khit	栔	0	
khit	𢝛	0	
khit	潔	0	
khit	𫾌	0	
khit	𢹫	0	
khiu	呌	0	
khiu	窍	0	
khiu	竅	0	
kho	枯	0	
kho	𠺟	0	
khom	谦	0	
khom	謙	0	
kho	库	0	
kho	苦	0	
kho	厙	0	
kho	庫	0	
kho	𠸋	0	
kho	𧁹	0	
kho	𧁷	0	
kho	𪪫	0	
kho	𭝩	0	
khoc	泣	0	
khoc	㕸	0	
khoc	哭	0	
khoi	灰	0	
khoi	块	0	
khoi	塊	0	
khoi	𤌋	0	
khoi	𤐜	0	
khoi	𤐡	0	
khom	坎	0	
khom	莰	0	
khom	勘	0	
khom	㯲	0	
khop	泣	0	
kho	刳	0	
kho	枯	0	
kho	骷	0	
kho	𩹬	0	
khoi	灰	0	
khoi	诙	0	
khoi	恢	0	
khoi	咴	0	
khoi	盔	0	
khoi	詼	0	
khoi	魁	0	
khoi	瑰	0	
khoi	㾯	0	
khon	𠚯	0	
khon	坤	0	
khon	髠	0	
khon	髡	0	
khon	𫒨	0	
khong	空	0	
khong	崆	0	
khong	箜	0	
khu	区	0	
khu	區	0	
khu	𦟾	0	
khu	𣞃	0	
khua	抠	0	
khua	摳	0	
khung	穷	0	
khung	穹	0	
khung	窮	0	
khu	坷	0	
khu	痀	0	
khu	疴	0	
khu	疿	0	
khu	𤹪	0	
khu	𪪫	0	
khua	抠	0	
khua	摳	0	
khuc	曲	0	
khuc	𪲇	0	
khuc	蛐	0	
khuc	粬	0	
khuc	麹	0	
khuc	麯	0	
khuc	麴	0	
khum	坎	0	
khum	莰	0	
khum	𨆃	0	
khum	𨆂	0	
khung	𠶥	0	
kham	坎	0	
kham	堪	0	
khan	巾	0	
khan	斤	0	
khan	𫩒	0	
khan	坤	0	
khan	看	0	
khan	䘜	0	
khan	𠸦	0	
khang	𢬂	0	
khang	康	0	
khang	掯	0	
khang	𠻞	0	
khang	慷	0	
khang	𢳧	0	
khu	龋	0	
khu	齲	0	
khoi	开	0	
khoi	𫔭	0	
khoi	启	0	
khoi	洃	0	
khoi	啓	0	
khoi	啟	0	
khoi	開	0	
khoi	摡	0	
khoi	𢴖	0	
khoi	𢵱	0	
khoi	𣾺	0	
khoi	𤁔	0	
khu	厶	0	
khu	圩	0	
khu	抾	0	
khu	呿	0	
khu	祛	0	
khu	胠	0	
khu	袪	0	
khu	虚	0	
khu	墟	0	
khu	嘘	0	
khu	𢴮	0	
khu	䆰	0	
khuu	丘	0	
khuu	邱	0	
khuu	坵	0	
khuoi	妋	0	
khuoi	𫯿	0	
khuom	参	0	
khuom	參	0	
khuong	庆	0	
khuong	羌	0	
khuong	姜	0	
khuong	康	0	
khuong	蜣	0	
khuong	慶	0	
khuong	薑	0	
khuoc	呌	0	
khuoc	却	0	
khuoc	卻	0	
khuot	肐	0	
khuot	𠡺	0	
khuou	𩿚	0	
khuou	𩿨	0	
khuou	𫛕	0	
khuou	𪆥	0	
khuong	仰	0	
khac	咯	0	
khac	𠸧	0	
khai	𥳃	0	
khang	𠀖	0	
khang	䟘	0	
khao	叩	0	
khap	匼	0	
khap	盍	0	
khap	溘	0	
khap	榼	0	
khap	瞌	0	
khap	磕	0	
kha	可	0	
khai	启	0	
khai	剀	0	
khai	凯	0	
khai	垲	0	
khai	恺	0	
khai	咳	0	
khai	啓	0	
khai	铠	0	
khai	剴	0	
khai	凱	0	
khai	揩	0	
khai	愷	0	
khai	塏	0	
khai	闓	0	
khai	鎧	0	
kham	凵	0	
kham	坎	0	
kham	砍	0	
kham	嵌	0	
kham	歃	0	
khan	侃	0	
khan	看	0	
khan	𠸦	0	
khang	亢	0	
khang	忼	0	
khang	骯	0	
khang	慷	0	
khanh	景	0	
khanh	𠾶	0	
khao	攷	0	
khao	考	0	
khao	拷	0	
khao	洘	0	
khao	烤	0	
khao	栲	0	
khao	铐	0	
khao	𥹬	0	
khao	銬	0	
khau	叺	0	
khay	𠹛	0	
khay	𢴖	0	
khac	刻	0	
kham	揿	0	
kham	搇	0	
kham	撳	0	
khan	哏	0	
khan	恳	0	
khan	𢢽	0	
khan	懇	0	
khan	𡄩	0	
khap	岌	0	
khap	泣	0	
khap	㕸	0	
khap	湆	0	
khat	乞	0	
khat	刻	0	
khau	叩	0	
khau	扣	0	
khau	𪸘	0	
khau	釦	0	
khau	寇	0	
khau	蔻	0	
khau	𬆮	0	
khau	𣫠	0	
khau	呿	0	
kham	揿	0	
kham	撳	0	
khan	垦	0	
khan	恳	0	
khan	紧	0	
khan	緊	0	
khan	𢢽	0	
khan	墾	0	
khan	懇	0	
khau	口	0	
khau	𬖏	0	
khay	𢭮	0	
khap	匼	0	
khap	𨂖	0	
khat	吃	0	
khat	迄	0	
khat	迭	0	
khac	克	0	
khac	刻	0	
khac	剋	0	
khac	尅	0	
khac	啯	0	
khac	㖪	0	
khac	嘓	0	
kham	龛	0	
kham	𦤯	0	
kham	龕	0	
khan	恳	0	
khan	𢢽	0	
khan	𠿵	0	
khan	懇	0	
khang	𠿵	0	
khap	泣	0	
khap	掐	0	
khap	插	0	
khat	乞	0	
khat	刻	0	
khan	𥺾	0	
kham	坎	0	
kham	龛	0	
kham	龕	0	
khan	𦤱	0	
khang	肯	0	
khang	啃	0	
khang	𣔨	0	
khang	龈	0	
khang	齦	0	
khang	𮎟	0	
khac	咯	0	
khet	𠹳	0	
khe	契	0	
khe	栔	0	
khe	稽	0	
kheo	巧	0	
kheo	窖	0	
khe	契	0	
khe	栔	0	
khe	稽	0	
khe	𡃊	0	
khe	契	0	
khe	栔	0	
khe	喫	0	
khe	揳	0	
khe	楔	0	
khe	瘈	0	
khe	𠀫	0	
khe	𠿁	0	
khenh	𧸰	0	
kheu	挑	0	
khe	綮	0	
khe	稽	0	
khenh	警	0	
kheu	挑	0	
kheu	跳	0	
khe	憇	0	
khe	憩	0	
khenh	𠀗	0	
khenh	耿	0	
khi	岂	0	
khi	𥫟	0	
khi	豈	0	
khi	起	0	
khi	𡸈	0	
khi	婍	0	
khi	𤠳	0	
khi	𤠲	0	
khinh	顷	0	
khinh	轻	0	
khinh	烦	0	
khinh	𠲮	0	
khinh	頃	0	
khinh	煩	0	
khinh	輕	0	
khinh	𪡿	0	
khiu	呌	0	
khiu	拷	0	
khiu	窍	0	
khiu	儌	0	
khiu	竅	0	
khi	憩	0	
khia	喫	0	
khit	契	0	
khit	𣸲	0	
khit	喫	0	
khit	噄	0	
khom	谦	0	
khom	謙	0	
khon	㹠	0	
khon	𤞧	0	
kho	𢫈	0	
kho	苦	0	
khoi	圤	0	
khoi	块	0	
khoi	塊	0	
khom	㯲	0	
khon	𢮖	0	
khong	孔	0	
khong	吼	0	
khong	空	0	
khong	窒	0	
kho	厍	0	
kho	库	0	
kho	厙	0	
kho	庫	0	
kho	胯	0	
kho	趶	0	
kho	袴	0	
kho	袵	0	
kho	裤	0	
kho	褲	0	
khoc	哭	0	
khoc	酷	0	
khoi	块	0	
khoi	㘨	0	
khoi	塊	0	
khoi	嵬	0	
khon	困	0	
khon	睏	0	
khong	控	0	
khong	鞚	0	
khop	吸	0	
khop	㕸	0	
kho	苦	0	
kho	𧁷	0	
khoi	傀	0	
khon	困	0	
khon	坤	0	
khon	阃	0	
khon	捆	0	
khon	梱	0	
khon	綑	0	
khon	閫	0	
khong	孔	0	
khong	空	0	
khoi	启	0	
khoi	啓	0	
khoi	慨	0	
khop	级	0	
khop	級	0	
kho	𤵕	0	
kho	疴	0	
kho	虚	0	
kho	渠	0	
khon	愆	0	
khoi	级	0	
khoi	屺	0	
khoi	杞	0	
khoi	級	0	
khoi	起	0	
khoi	𡸈	0	
khoi	绮	0	
khoi	𦜹	0	
khoi	綺	0	
khu	𦒵	0	
khu	痀	0	
khu	俱	0	
khu	𦓇	0	
khu	䆰	0	
khuc	㖆	0	
khuy	𨇶	0	
khu	𦒵	0	
khu	苦	0	
khu	𦓇	0	
khung	孔	0	
khung	共	0	
khung	㤨	0	
khung	恐	0	
khung	啌	0	
khung	𠺱	0	
khu	去	0	
khu	呿	0	
khu	𠼯	0	
khua	许	0	
khua	呿	0	
khua	抾	0	
khua	許	0	
khua	𠼯	0	
khung	肯	0	
khuu	䟬	0	
khuu	溴	0	
khuu	嗅	0	
khuu	糗	0	
khu	居	0	
khu	除	0	
khu	𤹒	0	
khu	𠹱	0	
khung	肯	0	
khu	去	0	
khuu	搝	0	
khung	肯	0	
ki	饥	0	
ki	机	0	
ki	飢	0	
ki	麂	0	
ki	箕	0	
ki	機	0	
ki	羁	0	
ki	饑	0	
ki	羈	0	
ki	覊	0	
kia	箕	0	
kim	今	0	
kim	钅	0	
kim	针	0	
kim	金	0	
kim	釒	0	
kim	針	0	
kim	鈐	0	
kinh	茎	0	
kinh	经	0	
kinh	泾	0	
kinh	京	0	
kinh	径	0	
kinh	胫	0	
kinh	荆	0	
kinh	莖	0	
kinh	㹵	0	
kinh	涇	0	
kinh	徑	0	
kinh	痉	0	
kinh	惊	0	
kinh	脛	0	
kinh	𠶛	0	
kinh	痙	0	
kinh	經	0	
kinh	踁	0	
kinh	驚	0	
kiem	拣	0	
kiem	兼	0	
kiem	揀	0	
kiem	缣	0	
kiem	搛	0	
kiem	鹣	0	
kiem	㾾	0	
kiem	縑	0	
kiem	鳒	0	
kiem	鰜	0	
kiem	鶼	0	
kien	坚	0	
kien	肩	0	
kien	悭	0	
kien	掮	0	
kien	堅	0	
kien	慳	0	
kien	鲣	0	
kien	鰹	0	
kieng	坚	0	
kieng	忌	0	
kieng	京	0	
kieng	堅	0	
kieng	惊	0	
kieng	𠶛	0	
kieng	𠼤	0	
kieng	𪬧	0	
kieu	枭	0	
kieu	骁	0	
kieu	骄	0	
kieu	浇	0	
kieu	梟	0	
kieu	矫	0	
kieu	澆	0	
kieu	鴞	0	
kieu	矯	0	
kieu	䌑	0	
kieu	驕	0	
kieu	驍	0	
kieu	鷮	0	
kiem	剑	0	
kiem	兼	0	
kiem	敛	0	
kiem	劍	0	
kiem	劎	0	
kiem	劒	0	
kiem	斂	0	
kien	见	0	
kien	見	0	
kien	建	0	
kien	蚬	0	
kien	蜆	0	
kieng	镜	0	
kieng	鏡	0	
kiep	刧	0	
kiep	劫	0	
kiep	刦	0	
kiep	刼	0	
kiep	𥝥	0	
kiep	𦀖	0	
kiet	了	0	
kiet	孑	0	
kiet	孒	0	
kiet	讦	0	
kiet	吉	0	
kiet	拮	0	
kiet	结	0	
kiet	訐	0	
kiet	𤵹	0	
kiet	戛	0	
kiet	絜	0	
kiet	戞	0	
kiet	結	0	
kiet	𫵊	0	
kieu	告	0	
kieu	吿	0	
kieu	哠	0	
kiem	拑	0	
kiem	钤	0	
kiem	检	0	
kiem	硷	0	
kiem	鈐	0	
kiem	堿	0	
kiem	鉗	0	
kiem	碱	0	
kiem	箝	0	
kiem	黔	0	
kiem	檢	0	
kiem	礆	0	
kien	虔	0	
kien	䖍	0	
kien	乾	0	
kien	揠	0	
kien	犍	0	
kien	榩	0	
kien	㨴	0	
kien	繭	0	
kieng	綡	0	
kieng	鍄	0	
kieng	𨪝	0	
kieng	𨰈	0	
kieu	乔	0	
kieu	侨	0	
kieu	娇	0	
kieu	荞	0	
kieu	荍	0	
kieu	桥	0	
kieu	梂	0	
kieu	翘	0	
kieu	喬	0	
kieu	僑	0	
kieu	蕎	0	
kieu	嘺	0	
kieu	嬌	0	
kieu	橋	0	
kieu	翹	0	
kiem	莶	0	
kiem	捡	0	
kiem	检	0	
kiem	脸	0	
kiem	睑	0	
kiem	签	0	
kiem	㾾	0	
kiem	撿	0	
kiem	薟	0	
kiem	臉	0	
kiem	檢	0	
kiem	瞼	0	
kiem	簽	0	
kiem	籤	0	
kien	囝	0	
kien	茧	0	
kien	笕	0	
kien	挸	0	
kien	趼	0	
kien	絸	0	
kien	筧	0	
kien	謇	0	
kien	蹇	0	
kien	繭	0	
kieng	景	0	
kieu	纠	0	
kieu	侥	0	
kieu	杲	0	
kieu	糾	0	
kieu	峤	0	
kieu	挢	0	
kieu	皎	0	
kieu	矫	0	
kieu	僥	0	
kieu	撟	0	
kieu	儌	0	
kieu	嶠	0	
kieu	缴	0	
kieu	徼	0	
kieu	矯	0	
kieu	藁	0	
kieu	蹻	0	
kieu	繳	0	
kieng	景	0	
kieng	蹇	0	
kiem	俭	0	
kiem	儉	0	
kien	件	0	
kien	健	0	
kien	腱	0	
kien	毽	0	
kien	键	0	
kien	㩃	0	
kien	鍵	0	
kien	鞬	0	
kiep	鋏	0	
kiet	杰	0	
kiet	桀	0	
kiet	傑	0	
kiet	搩	0	
kiet	歇	0	
kiet	碣	0	
kiet	竭	0	
kieu	荞	0	
kieu	挢	0	
kieu	轿	0	
kieu	蕎	0	
kieu	撟	0	
kieu	𢄹	0	
kieu	轎	0	
kieu	𧄳	0	
kii	麂	0	
kon	崑	0	
kutabireru	萙	0	
ky	箕	0	
ke	掑	0	
ke	棋	0	
ke	蜞	0	
ke	𥰇	0	
kem	钤	0	
kem	兼	0	
kem	鈐	0	
kem	睑	0	
kem	鉗	0	
kem	搛	0	
kem	瞼	0	
ken	𥱲	0	
ken	𧤥	0	
ken	𨪝	0	
keo	挢	0	
keo	桥	0	
keo	撟	0	
keo	橋	0	
ke	計	0	
ke	寄	0	
ke	𦵗	0	
ke	𬚌	0	
ke	薊	0	
kec	鴼	0	
kem	俭	0	
kem	剑	0	
kem	检	0	
kem	儉	0	
kem	劍	0	
kem	劔	0	
kem	劒	0	
kem	歛	0	
kem	檢	0	
ken	见	0	
ken	見	0	
ken	现	0	
ken	茧	0	
ken	𫪄	0	
ken	挸	0	
ken	現	0	
ken	絸	0	
ken	繭	0	
keo	抖	0	
keo	吿	0	
keo	呌	0	
keo	𢫃	0	
keo	挢	0	
keo	𪭸	0	
keo	捁	0	
keo	矫	0	
keo	锆	0	
keo	𨦀	0	
keo	𦀽	0	
keo	鋯	0	
keo	撟	0	
keo	橋	0	
keo	镜	0	
keo	矯	0	
keo	鏡	0	
keo	𨙍	0	
keo	𢹣	0	
kep	甲	0	
kep	夹	0	
kep	劫	0	
kep	夾	0	
kep	刦	0	
kep	刼	0	
kep	急	0	
kep	𠄳	0	
kep	𬒱	0	
kep	𡝔	0	
kep	𦀖	0	
ket	孑	0	
ket	拮	0	
ket	咭	0	
ket	鴶	0	
ket	𪁄	0	
ke	计	0	
ke	乩	0	
ke	鸡	0	
ke	計	0	
ke	嵇	0	
ke	筓	0	
ke	筭	0	
ke	溪	0	
ke	鳮	0	
ke	稽	0	
ke	雞	0	
ke	鷄	0	
ken	𪅤	0	
kenh	泾	0	
kenh	涇	0	
kenh	𣻽	0	
keu	叫	0	
keu	呌	0	
keu	嗃	0	
keu	嘺	0	
keu	𡆌	0	
ki	礻	0	
ki	祁	0	
ki	机	0	
ki	芪	0	
ki	芰	0	
ki	圻	0	
ki	岐	0	
ki	歧	0	
ki	其	0	
ki	祈	0	
ki	奇	0	
ki	虮	0	
ki	旂	0	
ki	耆	0	
ki	埼	0	
ki	崎	0	
ki	猉	0	
ki	淇	0	
ki	骐	0	
ki	掑	0	
ki	琪	0	
ki	棊	0	
ki	祺	0	
ki	棋	0	
ki	期	0	
ki	琦	0	
ki	碁	0	
ki	頎	0	
ki	蜞	0	
ki	旗	0	
ki	綦	0	
ki	畿	0	
ki	機	0	
ki	鲯	0	
ki	騏	0	
ki	鳍	0	
ki	蟣	0	
ki	麒	0	
ki	鯕	0	
ki	鰭	0	
kia	其	0	
kia	𣈒	0	
kia	箕	0	
kim	钤	0	
kim	鈐	0	
kim	琴	0	
kim	鉗	0	
kim	䰼	0	
kin	虔	0	
kin	𨊰	0	
kinh	劲	0	
kinh	京	0	
kinh	勁	0	
kinh	勍	0	
kinh	檠	0	
kinh	擎	0	
kinh	鲸	0	
kinh	鯨	0	
kinh	黥	0	
ki	彑	0	
ki	彐	0	
ki	记	0	
ki	既	0	
ki	記	0	
ki	旣	0	
ki	寄	0	
ki	㨳	0	
ki	嘰	0	
ki	槣	0	
ki	冀	0	
ki	羁	0	
ki	骥	0	
ki	羈	0	
ki	驥	0	
ki	⼹	0	
kia	𣉸	0	
kich	击	0	
kich	㦸	0	
kich	戟	0	
kich	激	0	
kich	擊	0	
kin	建	0	
kin	谨	0	
kin	𡫨	0	
kin	謹	0	
kin	𡄾	0	
kinh	劲	0	
kinh	径	0	
kinh	勁	0	
kinh	逕	0	
kinh	徑	0	
kinh	𠲮	0	
kinh	敬	0	
kinh	镜	0	
kinh	鏡	0	
kip	及	0	
kip	急	0	
kip	洎	0	
kip	趿	0	
kip	𤌀	0	
kit	拮	0	
kit	结	0	
kit	戛	0	
kit	結	0	
kit	戞	0	
kiu	叫	0	
ky	彑	0	
ky	彐	0	
ky	記	0	
ky	寄	0	
ki	几	0	
ki	伎	0	
ki	纪	0	
ki	妓	0	
ki	忮	0	
ki	技	0	
ki	庋	0	
ki	紀	0	
ki	鈘	0	
ki	𩺺	0	
kia	𣇠	0	
kinh	刭	0	
kinh	剄	0	
kiu	矫	0	
kiu	矯	0	
ke	几	0	
ke	彐	0	
ke	寄	0	
ke	偈	0	
ken	件	0	
ken	健	0	
ken	䌑	0	
keo	𥼱	0	
kep	扱	0	
kep	劫	0	
kep	鋏	0	
ket	桀	0	
ket	搩	0	
ket	𠹳	0	
ket	磔	0	
ke	几	0	
ke	计	0	
ke	仉	0	
ke	古	0	
ke	易	0	
ke	計	0	
kem	脸	0	
kem	睑	0	
kem	臉	0	
kem	瞼	0	
keng	耿	0	
keng	景	0	
keng	镜	0	
keng	鏡	0	
keo	呌	0	
keo	矫	0	
keo	翘	0	
keo	矯	0	
keo	翹	0	
ke	几	0	
ke	计	0	
ke	仉	0	
ke	技	0	
ke	枝	0	
ke	計	0	
ke	𠴜	0	
kem	钤	0	
kem	峡	0	
kem	峽	0	
kem	鈐	0	
kem	嶮	0	
kem	𢸟	0	
kem	鐱	0	
kem	𨯘	0	
kem	𨰇	0	
keo	矫	0	
keo	嘺	0	
keo	矯	0	
ke	计	0	
ke	計	0	
ke	继	0	
ke	継	0	
ke	髻	0	
ke	薊	0	
ke	繼	0	
kech	击	0	
kech	劇	0	
kech	𡚄	0	
kech	擊	0	
kep	𢰽	0	
ket	结	0	
ket	割	0	
ket	結	0	
ket	锲	0	
ket	鍥	0	
ke	其	0	
ke	倛	0	
ke	掑	0	
ke	𪜝	0	
ke	期	0	
ke	𫑇	0	
ke	稽	0	
ke	𬛛	0	
kem	鉗	0	
ken	𨪝	0	
kenh	京	0	
kenh	鲸	0	
kenh	鯨	0	
keu	掑	0	
keu	蹻	0	
ke	计	0	
ke	技	0	
ke	計	0	
ke	𧦕	0	
ke	𠸥	0	
ke	稽	0	
kenh	𤠃	0	
ke	彐	0	
ke	偈	0	
ke	喝	0	
kech	劇	0	
ki	𠘨	0	
ki	几	0	
ki	己	0	
ki	纪	0	
ki	紀	0	
ki	幾	0	
ki	椅	0	
ki	麂	0	
kia	𣅗	0	
kinh	耿	0	
ki	忌	0	
ki	芰	0	
ki	𠲹	0	
ki	骑	0	
ki	梞	0	
ki	跭	0	
ki	暨	0	
ki	騎	0	
ki	𩺺	0	
ki	鱆	0	
kia	𣇡	0	
kich	屐	0	
kich	剧	0	
kich	劇	0	
kin	件	0	
kip	及	0	
kip	扱	0	
kip	趿	0	
kit	桀	0	
ky	其	0	
ky	奇	0	
ky	期	0	
ky	旗	0	
ky	畿	0	
ky	麒	0	
ky	䶞	0	
ky	忌	0	
ky	褀	0	
ky	騎	0	
ky	𩺺	0	
ky	几	0	
ky	己	0	
ky	紀	0	
ky	几	0	
ky	伎	0	
ky	妓	0	
ky	技	0	
ky	紀	0	
la	罗	0	
la	𨔍	0	
la	萝	0	
la	啰	0	
la	逻	0	
la	𪡔	0	
la	椤	0	
la	锣	0	
la	骡	0	
la	𬫤	0	
la	羅	0	
la	騾	0	
la	囉	0	
la	蘿	0	
la	邏	0	
la	纙	0	
la	鑼	0	
lai	来	0	
lai	來	0	
lai	佳	0	
lai	徕	0	
lai	莱	0	
lai	倈	0	
lai	𫼲	0	
lai	涞	0	
lai	勑	0	
lai	𢯦	0	
lai	萊	0	
lai	唻	0	
lai	梾	0	
lai	徠	0	
lai	淶	0	
lai	铼	0	
lai	棶	0	
lai	𥟂	0	
lai	琜	0	
lai	睐	0	
lai	䅘	0	
lai	睞	0	
lai	𫯓	0	
lai	𤳆	0	
lai	𤢗	0	
lai	錸	0	
lam	岚	0	
lam	惏	0	
lam	婪	0	
lam	啉	0	
lam	葻	0	
lam	琳	0	
lam	嵐	0	
lam	蓝	0	
lam	篮	0	
lam	藍	0	
lam	𥜓	0	
lam	籃	0	
lam	糮	0	
lan	兰	0	
lan	拦	0	
lan	栏	0	
lan	萝	0	
lan	阑	0	
lan	𢒞	0	
lan	谰	0	
lan	澜	0	
lan	𪢌	0	
lan	𬞕	0	
lan	斓	0	
lan	闌	0	
lan	镧	0	
lan	蘭	0	
lan	㘓	0	
lan	攔	0	
lan	瀾	0	
lan	欄	0	
lan	斕	0	
lan	蘿	0	
lan	𫇡	0	
lan	灡	0	
lan	籣	0	
lan	囒	0	
lan	𫲴	0	
lan	欗	0	
lan	讕	0	
lan	鑭	0	
lan	𬵿	0	
lang	泷	0	
lang	郎	0	
lang	栏	0	
lang	狼	0	
lang	琅	0	
lang	廊	0	
lang	瑯	0	
lang	锒	0	
lang	榔	0	
lang	筤	0	
lang	蜋	0	
lang	螂	0	
lang	㾿	0	
lang	鋃	0	
lang	鎯	0	
lang	𫉱	0	
lang	瀧	0	
lang	欄	0	
lanh	令	0	
lanh	灵	0	
lanh	伶	0	
lanh	冷	0	
lanh	姈	0	
lanh	泠	0	
lanh	拎	0	
lanh	怜	0	
lanh	玲	0	
lanh	𠴌	0	
lanh	𧼍	0	
lanh	𫑅	0	
lanh	靈	0	
lao	劳	0	
lao	牢	0	
lao	捞	0	
lao	哰	0	
lao	唠	0	
lao	铹	0	
lao	痨	0	
lao	勞	0	
lao	㗦	0	
lao	𨦭	0	
lao	潦	0	
lao	憦	0	
lao	嶗	0	
lao	撈	0	
lao	嘮	0	
lao	癆	0	
lao	醪	0	
lao	簩	0	
lao	鐒	0	
lau	劳	0	
lau	捞	0	
lau	𦰤	0	
lau	𣓿	0	
lau	勞	0	
lau	撈	0	
lau	𦺜	0	
lau	橯	0	
lau	簩	0	
lay	来	0	
lay	來	0	
lay	𫼲	0	
lay	涞	0	
lay	唻	0	
lay	𢯦	0	
lay	淶	0	
lay	摛	0	
le	𠲥	0	
le	离	0	
le	𠻗	0	
le	離	0	
le	囄	0	
le	𪅆	0	
lem	淋	0	
lem	𥋲	0	
len	连	0	
len	連	0	
len	𨖲	0	
len	縺	0	
len	蹥	0	
len	𨈆	0	
leng	灵	0	
leng	泠	0	
leng	玲	0	
leng	靈	0	
leo	𠖭	0	
leo	僚	0	
leo	缭	0	
leo	嘹	0	
leo	撩	0	
leo	燎	0	
leo	繚	0	
leo	蹽	0	
leo	𤃜	0	
leo	𨇉	0	
leo	𩻻	0	
li	厘	0	
li	骊	0	
li	离	0	
li	浬	0	
li	狸	0	
li	梩	0	
li	瓼	0	
li	喱	0	
li	鹂	0	
li	嗫	0	
li	漓	0	
li	嫠	0	
li	璃	0	
li	氂	0	
li	犛	0	
li	罹	0	
li	縭	0	
li	篱	0	
li	釐	0	
li	離	0	
li	黧	0	
li	蘺	0	
li	囁	0	
li	灕	0	
li	籬	0	
li	驪	0	
li	鸝	0	
lia	俚	0	
lia	离	0	
lia	離	0	
lia	攡	0	
lim	林	0	
lim	睑	0	
lim	歛	0	
lim	𣜰	0	
lim	𥋲	0	
lim	瞼	0	
lim	𣟚	0	
linh	令	0	
linh	灵	0	
linh	冷	0	
linh	伶	0	
linh	拎	0	
linh	苓	0	
linh	泠	0	
linh	呤	0	
linh	柃	0	
linh	玲	0	
linh	鸰	0	
linh	铃	0	
linh	𬌴	0	
linh	蛄	0	
linh	笭	0	
linh	蛉	0	
linh	翎	0	
linh	舲	0	
linh	紷	0	
linh	羚	0	
linh	𪹂	0	
linh	龄	0	
linh	傳	0	
linh	零	0	
linh	鈴	0	
linh	鲮	0	
linh	鴒	0	
linh	鯪	0	
linh	齡	0	
linh	靈	0	
linh	𤅷	0	
liu	了	0	
liu	流	0	
liu	蟟	0	
liem	奁	0	
liem	帘	0	
liem	溓	0	
liem	廉	0	
liem	搛	0	
liem	熑	0	
liem	奩	0	
liem	稴	0	
liem	匳	0	
liem	薕	0	
liem	臁	0	
liem	镰	0	
liem	鎌	0	
liem	蠊	0	
liem	簾	0	
liem	蘝	0	
liem	鐮	0	
lien	连	0	
lien	怜	0	
lien	涟	0	
lien	連	0	
lien	莲	0	
lien	链	0	
lien	联	0	
lien	裢	0	
lien	嗹	0	
lien	蓮	0	
lien	漣	0	
lien	鲢	0	
lien	聫	0	
lien	褳	0	
lien	噒	0	
lien	縺	0	
lien	蹥	0	
lien	𧐖	0	
lien	聯	0	
lien	鏈	0	
lien	鰱	0	
lieng	令	0	
lieng	灵	0	
lieng	靈	0	
lieu	辽	0	
lieu	聊	0	
lieu	廖	0	
lieu	綹	0	
lieu	僚	0	
lieu	寥	0	
lieu	缭	0	
lieu	寮	0	
lieu	獠	0	
lieu	撩	0	
lieu	遼	0	
lieu	潦	0	
lieu	燎	0	
lieu	暸	0	
lieu	鹩	0	
lieu	镣	0	
lieu	𧐖	0	
lieu	瞭	0	
lieu	繚	0	
lieu	蟟	0	
lieu	鐐	0	
lieu	髎	0	
lieu	鷯	0	
liec	列	0	
liec	挒	0	
liec	烈	0	
liec	𥆁	0	
liec	𥆀	0	
liec	𥉬	0	
liec	𥋷	0	
liem	舐	0	
liem	舔	0	
liem	舓	0	
liem	舚	0	
liem	𦧷	0	
liem	𡄥	0	
lien	连	0	
lien	連	0	
lien	嗹	0	
lieng	另	0	
lieng	玲	0	
lieng	翎	0	
liep	笠	0	
liep	𡓍	0	
liep	䉭	0	
liep	𥸆	0	
liem	镰	0	
liem	鎌	0	
liem	鐮	0	
lien	连	0	
lien	吝	0	
lien	𫢧	0	
lien	連	0	
lien	联	0	
lien	聯	0	
lieu	料	0	
lieu	嘹	0	
lieu	療	0	
lien	连	0	
lien	連	0	
lieng	冷	0	
lieng	𨀌	0	
lieu	簝	0	
liem	莶	0	
liem	殓	0	
liem	敛	0	
liem	薟	0	
liem	殮	0	
liem	歛	0	
liem	斂	0	
liem	蘝	0	
lien	辇	0	
lien	联	0	
lien	摙	0	
lien	璉	0	
lien	輦	0	
lien	撵	0	
lien	䃛	0	
lien	聯	0	
lien	攆	0	
lieu	了	0	
lieu	钌	0	
lieu	柳	0	
lieu	釕	0	
lieu	蓼	0	
lieu	缭	0	
lieu	瞭	0	
lieu	簝	0	
lieu	繚	0	
liem	敛	0	
liem	殓	0	
liem	斂	0	
liem	殮	0	
liem	歛	0	
lien	连	0	
lien	連	0	
lieng	令	0	
lieng	呤	0	
lieng	𫅤	0	
lieng	翎	0	
lieng	𩙳	0	
lieng	𠖝	0	
liep	猎	0	
liep	巤	0	
liep	獵	0	
liep	擸	0	
liep	𧀨	0	
liep	䉭	0	
liep	躐	0	
liep	鬣	0	
liep	鱲	0	
liet	劣	0	
liet	列	0	
liet	冽	0	
liet	㤡	0	
liet	咧	0	
liet	洌	0	
liet	挒	0	
liet	迾	0	
liet	烈	0	
liet	捋	0	
liet	𬏩	0	
liet	裂	0	
liet	趔	0	
liet	鴷	0	
liet	𩷈	0	
liet	䴕	0	
lieu	尥	0	
lieu	疗	0	
lieu	料	0	
lieu	憭	0	
lieu	嘹	0	
lieu	撩	0	
lieu	燎	0	
lieu	療	0	
lieu	瞭	0	
lieu	鐐	0	
lo	𢗼	0	
lo	𠰷	0	
lo	慮	0	
lo	嚧	0	
lo	𢥈	0	
loa	脶	0	
loa	腡	0	
loa	蔂	0	
loa	骡	0	
loa	瘰	0	
loa	螺	0	
loa	騾	0	
loa	驘	0	
loan	峦	0	
loan	弯	0	
loan	孪	0	
loan	栾	0	
loan	鸾	0	
loan	脔	0	
loan	湙	0	
loan	銮	0	
loan	鵉	0	
loan	孿	0	
loan	圝	0	
loan	彎	0	
loan	欒	0	
loan	灣	0	
loan	臠	0	
loan	鑾	0	
loan	鸞	0	
loang	郎	0	
loang	挛	0	
loang	攣	0	
loanh	令	0	
loanh	𮞊	0	
loay	挥	0	
loay	揮	0	
loe	螺	0	
loe	蘺	0	
loen	郎	0	
loi	𡀂	0	
loi	㵢	0	
loi	𩁦	0	
lom	林	0	
lom	临	0	
lom	臨	0	
lom	𦡶	0	
lom	𡄦	0	
lom	𥍍	0	
lon	轮	0	
lon	崙	0	
lon	輪	0	
lon	𨫅	0	
long	龙	0	
long	拢	0	
long	泷	0	
long	咙	0	
long	㚅	0	
long	珑	0	
long	竜	0	
long	隆	0	
long	滝	0	
long	𢲣	0	
long	龍	0	
long	嚨	0	
long	瀧	0	
long	攏	0	
long	瓏	0	
loa	𥅦	0	
loa	𤍶	0	
loa	𫤡	0	
loa	蠃	0	
loa	𩇍	0	
loai	爻	0	
loai	类	0	
loai	𩑛	0	
loai	𩔗	0	
loai	類	0	
loan	乱	0	
loan	亂	0	
loa	𤆷	0	
loa	𤍶	0	
loang	湙	0	
loang	爌	0	
loang	灣	0	
loat	轧	0	
loat	軋	0	
loat	刷	0	
loat	捋	0	
loat	涮	0	
loat	揠	0	
loat	𠷈	0	
loa	伙	0	
loa	钬	0	
loa	𪡉	0	
loa	鈥	0	
loa	裸	0	
loa	夥	0	
loa	颗	0	
loa	顆	0	
loa	𤁖	0	
loa	臝	0	
loa	攭	0	
loang	湙	0	
loang	灣	0	
loe	𤍶	0	
loe	𫤡	0	
loe	𤑬	0	
loe	𤍶	0	
loe	𤑬	0	
loet	刷	0	
loet	𪽯	0	
loet	𤷯	0	
loai	类	0	
loai	𩑛	0	
loai	𩔗	0	
loai	類	0	
loai	巒	0	
loan	乱	0	
loan	亂	0	
loang	𨂺	0	
loang	𨈊	0	
loat	刷	0	
loat	拉	0	
loa	蠃	0	
loap	𪺦	0	
loat	搮	0	
loet	列	0	
loen	郎	0	
loong	哢	0	
lu	卢	0	
lu	娄	0	
lu	婁	0	
lu	偻	0	
lu	僂	0	
lu	盧	0	
lua	𠰷	0	
lui	𫩍	0	
lui	𬰉	0	
lui	𨆢	0	
lui	𬧾	0	
lui	𨙝	0	
lum	林	0	
lun	纶	0	
lun	綸	0	
lung	龙	0	
lung	𢫝	0	
lung	咙	0	
lung	茏	0	
lung	泷	0	
lung	珑	0	
lung	栊	0	
lung	昽	0	
lung	胧	0	
lung	眬	0	
lung	砻	0	
lung	隆	0	
lung	笼	0	
lung	㖫	0	
lung	𢲣	0	
lung	𢴋	0	
lung	癃	0	
lung	龍	0	
lung	篭	0	
lung	蘢	0	
lung	𢥆	0	
lung	𢹈	0	
lung	嚨	0	
lung	櫳	0	
lung	瓏	0	
lung	曨	0	
lung	朧	0	
lung	礱	0	
lung	矓	0	
lung	蠪	0	
lung	籠	0	
lung	䏊	0	
lung	躘	0	
lung	鑨	0	
luy	嫘	0	
luy	缧	0	
luy	瘰	0	
luy	縲	0	
luy	羸	0	
luyen	挛	0	
luyen	攣	0	
luyen	娈	0	
luyen	恋	0	
luyen	孌	0	
luyen	戀	0	
luyen	练	0	
luyen	栋	0	
luyen	炼	0	
luyen	湅	0	
luyen	楝	0	
luyen	煉	0	
luyen	𧍴	0	
luyen	練	0	
luyen	鍊	0	
lua	𧀦	0	
lua	穭	0	
luan	仑	0	
luan	伦	0	
luan	纶	0	
luan	囵	0	
luan	沦	0	
luan	抡	0	
luan	轮	0	
luan	侖	0	
luan	倫	0	
luan	惀	0	
luan	崙	0	
luan	圇	0	
luan	菕	0	
luan	掄	0	
luan	淪	0	
luan	腀	0	
luan	綸	0	
luan	蜦	0	
luan	輪	0	
lua	屡	0	
lua	屢	0	
luom	襤	0	
luon	沦	0	
luon	轮	0	
luon	淪	0	
luon	㫻	0	
luon	輪	0	
luon	𫷓	0	
luong	㳥	0	
luong	笼	0	
luong	𪥛	0	
luong	篭	0	
luong	籠	0	
luynh	恋	0	
luynh	戀	0	
luan	悋	0	
luan	惀	0	
luan	论	0	
luan	論	0	
luat	律	0	
luat	𧊐	0	
luat	箻	0	
luoc	绿	0	
luoc	綠	0	
luoc	緑	0	
luong	陇	0	
luong	𪽏	0	
luong	𨻫	0	
luong	滝	0	
luong	𡏡	0	
luong	隴	0	
luong	𬕺	0	
luot	律	0	
luot	𢯰	0	
luot	𦂻	0	
luon	论	0	
luon	伦	0	
luon	沦	0	
luon	抡	0	
luon	纯	0	
luon	倫	0	
luon	純	0	
luon	淪	0	
luon	𠁄	0	
luon	𫐮	0	
luon	掄	0	
luon	𫠳	0	
luon	𠍓	0	
luon	𢳳	0	
luon	論	0	
luon	𫁛	0	
luong	龙	0	
luong	弄	0	
luong	笼	0	
luong	𧏵	0	
luong	龍	0	
luong	篭	0	
luong	𪚓	0	
luong	籠	0	
luong	蠪	0	
luong	蠬	0	
luoc	绿	0	
luoc	綠	0	
luoc	緑	0	
luoi	𤻳	0	
luoc	𤈠	0	
luoc	淥	0	
luoc	𤊒	0	
luoc	磊	0	
luoc	𤐠	0	
luoc	灟	0	
luoc	爥	0	
luom	滥	0	
luom	濫	0	
luot	𧙀	0	
luot	䋖	0	
luot	𦂻	0	
luy	戾	0	
luy	淚	0	
luy	累	0	
luy	誄	0	
luy	纍	0	
luy	垒	0	
luy	累	0	
luy	絫	0	
luy	藟	0	
luy	壘	0	
luy	纍	0	
luy	虆	0	
ly	厘	0	
ly	璃	0	
ly	氂	0	
ly	離	0	
ly	釐	0	
la	𪜀	0	
la	罗	0	
la	羅	0	
la	纙	0	
lai	来	0	
lai	來	0	
lai	莉	0	
lai	萊	0	
lai	𢆠	0	
lam	三	0	
lam	爫	0	
lam	𪵯	0	
lam	𬈋	0	
lam	滥	0	
lam	濫	0	
lan	阑	0	
lan	澜	0	
lan	篮	0	
lan	闌	0	
lan	籃	0	
lan	瀾	0	
lan	灡	0	
lan	𡔔	0	
lang	郎	0	
lang	廊	0	
lang	榔	0	
lanh	令	0	
lanh	伶	0	
lanh	冷	0	
lanh	姈	0	
lanh	苓	0	
lanh	怜	0	
lanh	𫅜	0	
lanh	𬙽	0	
lanh	𫅞	0	
lanh	𡅑	0	
lanh	𡅐	0	
lao	牢	0	
lao	𠈭	0	
lao	狫	0	
lau	耂	0	
lau	𠮩	0	
lau	老	0	
lau	𬚊	0	
lau	恅	0	
lau	咾	0	
lau	𬑑	0	
lau	喽	0	
lau	嘍	0	
lau	漏	0	
lay	𢹿	0	
la	萝	0	
la	𦲿	0	
la	蘿	0	
lac	咧	0	
lac	栎	0	
lac	咯	0	
lac	落	0	
lac	𡀩	0	
lac	嚛	0	
lac	𥋷	0	
lac	櫟	0	
lach	藶	0	
lach	攊	0	
lach	𫇀	0	
lach	𥷒	0	
lai	𫶵	0	
lai	俚	0	
lai	梩	0	
lai	𬃻	0	
lai	𢁑	0	
lam	𤃢	0	
lan	栏	0	
lan	欄	0	
lang	邻	0	
lang	烂	0	
lang	浪	0	
lang	朗	0	
lang	廊	0	
lang	㫰	0	
lang	𠌇	0	
lang	鄰	0	
lang	𣼽	0	
lang	爛	0	
lanh	另	0	
lanh	伶	0	
lanh	映	0	
lanh	𪸝	0	
lanh	𪡎	0	
lanh	𨀌	0	
lao	耂	0	
lao	老	0	
lao	咾	0	
lao	島	0	
lap	拉	0	
lap	啦	0	
lap	措	0	
lap	邋	0	
lap	擸	0	
lap	躐	0	
lat	落	0	
lat	辣	0	
lat	𣋛	0	
lat	𤁕	0	
lat	𣋩	0	
lat	𬅀	0	
lau	耂	0	
lau	老	0	
lau	喽	0	
lay	𥙩	0	
lay	𠸨	0	
lay	𥈯	0	
lay	𨅼	0	
lam	林	0	
lam	临	0	
lam	淋	0	
lam	崊	0	
lam	啉	0	
lam	琳	0	
lam	霖	0	
lam	臨	0	
lan	邻	0	
lan	吝	0	
lan	怜	0	
lan	粦	0	
lan	鄰	0	
lan	粼	0	
lan	隣	0	
lan	獜	0	
lan	撛	0	
lan	噒	0	
lan	遴	0	
lan	憐	0	
lan	嶙	0	
lan	辚	0	
lan	燐	0	
lan	磷	0	
lan	瞵	0	
lan	轔	0	
lan	鳞	0	
lan	麟	0	
lan	鱗	0	
lang	凌	0	
lang	淩	0	
lau	旧	0	
lau	娄	0	
lau	剅	0	
lau	婁	0	
lau	𫦉	0	
lau	偻	0	
lau	𥹰	0	
lau	喽	0	
lau	蒌	0	
lau	搂	0	
lau	𠞭	0	
lau	僂	0	
lau	楼	0	
lau	摟	0	
lau	䁖	0	
lau	漏	0	
lau	嘍	0	
lau	瘘	0	
lau	蔞	0	
lau	樓	0	
lau	蝼	0	
lau	耧	0	
lau	篓	0	
lau	瘻	0	
lau	瘺	0	
lau	瞜	0	
lau	簍	0	
lau	螻	0	
lau	舊	0	
lau	耬	0	
lau	髅	0	
lau	髏	0	
lau	䱾	0	
lau	𦧃	0	
lay	来	0	
lay	涞	0	
lay	唻	0	
lay	淶	0	
la	吕	0	
la	呂	0	
la	𣳮	0	
la	铝	0	
la	鋁	0	
la	㩡	0	
la	藞	0	
lai	礼	0	
lai	𥚄	0	
lai	赉	0	
lai	𥚥	0	
lai	賚	0	
lai	禮	0	
lai	蠡	0	
lai	𧕬	0	
lam	览	0	
lam	缆	0	
lam	揽	0	
lam	𥦝	0	
lam	榄	0	
lam	罱	0	
lam	覧	0	
lam	㩜	0	
lam	擥	0	
lam	㰖	0	
lam	𤒢	0	
lam	覽	0	
lam	䌫	0	
lam	攬	0	
lam	欖	0	
lam	纜	0	
lan	懒	0	
lan	懶	0	
lan	嬾	0	
lang	浪	0	
lang	朗	0	
lang	𢭹	0	
lang	烺	0	
lang	㫰	0	
lang	𢠯	0	
lang	𫻠	0	
lanh	冷	0	
lanh	冷	0	
lanh	囹	0	
lanh	岭	0	
lanh	聆	0	
lanh	领	0	
lanh	紷	0	
lanh	領	0	
lanh	嶺	0	
lao	耂	0	
lao	老	0	
lao	佬	0	
lao	恅	0	
lao	姥	0	
lao	咾	0	
lao	栳	0	
lao	铑	0	
lao	銠	0	
le	离	0	
le	摛	0	
le	漓	0	
le	𣗱	0	
le	𠻗	0	
le	𫬎	0	
le	離	0	
le	囄	0	
le	𪺇	0	
lem	廉	0	
lem	𠿳	0	
lem	醶	0	
len	摙	0	
leo	了	0	
leo	料	0	
leo	尞	0	
leo	缭	0	
leo	撩	0	
leo	𫃼	0	
leo	膫	0	
leo	橑	0	
leo	繚	0	
le	𥆼	0	
lem	𠿳	0	
lem	歛	0	
lem	蘝	0	
len	练	0	
len	辇	0	
len	联	0	
len	𨖲	0	
len	輦	0	
len	練	0	
len	蹥	0	
len	聯	0	
len	𥌦	0	
len	躒	0	
len	𨇍	0	
leo	了	0	
leo	𠮩	0	
leo	𢬢	0	
leo	嘹	0	
lep	笠	0	
lep	粒	0	
lep	𥼕	0	
lep	臘	0	
let	烈	0	
let	𥆁	0	
let	𥉬	0	
let	𦤭	0	
le	犁	0	
le	梨	0	
le	棃	0	
le	犂	0	
le	璃	0	
le	黎	0	
le	蔾	0	
le	𠠍	0	
le	藜	0	
le	瓈	0	
len	𨑗	0	
len	𬨠	0	
len	连	0	
len	連	0	
len	莲	0	
len	蓮	0	
len	𬨺	0	
len	𨕭	0	
len	𨖲	0	
len	𫧧	0	
lenh	令	0	
lenh	灵	0	
lenh	冷	0	
lenh	泠	0	
lenh	舲	0	
lenh	龄	0	
lenh	零	0	
lenh	齡	0	
lenh	靈	0	
leu	撩	0	
li	利	0	
li	離	0	
lia	里	0	
lia	例	0	
lia	离	0	
lia	詈	0	
lia	𬓞	0	
lia	離	0	
lim	𠿳	0	
lin	连	0	
lin	連	0	
linh	令	0	
linh	灵	0	
linh	昤	0	
linh	𣉏	0	
linh	𨩖	0	
linh	靈	0	
li	里	0	
li	李	0	
li	俚	0	
li	荲	0	
li	逦	0	
li	哩	0	
li	娌	0	
li	理	0	
li	锂	0	
li	裡	0	
li	裏	0	
li	鲡	0	
li	鋰	0	
li	履	0	
li	鲤	0	
li	鯉	0	
li	邐	0	
li	鱺	0	
lia	俚	0	
linh	另	0	
linh	𪜯	0	
linh	领	0	
linh	𠔦	0	
linh	𫫑	0	
linh	領	0	
lit	列	0	
liu	了	0	
liu	𠮩	0	
liu	哩	0	
lo	伩	0	
lo	炉	0	
lo	垆	0	
lo	爐	0	
loi	耒	0	
loi	𢬗	0	
loi	𤞖	0	
loi	𡋃	0	
loi	䋘	0	
loi	磊	0	
loi	𤢗	0	
loi	㵢	0	
loi	㩡	0	
loi	𥋸	0	
loi	𤢿	0	
loi	𦇒	0	
lom	爫	0	
lom	滥	0	
lom	𧹫	0	
lom	濫	0	
lon	论	0	
lon	𫐮	0	
lon	論	0	
lon	𨅽	0	
long	弄	0	
long	㺯	0	
long	𢙱	0	
long	𪫵	0	
long	𢚸	0	
long	𬚼	0	
lo	𤍊	0	
lo	撸	0	
lo	擼	0	
lo	𣋼	0	
lo	𥌧	0	
lo	露	0	
loc	六	0	
loc	𠯿	0	
loc	𫼚	0	
loc	𡉽	0	
loc	𬧡	0	
loc	淥	0	
loc	祿	0	
loc	膔	0	
loc	𡂎	0	
loc	䱚	0	
loc	𭋙	0	
loi	𤈞	0	
loi	磊	0	
loi	𤑭	0	
lom	览	0	
lom	覧	0	
lom	覽	0	
lom	𥗽	0	
long	弄	0	
lop	㕸	0	
lot	律	0	
lot	捽	0	
lot	𢯰	0	
lo	卢	0	
lo	芦	0	
lo	泸	0	
lo	炉	0	
lo	轳	0	
lo	栌	0	
lo	鸬	0	
lo	𬬻	0	
lo	𪾦	0	
lo	盧	0	
lo	㔧	0	
lo	瀘	0	
lo	嚧	0	
lo	蘆	0	
lo	爐	0	
lo	矑	0	
lo	轤	0	
lo	鑪	0	
lo	鸕	0	
loi	𠱤	0	
loi	雷	0	
loi	擂	0	
loi	𡀂	0	
loi	㵢	0	
loi	檑	0	
loi	礌	0	
loi	镭	0	
loi	𨆢	0	
loi	鐳	0	
loi	𪆼	0	
loi	𭡏	0	
lom	𨇣	0	
lon	仑	0	
lon	侖	0	
lon	崙	0	
long	𣭜	0	
long	𣯡	0	
long	𪱨	0	
long	𥪝	0	
long	𫅮	0	
long	𣰳	0	
long	𣰴	0	
long	𣰵	0	
long	𦒮	0	
long	𬖅	0	
long	𫅲	0	
lo	鲁	0	
lo	魯	0	
loi	𣑳	0	
loi	磊	0	
loi	㰁	0	
lom	凹	0	
lom	𪷃	0	
lom	𫬠	0	
lom	𤂺	0	
lom	𤃢	0	
lom	𡔑	0	
lom	𨰲	0	
long	陇	0	
long	𨻫	0	
long	𨁦	0	
long	隴	0	
lu	泸	0	
lu	瀘	0	
lua	𢫘	0	
lua	𫰮	0	
lua	搂	0	
lua	摟	0	
lua	攎	0	
lui	𤈞	0	
lui	𨀤	0	
lui	𤑭	0	
lui	𨇒	0	
lum	林	0	
lum	菻	0	
lum	啉	0	
lum	𦼚	0	
lum	䕺	0	
lun	伦	0	
lun	倫	0	
lun	𪿏	0	
lung	咙	0	
lung	茏	0	
lung	𢙐	0	
lung	𫥌	0	
lung	㳥	0	
lung	𨓡	0	
lung	𫣏	0	
lung	𫴳	0	
lung	𠺠	0	
lung	𣼰	0	
lung	憹	0	
lung	𬏖	0	
lung	蘢	0	
lung	嚨	0	
lung	𡫶	0	
lu	缕	0	
lu	屡	0	
lu	路	0	
lu	屢	0	
lu	縷	0	
lua	穭	0	
luc	六	0	
luc	陆	0	
luc	𫼚	0	
luc	𣅶	0	
luc	陸	0	
lui	𢬗	0	
lui	㩡	0	
lui	𩽊	0	
lum	廩	0	
lum	廪	0	
lum	𡄁	0	
lun	沦	0	
lun	顿	0	
lun	𠗣	0	
lun	淪	0	
lun	巽	0	
lun	頓	0	
lun	潠	0	
lung	龙	0	
lung	陇	0	
lung	𨻫	0	
lung	𠺠	0	
lung	龍	0	
lung	隴	0	
lut	𣹕	0	
ly	李	0	
ly	里	0	
ly	俚	0	
ly	哩	0	
ly	娌	0	
ly	理	0	
lam	林	0	
lam	啉	0	
lam	惏	0	
lam	𬂽	0	
lam	𠄻	0	
lan	邻	0	
lan	陵	0	
lan	凌	0	
lan	涟	0	
lan	漣	0	
lan	鄰	0	
lan	𡑝	0	
lan	撛	0	
lan	輘	0	
lan	遴	0	
lan	𬖩	0	
lan	辚	0	
lan	𬹏	0	
lan	𢸜	0	
lan	轔	0	
lan	𫬪	0	
lan	𨊌	0	
lang	凌	0	
lang	陵	0	
lang	浪	0	
lang	朗	0	
lang	凌	0	
lang	崚	0	
lang	淩	0	
lang	绫	0	
lang	堎	0	
lang	㖫	0	
lang	菱	0	
lang	塄	0	
lang	愣	0	
lang	棱	0	
lang	楞	0	
lang	稜	0	
lang	睖	0	
lang	稜	0	
lang	䗀	0	
lang	綾	0	
lang	薐	0	
lang	鲮	0	
lang	鯪	0	
linh	彾	0	
linh	岭	0	
linh	袊	0	
linh	领	0	
linh	紷	0	
linh	領	0	
linh	嶺	0	
linh	𦆺	0	
lœ	蘺	0	
lu	卢	0	
lu	泸	0	
lu	娄	0	
lu	婁	0	
lu	偻	0	
lu	屡	0	
lu	溇	0	
lu	缕	0	
lu	僂	0	
lu	褛	0	
lu	漊	0	
lu	屢	0	
lu	瘘	0	
lu	𠎪	0	
lu	寠	0	
lu	𬉆	0	
lu	𫫵	0	
lu	屦	0	
lu	瘻	0	
lu	盧	0	
lu	褸	0	
lu	屨	0	
lu	𡀿	0	
lu	縷	0	
lu	瀘	0	
lua	屡	0	
lua	屢	0	
lui	𬜽	0	
lum	廩	0	
lum	廪	0	
lun	仑	0	
lun	侖	0	
lung	陇	0	
lung	拢	0	
lung	垄	0	
lung	𨻫	0	
lung	𡏡	0	
lung	隴	0	
lung	壟	0	
lung	壠	0	
lung	攏	0	
luy	摞	0	
lo	卢	0	
lo	𠰷	0	
lo	闾	0	
lo	𣆐	0	
lo	𪾦	0	
lo	閭	0	
lo	閭	0	
lo	盧	0	
lo	嚧	0	
lo	曥	0	
lo	矑	0	
lo	𪭃	0	
loi	来	0	
loi	來	0	
loi	涞	0	
loi	𢯦	0	
loi	淶	0	
loi	𬯩	0	
lon	兰	0	
lon	栏	0	
lon	谰	0	
lon	𪢌	0	
lon	㘓	0	
lon	蘭	0	
lon	欄	0	
lon	囒	0	
lon	讕	0	
lon	欗	0	
lu	卢	0	
lu	驴	0	
lu	芦	0	
lu	庐	0	
lu	𢫘	0	
lu	炉	0	
lu	𣆐	0	
lu	闾	0	
lu	鸬	0	
lu	捋	0	
lu	颅	0	
lu	榈	0	
lu	鲈	0	
lu	閭	0	
lu	𩢬	0	
lu	閭	0	
lu	𫙔	0	
lu	盧	0	
lu	櫚	0	
lu	瀘	0	
lu	廬	0	
lu	攎	0	
lu	嚧	0	
lu	蘆	0	
lu	爐	0	
lu	曥	0	
lu	矑	0	
lu	籚	0	
lu	鑪	0	
lu	顱	0	
lu	驢	0	
lu	鱸	0	
lu	鸕	0	
lua	侶	0	
lung	凌	0	
lung	𣇾	0	
lung	𦝄	0	
lung	𠦻	0	
lung	𨉞	0	
lung	𦡟	0	
luu	刘	0	
luu	𪽋	0	
luu	浏	0	
luu	流	0	
luu	留	0	
luu	琉	0	
luu	旈	0	
luu	畱	0	
luu	硫	0	
luu	馏	0	
luu	蒥	0	
luu	溜	0	
luu	熘	0	
luu	鹠	0	
luu	劉	0	
luu	镏	0	
luu	橊	0	
luu	鹨	0	
luu	蹓	0	
luu	瀏	0	
luu	餾	0	
luu	鎏	0	
luu	鎦	0	
luu	鏐	0	
luu	騮	0	
luu	鶹	0	
luu	鷚	0	
luu	𭄁	0	
luom	襤	0	
luon	鲢	0	
luon	𧐖	0	
luon	𩷕	0	
luon	鳝	0	
luon	鰱	0	
luon	鱔	0	
luon	𩽥	0	
luong	良	0	
luong	莨	0	
luong	凉	0	
luong	梁	0	
luong	涼	0	
luong	粱	0	
luong	粮	0	
luong	踉	0	
luong	綡	0	
luong	樑	0	
luong	𩷕	0	
luong	糧	0	
luoi	䋥	0	
luop	㕸	0	
luot	列	0	
luot	迾	0	
luot	挒	0	
luot	洌	0	
luot	𬆒	0	
luot	律	0	
luot	烈	0	
luot	掠	0	
luot	淬	0	
luot	𪩤	0	
luot	辣	0	
luot	𤁕	0	
luoi	倈	0	
luoi	𫪁	0	
luoi	唻	0	
luoi	𢜞	0	
luoi	懒	0	
luoi	懶	0	
luom	𥋲	0	
luon	𦝹	0	
luon	𦟪	0	
luon	欗	0	
luon	𢺤	0	
luong	量	0	
luong	𪬨	0	
luong	𫾄	0	
luon	炼	0	
luon	煉	0	
luot	𬠼	0	
luoi	礼	0	
luoi	吏	0	
luoi	𥚇	0	
luoi	𦧜	0	
luoi	禮	0	
luoi	𦧽	0	
luong	两	0	
luong	兩	0	
luong	俩	0	
luong	倆	0	
luong	辆	0	
luong	輛	0	
luoc	略	0	
luoc	掠	0	
luoc	畧	0	
luoc	撂	0	
luoc	𥳂	0	
luoi	𣳪	0	
luom	歛	0	
luom	𢹦	0	
luon	论	0	
luon	扙	0	
luon	𫅤	0	
luon	𦑅	0	
luon	論	0	
luon	𤀚	0	
luon	歛	0	
luon	灡	0	
luong	两	0	
luong	兩	0	
luong	亮	0	
luong	哴	0	
luong	谅	0	
luong	量	0	
luong	喨	0	
luong	晾	0	
luong	緉	0	
luong	諒	0	
luot	列	0	
luot	例	0	
luot	掠	0	
luot	𧙷	0	
luot	𦀎	0	
luot	𠞺	0	
luot	辣	0	
luot	𦃾	0	
la	吕	0	
la	呂	0	
la	罗	0	
la	𬨨	0	
la	𨓐	0	
la	𨓡	0	
la	𨔍	0	
la	逻	0	
la	𡚎	0	
la	𤳧	0	
la	羅	0	
la	𡄀	0	
la	邏	0	
la	纙	0	
la	𡆗	0	
la	𦍉	0	
la	𤴏	0	
lac	乐	0	
lac	泺	0	
lac	荦	0	
lac	洛	0	
lac	咯	0	
lac	络	0	
lac	烙	0	
lac	䀩	0	
lac	铬	0	
lac	硌	0	
lac	落	0	
lac	絡	0	
lac	跞	0	
lac	𧳇	0	
lac	貉	0	
lac	楽	0	
lac	鉻	0	
lac	犖	0	
lac	雒	0	
lac	樂	0	
lac	駱	0	
lac	鴼	0	
lac	㦡	0	
lac	濼	0	
lac	躒	0	
lach	沥	0	
lach	勒	0	
lach	㴖	0	
lach	瀝	0	
lach	𤃝	0	
lai	又	0	
lai	吏	0	
lai	来	0	
lai	來	0	
lai	徕	0	
lai	徠	0	
lai	赉	0	
lai	赖	0	
lai	𠻇	0	
lai	𬃻	0	
lai	𫣚	0	
lai	賚	0	
lai	賴	0	
lai	癞	0	
lai	籁	0	
lai	癩	0	
lai	籟	0	
lam	𬈋	0	
lam	滥	0	
lam	㜮	0	
lam	嚂	0	
lam	濫	0	
lam	爁	0	
lan	烂	0	
lan	㦨	0	
lan	爛	0	
lan	䃹	0	
lang	两	0	
lang	兩	0	
lang	倆	0	
lang	谅	0	
lang	唡	0	
lang	啢	0	
lang	諒	0	
lang	魎	0	
lanh	令	0	
lanh	冷	0	
lanh	㳥	0	
lanh	𨗺	0	
lao	劳	0	
lao	捞	0	
lao	涝	0	
lao	唠	0	
lao	𣓿	0	
lao	勞	0	
lao	耢	0	
lao	澇	0	
lao	嘹	0	
lao	嘮	0	
lao	撈	0	
lao	潦	0	
lao	橯	0	
lao	繚	0	
lao	耮	0	
lap	旯	0	
lap	垃	0	
lap	拉	0	
lap	㡴	0	
lap	剌	0	
lap	柆	0	
lap	笠	0	
lap	啦	0	
lap	粒	0	
lap	猎	0	
lap	腊	0	
lap	𤟰	0	
lap	蜡	0	
lap	蝲	0	
lap	臈	0	
lap	鞡	0	
lap	邋	0	
lap	獵	0	
lap	爉	0	
lap	臘	0	
lap	镴	0	
lap	𨮎	0	
lap	蠟	0	
lap	躐	0	
lap	鑞	0	
lap	鬣	0	
lat	剌	0	
lat	茖	0	
lat	络	0	
lat	喇	0	
lat	絡	0	
lat	笿	0	
lat	瘌	0	
lat	辣	0	
lat	蝲	0	
lat	𪢘	0	
lat	𤁕	0	
lat	𫶼	0	
lat	𬅀	0	
lat	𤻬	0	
lat	䱨	0	
lat	𥶁	0	
lau	陋	0	
lau	漏	0	
lay	礼	0	
lay	吏	0	
lay	𫼲	0	
lay	𥚄	0	
lay	𢯦	0	
lay	𥛉	0	
lay	禮	0	
la	扡	0	
la	呂	0	
la	把	0	
la	拖	0	
la	𪫦	0	
la	𣳮	0	
la	𫤉	0	
lac	𭢥	0	
lai	𫪁	0	
lai	𢯦	0	
lai	唻	0	
lam	啉	0	
lam	𠼖	0	
lang	郎	0	
lang	浪	0	
lang	朗	0	
lang	𨃹	0	
lang	𨅉	0	
lanh	冷	0	
lanh	𪽏	0	
lanh	领	0	
lanh	領	0	
lao	耂	0	
lao	老	0	
lao	㧯	0	
lao	𢭂	0	
lao	憦	0	
lao	潦	0	
lap	臘	0	
lau	耂	0	
lau	老	0	
lau	𦕳	0	
lay	𢬦	0	
lay	𥙒	0	
lay	𢯦	0	
lay	𢴙	0	
lay	𢹿	0	
lay	攭	0	
lac	勒	0	
lam	伦	0	
lam	临	0	
lam	倫	0	
lam	淋	0	
lam	𡍚	0	
lam	霖	0	
lam	𡒄	0	
lam	壈	0	
lam	臨	0	
lam	𥋶	0	
lam	𤃢	0	
lam	𡓔	0	
lan	论	0	
lan	吝	0	
lan	林	0	
lan	𪡍	0	
lan	𠳺	0	
lan	𢭹	0	
lan	粦	0	
lan	論	0	
lan	遴	0	
lang	𨃹	0	
lap	立	0	
lap	垃	0	
lap	拉	0	
lap	𤇥	0	
lat	勒	0	
lat	㗚	0	
lau	䱾	0	
lay	礼	0	
lay	𥙩	0	
lay	𫩉	0	
lay	禮	0	
lam	林	0	
lam	惏	0	
lam	啉	0	
lam	淋	0	
lam	𡍚	0	
lam	𪩦	0	
lam	𪾭	0	
lam	懍	0	
lam	懔	0	
lam	檒	0	
lam	瀶	0	
lan	纶	0	
lan	吝	0	
lan	𢭹	0	
lan	寅	0	
lan	𠞺	0	
lan	路	0	
lan	綸	0	
lan	𨁮	0	
lan	𡫫	0	
lau	娄	0	
lau	婁	0	
lau	蒌	0	
lau	楼	0	
lau	蔞	0	
lau	漏	0	
lau	樓	0	
lay	𣱽	0	
lay	洡	0	
lay	浰	0	
lay	涞	0	
lay	淶	0	
lay	漓	0	
lay	𤀛	0	
lay	癞	0	
lay	癩	0	
lam	啉	0	
lam	廩	0	
lan	论	0	
lan	吝	0	
lan	𠳺	0	
lan	論	0	
lau	耂	0	
lau	老	0	
lau	𪶾	0	
lau	𨠴	0	
lau	𨢇	0	
lay	礼	0	
lay	𫸱	0	
lay	𢬦	0	
lay	禮	0	
lay	𫌖	0	
lay	𢹿	0	
lam	菻	0	
lam	稟	0	
lam	凜	0	
lam	凛	0	
lam	澟	0	
lam	廩	0	
lam	𡒄	0	
lam	廪	0	
lam	懍	0	
lam	懔	0	
lam	壈	0	
lam	檁	0	
lam	檩	0	
lam	𤃢	0	
lam	𫏠	0	
lam	𡓔	0	
lam	𫬠	0	
lan	耒	0	
lan	吝	0	
lan	免	0	
lan	悋	0	
lan	磊	0	
lau	𦓜	0	
lay	礼	0	
lay	𢬦	0	
lay	𢙔	0	
lay	𠲥	0	
lay	禮	0	
lay	𡅏	0	
lay	𡅐	0	
lay	𢹿	0	
lan	吝	0	
lan	恡	0	
lan	悋	0	
lan	蔺	0	
lan	撛	0	
lan	遴	0	
lan	橉	0	
lan	䗲	0	
lan	藺	0	
lap	立	0	
lap	立	0	
lap	苙	0	
lap	㕸	0	
lap	𤇥	0	
lat	栗	0	
lat	勒	0	
lat	凓	0	
lat	㗚	0	
lat	慄	0	
lat	慄	0	
lat	溧	0	
lat	搮	0	
lat	篥	0	
lau	陋	0	
lau	镂	0	
lau	漏	0	
lau	瘺	0	
lau	𨢇	0	
lau	𨩐	0	
lau	鏤	0	
lay	𥚄	0	
lay	𥛉	0	
lac	𢩮	0	
lac	𬜑	0	
lac	刻	0	
lac	勒	0	
lac	𢳝	0	
lam	禀	0	
lam	𪩦	0	
lam	稟	0	
lam	夦	0	
lam	廩	0	
lam	廪	0	
lam	𡗋	0	
lam	𪥀	0	
lam	𤯑	0	
lan	仑	0	
lan	侖	0	
lang	朗	0	
lang	啷	0	
lang	𢠯	0	
lang	𣼽	0	
lang	𠻴	0	
lang	𫆍	0	
lang	𦗏	0	
lap	立	0	
lap	垃	0	
lap	拉	0	
lap	㕸	0	
lap	擸	0	
lat	律	0	
lat	㗚	0	
lat	搮	0	
lat	𢴑	0	
lam	林	0	
lam	啉	0	
lan	吝	0	
lan	𤶾	0	
lan	𧋻	0	
lan	䗲	0	
lang	䗀	0	
lam	紧	0	
lam	緊	0	
lam	𬷞	0	
lam	𬷶	0	
lan	𢭹	0	
lan	𣵰	0	
lan	𣍵	0	
lang	𢭗	0	
lang	凌	0	
lang	朗	0	
lang	㖫	0	
lang	𣼽	0	
lam	澟	0	
lang	朗	0	
lang	筤	0	
lang	𬕨	0	
lac	忇	0	
lac	肋	0	
lac	胳	0	
lac	勒	0	
lac	𫃶	0	
lac	鳓	0	
lac	鰳	0	
lam	滥	0	
lam	凜	0	
lam	凛	0	
lam	濫	0	
lan	吝	0	
lan	𠓬	0	
lan	𣵰	0	
lan	凌	0	
lang	洛	0	
lang	𣵰	0	
lang	𠳺	0	
lang	浪	0	
lang	朗	0	
lang	𣼽	0	
lang	𠻴	0	
lang	𢀬	0	
lap	立	0	
lap	㕸	0	
lat	什	0	
lat	抇	0	
lat	栗	0	
lat	搮	0	
lat	𣙬	0	
lat	𤁕	0	
le	厉	0	
le	励	0	
le	呂	0	
le	淚	0	
le	厲	0	
le	勵	0	
le	𫑐	0	
lem	歛	0	
lem	鐮	0	
len	练	0	
len	練	0	
leng	冷	0	
leng	炩	0	
leo	𡡅	0	
leo	瞭	0	
lep	笠	0	
lep	躐	0	
lep	𩻑	0	
lep	鱲	0	
let	劣	0	
let	劣	0	
let	烈	0	
let	𨀺	0	
let	蹥	0	
let	𨃻	0	
let	𦤭	0	
le	礼	0	
le	𥘶	0	
le	𥙪	0	
le	𥛭	0	
le	𬯰	0	
le	禮	0	
lem	歛	0	
len	辇	0	
len	联	0	
len	輦	0	
len	𥊩	0	
len	聯	0	
len	𢤠	0	
len	躒	0	
len	𨇍	0	
leng	灵	0	
leng	玲	0	
leng	靈	0	
leo	了	0	
leo	𠖭	0	
leo	𠮩	0	
leo	𣱾	0	
leo	𢬢	0	
leo	𧾿	0	
leo	𬈚	0	
leo	𣼾	0	
leo	潦	0	
leo	嘹	0	
le	礼	0	
le	𫰣	0	
le	𠲥	0	
le	𥙪	0	
le	理	0	
le	𨤧	0	
le	𥛭	0	
len	𢤠	0	
leo	了	0	
leo	𠖭	0	
leo	耂	0	
leo	𣱾	0	
leo	老	0	
leo	𪞠	0	
leo	料	0	
leo	尞	0	
leo	瞭	0	
lech	历	0	
lech	𬫂	0	
lech	歷	0	
lech	𤃝	0	
lech	𤻤	0	
lech	癧	0	
let	烈	0	
let	𨀺	0	
let	蹥	0	
let	𨃻	0	
leu	了	0	
leu	耂	0	
leu	𠮩	0	
leu	老	0	
le	例	0	
le	𠅜	0	
le	𣈙	0	
le	𨦙	0	
lenh	令	0	
lenh	伶	0	
lenh	苓	0	
lenh	泠	0	
leu	了	0	
leu	𦫼	0	
leu	𬝮	0	
leu	寮	0	
leu	𦼔	0	
leu	簝	0	
le	礼	0	
le	例	0	
le	𠲥	0	
le	𥙧	0	
le	禮	0	
le	𡅏	0	
lenh	泠	0	
lenh	领	0	
lenh	領	0	
leu	了	0	
leu	疗	0	
leu	𫘵	0	
leu	僚	0	
leu	療	0	
le	礼	0	
le	𠯋	0	
le	撸	0	
le	禮	0	
le	擼	0	
le	醴	0	
le	蠡	0	
le	鳢	0	
le	鱧	0	
lenh	领	0	
lenh	領	0	
le	礼	0	
le	厉	0	
le	励	0	
le	丽	0	
le	戾	0	
le	泪	0	
le	例	0	
le	隶	0	
le	疠	0	
le	疬	0	
le	俪	0	
le	荔	0	
le	茘	0	
le	浰	0	
le	砺	0	
le	淚	0	
le	唳	0	
le	棣	0	
le	厲	0	
le	勵	0	
le	隷	0	
le	癘	0	
le	禮	0	
le	隸	0	
le	麐	0	
le	麗	0	
le	礪	0	
le	𤻤	0	
le	癧	0	
le	儷	0	
lech	历	0	
lech	列	0	
lech	沥	0	
lech	歷	0	
lech	𪯯	0	
lech	瀝	0	
lech	𣄬	0	
lenh	令	0	
lenh	令	0	
lenh	怜	0	
lenh	炩	0	
lenh	鸰	0	
lenh	铃	0	
lenh	鈴	0	
lenh	鴒	0	
lep	𨅀	0	
let	𥆁	0	
let	𨀺	0	
let	蹥	0	
let	𨃻	0	
lia	𨁫	0	
lin	连	0	
lin	連	0	
linh	领	0	
linh	領	0	
lit	挒	0	
li	俐	0	
li	涖	0	
li	浰	0	
li	唎	0	
li	莉	0	
li	蛎	0	
li	痢	0	
li	詈	0	
li	䋥	0	
li	鬁	0	
li	蠣	0	
lia	里	0	
lich	历	0	
lich	沥	0	
lich	栃	0	
lich	轹	0	
lich	栎	0	
lich	砾	0	
lich	跞	0	
lich	厤	0	
lich	雳	0	
lich	歷	0	
lich	曆	0	
lich	嚦	0	
lich	藶	0	
lich	壢	0	
lich	櫟	0	
lich	𤃝	0	
lich	瀝	0	
lich	礫	0	
lich	櫪	0	
lich	躒	0	
lich	轢	0	
lich	𨇗	0	
lich	靂	0	
lich	𩽏	0	
lim	殓	0	
lim	殮	0	
lim	𡗋	0	
lin	𫇖	0	
linh	令	0	
lit	列	0	
liu	𠮩	0	
lo	路	0	
lo	㯝	0	
lo	𤮗	0	
loc	淥	0	
loc	滤	0	
loc	漉	0	
loc	𤀓	0	
loc	𡂎	0	
loc	𤀼	0	
loc	濾	0	
loc	𭊛	0	
loi	耒	0	
loi	𤈞	0	
loi	𥑶	0	
loi	磊	0	
loi	𤑭	0	
loi	𫴷	0	
lom	𦡶	0	
lom	𥍍	0	
lon	论	0	
lon	𠓻	0	
lon	𠓹	0	
lon	論	0	
lon	窿	0	
lon	𬣎	0	
lon	𫤍	0	
long	挵	0	
long	𢃈	0	
long	𠑋	0	
lop	垃	0	
lop	拉	0	
lot	律	0	
lot	津	0	
lot	突	0	
lot	𢯰	0	
lo	路	0	
loi	𥐧	0	
loi	𣢹	0	
loi	𨇒	0	
lom	览	0	
lom	𠼗	0	
lom	𦗝	0	
lom	覽	0	
lon	仑	0	
lon	侖	0	
long	龙	0	
long	弄	0	
long	㳥	0	
long	哢	0	
long	挵	0	
long	𢙱	0	
long	𨁦	0	
long	𣿅	0	
long	龍	0	
long	𨆞	0	
lo	𥌧	0	
lo	露	0	
loc	祿	0	
loi	𠱤	0	
loi	𣷮	0	
loi	𫮇	0	
loi	磊	0	
loi	㩡	0	
loi	𡓃	0	
loi	𤂬	0	
loi	𨇒	0	
lom	𤊭	0	
lom	𬞑	0	
lom	歛	0	
lom	爁	0	
lom	𤑸	0	
lom	𤒢	0	
lon	仑	0	
lon	论	0	
lon	侖	0	
lon	論	0	
lop	猎	0	
lop	獵	0	
lop	𡂏	0	
lop	𧀨	0	
lot	𧙻	0	
lot	葎	0	
lot	𪻃	0	
lot	𫉡	0	
lo	路	0	
lo	露	0	
loi	耒	0	
loi	洡	0	
loi	𡋃	0	
loi	眭	0	
loi	𥅦	0	
lom	林	0	
lom	𨂕	0	
lom	𨃎	0	
lon	𦟹	0	
lon	𧐩	0	
long	弄	0	
long	栊	0	
long	𫠯	0	
long	笼	0	
long	𢲣	0	
long	𪱨	0	
long	篭	0	
long	𨃸	0	
long	櫳	0	
long	籠	0	
long	躘	0	
lo	鲁	0	
lo	魯	0	
lom	𪾋	0	
lom	监	0	
lom	監	0	
lon	仑	0	
lon	侖	0	
long	挵	0	
long	梇	0	
lo	卤	0	
lo	虏	0	
lo	轳	0	
lo	鹵	0	
lo	掳	0	
lo	舻	0	
lo	鲁	0	
lo	𨋤	0	
lo	虜	0	
lo	滷	0	
lo	撸	0	
lo	魯	0	
lo	橹	0	
lo	擄	0	
lo	𪁇	0	
lo	镥	0	
lo	㯭	0	
lo	擼	0	
lo	嚕	0	
lo	瀂	0	
lo	𡓇	0	
lo	櫓	0	
lo	艣	0	
lo	𥶇	0	
lo	艪	0	
lo	艫	0	
lo	𨏧	0	
lo	鑥	0	
lo	轤	0	
lo	𥩍	0	
loi	耒	0	
loi	㑍	0	
loi	洡	0	
loi	𥅦	0	
loi	𥑶	0	
loi	𥓹	0	
loi	𨀤	0	
loi	酹	0	
loi	磊	0	
loi	蕾	0	
loi	儡	0	
loi	𢤡	0	
loi	颣	0	
loi	𤻳	0	
loi	纇	0	
lo	赂	0	
lo	路	0	
lo	賂	0	
lo	酪	0	
lo	㯝	0	
lo	鹭	0	
lo	簬	0	
lo	露	0	
lo	鷺	0	
loc	六	0	
loc	𦬩	0	
loc	鹿	0	
loc	𢮑	0	
loc	禄	0	
loc	祿	0	
loc	盝	0	
loc	碌	0	
loc	碌	0	
loc	漉	0	
loc	辘	0	
loc	轆	0	
loc	麓	0	
loi	耒	0	
loi	呐	0	
loi	洡	0	
loi	𣷮	0	
loi	𨀤	0	
loi	磊	0	
loi	𤂬	0	
loi	𨇒	0	
lom	滥	0	
lom	濫	0	
lon	仑	0	
lon	论	0	
lon	伦	0	
lon	侖	0	
lon	倫	0	
lon	𪵅	0	
lon	孵	0	
lon	論	0	
long	圹	0	
long	弄	0	
long	㳥	0	
long	哢	0	
long	挵	0	
long	梇	0	
long	衖	0	
long	壙	0	
lop	猎	0	
lop	笠	0	
lop	𨀎	0	
lop	獵	0	
lot	𢯰	0	
lot	𧎛	0	
lot	𦢴	0	
lo	呂	0	
lo	捛	0	
lo	𥺓	0	
lo	嚕	0	
lon	吝	0	
lon	𡘯	0	
lon	𪩥	0	
lon	𣁔	0	
lon	懒	0	
lon	𢀬	0	
lon	懶	0	
lon	𡚚	0	
lon	㦨	0	
lon	𢀲	0	
lop	立	0	
lop	垃	0	
lop	苙	0	
lop	泣	0	
lop	拉	0	
lop	𥘸	0	
lop	𤖹	0	
lop	笠	0	
lot	乙	0	
lot	𣼷	0	
lo	𪾦	0	
lo	盧	0	
lo	矑	0	
lo	𬜜	0	
lo	籚	0	
lo	𩆴	0	
loi	𢖵	0	
loi	𡗶	0	
loi	利	0	
loi	俐	0	
loi	唎	0	
loi	𢈱	0	
loi	𠳒	0	
loi	𠅜	0	
loi	𫜗	0	
lom	崊	0	
lom	啉	0	
lon	吝	0	
lon	𠳺	0	
lon	𪢌	0	
lon	㦦	0	
lon	㘓	0	
lon	㦨	0	
lon	囒	0	
lon	灡	0	
lon	𢦂	0	
lon	𬵿	0	
lo	呂	0	
lo	𨹬	0	
lo	𪡉	0	
lo	𡋿	0	
lo	𥓅	0	
lo	𥖕	0	
loi	礼	0	
loi	禮	0	
lom	览	0	
lom	覧	0	
lom	𡽾	0	
lom	𡾭	0	
lom	覽	0	
lom	囕	0	
lom	𥗽	0	
lo	女	0	
lo	呂	0	
lo	捛	0	
lo	侶	0	
lo	𣳮	0	
lo	𢙲	0	
lo	𠴊	0	
lo	㛎	0	
lo	𥖕	0	
lo	𫶴	0	
loi	礼	0	
loi	禮	0	
lom	览	0	
lom	覽	0	
lo	卢	0	
lo	慮	0	
lo	盧	0	
loi	利	0	
loi	俐	0	
loi	唎	0	
loi	莉	0	
loi	蛎	0	
loi	蜊	0	
loi	蠣	0	
loi	𪘌	0	
lom	滥	0	
lom	㜮	0	
lom	濫	0	
lon	吝	0	
lon	𤞼	0	
lon	𬍆	0	
lop	苙	0	
lop	拉	0	
lop	笠	0	
lot	𤁕	0	
lu	偻	0	
lu	僂	0	
lu	𦓉	0	
lua	缕	0	
lua	𫃵	0	
lua	縷	0	
lua	𫄄	0	
lua	𫄉	0	
lua	𫄎	0	
luc	六	0	
luc	𪦸	0	
luc	陆	0	
luc	录	0	
luc	陸	0	
luc	淥	0	
luc	绿	0	
luc	氯	0	
luc	碌	0	
luc	碌	0	
luc	僇	0	
luc	𥭼	0	
luc	綠	0	
luc	緑	0	
luc	戮	0	
luc	錄	0	
luc	磟	0	
luc	錄	0	
luc	録	0	
luc	䱚	0	
luc	籙	0	
lui	𣑳	0	
lui	𥟹	0	
lui	㰁	0	
lum	仑	0	
lum	伦	0	
lum	侖	0	
lum	倫	0	
lum	滥	0	
lum	濫	0	
lun	仑	0	
lun	论	0	
lun	侖	0	
lun	𧛈	0	
lun	論	0	
lung	弄	0	
lup	立	0	
lup	立	0	
lup	㡴	0	
lup	笠	0	
lup	雴	0	
lut	六	0	
lut	津	0	
lut	湥	0	
lut	𣹕	0	
lu	娄	0	
lu	婁	0	
lu	屡	0	
lu	褛	0	
lu	屢	0	
lu	褸	0	
lui	累	0	
lui	𨀤	0	
lui	藞	0	
lui	纍	0	
lui	𨇒	0	
lum	𡄁	0	
lum	V+60101	0	
lun	仑	0	
lun	侖	0	
lung	陇	0	
lung	𨻫	0	
lung	𥨋	0	
lung	隴	0	
lua	卢	0	
lua	呂	0	
lua	𪪏	0	
lua	侶	0	
lua	𡋿	0	
lua	盧	0	
luc	𫦨	0	
lung	朗	0	
lung	𨄂	0	
lut	栗	0	
lu	卢	0	
lu	虏	0	
lu	闾	0	
lu	𪽮	0	
lu	𪾦	0	
lu	虜	0	
lu	閭	0	
lu	盧	0	
lu	矑	0	
lu	籚	0	
lua	驭	0	
lua	𢗼	0	
lua	𢫘	0	
lua	𫊮	0	
lua	馭	0	
lua	馿	0	
lua	骡	0	
lua	𩢬	0	
lua	𡃖	0	
lua	攎	0	
lua	嚧	0	
lua	𬐸	0	
lua	𢥈	0	
lua	騾	0	
lua	驢	0	
lung	夌	0	
lung	凌	0	
lung	㖫	0	
lung	𤊥	0	
lu	呂	0	
lu	𠢬	0	
lu	㔧	0	
lua	呂	0	
lua	焒	0	
lung	朗	0	
lung	𣼽	0	
lung	𨅉	0	
lu	吕	0	
lu	呂	0	
lu	侣	0	
lu	侶	0	
lu	𢙲	0	
lu	旅	0	
lu	㛎	0	
lu	梠	0	
lu	铝	0	
lu	閭	0	
lu	膂	0	
lu	鋁	0	
lua	呂	0	
lua	侶	0	
lua	焒	0	
lung	朗	0	
lung	𨀊	0	
lung	𣼽	0	
lung	𨄂	0	
lung	𨅉	0	
lu	胪	0	
lu	虑	0	
lu	滤	0	
lu	慮	0	
lu	㔧	0	
lu	濾	0	
lu	𢥈	0	
lu	穭	0	
lu	臚	0	
lua	呂	0	
lua	芦	0	
lua	𢫘	0	
lua	捛	0	
lua	𢭸	0	
lua	𠴊	0	
lua	摅	0	
lua	路	0	
lua	𡃖	0	
lua	攄	0	
lua	攎	0	
lua	蘆	0	
luc	力	0	
lung	朗	0	
lung	掠	0	
lung	𩡜	0	
luu	𠮩	0	
luu	溜	0	
luu	榴	0	
luu	瘤	0	
luu	橊	0	
luu	霤	0	
ly	痢	0	
ma	么	0	
ma	妈	0	
ma	吗	0	
ma	麻	0	
ma	嗎	0	
ma	媽	0	
ma	慴	0	
ma	蔴	0	
ma	麽	0	
ma	𬍄	0	
ma	嘛	0	
ma	摩	0	
ma	磨	0	
ma	嬷	0	
ma	䁲	0	
ma	蘑	0	
ma	魔	0	
ma	V+60715	0	
mai	玫	0	
mai	枚	0	
mai	玟	0	
mai	埋	0	
mai	莓	0	
mai	梩	0	
mai	𠶣	0	
mai	梅	0	
mai	媒	0	
mai	𥓄	0	
mai	𣈕	0	
mai	𢲪	0	
mai	楳	0	
mai	煤	0	
mai	槑	0	
mai	𪰹	0	
mai	㜥	0	
mai	霉	0	
mai	𨨦	0	
mai	𫂚	0	
mai	霾	0	
mai	黴	0	
man	芒	0	
man	悗	0	
man	埋	0	
man	曼	0	
man	蛮	0	
man	谩	0	
man	𤡁	0	
man	𫣢	0	
man	漫	0	
man	蔓	0	
man	馒	0	
man	熳	0	
man	瞒	0	
man	颟	0	
man	瞞	0	
man	镘	0	
man	𬡯	0	
man	謾	0	
man	饅	0	
man	鳗	0	
man	鏝	0	
man	顢	0	
man	鰻	0	
man	蠻	0	
mang	邙	0	
mang	芒	0	
mang	忙	0	
mang	牤	0	
mang	杧	0	
mang	恾	0	
mang	𫼳	0	
mang	茫	0	
mang	𤞽	0	
mang	𦛿	0	
mang	釯	0	
mang	𥇀	0	
mang	𧋽	0	
mang	𧋻	0	
mang	𤛘	0	
mang	蟒	0	
manh	甿	0	
manh	氓	0	
manh	盲	0	
manh	虻	0	
manh	萌	0	
manh	蛮	0	
manh	甍	0	
manh	𥯋	0	
manh	蕄	0	
manh	瞑	0	
manh	蝱	0	
mao	毛	0	
mao	牦	0	
mao	茅	0	
mao	茆	0	
mao	𬐒	0	
mao	旄	0	
mao	酕	0	
mao	瑁	0	
mao	髦	0	
mao	氂	0	
mau	毛	0	
mau	牟	0	
mau	㕰	0	
mau	枚	0	
mau	速	0	
mau	䋃	0	
mau	𣭻	0	
mau	𫐿	0	
mau	𨖧	0	
mau	𫑋	0	
may	买	0	
may	枚	0	
may	幸	0	
may	𫥏	0	
may	埋	0	
may	𪝅	0	
may	𬂸	0	
may	𠶣	0	
may	𡮋	0	
may	買	0	
may	𫋿	0	
may	𧛉	0	
may	𦁼	0	
may	𫃷	0	
may	𦄆	0	
may	𢆨	0	
may	𢆧	0	
may	𩘄	0	
may	𢆪	0	
me	眉	0	
me	咩	0	
me	迷	0	
me	𠋥	0	
me	湄	0	
me	𤚤	0	
me	楣	0	
mem	𣼺	0	
men	绵	0	
men	綿	0	
men	𬧆	0	
men	𥽔	0	
men	𧅬	0	
men	𥾃	0	
meo	苗	0	
meo	猫	0	
mi	吀	0	
mi	眉	0	
mi	𠋥	0	
mi	湄	0	
mi	嵋	0	
mi	楣	0	
mi	镅	0	
mi	縻	0	
mi	糜	0	
mi	鎇	0	
mi	靡	0	
mi	鶥	0	
mi	劘	0	
mi	𧃲	0	
mi	蘼	0	
mi	䕷	0	
mi	醿	0	
min	绵	0	
min	綿	0	
min	㒙	0	
minh	明	0	
minh	鸣	0	
minh	茗	0	
minh	冥	0	
minh	铭	0	
minh	盟	0	
minh	𨠲	0	
minh	溟	0	
minh	酩	0	
minh	銘	0	
minh	鳴	0	
minh	暝	0	
minh	瞑	0	
minh	螟	0	
mien	纟	0	
mien	宀	0	
mien	糹	0	
mien	糸	0	
mien	沔	0	
mien	眠	0	
mien	绵	0	
mien	棉	0	
mien	閍	0	
mien	綿	0	
mien	摱	0	
mien	蝒	0	
mien	緜	0	
mien	㒙	0	
mieng	明	0	
mieu	苗	0	
mieu	猫	0	
mieu	喵	0	
mieu	描	0	
mieu	锚	0	
mieu	瞄	0	
mieu	鹋	0	
mieu	蝥	0	
mieu	貓	0	
mieu	錨	0	
mieu	𦏒	0	
mieu	鶓	0	
mieu	䕯	0	
miau	㕰	0	
mien	靣	0	
mien	面	0	
mien	湎	0	
mien	缅	0	
mien	緬	0	
mien	麪	0	
mien	糆	0	
mien	麺	0	
mien	麵	0	
mien	𭰫	0	
mieng	皿	0	
mieng	𠰳	0	
mieng	𠰘	0	
mieng	𠲶	0	
mieng	唤	0	
mieng	喚	0	
mieng	𠷦	0	
mieng	𨬋	0	
miet	蔑	0	
miet	瞥	0	
miet	篾	0	
miet	鳖	0	
miet	鱉	0	
mieu	庙	0	
mieu	眇	0	
mieu	𫮂	0	
mieu	廟	0	
mien	沔	0	
mien	𫦇	0	
mien	𨢻	0	
mieu	𦏒	0	
mieng	𨬋	0	
mieu	杪	0	
mieu	秒	0	
mieu	渺	0	
mieu	淼	0	
mien	免	0	
mien	勉	0	
mien	㛟	0	
mien	缅	0	
mien	𡞵	0	
mien	緬	0	
mien	鮸	0	
mieu	庙	0	
mieu	眇	0	
mieu	廟	0	
mien	丏	0	
mien	沔	0	
mien	眄	0	
mien	冕	0	
mien	湎	0	
mien	糆	0	
mieng	皿	0	
mieng	𠱄	0	
mieng	𠰘	0	
miet	𡌀	0	
miet	袜	0	
miet	𨡊	0	
miet	蔑	0	
miet	篾	0	
miet	櫗	0	
miet	㩢	0	
miet	襪	0	
miet	𣋻	0	
miet	䁾	0	
miet	衊	0	
miet	𤻻	0	
miet	蠛	0	
miet	韈	0	
miet	𪇴	0	
mo	谟	0	
mo	模	0	
mo	謨	0	
mo	𥀳	0	
mo	𧄲	0	
mo	𥷺	0	
moi	枚	0	
moi	娒	0	
moi	梅	0	
moi	𫴱	0	
moi	𧋟	0	
mon	门	0	
mon	们	0	
mon	門	0	
mon	𬦢	0	
mon	們	0	
mon	菛	0	
mon	𤷱	0	
mong	梦	0	
mong	夢	0	
mong	蒙	0	
mong	䝉	0	
mong	懞	0	
mong	矇	0	
mong	𭞾	0	
mooc	𬇏	0	
mu	模	0	
mua	𢱖	0	
mua	谟	0	
mua	摸	0	
mua	模	0	
mua	謨	0	
mua	𧷸	0	
mua	𡃗	0	
mua	𢺀	0	
mui	枚	0	
mui	梅	0	
mui	𦩚	0	
mui	𥯍	0	
mui	𠿃	0	
mui	𥴘	0	
mun	椚	0	
mung	𥵿	0	
mua	姥	0	
mua	𢱖	0	
mua	摹	0	
mua	𢷵	0	
muoi	枚	0	
muoi	梅	0	
muoi	媒	0	
muoi	𬄪	0	
muon	万	0	
muon	𬮙	0	
muon	𫔬	0	
muon	萬	0	
muon	閍	0	
muon	𨷈	0	
muong	𪺿	0	
muong	𤡌	0	
muong	獴	0	
muoi	每	0	
muoi	𠳨	0	
muoi	㙁	0	
muoi	酶	0	
muoi	𪉥	0	
muoi	𫜈	0	
muoi	𪉴	0	
muon	𫹰	0	
muon	闷	0	
muon	𫺓	0	
muon	悶	0	
muon	㦖	0	
muon	𬅳	0	
muong	梦	0	
muong	夢	0	
muong	蒙	0	
muong	𬞁	0	
muong	蕄	0	
muong	𡗐	0	
muong	𤮠	0	
muong	𧃶	0	
muong	𧅭	0	
muoi	味	0	
muoi	枚	0	
muoi	迷	0	
muoi	煤	0	
muong	菛	0	
muong	椚	0	
muong	檬	0	
muoi	枚	0	
muong	𨮵	0	
muot	末	0	
muot	沒	0	
muoi	𧋟	0	
muom	檬	0	
muom	𨮵	0	
muong	𢳠	0	
muong	𨮵	0	
muong	𨮒	0	
muoi	抺	0	
muoi	妹	0	
muoi	沬	0	
muoi	昧	0	
muoi	㶬	0	
muoi	眛	0	
muon	𡭜	0	
muon	闷	0	
muon	焖	0	
muon	𡮉	0	
muon	𡮆	0	
muon	晚	0	
muon	悶	0	
muon	㦖	0	
muon	燜	0	
muon	懑	0	
muon	懣	0	
ma	麻	0	
ma	𣻕	0	
ma	𢳀	0	
ma	罵	0	
ma	𦓡	0	
mai	眉	0	
mai	迷	0	
mai	埋	0	
mai	𥓄	0	
mai	𥓴	0	
mai	𪿥	0	
mai	𢲪	0	
mai	詸	0	
mai	𦷯	0	
mai	𥕄	0	
mai	磨	0	
man	满	0	
man	幔	0	
man	滿	0	
man	蔓	0	
man	幪	0	
mang	芒	0	
mang	忙	0	
mang	恾	0	
mang	茫	0	
mang	𠴏	0	
mang	𦛿	0	
mang	𥇀	0	
mang	幔	0	
mang	𬁌	0	
mang	𣊍	0	
mang	𩓜	0	
manh	萌	0	
manh	艋	0	
manh	甍	0	
manh	𥯋	0	
manh	𢅆	0	
manh	𫄁	0	
mao	毛	0	
mao	牟	0	
mao	㧌	0	
mao	芼	0	
mao	𦙤	0	
mao	冒	0	
mao	𣭰	0	
mao	𬚱	0	
mao	𬚶	0	
mao	帽	0	
mao	毷	0	
mao	𩠔	0	
mao	𩿘	0	
mau	牟	0	
mau	味	0	
mau	𬜝	0	
may	眉	0	
may	迷	0	
may	𣭒	0	
may	𠋥	0	
may	淐	0	
may	𣮮	0	
may	𪵟	0	
may	𡮠	0	
may	𫵇	0	
may	𥻡	0	
ma	妈	0	
ma	傌	0	
ma	媽	0	
ma	𦟐	0	
ma	𥡗	0	
ma	䔍	0	
ma	𦢷	0	
mac	莫	0	
mac	博	0	
mac	漠	0	
mac	鉳	0	
mac	𢨃	0	
mac	鏌	0	
mach	𠰌	0	
mach	𠼽	0	
mai	买	0	
mai	枚	0	
mai	梅	0	
mai	買	0	
mai	𠃅	0	
mai	㜥	0	
mai	𣛠	0	
mai	𡣧	0	
mai	𬄹	0	
mam	𢶹	0	
mam	𧤸	0	
man	蛮	0	
man	𫣢	0	
man	蠻	0	
mang	漫	0	
mang	𢳠	0	
mang	𣙷	0	
manh	茗	0	
manh	萌	0	
manh	𥯋	0	
mao	𠰭	0	
mat	𠖾	0	
mat	沫	0	
mat	𧉿	0	
mat	𫖼	0	
mat	𩗂	0	
mau	卯	0	
mau	泖	0	
mau	昴	0	
mau	𥁚	0	
mau	𧖱	0	
mau	𧖰	0	
mau	湈	0	
may	𠇍	0	
may	𢵯	0	
may	𣛠	0	
may	䁲	0	
mam	盘	0	
mam	𣙺	0	
mam	盤	0	
mam	䊟	0	
mam	鎫	0	
mam	𥃑	0	
mam	𨮍	0	
mam	𥃚	0	
mam	𥃛	0	
mam	𪾝	0	
man	旻	0	
man	玟	0	
man	抿	0	
man	玫	0	
man	珉	0	
man	闽	0	
man	蚊	0	
man	䋋	0	
man	缗	0	
man	緍	0	
man	閩	0	
man	緡	0	
man	𢺳	0	
mang	𤶼	0	
mau	矛	0	
mau	牟	0	
mau	侔	0	
mau	哞	0	
mau	眸	0	
mau	蛑	0	
mau	蟊	0	
may	迷	0	
may	𫡮	0	
may	梅	0	
may	𨗠	0	
may	𫂗	0	
may	𩄲	0	
may	𩅹	0	
may	𥷻	0	
may	𮈵	0	
ma	马	0	
ma	犸	0	
ma	吀	0	
ma	玛	0	
ma	码	0	
ma	咩	0	
ma	蚂	0	
ma	馬	0	
ma	獁	0	
ma	媽	0	
ma	瑪	0	
ma	碼	0	
ma	𦄀	0	
ma	螞	0	
ma	𫘖	0	
mai	买	0	
mai	荬	0	
mai	買	0	
mai	𫡠	0	
mai	蕒	0	
man	满	0	
man	滿	0	
man	𤡁	0	
man	螨	0	
man	蟎	0	
mang	杧	0	
mang	莽	0	
mang	蟒	0	
manh	皿	0	
manh	黾	0	
manh	莬	0	
manh	猛	0	
manh	黽	0	
manh	艋	0	
manh	蜢	0	
manh	錳	0	
manh	𫙍	0	
manh	V+603C9	0	
mao	卯	0	
mao	泖	0	
mao	昴	0	
mao	铆	0	
mao	帽	0	
mao	鉚	0	
may	买	0	
may	買	0	
me	米	0	
me	眉	0	
me	楣	0	
me	𥻡	0	
me	䱊	0	
me	𩹪	0	
me	𩺍	0	
mem	𣼺	0	
mem	𠻦	0	
men	𧓭	0	
meng	𬠫	0	
meo	猫	0	
meo	貓	0	
me	𠩕	0	
me	美	0	
me	𠸍	0	
me	𠃅	0	
me	𫎚	0	
mec	陌	0	
mec	𠼽	0	
mem	免	0	
mem	贬	0	
mem	貶	0	
men	缅	0	
men	緬	0	
meo	卯	0	
meo	𠰭	0	
meo	庙	0	
meo	𠶦	0	
meo	𬆆	0	
meo	廟	0	
mep	𠰏	0	
mep	法	0	
mep	𠲵	0	
mep	唼	0	
mep	𠵐	0	
mep	𠵽	0	
mep	𦝌	0	
met	𠼽	0	
met	衊	0	
me	迷	0	
me	詸	0	
me	瞇	0	
me	𣗌	0	
me	醚	0	
me	謎	0	
me	麋	0	
men	绵	0	
men	綿	0	
menh	明	0	
menh	冥	0	
menh	𣷠	0	
menh	溟	0	
menh	𫸏	0	
mi	眉	0	
mi	麪	0	
mi	麺	0	
mi	𫗗	0	
mi	麵	0	
mia	媚	0	
min	绵	0	
min	𪦓	0	
min	綿	0	
min	𡡆	0	
minh	名	0	
minh	𠇮	0	
minh	命	0	
minh	𠵴	0	
minh	𨉓	0	
minh	𨉟	0	
mi	眉	0	
mi	𦝺	0	
mi	𥈢	0	
mi	睸	0	
mia	𣖙	0	
mich	觅	0	
mich	覓	0	
mich	覔	0	
mim	嘜	0	
mim	𠻦	0	
mim	𪢃	0	
minh	茗	0	
minh	酩	0	
mip	𦚖	0	
mit	蔑	0	
mit	櫗	0	
mo	𤇦	0	
mo	𢱖	0	
mo	摸	0	
mo	暮	0	
mo	摹	0	
mo	䗋	0	
mo	蟆	0	
mo	𫾕	0	
mo	𤂨	0	
mo	𢺀	0	
moi	枚	0	
moi	𠳨	0	
moi	𠶣	0	
moi	䱕	0	
moi	𩸳	0	
mom	𥊙	0	
mon	𤷱	0	
mong	梦	0	
mong	夢	0	
mong	蒙	0	
mong	濛	0	
mong	𪩨	0	
mong	蠓	0	
mong	鸏	0	
mong	䴌	0	
mo	某	0	
mo	𢱖	0	
mo	𢱓	0	
mo	𪮍	0	
mo	摸	0	
mo	䮴	0	
moc	木	0	
moc	沐	0	
moc	𢪮	0	
moc	𠣛	0	
moc	㭉	0	
moc	莯	0	
moc	雬	0	
moc	鈢	0	
moc	霂	0	
moi	𢪛	0	
moi	枚	0	
moi	挴	0	
moi	梅	0	
moi	𢱖	0	
moi	𢵹	0	
moi	鋂	0	
mom	𠻦	0	
mon	门	0	
mon	们	0	
mon	門	0	
mon	們	0	
mon	菛	0	
mon	𦁺	0	
mong	梦	0	
mong	夢	0	
mong	幪	0	
mong	𡒯	0	
mong	𤔾	0	
mong	𤔻	0	
mong	𤘂	0	
mong	𤔽	0	
mong	𤘁	0	
mong	矇	0	
mong	蠓	0	
mong	𨮵	0	
mong	𧅭	0	
mop	𦚖	0	
mop	𢴓	0	
mot	𫽑	0	
mot	𬖫	0	
mot	懱	0	
mot	㩢	0	
mo	么	0	
mo	无	0	
mo	某	0	
mo	𢱖	0	
mo	谟	0	
mo	無	0	
mo	摸	0	
mo	馍	0	
mo	墓	0	
mo	模	0	
mo	摹	0	
mo	膜	0	
mo	麽	0	
mo	蟆	0	
mo	橅	0	
mo	謨	0	
mo	饃	0	
mo	饝	0	
moc	𬅧	0	
moi	每	0	
moi	枚	0	
moi	莓	0	
moi	㙁	0	
moi	𠶣	0	
moi	梅	0	
moi	媒	0	
moi	湈	0	
moi	㖼	0	
moi	𦲲	0	
moi	腜	0	
moi	𧋟	0	
moi	煤	0	
moi	楳	0	
moi	酶	0	
moi	鋂	0	
moi	𠿃	0	
moi	䱕	0	
mom	檬	0	
mon	门	0	
mon	们	0	
mon	扪	0	
mon	門	0	
mon	钔	0	
mon	們	0	
mon	菛	0	
mon	捫	0	
mon	鍆	0	
mong	虻	0	
mong	䝉	0	
mong	蒙	0	
mong	夢	0	
mong	蝱	0	
mong	幪	0	
mong	懞	0	
mong	濛	0	
mong	獴	0	
mong	檬	0	
mong	朦	0	
mong	曚	0	
mong	矇	0	
mong	艨	0	
mong	蠓	0	
mong	𦆟	0	
mong	靀	0	
mo	某	0	
mo	楳	0	
mo	𫂋	0	
mom	𠳨	0	
mom	𤎑	0	
mom	𡂅	0	
mu	戊	0	
mu	眓	0	
mu	𪾤	0	
mu	𫡪	0	
mu	𩂟	0	
mu	雾	0	
mu	模	0	
mu	瞙	0	
mu	𥊦	0	
mu	霧	0	
mu	𩹮	0	
mu	𩇅	0	
mua	务	0	
mua	𪫆	0	
mua	務	0	
mua	𬁒	0	
mua	𫯊	0	
mui	未	0	
mui	味	0	
mui	苿	0	
mui	瑁	0	
mun	𡍜	0	
mun	椚	0	
mung	梦	0	
mung	夢	0	
mung	幪	0	
mung	曚	0	
mung	𦆟	0	
mung	𧅭	0	
mu	𩹮	0	
mua	姥	0	
mua	務	0	
mua	媒	0	
mua	𢱖	0	
mua	𢱓	0	
mua	𪮍	0	
mua	摹	0	
mua	舞	0	
mua	𢷵	0	
mua	𦨂	0	
muc	沐	0	
muc	𢪷	0	
muc	𢬐	0	
mui	每	0	
mui	𤗆	0	
mui	脢	0	
mui	梅	0	
mui	𧋟	0	
mui	䋦	0	
mup	柉	0	
mut	蔑	0	
mut	𡃙	0	
mut	嚜	0	
man	𪮳	0	
man	𢺳	0	
mang	忙	0	
mang	笀	0	
mang	𣒣	0	
mang	𥭎	0	
mang	𦀴	0	
mang	𥭶	0	
mang	𩷶	0	
mang	𬕼	0	
mi	美	0	
mi	渼	0	
mi	媄	0	
mi	媚	0	
mi	𠸍	0	
mi	镁	0	
mi	鎂	0	
mi	靡	0	
mim	𠲶	0	
mu	某	0	
mu	帽	0	
mu	𢃱	0	
mui	每	0	
mui	㙁	0	
mui	镅	0	
mui	鋂	0	
mui	鎇	0	
mui	𪖫	0	
mui	𪖬	0	
mum	𦟣	0	
mo	枚	0	
mo	眉	0	
mo	迷	0	
mo	梅	0	
mo	麻	0	
mo	楣	0	
mo	瞇	0	
mo	𢠩	0	
mo	𦟟	0	
mo	𤎎	0	
mo	𣙪	0	
mo	𣊍	0	
mo	𥊚	0	
mo	𧫼	0	
moi	𠶣	0	
mon	蔓	0	
mon	暪	0	
mon	蠻	0	
mua	某	0	
mua	湄	0	
mua	𩄎	0	
mua	𩅹	0	
mung	芒	0	
mung	冥	0	
mung	𤶼	0	
muu	毋	0	
muu	牟	0	
muu	谋	0	
muu	㖼	0	
muu	謀	0	
muoi	𨑮	0	
muoi	𨒒	0	
muoi	𠦩	0	
muoi	𫡭	0	
muoi	𪜚	0	
muong	邙	0	
muong	茫	0	
muong	𤃞	0	
muon	𫹗	0	
muon	僈	0	
muon	摱	0	
muon	𠼦	0	
muon	槾	0	
muon	𢩤	0	
muop	柉	0	
muop	𤝑	0	
muop	𦲾	0	
muot	𠖾	0	
muot	沫	0	
muot	𣹕	0	
muou	买	0	
muou	買	0	
muoi	辻	0	
muoi	迈	0	
muoi	𨑮	0	
muoi	𨒒	0	
muoi	枚	0	
muoi	邁	0	
muong	芒	0	
muong	忙	0	
muong	恾	0	
muong	𠴏	0	
muong	𤞽	0	
muong	𡙧	0	
muou	庙	0	
muou	廟	0	
muou	𬳙	0	
muou	𫗻	0	
muon	曼	0	
muon	摱	0	
muon	慢	0	
muon	𢳁	0	
muon	漫	0	
muon	𠼦	0	
muon	縵	0	
muot	末	0	
muot	沫	0	
muot	𬗱	0	
ma	妈	0	
ma	吗	0	
ma	骂	0	
ma	傌	0	
ma	嗎	0	
ma	媽	0	
ma	榪	0	
ma	𥡗	0	
ma	罵	0	
ma	駡	0	
ma	𥢂	0	
ma	鎷	0	
ma	𨬈	0	
ma	𣟭	0	
ma	𫓟	0	
mac	莫	0	
mac	幕	0	
mac	漠	0	
mac	摸	0	
mac	模	0	
mac	瘼	0	
mac	貘	0	
mac	邈	0	
mac	鏌	0	
mach	麦	0	
mach	觅	0	
mach	陌	0	
mach	脉	0	
mach	脈	0	
mach	麥	0	
mach	覓	0	
mach	眽	0	
mach	覔	0	
mach	衇	0	
mach	貉	0	
mach	貊	0	
mach	霡	0	
mach	驀	0	
mai	万	0	
mai	劢	0	
mai	迈	0	
mai	卖	0	
mai	萬	0	
mai	勱	0	
mai	邁	0	
mai	賣	0	
mai	蠆	0	
mai	𫙽	0	
man	曼	0	
man	偭	0	
man	谩	0	
man	僈	0	
man	幔	0	
man	嫚	0	
man	摱	0	
man	慢	0	
man	墁	0	
man	漫	0	
man	蔓	0	
man	槾	0	
man	𫇞	0	
man	謾	0	
mang	𠇮	0	
mang	命	0	
mang	𦛿	0	
mang	𦀴	0	
mang	𦁸	0	
mang	幔	0	
manh	孟	0	
manh	命	0	
manh	猛	0	
mao	皃	0	
mao	芼	0	
mao	眊	0	
mao	冒	0	
mao	耄	0	
mao	帽	0	
mao	媢	0	
mao	瑁	0	
mao	貌	0	
map	乏	0	
map	䏜	0	
map	𦚖	0	
mat	末	0	
mat	𠰌	0	
mat	𡊉	0	
mat	沫	0	
mat	茉	0	
mat	抹	0	
mat	眜	0	
mat	秣	0	
mat	𧉿	0	
mat	蔑	0	
mat	蠛	0	
may	買	0	
may	𣖙	0	
may	𣛠	0	
ma	妈	0	
ma	媽	0	
ma	𡏢	0	
ma	𬳨	0	
mai	买	0	
mai	卖	0	
mai	買	0	
mai	賣	0	
mai	𬏽	0	
mang	皿	0	
mang	忙	0	
mang	莽	0	
mang	满	0	
mang	滿	0	
mang	𥮎	0	
mang	𠻵	0	
manh	皿	0	
manh	孟	0	
manh	萌	0	
manh	景	0	
manh	𤗖	0	
manh	𥯋	0	
manh	𥕊	0	
mau	茂	0	
may	买	0	
may	𡮔	0	
may	買	0	
may	𣖙	0	
may	𡮨	0	
may	𡮳	0	
mam	𥢄	0	
man	缗	0	
man	𢄯	0	
man	緍	0	
man	緡	0	
man	鬂	0	
map	乏	0	
map	抸	0	
map	柉	0	
map	𠸾	0	
mat	末	0	
mat	𬆞	0	
mat	𠅐	0	
mat	𠅒	0	
mat	𠅎	0	
mat	𠅍	0	
mat	突	0	
mat	𬇮	0	
mat	𡘮	0	
mat	秩	0	
mat	密	0	
mat	𪶟	0	
mat	𠅼	0	
mat	蜜	0	
mau	戊	0	
mau	矛	0	
mau	𥭏	0	
may	贝	0	
may	买	0	
may	𠇍	0	
may	貝	0	
may	免	0	
may	某	0	
may	買	0	
may	𫣿	0	
may		0	
mau	买	0	
mau	買	0	
mam	𦹰	0	
mam	𣙺	0	
mam	𪴉	0	
man	门	0	
man	門	0	
man	珉	0	
man	缗	0	
man	琘	0	
man	𪡯	0	
man	緍	0	
man	摱	0	
man	緡	0	
mau	牟	0	
mau	侔	0	
mau	𬏡	0	
mau	𢃱	0	
may	眉	0	
mau	𠋥	0	
mam	𢠧	0	
man	敏	0	
man	𢠨	0	
mang	𢜠	0	
mau	亩	0	
mau	畝	0	
may	𫋿	0	
may	𪹏	0	
may	𦝺	0	
may	𨊋	0	
mam	𦟨	0	
mam	鎫	0	
man	泯	0	
man	悯	0	
man	敏	0	
man	愍	0	
man	憫	0	
man	鰵	0	
mau	卯	0	
mau	母	0	
mau	亩	0	
mau	牡	0	
mau	姆	0	
mau	拇	0	
mau	畝	0	
mau	𤙩	0	
mam	𣙺	0	
man	槾	0	
man	𪴏	0	
map	乏	0	
map	䏜	0	
map	𥄫	0	
map	𦚖	0	
map	𩶟	0	
mat	宓	0	
mat	密	0	
mat	谧	0	
mat	蜜	0	
mat	𦟽	0	
mat	𬖵	0	
mat	謐	0	
mat	𦢉	0	
mau	冇	0	
mau	戊	0	
mau	茂	0	
mau	荗	0	
mau	贸	0	
mau	袤	0	
mau	貿	0	
mau	楙	0	
mau	谬	0	
mau	缪	0	
mau	瞀	0	
mau	懋	0	
mau	繆	0	
mau	謬	0	
mac	𪐝	0	
mac	黓	0	
mac	縸	0	
mac	默	0	
mac	𦄿	0	
mac	𢹇	0	
mac	𫄓	0	
mam	𩷠	0	
mam	𫑾	0	
mam	𩻐	0	
mam	𬸴	0	
mam	𪊅	0	
man	敏	0	
man	𠽊	0	
man	慢	0	
man	𢟨	0	
man	慜	0	
man	𪪉	0	
mang	吗	0	
mang	忟	0	
mang	骂	0	
mang	嗎	0	
mang	𠻵	0	
mang	𠼦	0	
mang	噒	0	
mang	罵	0	
mang	駡	0	
mat	末	0	
mat	𬑉	0	
mat	眜	0	
mat	𥉴	0	
mat	𪾺	0	
man	摱	0	
man	漫	0	
man	𫽺	0	
man	𪮳	0	
man	𪉽	0	
man	𢺳	0	
man	漫	0	
man	䊟	0	
man	𥼖	0	
mac	𬉵	0	
mac	袙	0	
mac	黙	0	
mac	墨	0	
mac	默	0	
mac	嚜	0	
mac	𬡶	0	
mac	𧞾	0	
mac	䘃	0	
mam	𩷠	0	
mam	𩻐	0	
man	敏	0	
man	慢	0	
man	墁	0	
man	漫	0	
man	𠼦	0	
man	𨗮	0	
man	𨢥	0	
man	𪉾	0	
man	𪉽	0	
mang	𪴞	0	
map	乏	0	
mat	末	0	
mat	牧	0	
mat	密	0	
mat	𩈘	0	
mat	𬰠	0	
mat	𫖀	0	
mat	𫆴	0	
mat	𬰢	0	
me	母	0	
me	妈	0	
me	媄	0	
me	媽	0	
meo	卯	0	
meo	冒	0	
meo	𫰸	0	
meo	𠶦	0	
meo	𬣌	0	
mep	泛	0	
met	𥬎	0	
met	篾	0	
me	𫰤	0	
me	美	0	
me	𠝫	0	
me	𢱒	0	
me	渼	0	
me	𠸍	0	
me	𡎤	0	
me	𬒙	0	
me	𥻙	0	
me	𫖿	0	
me	𥖺	0	
meo	卯	0	
me	玛	0	
me	美	0	
me	𠸍	0	
me	瑪	0	
me	𩴬	0	
me	迷	0	
mech	𠼽	0	
men	𢗔	0	
men	免	0	
men	勉	0	
men	悗	0	
men	𢚽	0	
men	唤	0	
men	喚	0	
men	𨢼	0	
met	末	0	
meu	苗	0	
meu	𠶦	0	
meu	喵	0	
meu	𬈢	0	
meu	𬉙	0	
meu	𫬣	0	
me	𣎊	0	
me	𦟂	0	
me	𫆿	0	
mem	𥎁	0	
mem	𩞝	0	
mem	𣟮	0	
mem	𣠳	0	
men	绵	0	
men	𧚭	0	
men	綿	0	
men	𢅧	0	
men	𬡴	0	
me	𫆭	0	
me	米	0	
me	咪	0	
me	敉	0	
me	眯	0	
me	瞇	0	
me	䱊	0	
mem	免	0	
men	勉	0	
me	媄	0	
menh	𠇮	0	
menh	命	0	
met	末	0	
met	疲	0	
met	累	0	
met	𬏱	0	
met	蔑	0	
met	𫉼	0	
met	𤻻	0	
met	纍	0	
mi	美	0	
mi	𬘅	0	
mia	吗	0	
mia	𠸍	0	
mia	嗎	0	
mia	𡀍	0	
mim	𠲶	0	
mim	嘜	0	
mim	𠽊	0	
mim	𠻦	0	
minh	酩	0	
minh	𨠲	0	
mi	芈	0	
mi	羋	0	
mi	猕	0	
mi	媚	0	
mi	鬽	0	
mi	寐	0	
mi	𣖙	0	
mi	魅	0	
mi	睸	0	
mi	霉	0	
mi	嚜	0	
mi	靡	0	
mi	獼	0	
mi	黴	0	
mich	冖	0	
mich	纟	0	
mich	糹	0	
mich	糸	0	
mich	汨	0	
mich	觅	0	
mich	覓	0	
mich	覔	0	
mich	幂	0	
mich	寞	0	
mich	冪	0	
min	皿	0	
min	勉	0	
min	冕	0	
minh	命	0	
mit	𬯹	0	
mit	櫗	0	
mit	𣋻	0	
mit	䁾	0	
mit	𩆪	0	
mo	摸	0	
mo	模	0	
moc	木	0	
moc	目	0	
moc	沐	0	
moc	㕲	0	
moc	𦙣	0	
moc	𬎳	0	
moc	𠚐	0	
moi	毎	0	
moi	每	0	
moi	𤞦	0	
moi	𬠱	0	
moi	𧖦	0	
mon	𡭜	0	
mon	闷	0	
mon	𡮉	0	
mon	𡮆	0	
mon	𨳒	0	
mon	㥃	0	
mon	悶	0	
mon	𫵈	0	
mon	𡮬	0	
mon	㦖	0	
mon	𡮮	0	
mon	𬠬	0	
mong	梦	0	
mong	夢	0	
mong	夣	0	
mong	濛	0	
mong	𭲿	0	
mop	䏜	0	
mop	𦚖	0	
mop	𨅂	0	
mot	沒	0	
mot	𧋶	0	
mot	蠛	0	
mo	某	0	
mo	𡎡	0	
mo	㖼	0	
mo	𡮘	0	
mo	𪤘	0	
mo	𫄼	0	
mo	𨪀	0	
moi	每	0	
moi	某	0	
moi	䀲	0	
moi	痗	0	
moi	𢵹	0	
mom	𡼇	0	
mom	檬	0	
mon	门	0	
mon	門	0	
mong	蒙	0	
mong	𤺯	0	
mong	𤘁	0	
mong	𡮹	0	
mong	𤾬	0	
moc	木	0	
moc	沐	0	
moc	𡉿	0	
moc	𦙣	0	
moi	每	0	
moi	媒	0	
moi	䋦	0	
moi	𧋟	0	
moi	䱕	0	
mong	梦	0	
mong	𦴋	0	
mong	夢	0	
mong	霓	0	
mong	䑅	0	
mong	蠓	0	
mong	𬠳	0	
mong	靀	0	
mong	𩆠	0	
mong	𠓔	0	
mong	𩆬	0	
mong	𬰖	0	
mot	没	0	
mot	沒	0	
mot	蔑	0	
mot	𣋻	0	
mo	戊	0	
mo	牟	0	
mo	炐	0	
mo	𣳡	0	
mo	𤇦	0	
mo	菩	0	
mo	蒲	0	
mo	墓	0	
mo	慕	0	
mo	𫮲	0	
mo	𤑮	0	
moi	枚	0	
moi	味	0	
moi	某	0	
moi	烸	0	
moi	𠶣	0	
moi	媒	0	
moi	㖼	0	
moi	喟	0	
moi	瑁	0	
moi	䋦	0	
moi	𠻽	0	
moi	𩛸	0	
moi	𠿃	0	
moi	蝐	0	
moi	蝟	0	
moi	𩜫	0	
moi	𩝇	0	
moi	𬲞	0	
mom	𫩖	0	
mom	𠵘	0	
mom	𠻦	0	
mon	𠬠	0	
mong	梦	0	
mong	夢	0	
mong	夣	0	
mong	曚	0	
mong	朦	0	
mong	𬁜	0	
mong	𠖨	0	
mo	某	0	
mo	剖	0	
mo	𠝼	0	
mo	𠝺	0	
mo	㖼	0	
mo	某	0	
mo	姥	0	
mo	𪲣	0	
moi	每	0	
moi	挴	0	
moi	浼	0	
mong	矇	0	
mo	募	0	
mo	墓	0	
mo	暮	0	
mo	慕	0	
mo	縸	0	
moc	木	0	
moc	沐	0	
moc	霂	0	
moi	昧	0	
moi	莓	0	
moi	痗	0	
moi	瑁	0	
mong	梦	0	
mong	𦴋	0	
mong	夢	0	
mong	夣	0	
mong	瞢	0	
mong	䑅	0	
mong	懵	0	
mong	𣟃	0	
mong	𨮒	0	
mong	鸏	0	
mot	𠬠	0	
mot	没	0	
mot	沒	0	
mot	殁	0	
mot	蔑	0	
mo	吗	0	
mo	𢲫	0	
mo	嗎	0	
mo	榪	0	
mo	𧜗	0	
mo	𣜋	0	
moi	贝	0	
moi	买	0	
moi	貝	0	
moi	某	0	
moi	買	0	
moi	㵋	0	
moi	𡤔	0	
moi	𪦲	0	
moi	𡤓	0	
moi	𬔫	0	
mom	𠰏	0	
mom	𠻦	0	
mom	𡂇	0	
mon	满	0	
mon	滿	0	
mon	漫	0	
mon	蔓	0	
mo	𢠩	0	
mo	𦟟	0	
mo	𣊍	0	
mo	𤎎	0	
mo	𥊚	0	
moi	迈	0	
moi	𨑮	0	
moi	𨒒	0	
moi	𠶆	0	
moi	𫐹	0	
moi	𠸼	0	
moi	邁	0	
moi	𫬱	0	
mon	𩯮	0	
mo	马	0	
mo	吗	0	
mo	馬	0	
mo	𨸈	0	
mo	𢲫	0	
mo	嗎	0	
mo	𬮎	0	
mo	𫘑	0	
mo	𨷑	0	
mo	𩦓	0	
mon	满	0	
mon	滿	0	
mon	𠽊	0	
mon	蔓	0	
mon	𤾯	0	
mo	吗	0	
mo	渼	0	
mo	嗎	0	
mo	𦟖	0	
mo	𦟐	0	
mo	妈	0	
mo	媽	0	
mo	𫲍	0	
mo	𫲎	0	
moi	卖	0	
moi	賣	0	
mu	戊	0	
mu	妈	0	
mu	姥	0	
mu	𠋦	0	
mu	媒	0	
mu	媽	0	
muc	木	0	
muc	目	0	
muc	苜	0	
muc	牧	0	
muc	钼	0	
muc	䀲	0	
muc	鉬	0	
muc	睦	0	
muc	穆	0	
muc	𭬙	0	
mun	闷	0	
mun	悶	0	
mun	𦝋	0	
mun	𬛗	0	
mun	𤺯	0	
mup	𦚖	0	
mut	目	0	
mut	荸	0	
mut	𤶽	0	
mut	𬏱	0	
mut	𫂀	0	
mut	𫆲	0	
mu	湈	0	
mu	𧗅	0	
mui	每	0	
mui	𢙽	0	
mui	悔	0	
mui	𪬶	0	
mun	钔	0	
mun	鍆	0	
mung	𫂝	0	
mung	矇	0	
mung	𥶃	0	
mut	沒	0	
mua	马	0	
mua	吗	0	
mua	馬	0	
mua	嗎	0	
muc	墨	0	
muc	𣞪	0	
mut	蜜	0	
mu	𪎚	0	
mua	𪫆	0	
mua	湄	0	
mung	明	0	
mung	𢜠	0	
mung	𢜏	0	
mung	𪢣	0	
mua	吗	0	
mua	嗎	0	
mu	彐	0	
mu	馹	0	
mua	马	0	
mua	吗	0	
mua	骂	0	
mua	馬	0	
mua	嗎	0	
mua	罵	0	
mua	駡	0	
muc	墨	0	
muc	䘃	0	
na	那	0	
na	哪	0	
na	挪	0	
na	南	0	
na	娜	0	
na	䏧	0	
na	梛	0	
na	𦰡	0	
na	𪿣	0	
na	儺	0	
nach	膈	0	
nai	抳	0	
nai	坭	0	
nai	狔	0	
nai	𬸼	0	
nam	男	0	
nam	抩	0	
nam	枏	0	
nam	南	0	
nam	柟	0	
nam	湳	0	
nam	喃	0	
nam	楠	0	
nan	难	0	
nan	難	0	
nan	𥸁	0	
nan	䕼	0	
nang	𪹰	0	
nang	囊	0	
nang	囔	0	
nang	攮	0	
nang	齉	0	
nanh	狞	0	
nanh	𤡛	0	
nanh	𪺖	0	
nanh	獰	0	
nanh	𤘓	0	
nanh	𧰗	0	
nanh	𫜧	0	
nao	牢	0	
nao	怓	0	
nao	呶	0	
nao	孬	0	
nao	铙	0	
nao	猱	0	
nao	㝹	0	
nao	鬧	0	
nao	嶩	0	
nao	鐃	0	
nau	㝹	0	
nau	𣈰	0	
nau	耨	0	
nay	尼	0	
nay	𫢩	0	
nay	𠉞	0	
nai	耐	0	
ne	尒	0	
ne	尔	0	
ne	𪭧	0	
ne	泥	0	
ne	爾	0	
nem	腩	0	
nem	𦟗	0	
nem	𬛈	0	
nem	𦟶	0	
nem	𬍍	0	
nen	𢬧	0	
nen	𣑻	0	
nen	𦮴	0	
nen	揇	0	
neo	㧅	0	
neo	𢬢	0	
neo	𪲍	0	
neo	𣘽	0	
nga	牙	0	
nga	玡	0	
nga	呵	0	
nga	俄	0	
nga	莪	0	
nga	饿	0	
nga	哦	0	
nga	娥	0	
nga	峨	0	
nga	鹅	0	
nga	锇	0	
nga	蛾	0	
nga	餓	0	
nga	鋨	0	
nga	鵝	0	
ngai	呆	0	
ngai	凯	0	
ngai	皑	0	
ngai	凱	0	
ngai	獃	0	
ngai	皚	0	
ngan	岸	0	
ngan	狺	0	
ngan	𫛩	0	
ngan	鴳	0	
ngan	𪃛	0	
ngan	𪇩	0	
ngang	卬	0	
ngang	昂	0	
ngao	哓	0	
ngao	敖	0	
ngao	厫	0	
ngao	傲	0	
ngao	廒	0	
ngao	遨	0	
ngao	嗷	0	
ngao	熬	0	
ngao	獒	0	
ngao	㺗	0	
ngao	嘵	0	
ngao	聱	0	
ngao	螯	0	
ngao	𧑃	0	
ngao	爊	0	
ngao	鰲	0	
ngau	𠽀	0	
ngau	𡂮	0	
ngay	宜	0	
ngay	𣦍	0	
ngay	𬆄	0	
nghe	宜	0	
nghe	𠵌	0	
nghe	𦖑	0	
nghe	儀	0	
nghi	𪟽	0	
nghi	仪	0	
nghi	宜	0	
nghi	𡹠	0	
nghi	疑	0	
nghi	儀	0	
nghi	霓	0	
nghi	𩼨	0	
nghinh	迎	0	
nghiem	严	0	
nghiem	嚴	0	
nghien	妍	0	
nghien	砚	0	
nghien	研	0	
nghien	姸	0	
nghien	硏	0	
nghien	硯	0	
nghien	㗴	0	
nghieng	迎	0	
nghieu	尧	0	
nghieu	堯	0	
nghieu	跷	0	
nghieu	嶢	0	
nghieu	磽	0	
nghieu	蹻	0	
nghieu	蹺	0	
nghieu	鱙	0	
nghien	见	0	
nghien	見	0	
nghien	哏	0	
nghien	哯	0	
nghien	喭	0	
nghien	𧢟	0	
nghien	㘙	0	
nghien	研	0	
nghien	砚	0	
nghien	硯	0	
nghiem	广	0	
nghiem	俨	0	
nghiem	噞	0	
nghiem	儼	0	
nghien	岘	0	
nghien	砚	0	
nghien	峴	0	
nghien	唁	0	
nghien	趼	0	
nghien	硯	0	
nghiem	验	0	
nghiem	騐	0	
nghiem	驗	0	
nghien	研	0	
nghien	咠	0	
nghien	喭	0	
nghien	𢞆	0	
nghien	𨁍	0	
nghien	谳	0	
nghien	𬪮	0	
nghien	讞	0	
nghiep	业	0	
nghiep	業	0	
nghiet	歹	0	
nghiet	𠯪	0	
nghiet	𠰙	0	
nghiet	臬	0	
nghiet	棿	0	
nghiet	孽	0	
nghiet	蘖	0	
nghach	𠸺	0	
nghach	额	0	
nghach	額	0	
nghe	仪	0	
nghe	𠊁	0	
nghe	𠊙	0	
nghe	儀	0	
nghe	𠐅	0	
nghe	𠑢	0	
ngheo	危	0	
ngheo	嶤	0	
ngheo	嶢	0	
ngheo	𬥣	0	
ngheo	𠨪	0	
ngheo	𫶺	0	
ngheo	𫊐	0	
ngheo	𧹅	0	
nghe	猊	0	
nghe	𤚇	0	
nghe	𥇚	0	
nghe	𢲾	0	
nghe	𤛞	0	
nghe	霓	0	
nghe	𥊘	0	
nghe	犠	0	
nghe	麑	0	
nghen	䏹	0	
nghen	𤶻	0	
nghen	𪦎	0	
nghen	𦞎	0	
nghen	𬛝	0	
ngheo	鱙	0	
nghet	𡾤	0	
nghet	孽	0	
nghe	儿	0	
nghe	兒	0	
nghe	倪	0	
nghe	猊	0	
nghe	唲	0	
nghe	棿	0	
nghe	霓	0	
nghe	鲵	0	
nghe	麑	0	
nghe	鯢	0	
nghenh	迎	0	
nghenh	𠶐	0	
ngheu	侥	0	
ngheu	哓	0	
ngheu	僥	0	
ngheu	嘵	0	
ngheu	蟯	0	
nghi	义	0	
nghi	仪	0	
nghi	義	0	
nghi	儀	0	
nghi	儗	0	
nghin	吀	0	
nghin	𠦳	0	
nghia	𥇚	0	
nghia	𥊘	0	
nghi	议	0	
nghi	𢪀	0	
nghi	拟	0	
nghi	𪫢	0	
nghi	𠉝	0	
nghi	鈘	0	
nghi	𢣂	0	
nghi	儗	0	
nghi	擬	0	
nghi	艤	0	
nghi	議	0	
nghia	义	0	
nghia	初	0	
nghia	義	0	
nghach	逆	0	
nghach	𡏤	0	
nghach	额	0	
nghach	頟	0	
nghach	額	0	
nghe	𤈝	0	
nghen	哽	0	
nghen	喭	0	
nghen	𫫹	0	
ngheo	邵	0	
ngheo	侥	0	
ngheo	敖	0	
ngheo	僥	0	
ngheo	𫗺	0	
nghet	孽	0	
nghet	蘖	0	
nghet	𢌎	0	
nghet	𥗹	0	
ngheo	尧	0	
ngheo	堯	0	
nghen	砚	0	
nghen	硯	0	
nghen	𬒜	0	
nghe	艺	0	
nghe	芸	0	
nghe	藝	0	
nghech	逆	0	
nghen	嵃	0	
nghe	艺	0	
nghe	芸	0	
nghe	𫶮	0	
nghe	藝	0	
nghe	𢺐	0	
ngheu	跷	0	
ngheu	蹺	0	
ngheu	𬴝	0	
nghen	迎	0	
nghen	𠶐	0	
nghenh	卬	0	
nghenh	迎	0	
nghenh	𨓑	0	
nghenh	𠶐	0	
nghenh	𥈁	0	
nghe	艾	0	
nghe	睨	0	
nghe	𢣂	0	
nghen	𠶐	0	
nghenh	迎	0	
nghenh	𠶐	0	
ngheu	尧	0	
ngheu	侥	0	
ngheu	堯	0	
ngheu	僥	0	
nghe	乂	0	
nghe	艺	0	
nghe	艾	0	
nghe	呓	0	
nghe	芸	0	
nghe	诣	0	
nghe	羿	0	
nghe	埶	0	
nghe	睨	0	
nghe	詣	0	
nghe	藝	0	
nghe	囈	0	
nghe	讛	0	
nghech	逆	0	
nghech	额	0	
nghech	頟	0	
nghech	額	0	
nghech	𪭄	0	
nghet	臬	0	
nghet	蘖	0	
ngheu	侥	0	
ngheu	傲	0	
ngheu	僥	0	
nghi	仪	0	
nghi	𢪀	0	
nghi	拧	0	
nghi	持	0	
nghi	𠉝	0	
nghi	儀	0	
nghi	儗	0	
nghi	擬	0	
nghin	喭	0	
nghinh	颈	0	
nghinh	頸	0	
nghi	议	0	
nghi	蚁	0	
nghi	谊	0	
nghi	誼	0	
nghi	踦	0	
nghi	毅	0	
nghi	劓	0	
nghi	螘	0	
nghi	蟻	0	
nghi	議	0	
nghich	逆	0	
nghich	𠸺	0	
nghit	孽	0	
nghit	𥗹	0	
nghit	𪓈	0	
nginh	迎	0	
ngo	吳	0	
ngo	吾	0	
ngoa	瓦	0	
ngoa	讹	0	
ngoa	夸	0	
ngoa	囮	0	
ngoa	吪	0	
ngoa	訛	0	
ngoa	𧧀	0	
ngoa	誇	0	
ngoa	靴	0	
ngoa	鞾	0	
ngoa	譌	0	
ngoai	俄	0	
ngoai	𠱓	0	
ngoai	𭗪	0	
ngoan	顽	0	
ngoan	𠺿	0	
ngoan	頑	0	
ngoao	嗷	0	
ngoay	危	0	
ngoay	𢫑	0	
ngoe	危	0	
ngoe	𡳀	0	
ngoen	𠰂	0	
ngoen	𠺿	0	
ngoeo	哓	0	
ngoeo	嘵	0	
ngoi	𣳢	0	
ngoi	𢶼	0	
ngoi	𤀖	0	
ngom	𥍛	0	
ngon	言	0	
ngon	唁	0	
ngon	𤯆	0	
ngong	隅	0	
ngoai	外	0	
ngoai	𠰻	0	
ngoam	含	0	
ngoam	𠴥	0	
ngoam	缄	0	
ngoam	緘	0	
ngoang	𠾛	0	
ngoac	嚯	0	
ngoai	外	0	
ngoai	𢫑	0	
ngoai	𩠘	0	
ngoai	𫑑	0	
ngoao	奡	0	
ngoay	外	0	
ngoay	𢫑	0	
ngoay	𨀑	0	
ngoa	瓦	0	
ngoan	阮	0	
ngoan	𠴉	0	
ngoan	顽	0	
ngoan	頑	0	
ngoen	𨆸	0	
ngoeo	𣍕	0	
ngoe	蛫	0	
ngoe	𧓯	0	
ngoeo	挠	0	
ngoeo	撓	0	
ngoeo	𣩦	0	
ngoet	㳉	0	
ngoong	喁	0	
ngoa	臥	0	
ngoa	卧	0	
ngoac	㩇	0	
ngoac	𭡭	0	
ngoach	㩇	0	
ngoai	外	0	
ngoam	𠶃	0	
ngoam	𠻒	0	
ngoam	𠻪	0	
ngoam	𫫡	0	
ngoam	嘬	0	
ngoan	玩	0	
ngoan	𠻪	0	
ngoat	月	0	
ngoa	讹	0	
ngoa	訛	0	
ngoa	𦱽	0	
ngoac	域	0	
ngoai	外	0	
ngoai	𦟺	0	
ngoam	噉	0	
ngoan	阮	0	
ngoang	𫊶	0	
ngoanh	景	0	
ngoanh	影	0	
ngoanh	𥋓	0	
ngoay	𢫑	0	
ngoay	𢠪	0	
ngoay	𪩜	0	
ngoac	𢫛	0	
ngoat	抈	0	
ngoat	釟	0	
ngoam	噉	0	
ngoang	弘	0	
ngoac	𢫛	0	
ngoat	𣌴	0	
ngoeo	卲	0	
ngoeo	𨇷	0	
ngoen	阮	0	
ngoen	𠴉	0	
ngoeo	𣩦	0	
ngu	俣	0	
ngu	娱	0	
ngu	娛	0	
ngu	嵎	0	
ngu	㥥	0	
ngu	喁	0	
ngu	虞	0	
ngu	愚	0	
ngu	髃	0	
ngung	禺	0	
ngung	隅	0	
ngung	嵎	0	
ngung	喁	0	
ngung	颙	0	
ngung	顒	0	
nguy	危	0	
nguy	诡	0	
nguy	恑	0	
nguy	嵬	0	
nguy	詭	0	
nguy	巍	0	
nguyen	元	0	
nguyen	芫	0	
nguyen	原	0	
nguyen	鼋	0	
nguyen	源	0	
nguyen	螈	0	
nguyen	黿	0	
nguyen	愿	0	
nguyen	願	0	
nguyen	𡅫	0	
nguyen	阮	0	
nguyen	䏓	0	
nguyen	愿	0	
nguyen	願	0	
nguyet	月	0	
nguyet	刖	0	
nguyet	抈	0	
nguyet	軏	0	
nguyet	跀	0	
nguay	恑	0	
nguoi	嵬	0	
nguoi	𢢯	0	
nguoi	𠿯	0	
nguyt	𥊜	0	
nguay	𢫑	0	
nguay	危	0	
nguay	𫥊	0	
nguay	外	0	
nguech	廓	0	
nguech	𠸺	0	
nguich	𠸺	0	
nguon	原	0	
nguon	源	0	
nguoi	𪤸	0	
nguoi	𣳢	0	
nguoi	𪸟	0	
nguoi	嵬	0	
nguoi	𫥖	0	
nguy	危	0	
nguy	伪	0	
nguy	诡	0	
nguy	偽	0	
nguy	詭	0	
nguy	僞	0	
nguy	魏	0	
nguyu	哓	0	
nguyu	嘵	0	
nga	牙	0	
nga	玡	0	
nga	俄	0	
nga	莪	0	
nga	𤘋	0	
nga	𬌘	0	
ngai	𠊚	0	
ngai	𠊛	0	
ngai	蛾	0	
ngai	𧍋	0	
ngai	𪝯	0	
ngai	𠏥	0	
ngai	𫣣	0	
ngam	严	0	
ngam	嚴	0	
ngam	𤅙	0	
ngan	𡶨	0	
ngan	岸	0	
ngan	彦	0	
ngan	𠦳	0	
ngang	卬	0	
ngang	昂	0	
nganh	行	0	
nganh	梗	0	
ngao	敖	0	
ngao	嗷	0	
ngao	𪵧	0	
ngao	𢳆	0	
ngao	𫘀	0	
ngau	牜	0	
ngau	𠂒	0	
ngau	牛	0	
ngau	𤙮	0	
ngau	𣼱	0	
ngay	㝵	0	
ngay	𬏝	0	
ngay	𣈜	0	
ngay	𣈗	0	
nga	呆	0	
ngac	咢	0	
ngac	𥈭	0	
ngac	魬	0	
ngac	𦹛	0	
ngach	𠸺	0	
ngach	頟	0	
ngach	额	0	
ngach	𬤴	0	
ngach	額	0	
ngai	𥇹	0	
ngai	碍	0	
ngai	𣝅	0	
ngai	礙	0	
ngam	敢	0	
ngan	阮	0	
ngan	𠵚	0	
ngan	喭	0	
ngan	𢞆	0	
ngan	𢱘	0	
ngan	𩜽	0	
ngang	昂	0	
ngang	梗	0	
ngang	𢯤	0	
ngang	𢱘	0	
ngang	𢵲	0	
nganh	梗	0	
ngao	傲	0	
ngao	奡	0	
ngao	獓	0	
ngao	𤢫	0	
ngao	𨎞	0	
ngap	哈	0	
ngat	兀	0	
ngat	歹	0	
ngat	吃	0	
ngat	𠮾	0	
ngat	𠯪	0	
ngat	咯	0	
ngat	𬳜	0	
ngat	𠿸	0	
ngau	𠽀	0	
ngay	哎	0	
ngay	𠵨	0	
ngay	嘅	0	
ngay	碍	0	
ngay	𠿴	0	
ngay	𥋹	0	
ngay	礙	0	
ngay	𪖺	0	
ngam	吟	0	
ngam	𣵴	0	
ngan	垠	0	
ngan	狺	0	
ngan	痕	0	
ngan	银	0	
ngan	龂	0	
ngan	跟	0	
ngan	龈	0	
ngan	銀	0	
ngan	齗	0	
ngan	齦	0	
ngau	牜	0	
ngau	牛	0	
ngau	𠂒	0	
ngau	䒜	0	
ngau	䓊	0	
ngau	𫉎	0	
ngay	宜	0	
ngay	𬏝	0	
ngay	𤽗	0	
ngay	𤵶	0	
ngay	𤷙	0	
ngay	疑	0	
ngay	𦟎	0	
ngay	癡	0	
nga	我	0	
ngai	刈	0	
ngai	呆	0	
ngai	騃	0	
ngang	仰	0	
ngang	昂	0	
ngao	傲	0	
ngo	𦬶	0	
ngo	莪	0	
ngo	䓊	0	
ngoi	外	0	
ngoi	𣳢	0	
ngoi	𤀖	0	
ngoi	𣰏	0	
ngoi	𤐜	0	
ngoi	𬉝	0	
ngoi	𥋳	0	
ngom	𥆽	0	
ngom	𪒷	0	
ngon	言	0	
ngon	𡀶	0	
ngon	𪒳	0	
ngong	𨲖	0	
ngo	午	0	
ngo	𪭟	0	
ngo	𡉦	0	
ngo	𦬶	0	
ngo	𥘪	0	
ngo	𥄭	0	
ngo	𥾿	0	
ngo	𦲼	0	
ngo	藕	0	
ngoc	呆	0	
ngoc	𫗷	0	
ngoi	瓦	0	
ngoi	𤬪	0	
ngoi	𤬲	0	
ngoi	𤮞	0	
ngoi	𤮟	0	
ngoi	𪇋	0	
ngom	𦛽	0	
ngon	阮	0	
ngon	抏	0	
ngon	𪮀	0	
ngon	𢭫	0	
ngon	𢯥	0	
ngon	𦰟	0	
ngon	𢴝	0	
ngon	𫆻	0	
ngong	𥈿	0	
ngong	颙	0	
ngong	顒	0	
ngong	𪱮	0	
ngong	𥍎	0	
ngot	𦬂	0	
ngot	𨓢	0	
ngot	𣾃	0	
ngo	吘	0	
ngo	吳	0	
ngo	吾	0	
ngo	𪣘	0	
ngo	悞	0	
ngo	梧	0	
ngo	𥟊	0	
ngo	䓊	0	
ngo	蜈	0	
ngo	鼯	0	
ngoi	桅	0	
ngoi	嵬	0	
ngoi	𡾵	0	
ngoi	𠑖	0	
ngon	讠	0	
ngon	言	0	
ngon	訁	0	
ngong	喁	0	
ngong	𡿅	0	
ngo	午	0	
ngo	牛	0	
ngo	吘	0	
ngo	𡉦	0	
ngo	𢨵	0	
ngo	𫼎	0	
ngo	𨳱	0	
ngo	𨳰	0	
ngoi	嵬	0	
ngoi	𠺌	0	
ngong	拱	0	
ngong	𬅽	0	
ngong	𣕃	0	
ngong	颙	0	
ngong	顒	0	
ngu	𣮇	0	
ngui	嵬	0	
ngui	㟴	0	
ngui	𢢯	0	
ngui	𠿯	0	
ngun	源	0	
ngun	𬇒	0	
ngun	𤍉	0	
ngung	㥥	0	
ngung	喁	0	
ngung	𥔘	0	
ngung	𢢄	0	
ngung	颙	0	
ngung	𨲖	0	
ngung	顒	0	
ngung	𪿹	0	
ngu	𫠰	0	
nguc	局	0	
nguc	𣍀	0	
ngun	𤉘	0	
ngun	𪲭	0	
ngun	𤍉	0	
ngung	愩	0	
ngung	𤸒	0	
ngung	𪽹	0	
ngut	兀	0	
ngut	𡴯	0	
ngut	𡵉	0	
ngut	𠮾	0	
ngut	𣲍	0	
ngut	𤈡	0	
ngut	𩂁	0	
ngam	吟	0	
ngam	𪑑	0	
ngan	艮	0	
ngan	吟	0	
ngan	垠	0	
ngan	𪭳	0	
ngan	拫	0	
ngan	银	0	
ngan	銀	0	
ngan	𭈷	0	
ngu	五	0	
ngu	伍	0	
ngo	鱼	0	
ngo	魚	0	
ngo	𢠐	0	
ngo	𩵜	0	
ngo	䁩	0	
ngo	𤹿	0	
ngoi	𪟽	0	
ngoi	仪	0	
ngoi	宜	0	
ngoi	𢯕	0	
ngoi	疑	0	
ngoi	𫺱	0	
ngoi	儀	0	
ngoi	𢥷	0	
ngom	𥄯	0	
ngon	妍	0	
ngon	姸	0	
ngu	鱼	0	
ngu	渔	0	
ngu	魚	0	
ngu	漁	0	
ngu	䁩	0	
ngu	䱷	0	
ngua	痒	0	
ngua	癢	0	
ngung	凝	0	
nguu	牛	0	
nguu	𠂒	0	
nguu	牜	0	
nguu	㭌	0	
nguu	䒜	0	
nguu	⺧	0	
nguoi	𤽗	0	
nguoi	𥇹	0	
nguoi	𥊤	0	
nguoi	𤾰	0	
nguoi	䂀	0	
nguoc	虐	0	
nguoc	㖸	0	
nguoc	𥈴	0	
nguoc	𬑥	0	
nguoi	㝵	0	
nguoi	𠊛	0	
nguoi	倘	0	
nguoi	𠊚	0	
nguoi	𫴮	0	
nguong	仰	0	
nguoc	疟	0	
nguoc	虐	0	
nguoc	逆	0	
nguoc	瘧	0	
nguong	忸	0	
nguong	𢗾	0	
nguong	強	0	
nguong	强	0	
nguong	𢞆	0	
nguong	𬚣	0	
nga	饿	0	
nga	餓	0	
ngac	咢	0	
ngac	鄂	0	
ngac	愕	0	
ngac	萼	0	
ngac	㗁	0	
ngac	腭	0	
ngac	鹗	0	
ngac	锷	0	
ngac	諤	0	
ngac	噩	0	
ngac	鳄	0	
ngac	鍔	0	
ngac	顎	0	
ngac	鶚	0	
ngac	鰐	0	
ngac	齶	0	
ngac	鱷	0	
ngach	逆	0	
ngach	𡏤	0	
ngach	额	0	
ngach	額	0	
ngai	㝵	0	
ngai	𪿒	0	
ngai	㤳	0	
ngai	碍	0	
ngai	碨	0	
ngai	磑	0	
ngai	礒	0	
ngai	𣝅	0	
ngai	𤾰	0	
ngai	礙	0	
ngan	岸	0	
ngan	彦	0	
ngan	唁	0	
ngan	谚	0	
ngan	喭	0	
ngan	諺	0	
ngan	𩜽	0	
nganh	更	0	
nganh	哽	0	
nganh	梗	0	
nganh	硬	0	
nganh	鲠	0	
nganh	骾	0	
nganh	鯁	0	
ngao	敖	0	
ngao	傲	0	
ngao	奡	0	
ngao	𢳆	0	
ngao	驁	0	
ngat	兀	0	
ngat	歹	0	
ngat	吃	0	
ngat	𠯪	0	
ngat	𠿸	0	
ngay	议	0	
ngay	議	0	
nga	我	0	
ngai	艾	0	
ngai	戤	0	
ngang	昂	0	
nganh	迎	0	
nganh	颈	0	
nganh	景	0	
nganh	撔	0	
nganh	頸	0	
nganh	𥋓	0	
nganh	𫖧	0	
ngau	𢠉	0	
ngac	扢	0	
ngam	汵	0	
ngam	𣵴	0	
ngam	澿	0	
ngam	𦡞	0	
ngan	艮	0	
ngan	垠	0	
ngan	痕	0	
ngan	跟	0	
ngap	岌	0	
ngap	𥄫	0	
ngap	𥈲	0	
ngat	乞	0	
ngat	兀	0	
ngat	𡴭	0	
ngat	𡴯	0	
ngat	仡	0	
ngat	扢	0	
ngat	𠮾	0	
ngat	岌	0	
ngat	𤴥	0	
ngat	屹	0	
ngat	𪨣	0	
ngat	疙	0	
ngat	䇄	0	
ngat	𤴰	0	
ngat	𩁶	0	
ngat	𬴕	0	
ngau	𣽀	0	
ngau	𠽀	0	
ngau	𣿃	0	
ngay	嘅	0	
ngay	溉	0	
ngay	漒	0	
ngay	𢣀	0	
ngam	沈	0	
ngam	沉	0	
ngam	岑	0	
ngam	砛	0	
ngam	㖗	0	
ngam	硶	0	
ngan	艮	0	
ngan	垠	0	
ngan	痕	0	
ngan	银	0	
ngan	谨	0	
ngan	銀	0	
ngan	謹	0	
ngau	𤙮	0	
ngau	𣼱	0	
ngau	𠿄	0	
ngam	吟	0	
ngam	唫	0	
ngan	艮	0	
ngan	坦	0	
ngan	恨	0	
ngan	痕	0	
ngan	堇	0	
ngan	银	0	
ngan	菫	0	
ngan	靳	0	
ngan	谨	0	
ngan	慬	0	
ngan	銀	0	
ngan	謹	0	
ngan	𢥢	0	
ngang	仰	0	
ngang	𬳖	0	
ngau	偶	0	
ngau	𢠉	0	
ngam	吟	0	
ngam	唫	0	
ngam	锦	0	
ngam	噤	0	
ngam	錦	0	
ngam	𡄎	0	
ngang	仰	0	
ngau	吘	0	
ngau	偶	0	
ngau	耦	0	
ngau	藕	0	
ngam	吟	0	
ngam	含	0	
ngam	唅	0	
ngam	唫	0	
ngam	𫕖	0	
ngam	噤	0	
ngan	很	0	
ngan	狠	0	
ngap	及	0	
ngap	𫲼	0	
ngap	圾	0	
ngap	吸	0	
ngap	岌	0	
ngap	汲	0	
ngap	𣵵	0	
ngap	𠲺	0	
ngap	喦	0	
ngat	𡴯	0	
ngat	吃	0	
ngat	圪	0	
ngat	屹	0	
ngat	迄	0	
ngat	汔	0	
ngat	䇄	0	
ngat	疙	0	
ngat	訖	0	
ngat	喫	0	
ngau	偶	0	
ngau	𠿄	0	
ngay	嘅	0	
ngay	𦡡	0	
ngay	𡅷	0	
ngac	硌	0	
ngac	愕	0	
ngac	𦝈	0	
ngac	㗁	0	
ngam	吟	0	
ngam	𬓛	0	
ngam	𥋴	0	
ngam	𡄎	0	
ngam	𥌹	0	
ngan	艮	0	
ngan	𠦯	0	
ngan	短	0	
ngan	𬑵	0	
ngan	𥐆	0	
ngan	𬑶	0	
ngan	𥐇	0	
ngan	𥐉	0	
ngan	𥐍	0	
ngat	𫤾	0	
ngat	𡴯	0	
ngat	𠖯	0	
ngat	扢	0	
ngat	屹	0	
ngat	汔	0	
ngat	𢪰	0	
ngat	𪞧	0	
ngat	𢴑	0	
ngam	沉	0	
ngam	沈	0	
ngan	痕	0	
ngang	𢢋	0	
ngang	仰	0	
ngang	仰	0	
ngat	兀	0	
ngat	歹	0	
ngat	𡴯	0	
ngat	吃	0	
ngat	𪽨	0	
ngo	午	0	
ngo	牛	0	
ngoc	𤣩	0	
ngoc	玉	0	
ngoc	鈺	0	
ngoc	⺩	0	
ngon	𦰟	0	
ngon	䓂	0	
ngong	共	0	
ngong	哄	0	
ngong	喁	0	
ngong	颙	0	
ngong	顒	0	
ngong	𡅒	0	
ngong	𡅑	0	
ngot	兀	0	
ngot	𠮾	0	
ngot	𤮿	0	
ngot	𤮾	0	
ngot	𫳹	0	
ngo	午	0	
ngo	牛	0	
ngo	许	0	
ngo	吘	0	
ngo	𪭟	0	
ngo	杵	0	
ngo	許	0	
ngo	𬮫	0	
ngo	𫔦	0	
ngom	𥆽	0	
ngon	言	0	
ngong	拱	0	
ngong	颙	0	
ngong	顒	0	
ngo	呆	0	
ngo	悞	0	
ngoc	禿	0	
ngoc	秃	0	
ngoc	呆	0	
ngon	衮	0	
ngon	袞	0	
ngon	𠻂	0	
ngon	𬜇	0	
ngon	𠽓	0	
ngon	𡁺	0	
ngot	軏	0	
ngot	𤍆	0	
ngot	𪹰	0	
ngoi	外	0	
ngoi	坐	0	
ngoi	𫮋	0	
ngoi	嵬	0	
ngoi	𡎥	0	
ngoi	𡎢	0	
ngoi	𡎦	0	
ngoi	𡓮	0	
ngom	巖	0	
ngon	言	0	
ngon	訔	0	
ngong	茂	0	
ngong	茙	0	
ngong	𧄴	0	
ngo	吘	0	
ngo	𦬶	0	
ngo	𪞸	0	
ngo	𪞻	0	
ngo	𦷮	0	
ngom	巖	0	
ngon	艮	0	
ngon	言	0	
ngon	衮	0	
ngon	袞	0	
ngon	滚	0	
ngon	𪤍	0	
ngon	滾	0	
ngong	鹅	0	
ngong	𡺥	0	
ngong	鵝	0	
ngong	𪃍	0	
ngo	五	0	
ngo	忤	0	
ngo	迕	0	
ngo	𪞸	0	
ngong	𤞒	0	
ngong	鹅	0	
ngong	鵝	0	
ngong	𪄌	0	
ngo	误	0	
ngo	悟	0	
ngo	悞	0	
ngo	晤	0	
ngo	焐	0	
ngo	牾	0	
ngo	痦	0	
ngo	遇	0	
ngo	寤	0	
ngo	𤸒	0	
ngo	誤	0	
ngoc	𣔣	0	
ngoi	傀	0	
ngon	言	0	
ngon	訔	0	
ngon	𬢞	0	
ngon	𦰟	0	
ngon	𠻂	0	
ngon	愿	0	
ngon	願	0	
ngot	兀	0	
ngot	𠮾	0	
ngot	杌	0	
ngot	軏	0	
ngot	靰	0	
ngo	鱼	0	
ngo	魚	0	
ngo	𠽐	0	
ngo	𢠐	0	
ngo	𡂂	0	
ngon	觇	0	
ngon	𢞆	0	
ngon	覘	0	
ngop	哈	0	
ngop	𢚼	0	
ngop	𥆹	0	
ngot	𠯪	0	
ngot	𣲠	0	
ngo	𪟽	0	
ngo	𪫢	0	
ngo	𫠻	0	
ngo	疑	0	
ngo	𩵿	0	
ngo	㘈	0	
ngo	𩺋	0	
ngo	𩼨	0	
ngoi	𤊢	0	
ngom	岌	0	
ngo	语	0	
ngo	語	0	
ngo	𡂂	0	
ngo	𢣸	0	
ngo	语	0	
ngo	御	0	
ngo	語	0	
ngoi	义	0	
ngoi	议	0	
ngoi	谊	0	
ngoi	義	0	
ngoi	誼	0	
ngoi	𬢱	0	
ngoi	𠿿	0	
ngoi	𡃛	0	
ngoi	議	0	
ngoi	𡅷	0	
ngom	吟	0	
ngom	𤼔	0	
ngop	岌	0	
ngop	𫻅	0	
ngu	庽	0	
ngu	喁	0	
ngu	寓	0	
nguc	獄	0	
ngum	喁	0	
ngup	𩓛	0	
ngut	𣲍	0	
ngut	𬉽	0	
ngut	𤈡	0	
ngut	𩂁	0	
ngut	𤍉	0	
ngu	午	0	
ngu	𪟳	0	
ngu	㬳	0	
ngu	𥄭	0	
ngu	𥄬	0	
ngu	𫾆	0	
ngu	𪿀	0	
ngu	𬑩	0	
ngui	𥐋	0	
ngum	喁	0	
ngun	言	0	
ngun	𥐐	0	
ngung	喁	0	
ngung	𢥶	0	
ngua	语	0	
ngua	痒	0	
ngua	語	0	
ngua	𤺶	0	
ngua	𤻔	0	
ngua	癢	0	
ngua	𤻭	0	
ngu	鱼	0	
ngu	魚	0	
ngu	御	0	
ngu	𩵿	0	
ngu	𣊘	0	
ngu	𩼨	0	
ngua	驭	0	
ngua	馭	0	
ngua	御	0	
ngua	𡐚	0	
ngua	𢳶	0	
ngua	禦	0	
ngung	凝	0	
ngua	仰	0	
ngua	语	0	
ngua	語	0	
ngua	𠑕	0	
ngua	𫤋	0	
ngui	义	0	
ngui	哎	0	
ngui	義	0	
ngui	𠿿	0	
ngui	𬹯	0	
ngui	𪖭	0	
ngung	仰	0	
ngut	吃	0	
ngu	语	0	
ngu	圄	0	
ngu	圉	0	
ngu	語	0	
ngu	龉	0	
ngu	齬	0	
ngu	驭	0	
ngu	馭	0	
ngu	御	0	
ngu	禦	0	
ngua	驭	0	
ngua	馭	0	
nguc	𦙏	0	
nguc	𦞐	0	
nguc	㘈	0	
nha	丫	0	
nha	㸦	0	
nha	牙	0	
nha	伢	0	
nha	呀	0	
nha	芽	0	
nha	鸦	0	
nha	蚜	0	
nha	桠	0	
nha	椏	0	
nha	衙	0	
nha	鴉	0	
nha	鵶	0	
nhai	厓	0	
nhai	捱	0	
nhai	涯	0	
nhai	崕	0	
nhai	猚	0	
nhai	崖	0	
nhai	啀	0	
nhai	街	0	
nhai	睚	0	
nhai	𠽎	0	
nhai	𪘬	0	
nham	岩	0	
nham	喦	0	
nham	碞	0	
nham	癌	0	
nham	巖	0	
nham	𡆑	0	
nhan	忍	0	
nhan	颜	0	
nhan	顔	0	
nhan	㘖	0	
nhang	仍	0	
nhang	香	0	
nhang	𬍀	0	
nhanh	伶	0	
nhanh	𠴌	0	
nhanh	速	0	
nhanh	𨗜	0	
nhanh	𪬭	0	
nhanh	𨘱	0	
nhao	尧	0	
nhao	哓	0	
nhao	堯	0	
nhao	嗃	0	
nhao	嘵	0	
nhao	𡆁	0	
nhau	侥	0	
nhau	饶	0	
nhau	胞	0	
nhau	跷	0	
nhau	僥	0	
nhau	憢	0	
nhau	膮	0	
nhau	𦡢	0	
nhau	蹺	0	
nhau	饒	0	
nhau	𠑬	0	
nhau	𦣗	0	
nhay	捱	0	
nhe	㖇	0	
nhem	苫	0	
nhem	岩	0	
nhem	啱	0	
nhem	𤊤	0	
nhem	𫽦	0	
nhem	髯	0	
nhem	巖	0	
nhen	然	0	
nhen	𤡮	0	
nhen	𡮫	0	
nhen	燃	0	
nhen	𤢔	0	
nheo	饶	0	
nheo	䁘	0	
nheo	𬇆	0	
nheo	嚅	0	
nheo	䁱	0	
nheo	饒	0	
nheo	鱙	0	
nheo	𥍘	0	
nheo	𩰈	0	
nheo	𩽸	0	
nhi	儿	0	
nhi	弍	0	
nhi	而	0	
nhi	兒	0	
nhi	洏	0	
nhi	㖇	0	
nhi	唲	0	
nhi	鸸	0	
nhi	鴯	0	
nhiem	髯	0	
nhien	然	0	
nhien	𤡮	0	
nhien	嘫	0	
nhien	燃	0	
nhieu	侥	0	
nhieu	娆	0	
nhieu	饶	0	
nhieu	荛	0	
nhieu	桡	0	
nhieu	跷	0	
nhieu	僥	0	
nhieu	蕘	0	
nhieu	嬈	0	
nhieu	燃	0	
nhieu	橈	0	
nhieu	𡗉	0	
nhieu	蟯	0	
nhieu	蹺	0	
nhieu	饒	0	
nhiec	𠲔	0	
nhiec	嗌	0	
nhiep	聂	0	
nhiep	喦	0	
nhiep	摄	0	
nhiep	慑	0	
nhiep	慴	0	
nhiep	镊	0	
nhiep	颞	0	
nhiep	燮	0	
nhiep	聶	0	
nhiep	攝	0	
nhiep	懾	0	
nhiep	躡	0	
nhiep	鑷	0	
nhiep	顳	0	
nhiet	咽	0	
nhieu	尧	0	
nhieu	饶	0	
nhieu	堯	0	
nhieu	𡗊	0	
nhieu	𡗉	0	
nhieu	饒	0	
nhieu	𤄮	0	
nhiem	冄	0	
nhiem	冉	0	
nhiem	呥	0	
nhiem	苒	0	
nhiem	染	0	
nhiem	蚺	0	
nhien	软	0	
nhien	軟	0	
nhieu	扰	0	
nhieu	妙	0	
nhieu	绕	0	
nhieu	遶	0	
nhieu	繞	0	
nhieu	擾	0	
nhieu	𡅍	0	
nhiem	冉	0	
nhiem	任	0	
nhiet	芮	0	
nhiet	热	0	
nhiet	熱	0	
nho	伩	0	
nho	坆	0	
nho	儒	0	
nho	薷	0	
nho	檽	0	
nho	颥	0	
nho	顬	0	
nho	𮒯	0	
nhoai	惴	0	
nhoang	絖	0	
nhoi	堆	0	
nhom	𤷳	0	
nhom	巖	0	
nhong	戎	0	
nhong	銊	0	
nhong	擃	0	
nhoa	𤍶	0	
nhoai	涯	0	
nhoai	愞	0	
nhoai	𨂉	0	
nhoai	惴	0	
nhoang	晄	0	
nhoe	漯	0	
nhoe	𤍶	0	
nhoet	刷	0	
nhoet	𤷯	0	
nhoang	𣋆	0	
nhoen	嘫	0	
nhu	茄	0	
nhu	茹	0	
nhu	柔	0	
nhu	𣐱	0	
nhu	葇	0	
nhu	揉	0	
nhu	煣	0	
nhu	需	0	
nhu	稬	0	
nhu	蹂	0	
nhu	儒	0	
nhu	嚅	0	
nhu	濡	0	
nhu	薷	0	
nhu	懦	0	
nhu	鞣	0	
nhu	襦	0	
nhu	穤	0	
nhu	糯	0	
nhua	濡	0	
nhum	𣐅	0	
nhung	戎	0	
nhung	𠈋	0	
nhung	软	0	
nhung	茙	0	
nhung	𠲦	0	
nhung	绒	0	
nhung	茸	0	
nhung	毧	0	
nhung	𣭲	0	
nhung	軟	0	
nhung	絨	0	
nhung	氄	0	
nhung	𪀚	0	
nhuy	蕤	0	
nhuyen	撋	0	
nhuyen	软	0	
nhuyen	軟	0	
nhuyen	𣼴	0	
nhuyen	蝡	0	
nhuyen	輭	0	
nhuyen	蠕	0	
nhua	濡	0	
nhua	懦	0	
nhuan	闰	0	
nhuan	润	0	
nhuan	閏	0	
nhuan	潤	0	
nhuan	𥌎	0	
nhuan	闰	0	
nhuan	润	0	
nhuan	閏	0	
nhuan	潤	0	
nhue	芮	0	
nhue	枘	0	
nhue	芮	0	
nhue	锐	0	
nhue	銳	0	
nhue	鋭	0	
nhuoc	辱	0	
nhuoc	溽	0	
nhuoc	𢟹	0	
nhuom	洳	0	
nhuom	染	0	
nhuom	𤈟	0	
nhuom	染	0	
nhuy	蕊	0	
nhuy	蕋	0	
nhuy	橤	0	
nhuy	蘂	0	
nha	伽	0	
nha	茄	0	
nha	茹	0	
nha	家	0	
nhai	桂	0	
nhai	莉	0	
nhai	𦲒	0	
nhai	𣔦	0	
nhai	𦹹	0	
nham	岩	0	
nham	啱	0	
nham	憮	0	
nham	懢	0	
nham	巖	0	
nham	𡆑	0	
nhan	𫔮	0	
nhan	闲	0	
nhan	娴	0	
nhan	痫	0	
nhan	閒	0	
nhan	鹇	0	
nhan	閑	0	
nhan	嫻	0	
nhan	癇	0	
nhan	𤺛	0	
nhan	鷴	0	
nhang	让	0	
nhang	扬	0	
nhang	杨	0	
nhang	床	0	
nhang	𪜉	0	
nhang	样	0	
nhang	揚	0	
nhang	楊	0	
nhang	𡡂	0	
nhang	樣	0	
nhang	攘	0	
nhang	讓	0	
nhanh	梗	0	
nhao	哓	0	
nhao	嘵	0	
nhao	嘲	0	
nhao	缴	0	
nhao	繳	0	
nhao	𨇵	0	
nhau	投	0	
nhau	饶	0	
nhau	𠶕	0	
nhau	缴	0	
nhau	繳	0	
nhau	饒	0	
nhau	𡆁	0	
nhau	𦈂	0	
nha	呀	0	
nha	𤆹	0	
nha	蚜	0	
nha	𪨁	0	
nhac	弋	0	
nhac	乐	0	
nhac	𢖺	0	
nhac	恪	0	
nhac	觉	0	
nhac	洛	0	
nhac	䀩	0	
nhac	斍	0	
nhac	戛	0	
nhac	覚	0	
nhac	戞	0	
nhac	落	0	
nhac	𥇸	0	
nhac	𥇍	0	
nhac	樂	0	
nhac	𢣅	0	
nhac	𥋷	0	
nhac	㦡	0	
nhac	覺	0	
nhac	䁻	0	
nhach	呃	0	
nhai	蚧	0	
nhai	㖑	0	
nhai	𧋁	0	
nhai	𧍊	0	
nham	壬	0	
nham	𪾋	0	
nham	监	0	
nham	監	0	
nham	𩸶	0	
nhang	降	0	
nhang	𤌅	0	
nhang	爙	0	
nhanh	𦭒	0	
nhanh	梗	0	
nhanh	颖	0	
nhanh	穎	0	
nhanh	頴	0	
nhao	遶	0	
nhao	鬧	0	
nhao	𠿷	0	
nhao	㦡	0	
nhao	嚛	0	
nhao	𥋷	0	
nhap	甲	0	
nhap	𡊠	0	
nhat	戛	0	
nhat	戞	0	
nhat	𢟟	0	
nhat	瘌	0	
nhat	㦉	0	
nhat	𤻬	0	
nhau	𠿷	0	
nhay	𥅘	0	
nhay	𥈯	0	
nhay	V+6077F	0	
nhay	⺀	0	
nham	壬	0	
nham	任	0	
nham	妊	0	
nham	岩	0	
nham	姙	0	
nham	袴	0	
nham	𡆑	0	
nhan	亻	0	
nhan	儿	0	
nhan	人	0	
nhan	仁	0	
nhan	因	0	
nhan	忍	0	
nhan	洇	0	
nhan	茵	0	
nhan	姻	0	
nhan	氤	0	
nhan	胭	0	
nhan	铟	0	
nhan	働	0	
nhan	緍	0	
nhan	銦	0	
nhang	仍	0	
nhang	𠯹	0	
nhau	哓	0	
nhau	嘵	0	
nhay	㖇	0	
nhay	街	0	
nha	讶	0	
nha	若	0	
nha	訝	0	
nha	雅	0	
nhai	耳	0	
nhai	爾	0	
nhai	𤛇	0	
nhan	韧	0	
nhan	沲	0	
nhan	眼	0	
nhan	韌	0	
nhan	𣙧	0	
nhan	橺	0	
nhan	𣟫	0	
nhan	𣠰	0	
nhang	讲	0	
nhang	講	0	
nhang	𢥉	0	
nhang	𫻠	0	
nhao	浇	0	
nhao	绕	0	
nhao	澆	0	
nhao	繞	0	
nhao	𤃤	0	
nhao	𦇇	0	
nhao	纏	0	
nhao	𥽵	0	
nhe	㖇	0	
nhe	𡮅	0	
nhe	唲	0	
nhe	提	0	
nhem	𣲹	0	
nhem	染	0	
nhem	濓	0	
nhem	濂	0	
nhen	𤺱	0	
nheo	𡗉	0	
nhe	尒	0	
nhe	𠰚	0	
nhe	𥏌	0	
nhe	唲	0	
nhem	抩	0	
nheo	哓	0	
nheo	挠	0	
nheo	嘵	0	
nheo	撓	0	
nheo	𡃺	0	
nheo	𡅠	0	
nhep	入	0	
nhep	摄	0	
nhep	攝	0	
nhep	𡆄	0	
nhet	折	0	
nhet	捏	0	
nhet	热	0	
nhet	熱	0	
nhenh	𤾱	0	
nhi	二	0	
nhi	貳	0	
nhin	忍	0	
nhin	𥚆	0	
nhin	𥆾	0	
nhin	𥈱	0	
nhin	𥌬	0	
nhi	𦤶	0	
nhi	㖇	0	
nhi	𡭺	0	
nhi	致	0	
nhi	唲	0	
nhia	𣇙	0	
nhich	滴	0	
nhich	蹢	0	
nhim	𤝫	0	
nhim	𤞘	0	
nhim	㺝	0	
nhim	𤢾	0	
nhim	𤣚	0	
nhin	𠴍	0	
nhinh	𠶞	0	
nhip	𥃱	0	
nhip	釟	0	
nhip	釞	0	
nhip	摄	0	
nhip	镊	0	
nhip	攝	0	
nhip	鑷	0	
nhit	折	0	
nhit	涅	0	
nhit	湼	0	
nhiu	疚	0	
nhiu	皱	0	
nhiu	皺	0	
nho	𥌎	0	
nhom	𥄮	0	
nhom	𥆂	0	
nhom	𥇷	0	
nhom	𥈺	0	
nhom	𥛗	0	
nhom	𥈹	0	
nhom	𥉰	0	
nhom	𥍛	0	
nhon	𠱜	0	
nhon	𡴢	0	
nhong	𠈋	0	
nhong	𨀻	0	
nho	伩	0	
nho	𤻪	0	
nho	𥌙	0	
nho	𥌎	0	
nhoc	嗕	0	
nhoc	𠒯	0	
nhoi	对	0	
nhoi	對	0	
nhom	抩	0	
nhom	呫	0	
nhom	𤇲	0	
nhom	𡖡	0	
nhom	爁	0	
nhom	𤑸	0	
nhom	𩁱	0	
nhon	𧿬	0	
nhon	𨅄	0	
nhong	𢟞	0	
nhop	叺	0	
nhot	卒	0	
nhot	𣑵	0	
nhot	淬	0	
nhot	𦝬	0	
nhot	踤	0	
nhot	𨃍	0	
nho	伩	0	
nho	儒	0	
nho	𡃽	0	
nhoi	浽	0	
nhoi	漼	0	
nhoi	𠼲	0	
nhom	𠲏	0	
nhom	銋	0	
nhon	尊	0	
nhong	𠲦	0	
nhong	越	0	
nhong	𧊕	0	
nhong	𧻪	0	
nhong	𧻗	0	
nhong	𨀻	0	
nho	𥇽	0	
nhoi	𥅦	0	
nhoi	𥇼	0	
nhong	冗	0	
nhong	𠲦	0	
nhu	㖻	0	
nhui	𠓩	0	
nhui	𤈞	0	
nhui	𤒟	0	
nhung	冗	0	
nhung	仍	0	
nhung	𠲦	0	
nhung	𨀻	0	
nhu	乳	0	
nhu	𠳘	0	
nhu	葇	0	
nhu	𪞺	0	
nhu	孺	0	
nhu	懦	0	
nhu	𠧍	0	
nhua	濡	0	
nhuc	辱	0	
nhuc	职	0	
nhuc	𬌽	0	
nhuc	嗕	0	
nhuc	𧏷	0	
nhuc	𧏯	0	
nhuc	𨃽	0	
nhuc	職	0	
nhui	𠓩	0	
nhum	拰	0	
nhum	炶	0	
nhum	𤇲	0	
nhun	屯	0	
nhun	扪	0	
nhun	闰	0	
nhun	顿	0	
nhun	捫	0	
nhun	閏	0	
nhun	頓	0	
nhun	𠾽	0	
nhun	撋	0	
nhun	橺	0	
nhung	佣	0	
nhung	𣴛	0	
nhung	㳚	0	
nhung	𢴞	0	
nhung	潀	0	
nhung	𢶢	0	
nhut	葖	0	
nham	壬	0	
nham	任	0	
nham	𠄶	0	
nhan	因	0	
nhan	𤶑	0	
nhan	絪	0	
nhan	𦁿	0	
nhan	㗴	0	
nhan	颜	0	
nhan	𥊟	0	
nhan	顔	0	
nhan	㘖	0	
nhan	𤄰	0	
nhang	仍	0	
nhang	江	0	
nhang	芿	0	
nhang	㘖	0	
nhi	尔	0	
nhi	尒	0	
nhi	耳	0	
nhi	迩	0	
nhi	佴	0	
nhi	弭	0	
nhi	洱	0	
nhi	饵	0	
nhi	珥	0	
nhi	铒	0	
nhi	餌	0	
nhi	爾	0	
nhi	鉺	0	
nhi	𤛇	0	
nhi	邇	0	
nhu	乳	0	
nhu	㳶	0	
nhu	𦜘	0	
nhun	软	0	
nhun	𤇳	0	
nhun	𤇽	0	
nhun	軟	0	
nhung	冗	0	
nhung	冘	0	
nhung	宂	0	
nhung	𡊸	0	
nho	汝	0	
nho	如	0	
nho	洳	0	
nho	𥆃	0	
nho	𥆂	0	
nhoi	啀	0	
nhom	𣷰	0	
nhon	人	0	
nhon	仁	0	
nhon	因	0	
nhon	𥄰	0	
nhon	然	0	
nhon	㦓	0	
nhu	如	0	
nhu	茄	0	
nhu	茹	0	
nhu	洳	0	
nhu	銣	0	
nhung	仍	0	
nhung	扔	0	
nhung	㭁	0	
nhung	忍	0	
nhuong	嚷	0	
nhuong	攘	0	
nhuong	禳	0	
nhuong	瓤	0	
nhuong	涨	0	
nhuong	漲	0	
nhuong	嚷	0	
nhuong	攘	0	
nhuoi	涯	0	
nhuoi	𠽎	0	
nhuong	让	0	
nhuong	羕	0	
nhuong	攘	0	
nhuong	讓	0	
nhuong	酿	0	
nhuong	攘	0	
nhuong	壤	0	
nhuong	嚷	0	
nhuong	爙	0	
nhuong	釀	0	
nhuoc	若	0	
nhuoc	弱	0	
nhuoc	偌	0	
nhuoc	掿	0	
nhuoc	渃	0	
nhuoc	蒻	0	
nhuong	让	0	
nhuong	嚷	0	
nhuong	讓	0	
nha	迓	0	
nha	玡	0	
nha	砑	0	
nha	喏	0	
nha	惹	0	
nhac	乐	0	
nhac	岳	0	
nhac	楽	0	
nhac	樂	0	
nhac	嶽	0	
nhai	𠱌	0	
nhai	奈	0	
nhai	㖑	0	
nhai	㖠	0	
nhan	㕍	0	
nhan	雁	0	
nhan	鴈	0	
nhan	赝	0	
nhan	贋	0	
nhan	𪃛	0	
nhan	𪆒	0	
nhan	𪈾	0	
nhanh	拎	0	
nhanh	𠴒	0	
nhao	恼	0	
nhao	道	0	
nhao	惱	0	
nhao	𠿱	0	
nhao	嚛	0	
nhap	入	0	
nhat	日	0	
nhat	溂	0	
nhat	辣	0	
nhau	豆	0	
nhau	哣	0	
nhay	尒	0	
nhay	尔	0	
nhay	𠰚	0	
nhay	爾	0	
nhay	𩜪	0	
nha	吔	0	
nha	𠰹	0	
nha	咀	0	
nha	啫	0	
nha	𠽙	0	
nha	𠾒	0	
nhai	耳	0	
nham	𠰃	0	
nham	岩	0	
nham	𠲏	0	
nham	憯	0	
nhan	𬑅	0	
nhan	眼	0	
nhanh	颖	0	
nhanh	穎	0	
nhanh	頴	0	
nhanh	𡂵	0	
nhao	𨃫	0	
nhau	饶	0	
nhau	饒	0	
nhau	𡆁	0	
nhay	𧿆	0	
nhay	趾	0	
nhay	䟢	0	
nhay	趂	0	
nhay	𬦮	0	
nhac	弋	0	
nhac	掿	0	
nham	𠰃	0	
nham	𠲏	0	
nhan	刃	0	
nhan	扨	0	
nhan	𢭝	0	
nhan	V+60052	0	
nhap	扖	0	
nhap	𣱿	0	
nhap	岌	0	
nhap	𥃱	0	
nhap	㕸	0	
nhap	𠾾	0	
nhap	𨅞	0	
nhat	一	0	
nhat	弌	0	
nhat	壹	0	
nham	任	0	
nham	𠰃	0	
nham	𢗖	0	
nham	𪾭	0	
nhau	扰	0	
nhau	投	0	
nhau	擾	0	
nhay	𠱌	0	
nhay	徍	0	
nhay	涯	0	
nham	任	0	
nham	饪	0	
nham	𠲏	0	
nham	恁	0	
nham	飪	0	
nham	餁	0	
nham	𠿹	0	
nhan	仞	0	
nhan	忍	0	
nhan	𢪭	0	
nhan	𠴍	0	
nhau	𡅒	0	
nhau	𡅠	0	
nhay	𧿆	0	
nhay	䟢	0	
nhay	𠧌	0	
nham	荏	0	
nham	衽	0	
nham	赁	0	
nham	恁	0	
nham	賃	0	
nham	稔	0	
nhan	刃	0	
nhan	仞	0	
nhan	纫	0	
nhan	韧	0	
nhan	忍	0	
nhan	紉	0	
nhan	𠴍	0	
nhan	𢭝	0	
nhan	軔	0	
nhan	釰	0	
nhan	眼	0	
nhan	韌	0	
nhan	靭	0	
nhan	𨧟	0	
nhay	濔	0	
nham	任	0	
nham	𢗖	0	
nham	拰	0	
nham	㳝	0	
nham	恁	0	
nham	𤇲	0	
nham	栣	0	
nham	䇮	0	
nham	棯	0	
nhan	刃	0	
nhan	认	0	
nhan	仞	0	
nhan	扨	0	
nhan	芿	0	
nhan	牣	0	
nhan	忍	0	
nhan	𢭝	0	
nhan	認	0	
nhan	V+60052	0	
nhap	入	0	
nhat	日	0	
nhau	豆	0	
nhau	𠰉	0	
nhau	𠶕	0	
nhau	𠻼	0	
nhau	嚅	0	
nhay	𩜪	0	
nhac	弋	0	
nhac	叱	0	
nhac	式	0	
nhac	𢩮	0	
nhac	𠲤	0	
nhac	𧿑	0	
nhac	掿	0	
nhac	𨀳	0	
nhac	𢲦	0	
nhac	噎	0	
nham	任	0	
nham	𠰃	0	
nham	䏕	0	
nham	𠁪	0	
nham	𠲏	0	
nham	𥄮	0	
nham	恁	0	
nham	𥆂	0	
nham	𪾮	0	
nham	䁘	0	
nhan	忍	0	
nhan	哏	0	
nhan	𠴍	0	
nhang	𠯹	0	
nhang	𡦮	0	
nhap	入	0	
nhap	扖	0	
nhap	叺	0	
nhap	执	0	
nhap	𥃱	0	
nhap	執	0	
nhat	一	0	
nhat	弌	0	
nhat	𡥌	0	
nhat	𫴸	0	
nhat	壹	0	
nhat	撎	0	
nhat	噎	0	
nhat	𤢽	0	
nham	壬	0	
nham	任	0	
nham	𢗖	0	
nham	𠰃	0	
nham	𥄮	0	
nham	𥆂	0	
nhan	因	0	
nhan	𫔮	0	
nhan	闲	0	
nhan	𠡛	0	
nhan	咽	0	
nhan	𤶑	0	
nhan	閒	0	
nhan	閑	0	
nhan	㗴	0	
nhan	㘖	0	
nhang	仍	0	
nhang	让	0	
nhang	𨲅	0	
nhang	𢢋	0	
nhang	嚷	0	
nhang	讓	0	
nham	𫏊	0	
nhan	牣	0	
nhan	𪪄	0	
nhan	𠽗	0	
nhang	仍	0	
nhang	綛	0	
nhang	𦅯	0	
nhap	入	0	
nham	㳝	0	
nhan	刃	0	
nhan	忍	0	
nhan	𠴍	0	
nhan	𣼴	0	
nhan	𨧟	0	
nhang	仍	0	
nhang	讲	0	
nhang	𠯹	0	
nhang	𣼴	0	
nhang	講	0	
nham	任	0	
nham	𤶄	0	
nham	𧹱	0	
nhan	𠽗	0	
nhang	蝇	0	
nhang	𡃌	0	
nhang	蠅	0	
nhang	𧔛	0	
nhat	日	0	
nhat	汨	0	
nhat	抇	0	
nhat	𪰇	0	
nhat	𫽰	0	
nhat	搮	0	
nhat	撎	0	
nhe	弍	0	
nhe	你	0	
nhe	弭	0	
nhe	挕	0	
nhe	珥	0	
nhe	铒	0	
nhe	貳	0	
nhe	𨌀	0	
nhe	鉺	0	
nhe	𫡸	0	
nhe	𨏄	0	
nhem	壬	0	
nhem	冉	0	
nhem	染	0	
nhem	髯	0	
nhen	雁	0	
nhen	鴈	0	
nheo	𠰉	0	
nhep	入	0	
nhep	扖	0	
nhep	摄	0	
nhep	攝	0	
nhet	热	0	
nhet	熱	0	
nhet	𪷴	0	
nhe	儿	0	
nhe	兒	0	
nhe	𠰚	0	
nhe	𡮅	0	
nhem	冉	0	
nhem	呥	0	
nhem	𬊁	0	
nhem	歛	0	
nheo	哓	0	
nheo	嘵	0	
nheo	𡮾	0	
nheo	𡅍	0	
nhe	尔	0	
nhe	尒	0	
nhe	你	0	
nhe	𥙧	0	
nhe	𫒂	0	
nhe	𨤧	0	
nhe	爾	0	
nhe	𨤰	0	
nhe	𥜡	0	
nhe	𨤻	0	
nheo	绕	0	
nheo	繞	0	
nhech	滴	0	
nheu	𡃺	0	
nhe	挕	0	
nhe	擟	0	
nheu	沙	0	
nhe	𥚅	0	
nhe	濔	0	
nhech	𩽏	0	
nhen	蝒	0	
nhi	𠰚	0	
nhi	洏	0	
nhi	㖇	0	
nhin	认	0	
nhin	認	0	
nhinh	𫰕	0	
nhinh	𠽒	0	
nhi	二	0	
nhi	弍	0	
nhi	弭	0	
nhi	珥	0	
nhi	貳	0	
nhi	蕊	0	
nhi	蕋	0	
nhi	蘂	0	
nhin	忍	0	
nhin	𠴍	0	
nhin	𢚴	0	
nhip	叶	0	
nhip	喋	0	
nhip	葉	0	
nhip	揲	0	
nhip	堞	0	
nhip	擛	0	
nhip	𠿚	0	
nhip	𡑢	0	
nhip	蹀	0	
nhip	𣜿	0	
nhit	𢤢	0	
nho	懦	0	
nho	孺	0	
nhoc	辱	0	
nhoc	𠢑	0	
nhoc	缛	0	
nhoc	𤹘	0	
nhoc	縟	0	
nhom	任	0	
nhon	尖	0	
nhon	闰	0	
nhon	钝	0	
nhon	𡭻	0	
nhon	锐	0	
nhon	鈍	0	
nhon	閏	0	
nhon	銳	0	
nhon	鋭	0	
nhon	𡮭	0	
nhon	𡮸	0	
nhon	𡮽	0	
nhon	𨮐	0	
nhot	𦝬	0	
nhot	𤷿	0	
nho	乳	0	
nho	洳	0	
nho	啂	0	
nho	𡮈	0	
nho	㳶	0	
nho	𨼼	0	
nho	𤀒	0	
nho	瀂	0	
nhom	䀡	0	
nhom	𠽦	0	
nhon	𥊡	0	
nhong	戎	0	
nho	𠊜	0	
nho	嗉	0	
nhoi	𤻫	0	
nhon	𥇈	0	
nhon	噋	0	
nhon	𠾽	0	
nhot	拙	0	
nhot	𡇻	0	
nhot	𢱝	0	
nhot	箤	0	
nhot	噎	0	
nhoi	抐	0	
nhoi	𢬗	0	
nhoi	𠱤	0	
nhoi	𫝻	0	
nhoi	𧐻	0	
nhoi	𢹉	0	
nhom	𠰃	0	
nhom	𠲏	0	
nhom	谈	0	
nhom	跕	0	
nhom	談	0	
nhom	𡃘	0	
nhong	𪀚	0	
nho	扗	0	
nho	吐	0	
nho	杜	0	
nho	𠰍	0	
nho	𢭰	0	
nho	𢭵	0	
nho	𠴗	0	
nho	啂	0	
nho	𢯚	0	
nho	𢮫	0	
nho	撸	0	
nho	𢷀	0	
nho	擼	0	
nho	𭉷	0	
nhom	跕	0	
nhom	𨃊	0	
nhon	呠	0	
nho	乳	0	
nho	鲁	0	
nho	魯	0	
nhoi	𤏢	0	
nhon	忍	0	
nhon	闰	0	
nhon	閏	0	
nhon	遁	0	
nhon	遯	0	
nhon	𠾽	0	
nhong	𣳔	0	
nhong	𧊊	0	
nhong	𧋼	0	
nhong	蛹	0	
nhot	𤷿	0	
nho	女	0	
nho	𠯆	0	
nho	𢖵	0	
nho	汝	0	
nho	𫺈	0	
nho	渚	0	
nho	𪡑	0	
nhom	𪾋	0	
nhom	监	0	
nhom	監	0	
nhon	𢙫	0	
nhon	𥅃	0	
nhon	𢚴	0	
nhon	寅	0	
nhon	𡙵	0	
nhon	𥈵	0	
nhon	㦓	0	
nhon	瞷	0	
nhon	覵	0	
nhop	叺	0	
nhop	𣱿	0	
nhop	㳌	0	
nhot	𣼸	0	
nho	如	0	
nho	侞	0	
nho	𢘾	0	
nho	𫼰	0	
nho	洳	0	
nhoi	𡗶	0	
nhoi	𠳒	0	
nhon	闲	0	
nhon	忍	0	
nhon	閑	0	
nhon	𬚿	0	
nhon	憪	0	
nhon	𢡿	0	
nhon	嘫	0	
nhon	憦	0	
nhon	澖	0	
nhon	𦠯	0	
nhon	𦠥	0	
nhon	𤁕	0	
nhon	𨆀	0	
nhon	𨅽	0	
nhon	𫻤	0	
nho	汝	0	
nho	𠲤	0	
nhoi	汝	0	
nhoi	䟢	0	
nhom	啱	0	
nhom	𡆑	0	
nhon	忍	0	
nhon	眼	0	
nhon	简	0	
nhon	𣼹	0	
nhon	簡	0	
nho	女	0	
nho	洳	0	
nho	𣳮	0	
nho	㛎	0	
nho	𨀾	0	
nho	𫶯	0	
nho	𦀌	0	
nhon	噋	0	
nhon	㗴	0	
nhot	泺	0	
nhot	辣	0	
nhot	𣼸	0	
nhot	曀	0	
nhot	𤁕	0	
nhot	濼	0	
nhu	肉	0	
nhu	𫐓	0	
nhu	輮	0	
nhu	懦	0	
nhu	孺	0	
nhua	濡	0	
nhua	懦	0	
nhua	孺	0	
nhuc	肉	0	
nhuc	辱	0	
nhuc	蓐	0	
nhuc	缛	0	
nhuc	溽	0	
nhuc	嗕	0	
nhuc	𢟹	0	
nhuc	褥	0	
nhuc	縟	0	
nhui	队	0	
nhui	乳	0	
nhui	隊	0	
nhui	啂	0	
nhut	钝	0	
nhut	鈍	0	
nhut	𢟹	0	
nhut	𨨷	0	
nhu	乳	0	
nhu	啂	0	
nhu	喻	0	
nhu	𣜻	0	
nhui	𠓩	0	
nhui	箒	0	
nhu	汝	0	
nhu	𢬨	0	
nhu	预	0	
nhu	絮	0	
nhu	預	0	
nhuc	𬏚	0	
nhuc	𠯅	0	
nhuc	𤴵	0	
nhuc	𤵖	0	
nhuc	聀	0	
nhuc	𤹚	0	
nhuc	𤼕	0	
nhut	一	0	
nhut	弌	0	
nhut	壹	0	
nhut	𣼸	0	
nhu	予	0	
nhu	汝	0	
nhu	如	0	
nhu	洳	0	
nhu	𣴓	0	
nhu	𤈟	0	
nhua	茹	0	
nhua	𣺾	0	
nhu	汝	0	
nhu	𠶁	0	
nhu	𩚔	0	
nhu	𡁎	0	
nhut	日	0	
nhu	女	0	
nhu	汝	0	
nhung	仍	0	
nhung	忍	0	
nhung	𠳒	0	
nhuu	糅	0	
nhu	茹	0	
nhua	汿	0	
nhua	茄	0	
nhua	茹	0	
nhua	𦵙	0	
nhua	𣺾	0	
nhua	蕷	0	
nhua	澦	0	
nhut	日	0	
nhuu	禸	0	
nhuu	㖻	0	
ni	尼	0	
ni	伲	0	
ni	怩	0	
ni	妮	0	
ni	狔	0	
ni	呢	0	
ni	铌	0	
ni	𪠝	0	
ni	鈮	0	
nia	尼	0	
nia	𥬩	0	
ninh	宁	0	
ninh	泞	0	
ninh	咛	0	
ninh	拧	0	
ninh	狞	0	
ninh	聍	0	
ninh	甯	0	
ninh	寧	0	
ninh	擰	0	
ninh	獰	0	
ninh	嚀	0	
ninh	懧	0	
ninh	濘	0	
ninh	𦡲	0	
ninh	聹	0	
niu	𫼩	0	
niu	㝹	0	
niu	𫽠	0	
niem	拈	0	
niem	秥	0	
niem	粘	0	
niem	捻	0	
niem	溓	0	
niem	鲇	0	
niem	鮎	0	
niem	黏	0	
nien	年	0	
nien	囝	0	
nien	𥝝	0	
nieu	𡊱	0	
nieu	𡋁	0	
nieu	㙘	0	
nieu	㙩	0	
nieu	墝	0	
nieu	𡒭	0	
nieu	𦉗	0	
niep	囡	0	
niep	嗫	0	
niep	囁	0	
niep	躡	0	
niet	圼	0	
niet	苶	0	
niet	𬛸	0	
niet	涅	0	
niet	捏	0	
niet	臬	0	
niet	菍	0	
niet	捻	0	
niet	隉	0	
niet	揑	0	
niet	镍	0	
niet	鎳	0	
niem	念	0	
niem	腍	0	
niem	鲇	0	
niem	鮎	0	
niem	鯰	0	
nien	𦀅	0	
nieng	𬞊	0	
nieu	裊	0	
nieu	櫟	0	
nien	䟢	0	
nien	撵	0	
nien	碾	0	
nien	攆	0	
nieng	𫈘	0	
nieu	袅	0	
nieu	嫋	0	
nieu	裊	0	
nieu	𡡅	0	
nieu	𢶑	0	
niem	廿	0	
niem	念	0	
niem	埝	0	
niem	唸	0	
niem	捻	0	
niem	撚	0	
niep	捻	0	
nieu	尿	0	
nieu	溺	0	
nno	牙	0	
no	奴	0	
no	𪥯	0	
no	𩛂	0	
noa	孥	0	
noa	挼	0	
noi	浽	0	
noi	𨁡	0	
noi	𨁧	0	
noi	𬧇	0	
noi	𫏙	0	
noi	𬧗	0	
nom	南	0	
nom	窞	0	
nom	𥈶	0	
nom	𫌢	0	
non	嫩	0	
non	𡽫	0	
non	𧀒	0	
non	𡄨	0	
nong	农	0	
nong	農	0	
nong	擃	0	
nong	𥵛	0	
nong	𫓒	0	
noa	𣇫	0	
noan	卵	0	
noan	赧	0	
noan	暖	0	
noan	煖	0	
noong	浓	0	
noong	濃	0	
noa	惰	0	
noa	懦	0	
noan	赧	0	
noong	𫰇	0	
noong	侬	0	
noong	娘	0	
noong	儂	0	
nu	𦬻	0	
nu	𪺹	0	
nu	㝹	0	
nua	女	0	
nua	奴	0	
nua	孥	0	
nua	怒	0	
nua	𫅴	0	
nua	𫷗	0	
nua	𬖗	0	
nua	𬆎	0	
nung	𡏠	0	
nung	熔	0	
nung	𤐜	0	
nung	燶	0	
nung	𤒚	0	
nuy	萎	0	
nuy	痿	0	
nuoi	挼	0	
nuoi	哸	0	
nuoi	馁	0	
nuoi	餒	0	
nuoi	𬯜	0	
nuoi	𩝺	0	
nuoi	𬛠	0	
nuoi	𩟼	0	
nuay	𫙖	0	
nuoi	𢗉	0	
nuot	讷	0	
nuot	纳	0	
nuot	呐	0	
nuot	突	0	
nuot	㖔	0	
nuot	納	0	
nuot	啐	0	
nuot	訥	0	
nuot	𠸂	0	
nuot	𠽆	0	
nuot	𠾹	0	
nuoc	𦁁	0	
nuoc	缛	0	
nuoc	𫃩	0	
nuoc	縟	0	
nuot	纳	0	
nuot	納	0	
nuot	湥	0	
nuot	𣻀	0	
nuy	倭	0	
nuy	矮	0	
na	那	0	
na	拿	0	
na	𪽖	0	
na	𫅷	0	
nai	奈	0	
nai	呢	0	
nai	耐	0	
nai	𪥑	0	
nai	㖠	0	
nai	捺	0	
nan	难	0	
nan	𪹰	0	
nan	難	0	
nan	𬥬	0	
nan	𬥮	0	
nan	𡅨	0	
nan	𭉼	0	
nan	𮥷	0	
nang	娘	0	
nanh	𥢃	0	
nanh	𫎄	0	
nanh	𧰗	0	
nao	芇	0	
nao	芾	0	
nao	闹	0	
nao	閙	0	
nao	鬧	0	
nay	尼	0	
nay	呢	0	
nay	㖠	0	
na	那	0	
na	弩	0	
na	挪	0	
na	哪	0	
na	梛	0	
na	𫸶	0	
nac	匿	0	
nac	渃	0	
nac	𠽋	0	
nac	𦟻	0	
nach	𦙜	0	
nach	腋	0	
nach	溺	0	
nach	𦟱	0	
nach	𦟸	0	
nach	𦟜	0	
nach	𦡥	0	
nai	奶	0	
nai	𤜠	0	
nai	奈	0	
nai	𧈣	0	
nai	𥾋	0	
nai	𬤻	0	
nai	赖	0	
nai	賴	0	
nam	焾	0	
nan	曩	0	
nan	儾	0	
nang	娘	0	
nao	闹	0	
nao	恼	0	
nao	𠴼	0	
nao	淖	0	
nao	惱	0	
nao	閙	0	
nao	鬧	0	
nat	涅	0	
nat	捏	0	
nat	湼	0	
nat	揑	0	
nat	𢝘	0	
nat	𡐘	0	
nat	𦟻	0	
nau	搙	0	
nau	蓐	0	
nau	𤍇	0	
nau	鬧	0	
nau	耨	0	
nay	乃	0	
nay	扔	0	
nay	𫹭	0	
nay	怩	0	
nam	您	0	
nan	𦣎	0	
nang	𢪲	0	
nang	娘	0	
nang	能	0	
nang	𫠹	0	
nang	㨢	0	
nang	𠹌	0	
nang	擃	0	
nau	𪲍	0	
nau	𣘽	0	
nau	𬞎	0	
nau	𩹩	0	
nay	胒	0	
nay	𫆜	0	
na	拏	0	
na	拿	0	
na	𫴲	0	
na	镎	0	
na	𫑏	0	
na	鎿	0	
nai	乃	0	
nai	奶	0	
nai	艿	0	
nai	廼	0	
nai	迺	0	
nai	嬭	0	
nam	揇	0	
nam	䈒	0	
nang	烫	0	
nang	燙	0	
nao	恼	0	
nao	挠	0	
nao	𢙐	0	
nao	脑	0	
nao	惱	0	
nao	瑙	0	
nao	腦	0	
nao	撓	0	
nao	𢣈	0	
nao	憹	0	
nay	乃	0	
nay	𣅅	0	
ne	泥	0	
ne	你	0	
ne	泥	0	
ne	𬨬	0	
ne	𫐪	0	
nem	𦮴	0	
nem	捻	0	
nem	𢷁	0	
nen	𦮴	0	
nen	𨦧	0	
nen	篆	0	
nen	𥗨	0	
nen	𣡤	0	
nen	𤓢	0	
nen	𥘀	0	
nen	𥗾	0	
nen	𨰴	0	
neo	了	0	
neo	纽	0	
neo	紐	0	
neo	袅	0	
neo	裊	0	
neo	𢶑	0	
neo	𦆚	0	
nep	纳	0	
nep	納	0	
nep	𠌦	0	
nep	𢟕	0	
nep	摄	0	
nep	𬧮	0	
nep	攝	0	
nep	躡	0	
net	𤵖	0	
net	涅	0	
net	湼	0	
net	𢝘	0	
ne	尼	0	
ne	呢	0	
ne	坭	0	
ne	泥	0	
nem	𢬧	0	
nem	𣑻	0	
nem	揇	0	
nem	喃	0	
nem	楠	0	
nem	𨡯	0	
nen	年	0	
nen	妟	0	
nen	𫻽	0	
nen	揇	0	
nen	𢧚	0	
nenh	𬈿	0	
neu	标	0	
neu	𫼩	0	
neu	𪲍	0	
neu	標	0	
ni	尼	0	
ni	呢	0	
nich	弱	0	
nich	𠺁	0	
nich	𡀡	0	
nin	𠲃	0	
nin	𠴍	0	
nin	𠼶	0	
ninh	佞	0	
ninh	泞	0	
ninh	𢴕	0	
ninh	濘	0	
ninh	𦡲	0	
nip	𫌇	0	
nip	襵	0	
nip	𥸓	0	
nit	涅	0	
nit	𪦼	0	
nit	𡥴	0	
nit	湼	0	
nit	𢝘	0	
nit	𡮛	0	
nit	𣻾	0	
niu	𫼩	0	
niu	𢯨	0	
niu	𢷃	0	
niu	𢶑	0	
niu	𢶐	0	
no	奴	0	
no	笯	0	
noi	内	0	
noi	㐻	0	
noi	𡥤	0	
noi	类	0	
noi	𧞥	0	
noi	類	0	
noi	𬷸	0	
nong	𬠥	0	
nong	檂	0	
nong	𧓅	0	
no	奴	0	
no	伮	0	
no	怒	0	
noc	屋	0	
noc	恧	0	
noc	祿	0	
noc	蓐	0	
noc	箼	0	
noc	𦢢	0	
noc	𦢡	0	
noc	𧂭	0	
noc	𣟪	0	
noc	𡳽	0	
noc	𩠸	0	
noi	内	0	
noi	叻	0	
noi	尼	0	
noi	讷	0	
noi	吶	0	
noi	呐	0	
noi	訥	0	
noi	𠺶	0	
non	𡽫	0	
non	𥶄	0	
nong	𤎏	0	
nong	燶	0	
nop	纳	0	
nop	衲	0	
nop	納	0	
no	奴	0	
no	伮	0	
no	帑	0	
no	驽	0	
no	呶	0	
no	孥	0	
no	笯	0	
no	駑	0	
noi	枘	0	
noi	浽	0	
noi	𪰤	0	
noi	挼	0	
noi	𪸯	0	
noi	𣊌	0	
noi	𥱮	0	
noi	𥷓	0	
nom	喃	0	
non	农	0	
non	農	0	
non	嫩	0	
non	𡽫	0	
non	𡁛	0	
non	𧀒	0	
non	𫬣	0	
non	𡄨	0	
nong	农	0	
nong	侬	0	
nong	浓	0	
nong	哝	0	
nong	農	0	
nong	儂	0	
nong	蕽	0	
nong	噥	0	
nong	濃	0	
nong	檂	0	
nong	𬉰	0	
nong	𪇌	0	
no	弩	0	
no	呶	0	
no	笯	0	
non	嫩	0	
non	𧀒	0	
nui	芮	0	
nui	𡍝	0	
nun	蕽	0	
nung	侬	0	
nung	浓	0	
nung	𢙐	0	
nung	儂	0	
nung	嶩	0	
nung	憹	0	
nung	濃	0	
nung	檂	0	
nung	膿	0	
nung	燶	0	
nung	醲	0	
nuc	匿	0	
nuc	𠴐	0	
nuc	𫭵	0	
nuc	耨	0	
nuc	矗	0	
nui	𡶀	0	
num	念	0	
num	埝	0	
num	捻	0	
num	稔	0	
nung	农	0	
nung	農	0	
nup	纳	0	
nup	納	0	
nup	𥧩	0	
nut	鈕	0	
nut	鉃	0	
nut	𦄠	0	
nut	𨨷	0	
nam	年	0	
nam	南	0	
nam	𫧣	0	
nam	𫡵	0	
nam	𠄼	0	
nam	𫷜	0	
nam	𢆥	0	
nan	能	0	
nan	难	0	
nan	𢭹	0	
nan	𢟒	0	
nan	𬝴	0	
nan	噒	0	
nan	難	0	
nan	𡅧	0	
nan	𡅨	0	
nan	䕼	0	
nan	𭉼	0	
nang	𫧇	0	
nang	能	0	
nang	菱	0	
nang	䏻	0	
nang	攮	0	
nang	𮐝	0	
ni	抳	0	
ni	铌	0	
ni	鈮	0	
nung	冗	0	
nung	陇	0	
nung	哝	0	
nung	𨻫	0	
nung	㗈	0	
nung	噥	0	
nung	隴	0	
no	𦀨	0	
noi	尼	0	
noi	坭	0	
nom	䈒	0	
nu	哪	0	
nua	𪥤	0	
nua	𬪄	0	
nua	𦰢	0	
nua	𦰡	0	
nua	𬠌	0	
nung	能	0	
nung	㨢	0	
nung	𫠹	0	
nuom	湳	0	
nuong	娘	0	
nuong	𢭗	0	
nuong	埌	0	
nuong	𬏊	0	
nuong	𬏒	0	
nuong	孃	0	
nuong	囊	0	
nuoc	匿	0	
nuoc	渃	0	
nuoc	著	0	
nuoc	𫭔	0	
nuong	𪹷	0	
nuong	𣡤	0	
nuong	𤓢	0	
nuou	腬	0	
nuom	湳	0	
nuong	娘	0	
nuoc	𩺱	0	
nuop	纳	0	
nuop	納	0	
na	哪	0	
na	娜	0	
na	拿	0	
na	𠌧	0	
na	𫱗	0	
na	𫖂	0	
na	𩈩	0	
na	𫖄	0	
nac	𦟻	0	
nach	疒	0	
nach	病	0	
nach	搦	0	
nai	奈	0	
nai	柰	0	
nai	耐	0	
nai	萘	0	
nai	㖠	0	
nai	捺	0	
nai	𦄌	0	
nam	萏	0	
nam	捻	0	
nam	棯	0	
nam	腩	0	
nan	难	0	
nan	𪻉	0	
nan	難	0	
nang	娘	0	
nang	𣠺	0	
nang	㰙	0	
nang	𣡤	0	
nanh	佞	0	
nanh	懧	0	
nanh	𩕳	0	
nao	挠	0	
nao	𫿹	0	
nao	𥑚	0	
nao	铙	0	
nao	硇	0	
nao	鈕	0	
nao	撓	0	
nao	鐃	0	
nap	纳	0	
nap	肭	0	
nap	钠	0	
nap	衲	0	
nap	納	0	
nap	鈉	0	
nap	㵊	0	
nap	䈫	0	
nat	捏	0	
nat	涅	0	
nat	揑	0	
nat	𠽇	0	
nay	奈	0	
na	那	0	
na	娜	0	
na	拏	0	
na	拿	0	
na	𥭵	0	
na	𫖂	0	
na	𩈩	0	
nai	乃	0	
nai	𢖱	0	
nai	㭁	0	
nai	奈	0	
nam	蝻	0	
nan	难	0	
nan	赧	0	
nan	難	0	
nan	𢥪	0	
nao	恼	0	
nao	惱	0	
nap	纳	0	
nap	納	0	
nay	乃	0	
nay	艿	0	
nay	𫡐	0	
nay	扔	0	
nay	㭁	0	
nay	𤆈	0	
nay	此	0	
nay	䄧	0	
nay	運	0	
nay	𬝡	0	
nac	𠽋	0	
nac	慝	0	
nam	埝	0	
nam	菍	0	
nam	捻	0	
nam	𡎜	0	
nam	稔	0	
nam	𪳋	0	
nam	蕈	0	
nan	拫	0	
nan	振	0	
nan	赧	0	
nang	能	0	
nang	㨢	0	
nang	𪣾	0	
nang	𫆽	0	
nang	𦣙	0	
nang	𦣘	0	
nang	𩟻	0	
nang	𫇄	0	
nang	饢	0	
nap	纳	0	
nap	納	0	
nap	𩄵	0	
nau	恼	0	
nau	惱	0	
nau	𬊢	0	
nau	𤋷	0	
nau	𦞹	0	
nau	𤍇	0	
nau	𤐛	0	
nau	𤒛	0	
nay	乃	0	
nay	伲	0	
nay	呢	0	
nay	𫡝	0	
nam	纳	0	
nam	納	0	
nam	楠	0	
nan	𫱞	0	
nan	㨢	0	
nan	嫨	0	
nan	難	0	
nan	𡅨	0	
nay	尼	0	
nam	南	0	
nay	乃	0	
nay	尼	0	
nay	艿	0	
nay	扔	0	
nay	䄧	0	
nam	卅	0	
nam	菍	0	
nam	稔	0	
nau	恼	0	
nau	惱	0	
nau	𤊲	0	
nau	𦼝	0	
nau	𤒛	0	
nay	扔	0	
nay	𣅅	0	
nam	埝	0	
nam	稔	0	
nam	𡔃	0	
nang	𠹌	0	
nap	纳	0	
nap	納	0	
nap	笠	0	
nap	𠌦	0	
nap	𨃺	0	
nau	肉	0	
nau	𡝦	0	
nau	啂	0	
nau	搙	0	
nau	槈	0	
nau	耨	0	
nau	鎒	0	
nau	𧂭	0	
nay	捺	0	
nay	㮈	0	
nac	匿	0	
nam	𪫶	0	
nam	唸	0	
nam	捻	0	
nam	揇	0	
nam	喃	0	
nam	稔	0	
nan	赧	0	
nan	摊	0	
nan	攤	0	
nang	烫	0	
nang	燙	0	
nang	𪱆	0	
nang	曩	0	
nang	𣌝	0	
nang	𤓢	0	
nap	𠖘	0	
nap	䈫	0	
nap	𫒾	0	
nam	南	0	
nam	𬛩	0	
nam	𦣰	0	
nan	难	0	
nan	噒	0	
nan	難	0	
nan	𡅧	0	
nan	𡅨	0	
nang	能	0	
nan	𤓩	0	
nan	𥸒	0	
nang	擃	0	
nang	曩	0	
nang	囊	0	
nang	儾	0	
nac	昵	0	
nac	诺	0	
nac	匿	0	
nac	喏	0	
nac	锘	0	
nac	暱	0	
nac	諾	0	
nac	鍩	0	
nac	𩺱	0	
nam	淰	0	
nan	㨢	0	
nan	摊	0	
nan	攤	0	
nan	𡔃	0	
nang	曩	0	
nang	𥗨	0	
nang	𥘀	0	
nang	𥗾	0	
nang	𨤼	0	
nen	𢬧	0	
neo	袅	0	
neo	裊	0	
nep	衲	0	
nep	𣘆	0	
net	㖏	0	
net	𠵋	0	
net	𠽇	0	
ne	尔	0	
ne	尒	0	
ne	你	0	
ne	𦕗	0	
ne	爾	0	
ne	儞	0	
neo	袅	0	
neo	裊	0	
neo	𡑩	0	
neo	𡀮	0	
neo	櫟	0	
nen	𢆘	0	
nem	唸	0	
nem	𫫞	0	
nen	佞	0	
nen	𢆭	0	
nen	𤓢	0	
nep	摄	0	
nep	𫌇	0	
nep	𥻻	0	
nep	𫒅	0	
nep	攝	0	
nep	𡓳	0	
nep	襵	0	
nep	𬗂	0	
net	涅	0	
net	湼	0	
net	𢝘	0	
net	𢟗	0	
neu	𠮩	0	
neu	袅	0	
neu	裊	0	
neu	𡀮	0	
neu	櫟	0	
neu	𭈥	0	
ne	尼	0	
ne	伲	0	
ne	泥	0	
ne	耐	0	
ne	𪿗	0	
ne	𪣮	0	
ne	𫒃	0	
nem	𪪆	0	
nen	𡋂	0	
nen	𪤍	0	
nen	𫮱	0	
nen	𡔒	0	
ne	尔	0	
ne	尒	0	
ne	你	0	
ne	𢘝	0	
ne	𠰚	0	
ne	泥	0	
ne	呢	0	
ne	𪡇	0	
ne	旎	0	
ne	爾	0	
ne	𢣚	0	
net	涅	0	
ne	你	0	
ne	坭	0	
ne	濔	0	
ne	你	0	
ne	泥	0	
ne	胒	0	
nem	𧛋	0	
nem	𦁇	0	
nen	𢬧	0	
nen	搌	0	
nen	𪤍	0	
nen	𢵫	0	
nen	㩔	0	
nen	攮	0	
nen	𥘀	0	
ni	𢘝	0	
ni	𠰚	0	
ni	𠱈	0	
ni	呢	0	
ni	𥿡	0	
ni	𫷍	0	
ni	𢣚	0	
nia	铌	0	
nia	鈮	0	
ni	腻	0	
ni	膩	0	
nich	腋	0	
nich	溺	0	
ninh	佞	0	
ninh	柠	0	
ninh	檸	0	
nit	𦁻	0	
nit	𦄇	0	
niu	𠸔	0	
niu	溺	0	
niu	𡣄	0	
no	奴	0	
no	怒	0	
noc	毒	0	
noc	𬟻	0	
noc	𠷮	0	
noc	𣕬	0	
noc	槈	0	
noc	蝳	0	
noc	𫯕	0	
noc	𬠶	0	
noi	𫴹	0	
noi	𪧿	0	
noi	肭	0	
non	嫩	0	
nong	脓	0	
nong	膿	0	
nong	𬍎	0	
not	𢝘	0	
no	弩	0	
no	呶	0	
no	𬊨	0	
non	嫩	0	
noc	衄	0	
noc	𠴐	0	
noi	内	0	
noi	芮	0	
noi	浽	0	
noi	绥	0	
noi	𫃤	0	
noi	綏	0	
noi	𦀼	0	
noi	𨁡	0	
noi	𫃸	0	
noi	𫄌	0	
noi	𫄑	0	
noi	𦇒	0	
nong	浓	0	
nong	擃	0	
nong	濃	0	
nong	𫧪	0	
nop	纳	0	
nop	納	0	
not	讷	0	
not	咄	0	
not	訥	0	
not	脺	0	
not	𤹽	0	
noi	内	0	
noi	㘨	0	
nom	南	0	
nom	喃	0	
nom	腩	0	
nom	𩄑	0	
non	嫩	0	
nong	浓	0	
nong	脓	0	
nong	秾	0	
nong	濃	0	
nong	燶	0	
nong	膿	0	
nong	穠	0	
nong	𪞽	0	
nong	醲	0	
nong	𨐺	0	
no	奴	0	
no	弩	0	
no	𫯅	0	
noi	妥	0	
noi	浽	0	
noi	㧵	0	
noi	浮	0	
noi	𬈗	0	
noi	磊	0	
noi	𤃠	0	
nong	嶩	0	
no	努	0	
no	弩	0	
no	𢫓	0	
noi	内	0	
noi	㧵	0	
noi	浽	0	
noi	馁	0	
noi	𢚶	0	
noi	𦁀	0	
noi	餒	0	
no	怒	0	
noc	𬷨	0	
noi	内	0	
noi	㐻	0	
noi	㘨	0	
nom	㑫	0	
nom	菍	0	
non	嫩	0	
nop	纳	0	
nop	納	0	
not	讷	0	
not	𢗉	0	
not	呐	0	
not	肭	0	
not	訥	0	
no	女	0	
noi	乃	0	
noi	扔	0	
nop	纳	0	
nop	納	0	
nop	𠺶	0	
not	涅	0	
not	湼	0	
no	汝	0	
no	𦬑	0	
no	𠴑	0	
no	𫉅	0	
no	女	0	
no	𦬑	0	
no	𡝖	0	
nom	覧	0	
no	女	0	
no	𢖵	0	
no	𧴱	0	
no	嫧	0	
no	𡢻	0	
nu	𦬻	0	
nu	莜	0	
nu	𦵝	0	
nu	𦵚	0	
nu	𦾤	0	
nuc	忸	0	
nuc	肭	0	
nuc	衂	0	
nuc	恧	0	
nuc	朒	0	
nuc	䖡	0	
nuc	衄	0	
nuc	𦛾	0	
nuc	䶊	0	
nui	内	0	
nua	怒	0	
nung	襛	0	
nung	𨆞	0	
nua	𪱴	0	
nua	𥫭	0	
nua	梛	0	
nuc	涅	0	
nuc	匿	0	
nuc	湼	0	
nuc	𠽋	0	
nuc	慝	0	
nuc	𢴚	0	
nuc	𤎐	0	
nuc	𢢉	0	
nuc	㘃	0	
nuc	𬳤	0	
nung	𦣘	0	
nut	𤇩	0	
nut	𡐘	0	
nut	𢴚	0	
nuu	糅	0	
nung	𥶰	0	
nua	女	0	
nua	𤖩	0	
nua	𡛤	0	
nua	姅	0	
nua	美	0	
nu	女	0	
nu	钕	0	
nu	釹	0	
nua	女	0	
nua	姅	0	
nuu	忸	0	
nuu	妞	0	
nuu	扭	0	
nuu	纽	0	
nuu	抝	0	
nuu	狃	0	
nuu	杻	0	
nuu	拗	0	
nuu	䖡	0	
nuu	紐	0	
nuu	鈕	0	
nu	女	0	
nua	肗	0	
nuc	𠽋	0	
nuc	𤎐	0	
nung	邓	0	
nung	娘	0	
nung	𠹌	0	
nung	鄧	0	
o	乌	0	
o	呜	0	
o	姑	0	
o	烏	0	
o	嗚	0	
o	𪦭	0	
oa	呙	0	
oa	呱	0	
oa	咼	0	
oa	娃	0	
oa	洼	0	
oa	歪	0	
oa	哇	0	
oa	莴	0	
oa	㖞	0	
oa	倭	0	
oa	娲	0	
oa	涡	0	
oa	萵	0	
oa	媧	0	
oa	渦	0	
oa	喎	0	
oa	蛙	0	
oa	窝	0	
oa	锅	0	
oa	窩	0	
oa	蜗	0	
oa	窪	0	
oa	蝸	0	
oa	鍋	0	
oai	歪	0	
oai	威	0	
oai	㖞	0	
oai	喎	0	
oam	衫	0	
oan	苑	0	
oan	鸳	0	
oan	冤	0	
oan	眢	0	
oan	寃	0	
oan	鴛	0	
oan	鵷	0	
oang	咣	0	
oang	𨋌	0	
oang	𠻄	0	
oang	轟	0	
oanh	訇	0	
oanh	莺	0	
oanh	啨	0	
oanh	萦	0	
oanh	𨋌	0	
oanh	罃	0	
oanh	縈	0	
oanh	鶯	0	
oanh	轟	0	
oe	呱	0	
oe	喴	0	
oeo	腰	0	
oeo	𪱘	0	
oi	渨	0	
oi	煨	0	
om	堷	0	
om	萻	0	
om	喑	0	
om	𤋾	0	
om	𦽔	0	
om	𫉮	0	
om	𫇌	0	
om	𬛯	0	
on	嗢	0	
ong	蜂	0	
ong	螉	0	
oa	呙	0	
oa	咼	0	
oa	呱	0	
oa	哇	0	
oa	𫬢	0	
oam	𠽛	0	
oang	𠰈	0	
oang	咣	0	
oang	𨋌	0	
oang	轟	0	
oac	霍	0	
oac	嚯	0	
oach	獲	0	
oach	蠖	0	
oai	荟	0	
oai	𠶔	0	
oai	喴	0	
oai	𡀧	0	
oai	薈	0	
oan	怨	0	
oan	盌	0	
oanh	莛	0	
oanh	瑩	0	
oat	腽	0	
oat	斡	0	
oe	哕	0	
oe	噦	0	
oe	𥖸	0	
oe	𥖸	0	
ooc	沃	0	
ooc	𫥫	0	
oam	𣍍	0	
oac	活	0	
oap	唈	0	
oat	穵	0	
oat	挖	0	
oai	倭	0	
oai	痿	0	
oai	矮	0	
oan	苑	0	
oan	盌	0	
oan	㼝	0	
oan	菀	0	
oan	椀	0	
oan	腕	0	
oan	碗	0	
oan	𥺹	0	
oat	𡯀	0	
oan	𢫠	0	
oang	𬍌	0	
oat	活	0	
oat	𠴎	0	
oat	倔	0	
oat	掘	0	
oat	𡯀	0	
oe	呱	0	
oe	哕	0	
oe	噦	0	
oet	穴	0	
oe	痿	0	
pang	邦	0	
pha	㓟	0	
pha	把	0	
pha	陂	0	
pha	坡	0	
pha	披	0	
pha	玻	0	
pha	颇	0	
pha	葩	0	
pha	㨢	0	
pha	頗	0	
pha	簸	0	
phai	沛	0	
phai	泒	0	
phai	拜	0	
phai	派	0	
phai	𬜞	0	
phan	拌	0	
phan	番	0	
phan	樊	0	
phan	幡	0	
phan	潘	0	
phan	旛	0	
phan	攀	0	
phang	㧍	0	
phang	𪭫	0	
phang	挷	0	
phang	滂	0	
phang	潘	0	
phanh	亨	0	
phanh	怦	0	
phanh	抨	0	
phanh	泙	0	
phanh	姘	0	
phanh	拼	0	
phanh	砰	0	
phanh	烹	0	
phanh	𫱋	0	
phanh	𢴒	0	
phao	抛	0	
phao	拋	0	
phao	砲	0	
phao	脬	0	
phao	漂	0	
phau	抛	0	
phau	𤽵	0	
phay	𠚵	0	
phay	沛	0	
phay	㓟	0	
phay	𦞓	0	
phay	霏	0	
phay	䤵	0	
phe	批	0	
phe	派	0	
phe	𫵫	0	
phen	畨	0	
phen	番	0	
phen	蕃	0	
phen	𬏗	0	
phen	藩	0	
pheo	漂	0	
pheo	𣠓	0	
phep	标	0	
phep	標	0	
phi	飞	0	
phi	丕	0	
phi	妃	0	
phi	纰	0	
phi	抷	0	
phi	坯	0	
phi	呸	0	
phi	非	0	
phi	披	0	
phi	苤	0	
phi	飛	0	
phi	疿	0	
phi	剕	0	
phi	紕	0	
phi	绯	0	
phi	菲	0	
phi	扉	0	
phi	鈹	0	
phi	蜚	0	
phi	緋	0	
phi	霏	0	
phi	鲱	0	
phi	𨅥	0	
phi	鯡	0	
phi	𩹉	0	
phia	𬒏	0	
phiu	膘	0	
phien	萹	0	
phien	番	0	
phien	蕃	0	
phien	幡	0	
phien	翩	0	
phien	膰	0	
phien	翻	0	
phien	旛	0	
phien	藩	0	
phien	䉒	0	
phien	繙	0	
phien	飜	0	
phieu	标	0	
phieu	剽	0	
phieu	慓	0	
phieu	嫖	0	
phieu	漂	0	
phieu	骠	0	
phieu	飘	0	
phieu	標	0	
phieu	镖	0	
phieu	瞟	0	
phieu	薸	0	
phieu	䉒	0	
phieu	鏢	0	
phieu	鳔	0	
phieu	闝	0	
phieu	飃	0	
phieu	飄	0	
phieu	驃	0	
phieu	鰾	0	
phiem	凡	0	
phiem	氾	0	
phiem	汛	0	
phiem	汎	0	
phiem	泛	0	
phien	片	0	
phien	扇	0	
phien	骗	0	
phien	骟	0	
phien	搧	0	
phien	煽	0	
phien	幡	0	
phien	翩	0	
phien	𤗹	0	
phien	旛	0	
phien	騙	0	
phien	騸	0	
phiet	丿	0	
phiet	苤	0	
phiet	𢬩	0	
phiet	撇	0	
phiet	撥	0	
phieu	票	0	
phieu	䄇	0	
phieu	裱	0	
phieu	摽	0	
phieu	嫖	0	
phieu	漂	0	
phieu	缥	0	
phieu	膘	0	
phieu	縹	0	
phieu	鏢	0	
phieu	臕	0	
phien	烦	0	
phien	煩	0	
phien	䋦	0	
phien	燔	0	
phien	襎	0	
phien	繁	0	
phien	藩	0	
phien	片	0	
phien	𬌖	0	
phiet	丿	0	
phiet	氕	0	
phiet	阀	0	
phiet	栰	0	
phiet	惝	0	
phiet	筏	0	
phiet	閥	0	
phjom	𬴫	0	
pho	夫	0	
pho	付	0	
pho	甫	0	
pho	哺	0	
pho	副	0	
pho	铺	0	
pho	舖	0	
pho	鋪	0	
phon	𪿱	0	
phong	风	0	
phong	丰	0	
phong	枫	0	
phong	疯	0	
phong	封	0	
phong	風	0	
phong	峯	0	
phong	峰	0	
phong	烽	0	
phong	锋	0	
phong	葑	0	
phong	蜂	0	
phong	豊	0	
phong	楓	0	
phong	瘋	0	
phong	鋒	0	
phong	豐	0	
phong	𧔧	0	
phong		0	
phooc	卜	0	
phooc	朴	0	
phu	夫	0	
phu	伕	0	
phu	孚	0	
phu	肤	0	
phu	𫓧	0	
phu	莩	0	
phu	趺	0	
phu	鈇	0	
phu	傳	0	
phu	孵	0	
phu	膚	0	
phu	麩	0	
phu	敷	0	
phu	䴸	0	
phua	夫	0	
phui	胚	0	
phun	喷	0	
phun	噴	0	
phung	疯	0	
phung	𢱚	0	
phung	瘋	0	
phuoi	配	0	
phuoi	𪡭	0	
pha	柀	0	
pha	𠶊	0	
pha	𣔡	0	
pha	𡀥	0	
pha	𪸁	0	
pham	凡	0	
pham	凣	0	
pham	帆	0	
pham	柉	0	
pham	𥁷	0	
pham	颿	0	
phan	吩	0	
phan	钒	0	
phan	矾	0	
phan	烦	0	
phan	釩	0	
phan	焚	0	
phan	煩	0	
phan	樊	0	
phan	潘	0	
phan	𡃎	0	
phan	礬	0	
phang	仿	0	
phang	彷	0	
phang	旁	0	
phang	傍	0	
phanh	烹	0	
phanh	傍	0	
phanh	𢴒	0	
phao	抛	0	
phao	胞	0	
phao	𠴋	0	
phao	𠷤	0	
phao	𡀥	0	
pha	披	0	
pha	破	0	
pha	耚	0	
pha	𫮒	0	
pha	霸	0	
phac	扑	0	
phac	朴	0	
phac	𢪗	0	
phac	撲	0	
phac	噗	0	
phac	樸	0	
phac	璞	0	
phac	镤	0	
phac	醭	0	
phac	鏷	0	
phach	拍	0	
phach	珀	0	
phach	魄	0	
phach	劈	0	
phach	噼	0	
phach	擘	0	
phach	霸	0	
phach	𥶱	0	
phai	沛	0	
phai	派	0	
phai	湃	0	
phan	判	0	
phan	泮	0	
phan	贩	0	
phan	盼	0	
phan	袢	0	
phan	販	0	
phan	襻	0	
phao	包	0	
phao	炮	0	
phao	砲	0	
phao	礮	0	
phap	法	0	
phap	珐	0	
phap	砝	0	
phap	𦝎	0	
phat	发	0	
phat	發	0	
phat	𤼵	0	
phat	髮	0	
phat	㗶	0	
phay	沛	0	
phay	派	0	
phay	霈	0	
phan	分	0	
phan	份	0	
phan	芬	0	
phan	纷	0	
phan	坋	0	
phan	吩	0	
phan	氛	0	
phan	颁	0	
phan	紛	0	
phan	棻	0	
phan	酚	0	
phan	棼	0	
phan	雰	0	
phan	粪	0	
phan	頒	0	
phan	糞	0	
phan	𥽡	0	
phay	沛	0	
phe	肥	0	
phe	淝	0	
phe	㵒	0	
phe	噬	0	
phe	𫉳	0	
phen	矾	0	
phen	𥖎	0	
phen	𧀭	0	
phen	礬	0	
phen	𥽢	0	
pheng	嗙	0	
pheo	咆	0	
pheo	嫖	0	
pheo	漂	0	
pheo	膘	0	
pheo	𬛡	0	
pheo	𦣕	0	
phe	㵒	0	
phep	法	0	
phep	𪶏	0	
phep	𪫚	0	
phet	撇	0	
phet	㗶	0	
phet	𦠱	0	
phe	批	0	
phe	披	0	
phe	砒	0	
phe	啡	0	
phen	片	0	
phen	梠	0	
phen	蕃	0	
phen	𤗹	0	
phen	𬌌	0	
phen	藩	0	
phen	䉒	0	
phi	肥	0	
phi	淝	0	
phi	腓	0	
phi	𤷂	0	
phi	蜰	0	
phinh	泙	0	
phinh	𫯡	0	
phinh	萍	0	
phinh	𬛙	0	
phi	狒	0	
phi	沸	0	
phi	费	0	
phi	費	0	
phi	镄	0	
phi	㵒	0	
phi	鐨	0	
phia	费	0	
phia	費	0	
phia	𠌨	0	
phia	𪰂	0	
phich	擗	0	
phich	癖	0	
phich	霹	0	
phim	乏	0	
phim	泛	0	
phim	𪣇	0	
phim	𠰏	0	
phim	柉	0	
phim	砭	0	
phim	𣓦	0	
phim	𫸿	0	
phinh	𣍪	0	
phit	丿	0	
pho	付	0	
pho	扶	0	
pho	附	0	
pho	驸	0	
pho	抪	0	
pho	哺	0	
pho	駙	0	
phong	防	0	
phong	妨	0	
phong	房	0	
phong	肪	0	
pho	仆	0	
pho	讣	0	
pho	付	0	
pho	咐	0	
pho	訃	0	
pho	赴	0	
pho	副	0	
pho	傅	0	
pho	僕	0	
phoc	仆	0	
phoc	僕	0	
phoc	𢺁	0	
phong	访	0	
phong	放	0	
phong	奉	0	
phong	訪	0	
pho	甫	0	
pho	抪	0	
pho	捕	0	
pho	哺	0	
pho	铺	0	
pho	敷	0	
pho	舖	0	
pho	鋪	0	
pho	𪢜	0	
phoi	坏	0	
phoi	坯	0	
phoi	呸	0	
phoi	胚	0	
phoi	配	0	
phoi	𠸟	0	
phoi	醅	0	
phoi	壞	0	
phong	蓬	0	
phu	夫	0	
phu	扶	0	
phu	孚	0	
phu	芙	0	
phu	芣	0	
phu	咐	0	
phu	苻	0	
phu	俘	0	
phu	郛	0	
phu	枹	0	
phu	哺	0	
phu	蚨	0	
phu	浮	0	
phu	桴	0	
phu	符	0	
phu	蜉	0	
phun	喷	0	
phun	噴	0	
phun	𤂫	0	
phung	冯	0	
phung	逢	0	
phung	葻	0	
phung	馮	0	
phung	鳯	0	
phung	漨	0	
phung	缝	0	
phung	蓬	0	
phung	摓	0	
phung	𢲵	0	
phung	縫	0	
phu	付	0	
phu	富	0	
phu	赋	0	
phu	賦	0	
phu	覆	0	
phuc	畐	0	
phuc	幅	0	
phuc	愊	0	
phuc	腹	0	
phuc	辐	0	
phuc	煏	0	
phuc	福	0	
phuc	蝮	0	
phuc	輻	0	
phun	喯	0	
phun	喷	0	
phun	噴	0	
phun	歕	0	
phun	𤂫	0	
phung	讽	0	
phung	放	0	
phung	逢	0	
phung	赗	0	
phung	賵	0	
phung	諷	0	
phup	乏	0	
phut	丿	0	
phut	笔	0	
phut	筆	0	
phut	發	0	
phut	𤼵	0	
pham	法	0	
pham	探	0	
pham	𨮍	0	
phan	分	0	
phang	方	0	
phang	氷	0	
phang	冰	0	
phang	𬦋	0	
phang	播	0	
phinh	𠰳	0	
phu	负	0	
phu	庑	0	
phu	負	0	
phu	𢰺	0	
phu	廡	0	
phu	𫻉	0	
pho	苤	0	
pho	抷	0	
pho	坯	0	
pho	坡	0	
pho	披	0	
pho	排	0	
pho	萉	0	
pho	普	0	
pho	𬐌	0	
pho	𬐐	0	
phoi	坡	0	
phoi	披	0	
phoi	𤇨	0	
phoi	𣆏	0	
phoi	派	0	
phoi	配	0	
phoi	𤊫	0	
phoi	腓	0	
phoi	𤊬	0	
phoi	𣈓	0	
phoi	㫵	0	
phon	坋	0	
phung	放	0	
phung	樊	0	
phuong	匸	0	
phuong	匚	0	
phuong	方	0	
phuong	芳	0	
phuong	坊	0	
phuong	妨	0	
phuong	枋	0	
phuong	钫	0	
phuong	鈁	0	
phuong	閍	0	
phuong	鲂	0	
phuong	魴	0	
phuoc	堛	0	
phuoc	缚	0	
phuoc	福	0	
phuoc	縛	0	
phuon	片	0	
phuon	𢁸	0	
phuon	幡	0	
phuon	𤗹	0	
phuon	旙	0	
phuon	旛	0	
phuon	𪰃	0	
phuong	仿	0	
phuong	坊	0	
phuong	𠉱	0	
phuong	纺	0	
phuong	昉	0	
phuong	紡	0	
phuon	𦙀	0	
phuong	凤	0	
phuong	鳯	0	
phuong	鳳	0	
pha	帕	0	
pha	怕	0	
pha	𪥉	0	
pha	袙	0	
phach	拍	0	
phach	𢫗	0	
phach	𩗀	0	
pham	犯	0	
pham	汛	0	
pham	范	0	
pham	笵	0	
pham	𫈣	0	
pham	範	0	
phan	饭	0	
phan	板	0	
phan	梵	0	
phan	飯	0	
phang	𪟀	0	
phang	倣	0	
phang	镑	0	
phang	鎊	0	
phanh	怦	0	
phap	乏	0	
phap	姂	0	
phap	𤝑	0	
phat	伐	0	
phat	垡	0	
phat	罰	0	
phat	罸	0	
pha	叵	0	
pha	把	0	
pha	钷	0	
pha	笸	0	
pha	𪜘	0	
pha	颇	0	
pha	普	0	
pha	鉕	0	
pha	頗	0	
pha	谱	0	
pha	譜	0	
phai	沛	0	
phai	拜	0	
phai	派	0	
phai	𬆃	0	
phan	反	0	
phan	阪	0	
phan	返	0	
phan	岅	0	
phan	坂	0	
phan	板	0	
phan	版	0	
phan	呠	0	
phan	叛	0	
phan	𫷰	0	
phang	仿	0	
phang	彷	0	
phang	钫	0	
phang	舫	0	
phang	𥾵	0	
phang	鈁	0	
phang	徬	0	
phang	滂	0	
phay	丿	0	
phay	㧊	0	
phay	沛	0	
phay	𢭿	0	
phan	分	0	
phan	奋	0	
phan	拚	0	
phan	粉	0	
phan	偾	0	
phan	愤	0	
phan	僨	0	
phan	憤	0	
phan	奮	0	
phan	鼢	0	
phan	瀵	0	
phap	邑	0	
phap	法	0	
phap	𤎒	0	
phat	丿	0	
phat	仏	0	
phat	弗	0	
phat	佛	0	
phat	茀	0	
phat	拂	0	
phat	绋	0	
phat	彿	0	
phat	怫	0	
phat	沸	0	
phat	咈	0	
phat	袱	0	
phat	紼	0	
phat	𩂕	0	
phat	髴	0	
phau	踣	0	
phan	分	0	
phan	仿	0	
phan	份	0	
phan	坟	0	
phan	枌	0	
phan	萉	0	
phan	棼	0	
phan	焚	0	
phan	𣸣	0	
phan	蕡	0	
phan	墳	0	
phan	燔	0	
phau	抔	0	
phau	裒	0	
pham	品	0	
phan	粪	0	
phan	糞	0	
phau	倍	0	
phau	剖	0	
phay	沛	0	
phay	拜	0	
phay	𢵪	0	
phan	坋	0	
phan	扮	0	
phan	忿	0	
phan	愤	0	
phan	憤	0	
phau	缶	0	
phau	剖	0	
phau	裒	0	
phau	蔀	0	
phan	分	0	
phap	乏	0	
phap	仏	0	
phap	佛	0	
phap	𠰏	0	
phap	法	0	
phap	𠵽	0	
phap	𨥧	0	
phap	慑	0	
phap	慴	0	
phap	㦄	0	
phap	懾	0	
phat	乀	0	
phat	仏	0	
phat	𫢋	0	
phat	佛	0	
phat	怫	0	
phat	炥	0	
phat	髴	0	
phat	𬽭	0	
phac	朴	0	
phac	噗	0	
phac	樸	0	
phac	𡃾	0	
phang	旁	0	
phap	法	0	
phap	𬈅	0	
phap	𪴹	0	
phat	拂	0	
phat	發	0	
phat	𧿳	0	
phat	𤼵	0	
phan	纷	0	
phan	紛	0	
phang	仿	0	
phang	彷	0	
phang	坂	0	
phang	凭	0	
phang	𢆕	0	
phang	旁	0	
phang	惔	0	
phang	滂	0	
phang	𪹚	0	
phang	𪪇	0	
phap	乏	0	
phap	𨥧	0	
phet	筏	0	
phet	㗶	0	
phe	废	0	
phe	肺	0	
phe	廢	0	
phech	拍	0	
phech	𤾷	0	
phet	丿	0	
phet	發	0	
phet	𬨙	0	
phet	𤼵	0	
phet	撇	0	
phet	撥	0	
pheu	嫖	0	
phe	肥	0	
phenh	泙	0	
phenh	萍	0	
pheu	漂	0	
pheu	𡁼	0	
phen	𦝅	0	
pheu	缶	0	
pheu	𫿴	0	
pheu	瓿	0	
pheu	𧧀	0	
phe	吠	0	
phe	筮	0	
phe	噬	0	
phech	拍	0	
phen	抃	0	
phen	𢴔	0	
phet	撇	0	
phi	丕	0	
phi	诽	0	
phi	疿	0	
phi	匪	0	
phi	悱	0	
phi	菲	0	
phi	棐	0	
phi	斐	0	
phi	痱	0	
phi	蜚	0	
phi	榧	0	
phi	翡	0	
phi	誹	0	
phi	䤵	0	
phinh	𠰳	0	
phinh	𠶏	0	
phinh	𫱤	0	
phi	𦜀	0	
phi	𤷂	0	
phia	吠	0	
phich	丿	0	
phich	筏	0	
phich	擗	0	
phich	𦢟	0	
phiu	漂	0	
phoc	缚	0	
phoc	縛	0	
phong	菶	0	
phong	仿	0	
phong	访	0	
phong	彷	0	
phong	放	0	
phong	倣	0	
phong	訪	0	
phong	𤊦	0	
pho	怖	0	
pho	圃	0	
pho	浦	0	
pho	庯	0	
pho	铺	0	
pho	舖	0	
pho	鋪	0	
phoc	仆	0	
phoc	扑	0	
phoc	僕	0	
phoc	撲	0	
phoi	浿	0	
phoi	配	0	
phop	乏	0	
phop	𬐆	0	
phop	𦝎	0	
phop	𪾁	0	
phon	𪝕	0	
phon	𢱨	0	
phon	緐	0	
phon	繁	0	
phon	藩	0	
phong	逢	0	
phong	蓬	0	
phong	篷	0	
phong	𤂧	0	
pho	普	0	
pho	溥	0	
pho	谱	0	
pho	镨	0	
pho	譜	0	
pho	鐠	0	
phoc	卜	0	
phoi	肺	0	
phoi	配	0	
phoi	𦟊	0	
phoi	𦡮	0	
phong	倣	0	
phong	淎	0	
phong	俸	0	
phong	倣	0	
phong	捧	0	
phong	䏾	0	
phong	𪫊	0	
phong	𬥆	0	
phoc	攴	0	
phoc	攵	0	
phong	菶	0	
phong	𧯵	0	
phoi	沛	0	
phoi	派	0	
phoi	配	0	
phoi	𢄃	0	
phoi	𤋻	0	
phom	𠱍	0	
phon	反	0	
phot	彿	0	
phot	拂	0	
phot	咈	0	
phot	發	0	
phot	𤼵	0	
pho	𠱀	0	
pho	𤷵	0	
pho	颇	0	
pho	㗞	0	
pho	頗	0	
pho	𡂄	0	
pho	𬖾	0	
phon	𦙀	0	
phu	阝	0	
phu	父	0	
phu	妇	0	
phu	负	0	
phu	附	0	
phu	坿	0	
phu	阜	0	
phu	負	0	
phu	婦	0	
phu	辅	0	
phu	埠	0	
phu	媍	0	
phu	跗	0	
phu	鲋	0	
phu	輔	0	
phu	赙	0	
phu	駙	0	
phu	鮒	0	
phu	賻	0	
phuc	伏	0	
phuc	服	0	
phuc	茯	0	
phuc	复	0	
phuc	洑	0	
phuc	袱	0	
phuc	菔	0	
phuc	愎	0	
phuc	復	0	
phuc	腹	0	
phuc	複	0	
phuc	幞	0	
phuc	鳆	0	
phuc	襆	0	
phuc	鰒	0	
phung	凤	0	
phung	奉	0	
phung	唪	0	
phung	菶	0	
phung	鳳	0	
phup	乏	0	
phup	𠰏	0	
phut	炥	0	
phu	甫	0	
phu	抚	0	
phu	庑	0	
phu	否	0	
phu	斧	0	
phu	拊	0	
phu	府	0	
phu	俛	0	
phu	釜	0	
phu	𪺛	0	
phu	俯	0	
phu	莆	0	
phu	脯	0	
phu	赋	0	
phu	腑	0	
phu	蜅	0	
phu	頫	0	
phu	廡	0	
phu	賦	0	
phu	撫	0	
phu	鬴	0	
phu	覆	0	
phui	𢲭	0	
phung	捧	0	
phuc	复	0	
phuc	愎	0	
phuc	𠸢	0	
phuc	復	0	
phuc	愊	0	
phuc	複	0	
phuc	馥	0	
phut	拂	0	
phung	炐	0	
phung	𤇊	0	
phung	焚	0	
phuu	缶	0	
phut	拂	0	
pi	𪪈	0	
pi	𫷞	0	
piai	莱	0	
piai	萊	0	
piom	𡀫	0	
pioong	捧	0	
piot	律	0	
piuc	朴	0	
piet	別	0	
po	圩	0	
pya	把	0	
pa	把	0	
pac	百	0	
pat	钵	0	
pat	鉢	0	
pay	𫨯	0	
pay	𫨰	0	
pi	肥	0	
pich	𬲉	0	
pom	𤒢	0	
pu	布	0	
pa	𪥷	0	
pan	扳	0	
pang	梆	0	
pang	𠳐	0	
pau	倍	0	
pau	剖	0	
pan	本	0	
pat	扒	0	
pia	𫥴	0	
poc	扑	0	
pu	部	0	
qua	戈	0	
qua	瓜	0	
qua	过	0	
qua	𣏾	0	
qua	呱	0	
qua	剐	0	
qua	𦨜	0	
qua	埚	0	
qua	剮	0	
qua	㽿	0	
qua	過	0	
qua	堝	0	
qua	撾	0	
qua	𩿙	0	
qua	䯄	0	
qua	騧	0	
quai	乖	0	
quai	𠱅	0	
quai	𢮿	0	
quai	掛	0	
quan	关	0	
quan	光	0	
quan	观	0	
quan	官	0	
quan	贯	0	
quan	冠	0	
quan	宦	0	
quan	覌	0	
quan	𬮦	0	
quan	貫	0	
quan	棺	0	
quan	䦕	0	
quan	関	0	
quan	瘝	0	
quan	關	0	
quan	𩹌	0	
quan	鰥	0	
quan	觀	0	
quang	光	0	
quang	挄	0	
quang	咣	0	
quang	胱	0	
quang	桄	0	
quang	絖	0	
quang	觥	0	
quanh	光	0	
quanh	𨒺	0	
quanh	𪞀	0	
quanh	桄	0	
quanh	𢩊	0	
quanh	萦	0	
quanh	觥	0	
quanh	𬩌	0	
quanh	縈	0	
quanh	𠓐	0	
quay	乖	0	
quay	拐	0	
quay	歪	0	
quay	𢮿	0	
quay	𢵴	0	
quay	𨧰	0	
quay	𨆠	0	
que	圭	0	
que	挂	0	
que	桂	0	
que	𢹾	0	
que	𣠗	0	
quen	贯	0	
quen	娟	0	
quen	捐	0	
quen	涓	0	
quen	悁	0	
quen	惯	0	
quen	貫	0	
quen	𪡵	0	
quen	慣	0	
quen	𬙿	0	
queng	光	0	
queo	跳	0	
qui	龟	0	
qui	規	0	
qui	龜	0	
qui	歸	0	
quy	归	0	
quy	龟	0	
quy	规	0	
quy	皈	0	
quy	規	0	
quy	槣	0	
quy	龜	0	
quy	歸	0	
quy	V+6086B	0	
quynh	冂	0	
quynh	坰	0	
quynh	扃	0	
quyen	捐	0	
quyen	涓	0	
quyen	娟	0	
quyen	悁	0	
quyen	圈	0	
quyen	鹃	0	
quyen	鵑	0	
quyen	蠲	0	
quyen	汌	0	
quyen	畎	0	
quyen	绢	0	
quyen	悁	0	
quyen	眷	0	
quyen	罥	0	
quyen	睠	0	
quyen	絹	0	
quyet	亅	0	
quyet	孓	0	
quyet	诀	0	
quyet	决	0	
quyet	抉	0	
quyet	決	0	
quyet	㹟	0	
quyet	玦	0	
quyet	袂	0	
quyet	訣	0	
quyet	觖	0	
quyet	厥	0	
quyet	劂	0	
quyet	蕨	0	
quyet	鴂	0	
quyet	獗	0	
quyet	撅	0	
quyet	橛	0	
quyet	鳜	0	
quyet	鱖	0	
quyen	权	0	
quyen	卷	0	
quyen	拳	0	
quyen	惓	0	
quyen	捲	0	
quyen	圈	0	
quyen	𤷄	0	
quyen	踡	0	
quyen	鬈	0	
quyen	權	0	
quyen	颧	0	
quyen	顴	0	
quyen	卷	0	
quyen	捲	0	
quyen	綣	0	
quyen	管	0	
quyen	蜷	0	
quyen	卷	0	
quyen	倦	0	
quyen	捲	0	
quyen	𤷄	0	
quyet	谲	0	
quyet	撅	0	
quyet	譎	0	
qua	菓	0	
qua	𩚧	0	
qua	𧵟	0	
qua	𩛃	0	
qua	𩟂	0	
quan	权	0	
quan	𣨭	0	
quan	權	0	
quang	光	0	
quang	挄	0	
quang	咣	0	
quang	恍	0	
quang	桄	0	
quang	晃	0	
quang	𪦍	0	
quang	絖	0	
quang	𫏈	0	
quanh	琼	0	
quanh	𥖒	0	
quanh	瓊	0	
quao	搞	0	
quau	㤹	0	
quau	𥆿	0	
quay	拐	0	
quay	𢮿	0	
quay	𫏓	0	
quay	𨆠	0	
qua	戈	0	
qua	过	0	
qua	𬨨	0	
qua	過	0	
qua	𩟂	0	
quac	啯	0	
quac	嘓	0	
quac	嚄	0	
quach	挄	0	
quach	郭	0	
quach	椁	0	
quach	廓	0	
quach	槨	0	
quai	夬	0	
quai	卦	0	
quai	拐	0	
quai	怪	0	
quai	刽	0	
quai	诖	0	
quai	侩	0	
quai	𪭯	0	
quai	恠	0	
quai	浍	0	
quai	詿	0	
quai	褂	0	
quai	鲙	0	
quai	儈	0	
quai	劊	0	
quai	獪	0	
quai	𢶒	0	
quai	澮	0	
quai	鱠	0	
quan	丱	0	
quan	缶	0	
quan	串	0	
quan	贯	0	
quan	冠	0	
quan	倌	0	
quan	掼	0	
quan	惯	0	
quan	馆	0	
quan	脘	0	
quan	貫	0	
quan	綰	0	
quan	慣	0	
quan	摜	0	
quan	𬏸	0	
quan	舘	0	
quan	館	0	
quan	盥	0	
quan	罆	0	
quan	灌	0	
quan	鹳	0	
quan	罐	0	
quan	鑵	0	
quan	鸛	0	
quang	𤈛	0	
quang	桄	0	
quang	晃	0	
quang	䀨	0	
quang	𥆄	0	
quang	䨔	0	
quang	廣	0	
quang	爌	0	
quang	矌	0	
quanh	迥	0	
quanh	獷	0	
quanh	𥗏	0	
quao	𢭭	0	
quat	刮	0	
quat	咕	0	
quat	括	0	
quat	咶	0	
quat	柣	0	
quat	䀨	0	
quat	鸹	0	
quat	掘	0	
quat	𠵯	0	
quat	𠸓	0	
quat	聒	0	
quat	𠻉	0	
quat	鴰	0	
quat	鬠	0	
quan	匀	0	
quan	军	0	
quan	龟	0	
quan	𢗋	0	
quan	君	0	
quan	均	0	
quan	抣	0	
quan	钧	0	
quan	軍	0	
quan	皲	0	
quan	鈞	0	
quan	傳	0	
quan	筠	0	
quan	皸	0	
quan	龜	0	
quay	𡇸	0	
quay	𢮿	0	
quang	圹	0	
quang	旷	0	
quang	廣	0	
quang	壙	0	
quang	曠	0	
que	跪	0	
que	蹷	0	
que	蹶	0	
que	𨅐	0	
quen	拳	0	
quen	𤷄	0	
queo	跳	0	
que	㹟	0	
que	𠺺	0	
que	𤡱	0	
quen	卷	0	
quen	捲	0	
queo	𣐲	0	
queo	窍	0	
queo	竅	0	
quet	抉	0	
quet	拙	0	
quet	括	0	
quet	𪭱	0	
quet	𢭯	0	
quet	𪩺	0	
quet	撅	0	
quet	橛	0	
quet	𭎑	0	
que	圭	0	
que	闺	0	
que	𬫀	0	
quen	捐	0	
quen	涓	0	
quen	𫡻	0	
quen	悁	0	
quen	𠅳	0	
quen	𫡾	0	
quen	𠅻	0	
quen	𢟚	0	
quen	𪬙	0	
quen	𫺴	0	
quen	𫯗	0	
quen	𪬳	0	
qui	跪	0	
qui	季	0	
qui	貴	0	
qui	䠏	0	
quit	𢵮	0	
quit	橘	0	
quit	𧑐	0	
quy	季	0	
quy	癸	0	
quy	贵	0	
quy	愧	0	
quy	貴	0	
quy	䁛	0	
quy	䠏	0	
quych	䦧	0	
quynh	迥	0	
quynh	炯	0	
quynh	琼	0	
quynh	𨖩	0	
quynh	瓊	0	
quyt	抉	0	
quyt	𢵮	0	
quyt	橘	0	
quyt	𧑐	0	
quan	均	0	
quan	肱	0	
quan	𫘿	0	
quan	鬈	0	
quan	𩭵	0	
quan	𩮔	0	
quang	光	0	
quang	肱	0	
quang	挄	0	
quang	𧈽	0	
quang	𫽶	0	
quang	觥	0	
qui	軌	0	
qui	揆	0	
qui	匱	0	
qui	櫃	0	
quo	戈	0	
quo	找	0	
quo	㧓	0	
quo	撾	0	
qua	𩾷	0	
qua	𩿙	0	
qua	𪀅	0	
qua	𪁶	0	
qua	𪂠	0	
qua	𪇍	0	
quac	啯	0	
quac	嘓	0	
quach	槨	0	
quach	鴂	0	
quach	𪅪	0	
quai	𠶔	0	
quai	跪	0	
quai	𬏴	0	
quang	𥆄	0	
quang	矌	0	
quanh	郡	0	
quanh	琼	0	
quanh	𣔲	0	
quanh	瓊	0	
quat	抉	0	
quat	扇	0	
quat	掘	0	
quat	搧	0	
quat	𦑗	0	
quat	𢅅	0	
quat	撅	0	
quat	橛	0	
quat	𬚇	0	
quau	姤	0	
quau	㗕	0	
qua	划	0	
qua	果	0	
qua	菓	0	
qua	棵	0	
qua	锞	0	
qua	寡	0	
qua	蜾	0	
qua	錁	0	
qua	𩸄	0	
quai	拐	0	
quai	挂	0	
quai	𢯑	0	
quai	𠶔	0	
quai	掛	0	
quai	罣	0	
quai	𢮿	0	
quai	啩	0	
quai	跪	0	
quai	罫	0	
quan	筦	0	
quan	管	0	
quan	𩸘	0	
quang	广	0	
quang	邝	0	
quang	廣	0	
quang	癀	0	
quang	鄺	0	
quau	篝	0	
quay	抉	0	
quay	快	0	
quay	拐	0	
quay	怪	0	
quay	柺	0	
quay	挂	0	
quay	掛	0	
quay	𢮿	0	
quay	揆	0	
quan	卷	0	
quan	郡	0	
quan	捃	0	
quan	眷	0	
quan	捲	0	
quan	𦄄	0	
quan	𦄻	0	
quat	屈	0	
quat	括	0	
quat	桔	0	
quat	倔	0	
quat	掘	0	
quat	𧿺	0	
quat	橘	0	
quat	𨧱	0	
quat	繘	0	
quay	怪	0	
quay	卦	0	
quay	𢫞	0	
quay	癸	0	
quay	掛	0	
quay	𠶔	0	
quay	𢯗	0	
quay	啩	0	
quay	撌	0	
quan	帬	0	
quan	捃	0	
quan	逭	0	
quan	裙	0	
quan	羣	0	
quan	群	0	
quan	𠹴	0	
quan	𢋟	0	
quan	攒	0	
quan	麕	0	
quan	攢	0	
quang	晕	0	
quang	琼	0	
quang	暈	0	
quang	橘	0	
quang	瓊	0	
quang	𤓇	0	
quay	拐	0	
quay	柜	0	
quay	櫃	0	
quan	𨛦	0	
quan	郡	0	
quan	窘	0	
quan	管	0	
quay	拐	0	
quay	挂	0	
quay	掛	0	
quan	窘	0	
quay	轨	0	
quay	軌	0	
quay	掛	0	
quay	揆	0	
quay	𢷴	0	
quan	郡	0	
quan	捃	0	
quat	挗	0	
quat	倔	0	
quat	掘	0	
quat	崛	0	
quat	鸹	0	
quat	窟	0	
quat	鴰	0	
quay	癸	0	
quay	挂	0	
quay	掛	0	
quay	𢮿	0	
quay	揆	0	
quay	跪	0	
quac	掴	0	
quac	啯	0	
quac	䀨	0	
quac	𥆃	0	
quac	帼	0	
quac	𣈛	0	
quac	锔	0	
quac	腘	0	
quac	嘓	0	
quac	摑	0	
quac	幗	0	
quac	蝈	0	
quac	膕	0	
quac	𤎍	0	
quac	鋦	0	
quac	虢	0	
quac	閾	0	
quac	𥊞	0	
quac	蟈	0	
quac	馘	0	
quac	矍	0	
quac	鐝	0	
quac	攫	0	
quac	䦆	0	
quac	钁	0	
quam	禁	0	
quam	𪇎	0	
quan	𦄻	0	
quap	及	0	
quap	急	0	
quap	𣌵	0	
quat	啒	0	
quat	掘	0	
quat	𢯔	0	
quat	𣈛	0	
quat	橘	0	
quan	𠲰	0	
quan	嵬	0	
quan	群	0	
quan	𠹴	0	
quan	𡀳	0	
quan	𨆤	0	
quang	𡀳	0	
quang	扩	0	
quang	挄	0	
quang	廣	0	
quang	擴	0	
quang	爌	0	
quang	𪠢	0	
quac	啒	0	
quac	掴	0	
quac	摑	0	
quac	擭	0	
quam	脸	0	
quam	㦗	0	
quam	𣰙	0	
quam	臉	0	
quam	𥋴	0	
quan	郡	0	
quan	𤹓	0	
quang	矿	0	
quang	礦	0	
quap	及	0	
quap	𣌵	0	
quat	倔	0	
quat	啒	0	
quat	掘	0	
quen	卷	0	
quen	倦	0	
quen	眷	0	
quen	𤷄	0	
queo	𢳙	0	
queo	䠏	0	
quep	擛	0	
quep	𣜿	0	
quet	抉	0	
quet	𢵮	0	
quet	鴃	0	
que	卦	0	
que	𩱻	0	
que	掛	0	
que	𫙌	0	
que	𩳴	0	
que	鬼	0	
que	𡎝	0	
que	揆	0	
que	怪	0	
que	挂	0	
que	桂	0	
que	眭	0	
que	鈌	0	
que	跬	0	
que	劌	0	
quen	𫃔	0	
quet	决	0	
quet	𢵮	0	
quet	撅	0	
quenh	琼	0	
quenh	瓊	0	
queu	侨	0	
queu	僑	0	
que	跬	0	
que	撅	0	
que	蹶	0	
que	蹷	0	
quech	廓	0	
quech	𢵮	0	
quet	决	0	
quet	𢵮	0	
qui	鬼	0	
qui	跪	0	
quit	倔	0	
quit	掘	0	
quit	谲	0	
quit	譎	0	
quoc	囯	0	
quoc	国	0	
quoc	囻	0	
quoc	國	0	
quo	過	0	
quo	撾	0	
quo	𢣄	0	
quo	戈	0	
quo	捰	0	
quo	撾	0	
quo	𢵵	0	
quo	过	0	
quo	𠵩	0	
quo	過	0	
quy	季	0	
quy	馗	0	
quy	逵	0	
quy	葵	0	
quy	跪	0	
quy	𧃰	0	
quynh	茕	0	
quynh	惸	0	
quynh	琼	0	
quynh	煢	0	
quynh	綡	0	
quynh	瓊	0	
quynh	𩽗	0	
quy	蛫	0	
quy	跪	0	
quyt	掘	0	
quy	鬼	0	
quy	𩲡	0	
quy	簋	0	
quy	蟡	0	
quynh	炯	0	
quy	宄	0	
quy	轨	0	
quy	柜	0	
quy	匦	0	
quy	軌	0	
quy	匭	0	
quy	匮	0	
quy	揆	0	
quy	蒉	0	
quy	椇	0	
quy	晷	0	
quy	馈	0	
quy	匱	0	
quy	撌	0	
quy	蕢	0	
quy	餽	0	
quy	櫃	0	
quy	騤	0	
quy	饋	0	
ra	𪞷	0	
ra	𪡔	0	
ra	啰	0	
ra	𫥧	0	
ra	𬎷	0	
ra	𫥨	0	
ra	𦋦	0	
ra	𡅍	0	
ra	囉	0	
ra	𠚢	0	
rai	涞	0	
rai	淶	0	
ram	𪾋	0	
ram	监	0	
ram	監	0	
ram	爁	0	
ram	𤓆	0	
ran	噒	0	
ran	𪢌	0	
ran	𪢠	0	
ran	㘓	0	
rang	炀	0	
rang	㶥	0	
rang	𢬥	0	
rang	烊	0	
rang	朗	0	
rang	煬	0	
rang	𤍎	0	
rang	𤎜	0	
ranh	名	0	
ranh	伶	0	
ranh	棦	0	
ranh	棂	0	
ranh	𬎸	0	
ranh	𩲵	0	
ranh	𩳊	0	
ranh	欞	0	
rao	牢	0	
rao	咬	0	
rao	哰	0	
rao	嗂	0	
rao	遥	0	
rao	遙	0	
rao	嗃	0	
rao	撩	0	
rao	𤏪	0	
rau	𫆚	0	
rau	胞	0	
rau	蒌	0	
rau	蔞	0	
rau	膮	0	
rau	𦡢	0	
ray	来	0	
ray	來	0	
ray	𫪁	0	
ray	唻	0	
re	提	0	
re	𪏭	0	
ren	蓮	0	
ren	𨕡	0	
reo	招	0	
reo	嗂	0	
reo	僚	0	
reo	嘹	0	
ri	夷	0	
ri	咦	0	
ri	荑	0	
ri	𠶋	0	
ri	蛦	0	
ri	𠺹	0	
ri	鴺	0	
ri	𪅨	0	
ria	挗	0	
ria	𣭯	0	
ria	髭	0	
ria	𩮭	0	
rim	熑	0	
rim	燫	0	
rim	𥋲	0	
rinh	揁	0	
rinh	零	0	
riu	燎	0	
riu	燎	0	
rieng	贞	0	
rieng	貞	0	
rieng	盈	0	
rieng	𫨫	0	
rieng	𬓲	0	
rieng	𥢅	0	
rieng	𥢆	0	
rieng	𫁅	0	
rieu	䖴	0	
rieu	僚	0	
rieu	窰	0	
rieu	𦼔	0	
riem	𬝐	0	
riep	叶	0	
riep	葉	0	
riet	灭	0	
riet	列	0	
riet	𦀎	0	
riet	滅	0	
riet	𦃾	0	
rieu	𢟛	0	
rieng	贞	0	
rieng	貞	0	
rieng	萾	0	
riec	𠲔	0	
rieu	𢟛	0	
riec	𪁂	0	
rien	𧓇	0	
riet	列	0	
riet	列	0	
riet	烈	0	
ro	由	0	
ro	刍	0	
ro	芻	0	
ro	腰	0	
ro	𬰹	0	
roi	榑	0	
roi	擂	0	
roi	鞕	0	
roi	檑	0	
roi	𩍢	0	
rom	𤊩	0	
rom	𦡶	0	
rong	双	0	
rong	苳	0	
rong	茏	0	
rong	𢫝	0	
rong	炵	0	
rong	𨀐	0	
rong	蓉	0	
rong	𩢦	0	
rong	雙	0	
rong	蘢	0	
roong	𪪩	0	
roong	哢	0	
ru	由	0	
ru	欤	0	
ru	油	0	
ru	𠱋	0	
ru	歟	0	
rua	𣉵	0	
rua	𬁚	0	
rua	𪱎	0	
rua	𣌌	0	
rui	榑	0	
rui	𣙯	0	
rui	檑	0	
run	惇	0	
run	敦	0	
run	慵	0	
run	𢟦	0	
run	蜳	0	
run	撴	0	
run	𢹈	0	
rung	冬	0	
rung	𣳔	0	
rung	𢫝	0	
rung	㧤	0	
rung	容	0	
rung	搈	0	
rung	溶	0	
rung	𢲣	0	
rung	𢴋	0	
rung	慵	0	
rung	𢹈	0	
rua	𤀒	0	
ruong	躘	0	
rua	嚕	0	
ruoc	𩽖	0	
ruoi	树	0	
ruoi	樹	0	
ruoi	𣝉	0	
ruoi	𧋆	0	
ruong	拢	0	
ruong	拥	0	
ruong	𣳔	0	
ruong	笼	0	
ruong	篭	0	
ruong	攏	0	
ruong	籠	0	
ruoi	𨘗	0	
ruoi	㩡	0	
ruoi	𨆷	0	
ruoi	𨇒	0	
ruoi	𩧍	0	
ruoi	㩡	0	
ruoi	𨆷	0	
ruoi	𨇒	0	
ruom	染	0	
ruong	田	0	
ruong	𫅹	0	
ruong	𬏇	0	
ruong	𤲌	0	
ruong	𡏡	0	
ruong	𪽞	0	
ruong	𬏑	0	
ruong	𪽣	0	
ruong	𤳱	0	
ruong	𤳽	0	
ruot	𦛌	0	
ruot	𦝬	0	
ruot	𫆧	0	
ra	加	0	
ra	夜	0	
ra	𦚐	0	
ra	𫢱	0	
ra	𦓅	0	
ra	儸	0	
ra	攞	0	
rai	𣱽	0	
rai	涞	0	
rai	淶	0	
rai	𨱽	0	
ran	栏	0	
ran	澜	0	
ran	瀾	0	
ran	欄	0	
rang	床	0	
rang	𢬥	0	
rang	炩	0	
rang	𠳹	0	
rang	𤉜	0	
rang	𠒥	0	
rang	𦀾	0	
rang	𤎜	0	
rang	𤎔	0	
ranh	仃	0	
ranh	令	0	
ranh	名	0	
ranh	伶	0	
ranh	冷	0	
ranh	佲	0	
ranh	炩	0	
ranh	亭	0	
ranh	柃	0	
ranh	停	0	
ranh	𣉏	0	
ranh	𤋶	0	
rao	洨	0	
rao	淘	0	
rao	巢	0	
rao	𣓿	0	
rao	遙	0	
rao	滛	0	
rao	搖	0	
rao	摷	0	
rao	潮	0	
rao	槽	0	
rao	樔	0	
rao	簉	0	
rao	𠿱	0	
rao	橯	0	
rao	𬕩	0	
rao	𩆋	0	
rao	𩆍	0	
rao	𩆡	0	
rao	𮦡	0	
rau	愁	0	
rau	嘲	0	
ray	沃	0	
ray	𬀰	0	
ray	𣈙	0	
ray	𪰬	0	
ray	𡂲	0	
ra	个	0	
ra	夜	0	
ra	筥	0	
ra	箇	0	
ra	𥯊	0	
ra	𥳅	0	
rac	落	0	
rac	𦹺	0	
rac	覺	0	
rac	𧅫	0	
rach	册	0	
rach	沥	0	
rach	𫼢	0	
rach	𧙼	0	
rach	𦀎	0	
rach	𦀍	0	
rach	𧛊	0	
rach	𦃾	0	
rach	積	0	
rach	𧝦	0	
rach	𫌕	0	
rach	𤃝	0	
rach	瀝	0	
rach	𧞿	0	
rach	𦇔	0	
rai	𢘽	0	
rai	𤞫	0	
rai	𤠹	0	
rai	獭	0	
rai	獺	0	
ram	爁	0	
ram	𤑸	0	
ran	𠡎	0	
ran	𠡧	0	
ran	炟	0	
ran	𤑸	0	
rang	𠡎	0	
rang	𠡧	0	
rang	蓢	0	
rang	𩄐	0	
rang	𣎦	0	
rang	𩅜	0	
rang	𬰌	0	
rang	𤅉	0	
rao	燥	0	
rao	𣋝	0	
rao	𫧭	0	
rap	甲	0	
rap	拉	0	
rap	㕸	0	
rap	搭	0	
rap	撘	0	
rat	戛	0	
rat	𤌣	0	
rat	撒	0	
rau	教	0	
rau	𠴼	0	
rau	𠸫	0	
ray	𫇶	0	
ray	哩	0	
ray	𫈨	0	
ray	𦵜	0	
ray	𤀕	0	
ray	𧒊	0	
ram	壬	0	
ram	菻	0	
ram	淫	0	
ram	𩂐	0	
ram	森	0	
ram	𩂇	0	
ran	民	0	
ran	嗂	0	
ran	𠽍	0	
ran	噒	0	
ran	𡂰	0	
rau	妯	0	
rau	油	0	
rau	𫘼	0	
rau	𩭶	0	
rau	𫙂	0	
rau	鬍	0	
rau	𩅺	0	
rau	𩯁	0	
ray	来	0	
ray	來	0	
ray	䇴	0	
ray	筛	0	
ray	縒	0	
ray	篩	0	
ray	𥵘	0	
ra	也	0	
ra	吔	0	
ra	呂	0	
ra	𣳮	0	
rai	待	0	
ranh	冷	0	
ranh	汫	0	
ranh	泠	0	
ranh	𪷶	0	
ranh	𤃡	0	
ranh	𡓡	0	
re	𠯋	0	
re	𪧺	0	
re	提	0	
re	𥗍	0	
rem	帘	0	
rem	廉	0	
rem	廉	0	
rem	𡫐	0	
rem	幨	0	
rem	𧞋	0	
rem	𦆆	0	
rem	簷	0	
rem	簾	0	
rem	𢆁	0	
ren	涟	0	
ren	㷙	0	
ren	漣	0	
ren	廛	0	
ren	𬋆	0	
ren	鍊	0	
ren	𡃚	0	
ren	𡄮	0	
ren	𨮻	0	
reng	𪟚	0	
reng	勐	0	
reo	𬦹	0	
re	䄫	0	
re	㕽	0	
re	哩	0	
ren	练	0	
ren	𨁍	0	
ren	練	0	
ren	鍊	0	
ren	𨅍	0	
reo	𠮩	0	
reo	吊	0	
reo	𠰉	0	
reo	𠲢	0	
reo	嘹	0	
ret	列	0	
ret	冽	0	
ret	洌	0	
ret	烈	0	
ret	𠗹	0	
ret	𪶭	0	
ret	𨦙	0	
ret	𫕪	0	
re	黎	0	
rem	𤻑	0	
ren	𠸩	0	
ren	嗹	0	
ren	𫫣	0	
ren	噒	0	
renh	𠈳	0	
reu	姚	0	
reu	尞	0	
reu	僚	0	
reu	嘹	0	
reu	鹞	0	
reu	潦	0	
reu	𦼔	0	
reu	𫮹	0	
reu	𬟖	0	
reu	𧄈	0	
reu	鷂	0	
ri	夷	0	
ri	迟	0	
ri	荑	0	
ri	洟	0	
ri	移	0	
ri	掑	0	
ri	遲	0	
ria	𫯏	0	
ria	𧣧	0	
ria	𦄶	0	
rinh	贞	0	
rinh	伶	0	
rinh	冷	0	
rinh	侦	0	
rinh	侱	0	
rinh	貞	0	
rinh	𠴔	0	
rinh	挰	0	
rinh	偵	0	
rinh	情	0	
rinh	睈	0	
rinh	䄇	0	
rinh	𨉑	0	
riu	斤	0	
riu	鉊	0	
riu	僚	0	
riu	镣	0	
riu	𠠙	0	
riu	𤖡	0	
riu	𫿿	0	
riu	鐐	0	
ri	里	0	
ri	哩	0	
ri	浬	0	
rich	的	0	
rich	𪠉	0	
rich	唶	0	
rich	雳	0	
rich	滴	0	
rich	曆	0	
rich	嚦	0	
rich	靂	0	
rim	𤢾	0	
rit	列	0	
rit	列	0	
rit	洌	0	
rit	蝎	0	
rit	𡂒	0	
riu	𠮩	0	
riu	𠲢	0	
riu	𡭰	0	
riu	𨀽	0	
riu	𨃋	0	
riu	镣	0	
riu	鐐	0	
ro	𢲛	0	
ro	蕗	0	
ro	露	0	
roi	耒	0	
roi	𢬗	0	
roi	𧋆	0	
roi	𨆢	0	
rom	𦝃	0	
rom	𥈹	0	
ron	存	0	
ron	𢬗	0	
ron	𣆱	0	
ron	𤈊	0	
rong	𠖿	0	
rong	𣳔	0	
rong	容	0	
rong	溶	0	
roc	育	0	
roc	𪟆	0	
roc	祝	0	
roc	畜	0	
roc	唷	0	
roc	𢮑	0	
roc	觫	0	
roi	𩸷	0	
roi	𩼷	0	
roi	𩼸	0	
roi	𩽊	0	
rom	監	0	
rom	𧐽	0	
rom	𧓦	0	
rom	𧖐	0	
ron	顿	0	
ron	頓	0	
ron	𨂚	0	
ron	蹾	0	
ron	䠣	0	
rong	梇	0	
rot	𢫫	0	
rot	律	0	
rot	捽	0	
rot	淬	0	
rot	湥	0	
rot	𢯰	0	
rot	𣹕	0	
ro	鲈	0	
ro	鮋	0	
ro	𫙔	0	
ro	嚕	0	
ro	𩼁	0	
ro	鱸	0	
rom	蓝	0	
rom	𤹑	0	
rom	藍	0	
rom	𦢵	0	
rom	𩫦	0	
rom	𤼓	0	
rong	双	0	
rong	泷	0	
rong	𣳔	0	
rong	容	0	
rong	搈	0	
rong	滝	0	
rong	雙	0	
rong	瀧	0	
rong	𬖆	0	
rong	𨇘	0	
ro	焒	0	
ro	𤍊	0	
ro	𤑟	0	
ro	𠓑	0	
roi	嗺	0	
roi	𨇒	0	
rom	𦢵	0	
ru	𥥉	0	
ru	㾄	0	
ru	𫫛	0	
rua	𧒍	0	
rua	𧒌	0	
rua	𧒉	0	
rua	𪛅	0	
rua	𪛇	0	
rui	𨀤	0	
rum	𠾣	0	
run	𢲝	0	
rung	用	0	
rung	𠖿	0	
rung	𢘭	0	
rung	挏	0	
ru	柘	0	
ru	𫫵	0	
ru	𡀿	0	
ru	𧀓	0	
ruc	𪠿	0	
ruc	哫	0	
ruc	㗜	0	
ruc	𡄍	0	
rum	揕	0	
run	𦜞	0	
run	𦡋	0	
rung	冻	0	
rung	𢘭	0	
rung	拥	0	
rung	𣳔	0	
rung	恸	0	
rung	𥙓	0	
rung	凍	0	
rung	慟	0	
rut	咄	0	
rut	律	0	
rut	𪮊	0	
rut	捽	0	
rut	揬	0	
rut	椊	0	
rut	蓴	0	
rut	𫽹	0	
ram	菻	0	
ran	呡	0	
ran	噒	0	
ran	𡂰	0	
rang	升	0	
rang	𫆢	0	
rang	𦝄	0	
rang	𪤽	0	
rang	𦢠	0	
rang	𪘵	0	
rang	𬹸	0	
ri	𠯇	0	
rinh	眪	0	
ru	屡	0	
ru	愈	0	
ru	屢	0	
ru	瘘	0	
ru	𪮴	0	
ru	瘻	0	
ru	𢷀	0	
rua	𤀒	0	
roi	来	0	
roi	來	0	
roi	挟	0	
roi	洟	0	
roi	浰	0	
roi	涞	0	
roi	挾	0	
roi	𣑎	0	
roi	𢯦	0	
roi	淶	0	
roi	逨	0	
roi	移	0	
roi	𢴐	0	
rom	苫	0	
rom	秥	0	
rom	菻	0	
rom	𦲻	0	
rom	𥠮	0	
rom	𥠯	0	
rom	稴	0	
rom	薕	0	
rom	簋	0	
rom	䆂	0	
rung	凌	0	
rung	淩	0	
rung	㗢	0	
rung	徵	0	
rung	𪷥	0	
rung	瀓	0	
ruoi	𧍍	0	
ruong	仓	0	
ruong	杠	0	
ruong	床	0	
ruong	相	0	
ruong	倉	0	
ruong	厢	0	
ruong	廂	0	
ruong	箱	0	
ruoc	𨑴	0	
ruoc	逴	0	
ruoi	洒	0	
ruoi	哩	0	
ruoi	𢱓	0	
ruom	𪾋	0	
ruom	监	0	
ruom	渗	0	
ruom	淋	0	
ruom	溓	0	
ruom	監	0	
ruom	滲	0	
ruon	胀	0	
ruon	𠡧	0	
ruon	脹	0	
ruon	摪	0	
ruon	𠣂	0	
ruoi	涯	0	
ruoi	𢜞	0	
ruom	淡	0	
ruom	葚	0	
ruom	𣓆	0	
ruom	蓝	0	
ruom	𠿳	0	
ruom	藍	0	
ruom	𧁺	0	
ruom	𧂄	0	
ruon	𭓨	0	
ruong	杖	0	
ruong	梁	0	
ruong	樑	0	
ruoi	𥙪	0	
ruoi	𫧟	0	
ruoi	𥙪	0	
ruoi	𠦺	0	
ruoi	代	0	
ruoi	悧	0	
ruoi	涯	0	
ruon	𢗆	0	
ruon	扙	0	
ruot	𧺕	0	
ruot	趠	0	
ruot	𫑓	0	
ruou	妙	0	
ruou	酒	0	
ruou	溜	0	
ruou	𨢇	0	
ruou	𤄍	0	
ra	夜	0	
ra	苲	0	
ra	胣	0	
ra	粚	0	
ra	𦲹	0	
ra	𬓰	0	
rac	弋	0	
rac	络	0	
rac	落	0	
rac	絡	0	
rac	𫄈	0	
rach	沥	0	
rach	泽	0	
rach	𫼢	0	
rach	澤	0	
rach	𫾐	0	
rach	𤃝	0	
rach	攊	0	
rach	瀝	0	
ram	𫋟	0	
ram	𧓦	0	
ram	𧔜	0	
ram	𧕭	0	
ran	烂	0	
ran	𤻾	0	
ran	爛	0	
ran	䃹	0	
rang	炀	0	
rang	朗	0	
rang	煬	0	
rang	𤎜	0	
rang	𤎔	0	
rang	𬋌	0	
rang	𣋃	0	
rang	𤏬	0	
rang	𠓇	0	
rang	𠓁	0	
ranh	冷	0	
ranh	炩	0	
rao	劳	0	
rao	涝	0	
rao	勞	0	
rao	澇	0	
rao	𣛯	0	
rap	笠	0	
rap	𠪸	0	
rap	𧃌	0	
rap	𫏦	0	
rap	𢺍	0	
rap	𧄵	0	
rap	躐	0	
rap	𢺎	0	
rap	𧅕	0	
rat	溧	0	
ray	已	0	
ray	𢩽	0	
ray	丽	0	
ray	麗	0	
ra	呂	0	
ra	𪣰	0	
rai	洗	0	
rai	洒	0	
rai	涞	0	
rai	淶	0	
rai	𫣙	0	
rai	𪯝	0	
rang	啷	0	
rang	𨦽	0	
ranh	伶	0	
ranh	冷	0	
ranh	昤	0	
ranh	𪝎	0	
ranh	𣇝	0	
rao	赱	0	
rao	走	0	
rao	稍	0	
rao	𨀼	0	
rao	𧻩	0	
rao	𨁭	0	
rao	𬦶	0	
rao	躁	0	
rao	𬩯	0	
rau	耂	0	
rau	老	0	
rau	咾	0	
ray	洗	0	
ray	洒	0	
ray	𪯝	0	
ram	淋	0	
ram	𤊩	0	
ram	𤎛	0	
ran	𠡧	0	
rap	扱	0	
rap	拉	0	
rap	𢘮	0	
rap	𪣱	0	
rap	窒	0	
rat	叱	0	
rat	秩	0	
rat	窒	0	
rat	慄	0	
rat	𫇐	0	
rat	𡂒	0	
ram	林	0	
ram	梣	0	
ram	啉	0	
ram	嗂	0	
ram	滛	0	
ram	氳	0	
ram	𠽍	0	
ram	𨂘	0	
ram	霖	0	
ram	樳	0	
ram	霪	0	
ran	延	0	
ran	陈	0	
ran	陳	0	
ran	寅	0	
ran	嗂	0	
ran	𠽍	0	
ran	𫖚	0	
rau	油	0	
rau	偻	0	
rau	愁	0	
rau	僂	0	
rau	嘲	0	
rau	𠿈	0	
ray	𫪁	0	
ray	唻	0	
ray	𣈙	0	
ray	𪰬	0	
ray	喍	0	
ray	𧍐	0	
ray	𧍍	0	
ram	𡀫	0	
ray	礼	0	
ray	𢩽	0	
ray	圯	0	
ray	𪭩	0	
ray	𫼙	0	
ray	洒	0	
ray	𢬦	0	
ray	𢝚	0	
ray	𢱓	0	
ray	禮	0	
ram	浸	0	
rau	枓	0	
ray	𢩽	0	
ray	𡋀	0	
ray	𢬦	0	
ray	𧿆	0	
ray	𡓾	0	
ray	𢹿	0	
ram	林	0	
ram	甚	0	
ram	梣	0	
ram	葚	0	
ram	椹	0	
ram	𦾢	0	
ram	霮	0	
ran	蚓	0	
ran	𧋅	0	
ran	𧋻	0	
ran	𧎠	0	
ran	𧏶	0	
ran	𬠨	0	
rang	𤍎	0	
rang	𤎜	0	
rap	垃	0	
rap	泣	0	
rap	拉	0	
rap	㕸	0	
rap	笠	0	
rap	𫃡	0	
rap	𨀎	0	
rap	摺	0	
rap	𫁫	0	
rap	𪮯	0	
rat	栗	0	
rat	㗚	0	
rac	弋	0	
rac	𢩮	0	
rac	革	0	
rac	挌	0	
rac	勒	0	
rac	揗	0	
rac	揦	0	
rac	𫽘	0	
rac	𪮔	0	
rac	𢳯	0	
rac	𢴑	0	
rac	𢳝	0	
rac	𪮦	0	
rac	𣙙	0	
rac	㩫	0	
ram	啉	0	
ram	廪	0	
ram	廩	0	
ram	𣱰	0	
ran	吝	0	
ran	𠡧	0	
ran	𥑲	0	
ran	𪣠	0	
ran	硍	0	
ran	𧋻	0	
rang	浪	0	
rang	𦄺	0	
rap	泣	0	
rap	𫁞	0	
rap	拉	0	
rap	𢘮	0	
rap	㕸	0	
rat	溧	0	
ram	林	0	
ram	淋	0	
ram	淫	0	
ram	𬃂	0	
ram	𦝃	0	
ram	𠄻	0	
ram	𪱬	0	
ran	吝	0	
ran	彩	0	
ran	𢒞	0	
ran	彩	0	
rang	浪	0	
rang	哴	0	
rang	㖫	0	
rang	𠺘	0	
rang	𪘵	0	
rac	色	0	
rac	则	0	
rac	則	0	
ran	𠼿	0	
rang	𡂯	0	
rang	𦄺	0	
rac	𪵫	0	
rac	洛	0	
ram	𤶄	0	
ram	葚	0	
ran	𠡧	0	
rang	邓	0	
rang	孕	0	
rang	𫭧	0	
rang	𡻔	0	
rang	鄧	0	
rat	秩	0	
rep	躐	0	
ret	烈	0	
re	已	0	
re	礼	0	
re	𫠪	0	
re	𠀳	0	
re	易	0	
re	惕	0	
re	𥚯	0	
re	禮	0	
re	𥜤	0	
re	V+60843	0	
reng	名	0	
reo	钌	0	
reo	釕	0	
re	礼	0	
re	𢩽	0	
re	𢩵	0	
re	礼	0	
re	𢪊	0	
re	拟	0	
re	枝	0	
re	𢬦	0	
re	𥘶	0	
re	哩	0	
re	𧿆	0	
re	𫽂	0	
re	雉	0	
re	𨂼	0	
re	𢶾	0	
re	禮	0	
re	𢹿	0	
re	𧕬	0	
re	帝	0	
re	缔	0	
re	䇪	0	
re	締	0	
re	𥰆	0	
rech	历	0	
rech	𠸩	0	
rech	噒	0	
rech	歷	0	
rech	曆	0	
rech	藶	0	
ren	𨀏	0	
ret	列	0	
ret	烈	0	
ret	𧋺	0	
ret	𧋍	0	
ret	蝎	0	
ret	𧎴	0	
ret	𧏲	0	
re	提	0	
re	𣾸	0	
re	𤂱	0	
re	𤄭	0	
ren	噒	0	
ren	廛	0	
ren	𡃚	0	
renh	呈	0	
reu	潮	0	
reu	𦼔	0	
reu	繚	0	
re	易	0	
re	婿	0	
re	㥠	0	
re	壻	0	
re	嫷	0	
re	𡤠	0	
renh	𠴒	0	
re	礼	0	
re	易	0	
re	𢬦	0	
re	𣑶	0	
re	𦮲	0	
re	𥚯	0	
re	䓪	0	
re	𬓓	0	
re	禮	0	
re	𣠲	0	
ren	蝒	0	
rep	蜡	0	
rep	蠟	0	
ret	列	0	
ret	列	0	
ret	烈	0	
ret	𤍅	0	
ret	𬟜	0	
ret	𫊔	0	
reu	咷	0	
reu	洮	0	
reu	𡂆	0	
ri	忋	0	
ri	汜	0	
ri	𠯇	0	
ri	𠯽	0	
ri	釲	0	
ri	唯	0	
ri	啼	0	
ri	𠺨	0	
ri	嚙	0	
ria	唎	0	
ria	𠶋	0	
ria	𠹼	0	
rinh	呈	0	
ri	以	0	
ri	拭	0	
ri	涖	0	
ria	地	0	
rich	曆	0	
rich	攊	0	
rin	练	0	
rin	𠱉	0	
rin	炼	0	
rin	湅	0	
rin	辇	0	
rin	缅	0	
rin	煉	0	
rin	煉	0	
rin	緬	0	
rin	輦	0	
rin	練	0	
rin	練	0	
rit	列	0	
rit	列	0	
rit	𦀎	0	
rit	𦃾	0	
ro	路	0	
ro	㮲	0	
ro	𢷅	0	
ro	㯝	0	
ro	𥱨	0	
ro	簬	0	
ro	𤑟	0	
ro	露	0	
roc	𪟆	0	
roc	𢯡	0	
roc	淥	0	
roc	辘	0	
roc	轆	0	
roi	烩	0	
roi	𤊠	0	
roi	𦠵	0	
roi	燴	0	
roi	𤑭	0	
roi	𦇒	0	
rom	𧒋	0	
rot	律	0	
rot	律	0	
ro	𤀒	0	
ro	瀂	0	
roi	㩡	0	
rom	览	0	
rom	𫬠	0	
rom	覽	0	
rom	𧖐	0	
rong	𣿅	0	
ro	路	0	
ro	𡀔	0	
roc	育	0	
roc	速	0	
roc	𧐒	0	
roi	𤞖	0	
roi	绥	0	
roi	綏	0	
roi	磊	0	
roi	𦆹	0	
roi	𦇒	0	
ron	巽	0	
ron	𦜞	0	
ron	噀	0	
ron	𠾀	0	
ron	𦠆	0	
ron	𦡋	0	
rong	吼	0	
rong	哄	0	
rong	嗊	0	
rong	㗢	0	
rop	𤎞	0	
rot	卒	0	
rot	捽	0	
rot	𡮇	0	
rot	𣖢	0	
rot	𡳝	0	
rot	𡦧	0	
ro	𠱋	0	
ro	𢲛	0	
ro	𤸭	0	
roi	耒	0	
roi	𬩧	0	
rom	菻	0	
rong	泷	0	
rong	𬗝	0	
rong	滝	0	
rong	𧍰	0	
rong	𧏵	0	
rong	瀧	0	
rong	𪚓	0	
rong	蠪	0	
rong	蠬	0	
ro	杜	0	
ro	𥯇	0	
ro	撸	0	
ro	擼	0	
ro	𥶇	0	
roc	祿	0	
roi	耒	0	
ron	沌	0	
rong	弄	0	
rop	泣	0	
ro	𤻼	0	
ro	𥶇	0	
roi	耒	0	
roi	𡂳	0	
roi	𪿸	0	
roi	𩧍	0	
rong	董	0	
rong	筩	0	
rong	𥧪	0	
ro	路	0	
ro	𡀔	0	
ro	露	0	
roc	淯	0	
roc	祿	0	
roc	𬓗	0	
roc	𪤤	0	
roc	𤳨	0	
roi	耞	0	
ron	吨	0	
ron	𢮪	0	
ron	遁	0	
ron	遯	0	
ron	撰	0	
ron	𡀷	0	
rong	圹	0	
rong	旷	0	
rong	弄	0	
rong	𣳔	0	
rong	㳥	0	
rong	廣	0	
rong	壙	0	
rong	曠	0	
rong	𤳱	0	
rong	𢌊	0	
rong	𢌌	0	
rop	𤎞	0	
rot	𠫏	0	
ro	架	0	
ro	𦁹	0	
ro	𢵽	0	
rom	𪾋	0	
rom	监	0	
rom	監	0	
ron	𠡧	0	
rot	律	0	
rot	溧	0	
ro	𢫘	0	
ro	𢲢	0	
ro	𪹘	0	
ro	踈	0	
ro	攎	0	
roi	来	0	
roi	利	0	
roi	來	0	
roi	例	0	
roi	涞	0	
roi	浰	0	
roi	𫼲	0	
roi	𢯦	0	
roi	淶	0	
roi	移	0	
roi	𢴐	0	
roi	𨖨	0	
roi	𢵭	0	
roi	𬩥	0	
rom	渗	0	
rom	滲	0	
rom	𠿳	0	
ron	寅	0	
ron	弹	0	
ron	彈	0	
ro	捛	0	
ro	𢙲	0	
ro	𠴊	0	
rom	啉	0	
rom	𠼖	0	
ron	𠹖	0	
ron	演	0	
ro	勹	0	
ro	呂	0	
ro	焒	0	
ro	𢙲	0	
ro	𫺙	0	
ro	𤊪	0	
ro	𠒦	0	
ro	懙	0	
ro	熷	0	
ro	𢷣	0	
ro	𤑉	0	
ro	𤑟	0	
ro	夷	0	
ro	助	0	
ro	𤞩	0	
ro	𤞪	0	
ro	𫯲	0	
ro	預	0	
ro	緆	0	
roi	涞	0	
roi	淶	0	
roi	𢜞	0	
roi	灑	0	
ron	惮	0	
ron	羨	0	
ron	憚	0	
ron	囒	0	
rop	叶	0	
rop	苙	0	
rop	葉	0	
rop	揲	0	
rop	雴	0	
rop	𩄓	0	
rop	𣜿	0	
rop	𩆏	0	
ru	昼	0	
ruc	育	0	
ruc	浊	0	
ruc	濁	0	
rui	𣑳	0	
rui	㩡	0	
rui	㰁	0	
rum	淫	0	
rung	用	0	
rung	弄	0	
rung	𠖿	0	
rung	拥	0	
rung	𠰩	0	
rung	苚	0	
rung	𣳔	0	
rung	勇	0	
rung	梇	0	
rung	湧	0	
rung	𬈭	0	
rut	列	0	
rut	律	0	
rut	湥	0	
rut	揬	0	
rut	𬑸	0	
ru	𠱋	0	
ru	喻	0	
ru	屡	0	
ru	愈	0	
ru	屢	0	
ru	𫫵	0	
ru	𡀍	0	
ru	𢷀	0	
ru	𢷱	0	
ru	𡀿	0	
ru	𥣒	0	
rua	鲁	0	
rua	魯	0	
rua	𪁇	0	
rua	嚕	0	
rui	耒	0	
rui	𢙩	0	
rui	𠶡	0	
rui	磊	0	
rui	𢤡	0	
rui	㩡	0	
rui	𡂳	0	
rui	𥗐	0	
run	敦	0	
rung	㶲	0	
rung	恸	0	
rung	慟	0	
rung	㗢	0	
rua	呂	0	
rut	㗚	0	
rut	搮	0	
rut	𢲼	0	
ru	如	0	
rua	鈼	0	
rung	𡹃	0	
rung	棱	0	
rung	𡼹	0	
ru	𥆻	0	
rua	𣳮	0	
rua	渚	0	
rua	𤀗	0	
rua	𤂩	0	
rung	𬊊	0	
rua	呂	0	
rua	𣳮	0	
rua	焒	0	
rua	𦛗	0	
rua	𤀗	0	
rua	鈼	0	
rua	𠟹	0	
rua	𨮌	0	
ruc	氻	0	
ruc	𤊧	0	
ruc	熤	0	
rut	搮	0	
sa	車	0	
sa	沙	0	
sa	纱	0	
sa	砂	0	
sa	紗	0	
sa	𬇭	0	
sa	挱	0	
sa	莎	0	
sa	娑	0	
sa	挲	0	
sa	桬	0	
sa	痧	0	
sa	裟	0	
sa	鲨	0	
sa	蹉	0	
sa	鯊	0	
sai	钗	0	
sai	差	0	
sai	𫄨	0	
sai	釵	0	
sai	猜	0	
sai	搓	0	
sai	絺	0	
sai	縒	0	
sai	𡗂	0	
sam	彡	0	
sam	三	0	
sam	弎	0	
sam	芟	0	
sam	杉	0	
sam	衫	0	
sam	参	0	
sam	掺	0	
sam	參	0	
sam	搀	0	
sam	𦲞	0	
sam	摻	0	
sam	蔘	0	
sam	𧏰	0	
sam	𬞨	0	
sam	縿	0	
sam	𧑁	0	
sam	𧀜	0	
sam	攙	0	
sam	𧓰	0	
sam	𪓫	0	
sam	𩆷	0	
san	山	0	
san	刊	0	
san	删	0	
san	刪	0	
san	姗	0	
san	舢	0	
san	栅	0	
san	珊	0	
san	飡	0	
san	铲	0	
san	跚	0	
san	飧	0	
san	湌	0	
san	㺗	0	
san	餐	0	
san	蟮	0	
san	鏟	0	
sang	创	0	
sang	呛	0	
sang	抢	0	
sang	枪	0	
sang	炝	0	
sang	郎	0	
sang	疮	0	
sang	朗	0	
sang	跄	0	
sang	廊	0	
sang	創	0	
sang	嗆	0	
sang	搶	0	
sang	𨖅	0	
sang	𢲲	0	
sang	熗	0	
sang	槍	0	
sang	瘡	0	
sang	𢀨	0	
sang	蹌	0	
sang	鎗	0	
sanh	生	0	
sanh	栍	0	
sanh	牲	0	
sanh	柽	0	
sanh	笙	0	
sanh	𪡚	0	
sanh	𪡾	0	
sanh	撑	0	
sanh	撐	0	
sanh	𣛟	0	
sanh	檉	0	
sanh	鎗	0	
sanh	蟶	0	
sao	牢	0	
sao	吵	0	
sao	抄	0	
sao	炒	0	
sao	秒	0	
sao	钞	0	
sao	捎	0	
sao	𫰴	0	
sao	烧	0	
sao	哰	0	
sao	梢	0	
sao	𣇟	0	
sao	𣒲	0	
sao	鈔	0	
sao	艄	0	
sao	筲	0	
sao	𤚧	0	
sao	敲	0	
sao	𫳵	0	
sao	𡢐	0	
sao	𪱊	0	
sao	𬁖	0	
sao	𣋀	0	
sao	燒	0	
sao	鞘	0	
sao	𡫡	0	
sau	牢	0	
sau	差	0	
sau	娄	0	
sau	婁	0	
sau	𡢐	0	
sau	𪢈	0	
sau	𫏻	0	
sau	𨍦	0	
sau	𢖕	0	
sau	𬧻	0	
sau	𢖖	0	
sau	𫐂	0	
sau	𡳶	0	
say	差	0	
say	𫑹	0	
say	醝	0	
se	尸	0	
se	车	0	
se	車	0	
se	𤉖	0	
se	痴	0	
se	𣊋	0	
se	𤏤	0	
se	𤏨	0	
sen	穿	0	
sen	莲	0	
sen	蓮	0	
sen	𬞮	0	
sen	𡣻	0	
seo	𦠶	0	
shizuku	雫	0	
si	师	0	
si	𪣅	0	
si	差	0	
si	施	0	
si	𤵶	0	
si	𫄨	0	
si	師	0	
si	鸱	0	
si	蚩	0	
si	徙	0	
si	眵	0	
si	𪡦	0	
si	偨	0	
si	䇪	0	
si	筛	0	
si	稀	0	
si	嗤	0	
si	絺	0	
si	痴	0	
si	媸	0	
si	摛	0	
si	螭	0	
si	鴟	0	
si	篩	0	
si	癡	0	
si	魑	0	
sim	𦙦	0	
sim	枮	0	
sim	𣑷	0	
sim	槮	0	
sinh	生	0	
sinh	坐	0	
sinh	狡	0	
sinh	牲	0	
sinh	𥑥	0	
sinh	笙	0	
sinh	甥	0	
sinh	䲼	0	
siem	觇	0	
siem	覘	0	
sieng	生	0	
sieng	𠡏	0	
sieng	𠰮	0	
sieng	𬎶	0	
sieng	𫦽	0	
sieng	𤯺	0	
sieu	𠰉	0	
sieu	超	0	
siet	切	0	
siet	折	0	
siet	𠲔	0	
siet	掣	0	
siem	谄	0	
siem	諂	0	
sien	阐	0	
sien	蒇	0	
sien	蕆	0	
sien	闡	0	
sieng	䇸	0	
sieng	𥰈	0	
sieng	𥸍	0	
sieng	𣡹	0	
sien	喘	0	
so	刍	0	
so	抠	0	
so	𢫘	0	
so	枢	0	
so	轳	0	
so	芻	0	
so	𨋤	0	
so	搊	0	
so	摅	0	
so	𡦅	0	
so	摳	0	
so	樞	0	
so	𨎆	0	
so	𬧺	0	
so	趨	0	
so	攄	0	
so	攎	0	
so	𨏧	0	
so	轤	0	
soa	杈	0	
soa	沙	0	
soa	差	0	
soa	釵	0	
soa	蓑	0	
soa	鮻	0	
soai	嗟	0	
soan	闩	0	
soan	閂	0	
soi	洡	0	
soi	𢐝	0	
soi	擂	0	
soi	𤐝	0	
soi	𥋸	0	
son	山	0	
son	仑	0	
son	伦	0	
son	侖	0	
son	倫	0	
son	崙	0	
son	趋	0	
son	𢀧	0	
son	𪳔	0	
son	𣗾	0	
son	𣘈	0	
son	𧹪	0	
son	趨	0	
son	𣜱	0	
son	𪿽	0	
song	双	0	
song	囱	0	
song	㧐	0	
song	𣳔	0	
song	𫁷	0	
song	窓	0	
song	㕠	0	
song	葱	0	
song	窗	0	
song	𠼾	0	
song	漴	0	
song	蔥	0	
song	𣙩	0	
song	牕	0	
song	窻	0	
song	雙	0	
song	㩳	0	
song	𧄐	0	
song	𩽧	0	
soong	𫡱	0	
soai	帅	0	
soai	帥	0	
soai	䢦	0	
soan	撺	0	
soan	篡	0	
soan	簒	0	
soan	镩	0	
soan	攛	0	
soan	鑹	0	
soat	刷	0	
soat	察	0	
soa	锁	0	
soa	鎖	0	
sooc	朔	0	
soac	鷟	0	
soan	𢮪	0	
soan	馔	0	
soan	撰	0	
soan	𦠆	0	
soan	譔	0	
soan	饌	0	
soan	纂	0	
soang	撰	0	
soat	察	0	
soat	鷟	0	
soai	甩	0	
soang	撰	0	
soom	𣌋	0	
su	苏	0	
su	受	0	
su	蒭	0	
su	㮲	0	
su	樞	0	
su	蘇	0	
sua	夸	0	
sua	誇	0	
sui	𡢽	0	
sum	岑	0	
sum	森	0	
sum	𢵳	0	
sum	𦼚	0	
sun	嗔	0	
sun	撴	0	
sung	充	0	
sung	茺	0	
sung	㤝	0	
sung	𣑁	0	
sung	崇	0	
sung	憧	0	
suy	吹	0	
suy	蚩	0	
suy	𫄨	0	
suy	衰	0	
suy	推	0	
suy	嗤	0	
suy	絺	0	
suy	榱	0	
suyen	湍	0	
suyen	喘	0	
suyen	舛	0	
suyen	喘	0	
suan	杶	0	
suan	皴	0	
suoi	洡	0	
suoi	榱	0	
suoi	𡢽	0	
suoi	𤂬	0	
suon	涟	0	
suon	棆	0	
suon	漣	0	
suon	墫	0	
suong	双	0	
suong	充	0	
suong	𪲂	0	
suong	㤝	0	
suong	滝	0	
suong	𫁔	0	
suong	𥺽	0	
suong	𬔔	0	
suong	雙	0	
suy	甩	0	
suy	帅	0	
suy	吹	0	
suy	帥	0	
suy	揣	0	
sua	𬍉	0	
sua	𡂡	0	
suat	怵	0	
suat	率	0	
suat	摔	0	
suat	繂	0	
suat	蟀	0	
suoi	洡	0	
suoi	𣷮	0	
suoi	㵊	0	
suoi	𤂬	0	
suot	卒	0	
suot	拙	0	
suot	律	0	
suot	啐	0	
suot	掇	0	
suot	捽	0	
suot	𨔊	0	
suot	率	0	
suot	椊	0	
suot	焠	0	
suot	𣖠	0	
suot	摔	0	
suot	𫧦	0	
suot	𠁸	0	
suot	䢦	0	
suot	𢖀	0	
suot	𨙖	0	
suong	闩	0	
suong	閂	0	
suong	𨳱	0	
suong	𠼾	0	
suy	揣	0	
suy	惴	0	
sa	沙	0	
sa	茶	0	
sai	侪	0	
sai	洡	0	
sai	柴	0	
sai	豺	0	
sai	偨	0	
sai	喍	0	
sai	㾹	0	
sai	儕	0	
sam	𠋂	0	
sam	谗	0	
sam	馋	0	
sam	搀	0	
sam	嘇	0	
sam	𩝎	0	
sam	儳	0	
sam	攙	0	
sam	讒	0	
sam	鑱	0	
sam	饞	0	
san	牀	0	
san	栈	0	
san	常	0	
san	孱	0	
san	棧	0	
san	潺	0	
sang	床	0	
sang	牀	0	
sang	𠳹	0	
sang	𬕌	0	
sanh	𡊳	0	
sanh	𤬸	0	
sanh	𥑥	0	
sanh	𥓉	0	
sao	巛	0	
sao	高	0	
sao	髙	0	
sao	巢	0	
sao	缫	0	
sao	樔	0	
sao	缲	0	
sao	篙	0	
sao	繅	0	
sao	繰	0	
sa	吒	0	
sa	诧	0	
sa	侘	0	
sa	咤	0	
sa	啥	0	
sa	詫	0	
sac	槊	0	
sac	趠	0	
sac	薮	0	
sac	藪	0	
sach	彳	0	
sach	册	0	
sach	冊	0	
sach	坼	0	
sach	拆	0	
sach	茦	0	
sach	栅	0	
sach	柵	0	
sach	索	0	
sach	策	0	
sach	嗦	0	
sach	筞	0	
sach	筴	0	
sai	杀	0	
sai	衩	0	
sai	差	0	
sai	耍	0	
sai	𣳪	0	
sai	洒	0	
sai	晒	0	
sai	殺	0	
sai	跴	0	
sai	𩲥	0	
sai	瘥	0	
sai	踩	0	
sai	灑	0	
sai	曬	0	
sam	𢖱	0	
sam	忏	0	
sam	鏟	0	
sam	懺	0	
san	讪	0	
san	汕	0	
san	灿	0	
san	疝	0	
san	𬟴	0	
san	栈	0	
san	訕	0	
san	赸	0	
san	振	0	
san	铲	0	
san	掁	0	
san	棧	0	
san	散	0	
san	趁	0	
san	粲	0	
san	镇	0	
san	燦	0	
san	璨	0	
san	鎮	0	
san	鏟	0	
sang	灲	0	
sang	创	0	
sang	剏	0	
sang	剙	0	
sang	朗	0	
sang	創	0	
sang	𬁈	0	
sang	𤍎	0	
sang	𤎜	0	
sang	𤏬	0	
sang	𣋃	0	
sang	𠓇	0	
sang	𫤤	0	
sanh	另	0	
sanh	逞	0	
sanh	聘	0	
sanh	𤯭	0	
sanh	𡖼	0	
sanh	𠁔	0	
sanh	𫫺	0	
sao	夺	0	
sao	套	0	
sao	笛	0	
sao	稍	0	
sao	筲	0	
sao	槊	0	
sao	奪	0	
sao	𠿀	0	
sao	𥱫	0	
sao	䳂	0	
sao	𥳓	0	
sao	𪁎	0	
sao	𪄤	0	
sao	𪄨	0	
sao	𪇐	0	
sap	合	0	
sap	𤜯	0	
sap	臿	0	
sap	涩	0	
sap	插	0	
sap	牐	0	
sap	𦝥	0	
sap	歃	0	
sap	锸	0	
sap	蜡	0	
sap	霎	0	
sap	濇	0	
sap	鍤	0	
sap	澀	0	
sap	鮹	0	
sap	爉	0	
sap	㯿	0	
sap	蠟	0	
sat	杀	0	
sat	刹	0	
sat	殺	0	
sat	煞	0	
sat	詧	0	
sat	察	0	
sat	擦	0	
sat	𥌀	0	
sat	镲	0	
sat	礤	0	
sat	𪄅	0	
sat	鑔	0	
sau	了	0	
sau	𦒹	0	
say	𫭚	0	
sam	参	0	
sam	參	0	
sam	森	0	
sam	葠	0	
sam	蓡	0	
sam	槮	0	
san	身	0	
san	莘	0	
san	真	0	
san	䀼	0	
san	嗔	0	
san	瞋	0	
san	𡑝	0	
san	𡓏	0	
san	𫸈	0	
sau	𧉿	0	
sau	㥪	0	
sau	溇	0	
sau	𫐷	0	
sau	搊	0	
sau	慺	0	
sau	漊	0	
sau	𡢐	0	
sau	蝼	0	
sau	螻	0	
sau	𧒇	0	
say	差	0	
say	僽	0	
sa	乍	0	
sa	𢘬	0	
sa	秨	0	
sa	𨦁	0	
sai	士	0	
sai	仕	0	
sai	𠱊	0	
sai	胣	0	
sai	𪧸	0	
se	仕	0	
se	茌	0	
se	稀	0	
sen	洌	0	
sen	咧	0	
seo	饶	0	
seo	𦝼	0	
seo	膢	0	
seo	饒	0	
se	稀	0	
sem	𤑯	0	
sem	𤒦	0	
set	杀	0	
set	列	0	
set	冽	0	
set	殺	0	
set	烈	0	
set	𡏥	0	
set	𩂶	0	
set	𪷘	0	
set	𩄰	0	
set	鎩	0	
set	𪄅	0	
set	𬰓	0	
sen	扦	0	
sen	﨡	0	
senh	生	0	
senh	笙	0	
senh	撐	0	
seu	超	0	
seu	𠾸	0	
si	仕	0	
si	时	0	
si	茌	0	
si	時	0	
si	𫄨	0	
si	粚	0	
si	稀	0	
si	絺	0	
si	𪐢	0	
si	𪐾	0	
sinh	浧	0	
sinh	𬈤	0	
sinh	𬉚	0	
si	四	0	
si	厕	0	
si	炽	0	
si	翄	0	
si	𬙚	0	
si	翅	0	
si	厠	0	
si	廁	0	
si	𦋂	0	
si	趐	0	
si	熾	0	
sinh	性	0	
sinh	俜	0	
sinh	𠴔	0	
sinh	悜	0	
sinh	骋	0	
sinh	逞	0	
sinh	娉	0	
sinh	睈	0	
sinh	聘	0	
sinh	騁	0	
sip	拾	0	
sit	杀	0	
sit	殺	0	
so	㗙	0	
so	𧎷	0	
so	𧒌	0	
so	𩺥	0	
soi	𣖧	0	
som	谗	0	
som	讒	0	
son	存	0	
song	𣳔	0	
song	崇	0	
song	滝	0	
song	𠼾	0	
song	漴	0	
song	𣙩	0	
song	𥊠	0	
so	梳	0	
soc	朔	0	
soc	矟	0	
soc	蒴	0	
soc	搠	0	
soc	槊	0	
soc	𥉮	0	
soi	𤞖	0	
soi	𪻆	0	
soi	磊	0	
soi	獪	0	
soi	𤢗	0	
soi	𤢿	0	
soi	㰁	0	
soi	𩯹	0	
som	𨇬	0	
son	寸	0	
son	𣼍	0	
song	浪	0	
song	㳥	0	
sot	㤕	0	
sot	卒	0	
sot	率	0	
sot	𫧦	0	
so	刍	0	
so	驺	0	
so	绉	0	
so	芻	0	
so	皱	0	
so	𠸗	0	
so	𦁅	0	
so	㗙	0	
so	皺	0	
so	篘	0	
so	縐	0	
so	𡁿	0	
so	騶	0	
so	𪄞	0	
soi	炊	0	
soi	𤉚	0	
soi	傕	0	
soi	催	0	
soi	𢐝	0	
soi	熣	0	
soi	㵢	0	
soi	𤐝	0	
son	𣞊	0	
song	泷	0	
song	滝	0	
song	漗	0	
song	𪷹	0	
song	瀧	0	
soi	士	0	
soi	仕	0	
soi	磊	0	
song	肿	0	
song	腫	0	
song	𦪃	0	
song	𦪐	0	
su	囚	0	
su	抠	0	
su	绉	0	
su	枢	0	
su	𣭃	0	
su	厨	0	
su	摳	0	
su	樞	0	
su	縐	0	
sui	洡	0	
sui	𠱤	0	
sui	涞	0	
sui	淶	0	
sui	㵢	0	
sum	㖗	0	
sum	森	0	
sum	𫊍	0	
sung	崇	0	
sung	𠼾	0	
sung	漴	0	
sung	𢠄	0	
sung	𧐿	0	
sung	蟲	0	
su	醜	0	
su	薮	0	
su	擞	0	
su	藪	0	
su	擻	0	
suc	亍	0	
suc	束	0	
suc	畜	0	
suc	㗜	0	
suc	滀	0	
suc	蓄	0	
suc	搐	0	
suc	槒	0	
suc	缩	0	
suc	𨃕	0	
suc	縮	0	
suc	蹜	0	
suc	矗	0	
sun	噀	0	
sun	𬹹	0	
sung	茺	0	
sung	铳	0	
sung	銃	0	
sung	𨖼	0	
sung	𦼠	0	
sung	𦼟	0	
sung	𧀏	0	
sut	卒	0	
sut	淬	0	
sut	率	0	
sam	心	0	
sam	审	0	
sam	禀	0	
sam	審	0	
san	𤜬	0	
san	𤞓	0	
san	𢕸	0	
san	𤢈	0	
san	獜	0	
sang	棱	0	
sang	䗀	0	
sang	槺	0	
sang	橉	0	
si	士	0	
si	仕	0	
si	俟	0	
si	豉	0	
sung	肿	0	
sung	宠	0	
sung	腫	0	
sung	漴	0	
sung	𬉎	0	
sung	寵	0	
so	彑	0	
so	匹	0	
so	𤴔	0	
so	疋	0	
so	丝	0	
so	初	0	
so	梳	0	
so	絲	0	
so	疏	0	
so	疎	0	
so	𠸗	0	
so	踈	0	
so	蔬	0	
so	⼹	0	
son	山	0	
son	杣	0	
su	书	0	
su	师	0	
su	狮	0	
su	師	0	
su	書	0	
su	𪝜	0	
su	蛳	0	
su	筛	0	
su	摅	0	
su	獅	0	
su	篩	0	
su	螄	0	
su	攄	0	
sua	师	0	
sua	狮	0	
sua	師	0	
sua	疏	0	
sua	疎	0	
sua	𨠴	0	
sua	獅	0	
sua	𫑺	0	
sua	𫑽	0	
sung	𪽩	0	
sung	𤷖	0	
sung	𫇁	0	
suu	诌	0	
suu	鬼	0	
suu	馊	0	
suu	廋	0	
suu	蓃	0	
suu	搜	0	
suu	嗖	0	
suu	溲	0	
suu	㮲	0	
suu	螋	0	
suu	艘	0	
suu	瘳	0	
suu	篘	0	
suu	餿	0	
suu	謅	0	
suu	颼	0	
suu	䱸	0	
suoi	差	0	
suoi	𦟎	0	
suon	汕	0	
suong	伧	0	
suong	伤	0	
suong	厢	0	
suong	凔	0	
suong	傖	0	
suong	廂	0	
suong	傷	0	
suong	箱	0	
suong	霜	0	
suong	𢹩	0	
suong	孀	0	
suong	鹴	0	
suong	鸘	0	
suoc	辶	0	
suoc	辵	0	
suoc	婥	0	
suong	快	0	
suong	畅	0	
suong	倡	0	
suong	唱	0	
suong	暢	0	
suong	𡒮	0	
suot	杀	0	
suot	殺	0	
suot	𣹕	0	
suon	伧	0	
suon	𦘹	0	
suon	傖	0	
suon	樑	0	
suon	𢵔	0	
suon	𦠳	0	
suong	床	0	
suoi	𤇧	0	
suong	昶	0	
suong	鬯	0	
suong	敞	0	
suong	氅	0	
suong	炀	0	
suong	尚	0	
suong	尙	0	
suong	爽	0	
suong	𠶤	0	
suong	惝	0	
suong	𪽄	0	
suong	煬	0	
suong	V+600A8	0	
suot	杀	0	
suot	殺	0	
suot	𠺽	0	
sa	乍	0	
sa	苲	0	
sach	石	0	
sach	沥	0	
sach	沚	0	
sach	泟	0	
sach	涤	0	
sach	脽	0	
sach	滌	0	
sach	瀝	0	
sam	懺	0	
san	栈	0	
san	铲	0	
san	棧	0	
san	䃅	0	
san	僝	0	
san	磾	0	
san	𥖔	0	
san	鏟	0	
sao	诌	0	
sao	掉	0	
sao	𠻥	0	
sao	謅	0	
sao	鮹	0	
sao	𨄵	0	
sap	㯿	0	
sat	鷟	0	
sa	乍	0	
sa	𪮈	0	
sa	𦲺	0	
sa	𨦁	0	
sa	𦵘	0	
sa	𪀎	0	
sai	仕	0	
sai	𢩿	0	
sai	豸	0	
sai	庹	0	
sai	𢲮	0	
sai	𪪪	0	
sam	掺	0	
sam	摻	0	
sam	𥕌	0	
san	产	0	
san	刬	0	
san	剗	0	
san	産	0	
san	铲	0	
san	剷	0	
san	㦃	0	
san	𨄉	0	
san	鏟	0	
sang	怆	0	
sang	爽	0	
sang	𡙁	0	
sang	愴	0	
sang	磢	0	
sanh	厅	0	
sanh	庁	0	
sanh	𤯝	0	
sanh	厛	0	
sanh	凊	0	
sanh	倩	0	
sanh	㗂	0	
sanh	䲼	0	
sanh	廳	0	
sao	诌	0	
sao	吵	0	
sao	稍	0	
sao	謅	0	
say	仕	0	
say	侈	0	
say	𢫟	0	
say	洒	0	
say	𤇧	0	
say	𤵴	0	
sac	贼	0	
sac	賊	0	
sam	闯	0	
sam	参	0	
sam	梣	0	
sam	渗	0	
sam	參	0	
sam	禀	0	
sam	滲	0	
sam	𫕨	0	
sam	闖	0	
sam	𢀮	0	
sam	𩅙	0	
sam	谶	0	
sam	𩆐	0	
sam	𪅩	0	
sam	讖	0	
sam	𩆷	0	
sam	𩇆	0	
san	闯	0	
san	衬	0	
san	疢	0	
san	龀	0	
san	趁	0	
san	趂	0	
san	榇	0	
san	䞮	0	
san	𪮭	0	
san	镇	0	
san	齔	0	
san	闖	0	
san	鎮	0	
san	櫬	0	
san	襯	0	
sap	把	0	
sap	䏠	0	
sap	插	0	
sap	𬛦	0	
sat	匹	0	
sat	叱	0	
sat	疋	0	
sat	抶	0	
sat	眣	0	
sat	䋎	0	
sau	丑	0	
sau	蓃	0	
sau	瘦	0	
sau	𠻳	0	
sau	嗽	0	
sau	潄	0	
sau	㮴	0	
sau	簉	0	
sau	𥳓	0	
sau	䱸	0	
sau	𩽉	0	
sau	𩽤	0	
say	𤇧	0	
say	晒	0	
sam	立	0	
sam	立	0	
sam	岑	0	
sam	涔	0	
sam	硶	0	
sam	碜	0	
sam	磣	0	
sam	橬	0	
sam	𩻛	0	
san	莘	0	
san	𦝍	0	
san	𤊥	0	
san	𦝆	0	
san	痳	0	
san	𤷲	0	
sau	愁	0	
sau	𣜷	0	
say	柴	0	
say	稀	0	
say	媸	0	
sam	审	0	
sam	渗	0	
sam	滲	0	
sam	審	0	
sam	𫕨	0	
sam	𩅙	0	
san	进	0	
san	疢	0	
san	進	0	
sau	𢗸	0	
say	仕	0	
say	𬚯	0	
say	侈	0	
say	𢫟	0	
say	𤇧	0	
say	𤵴	0	
say	𪵌	0	
say	𨀋	0	
say	𪷔	0	
sam	朕	0	
sam	湛	0	
sam	揕	0	
sap	习	0	
sap	立	0	
sap	立	0	
sap	𠙅	0	
sap	𬔗	0	
sap	柆	0	
sap	𥩰	0	
sap	習	0	
sap	笠	0	
sap	摺	0	
sap	𫁫	0	
sat	栗	0	
sau	骤	0	
sau	驟	0	
say	茌	0	
say	𣐴	0	
say	䇮	0	
say	槎	0	
sac	色	0	
sac	恜	0	
sac	勅	0	
sac	勑	0	
sac	敕	0	
sac	嗇	0	
sac	銫	0	
sac	𪁅	0	
sac	穡	0	
sam	𢖱	0	
sam	忏	0	
sam	掺	0	
sam	摻	0	
sam	懺	0	
san	趁	0	
san	𦸰	0	
san	𦼜	0	
san	𦼛	0	
sang	𤍎	0	
sang	𤎜	0	
sang	𦼃	0	
sang	䕝	0	
sap	拉	0	
sap	㕸	0	
sap	挹	0	
sap	𢯛	0	
sap	插	0	
sat	列	0	
sat	虱	0	
sat	栗	0	
sat	铁	0	
sat	𠶘	0	
sat	鉄	0	
sat	瑟	0	
sat	蝨	0	
sat	𨫊	0	
sat	鏍	0	
sat	鐵	0	
san	莘	0	
san	潺	0	
sang	𠳹	0	
san	𪩯	0	
san	𬂑	0	
san	𫤢	0	
san	产	0	
san	產	0	
san	産	0	
san	𪩯	0	
sac	色	0	
sac	鷟	0	
sac	𩻀	0	
sac	𡆍	0	
sac	𡆈	0	
sam	朕	0	
sam	湛	0	
sat	䔁	0	
sat	篥	0	
sat	鳔	0	
sat	𩺤	0	
sat	𩻀	0	
sat	鰾	0	
seo	刟	0	
seo	𤵪	0	
seo	𪖠	0	
set	咧	0	
se	仕	0	
se	𢩿	0	
se	𢫟	0	
se	𨦁	0	
se	䲧	0	
se	𪀆	0	
sen	舛	0	
sen	浅	0	
sen	淺	0	
sen	㦃	0	
se	士	0	
se	仕	0	
se	𠱊	0	
se	𫪣	0	
se	傺	0	
sen	𢇢	0	
sen	栈	0	
sen	胜	0	
sen	梬	0	
sen	𣓋	0	
sen	棧	0	
sen	𣞶	0	
set	𣻂	0	
seu	䳂	0	
seu	𫛎	0	
seu	鶮	0	
se	𤞘	0	
se	盻	0	
se	𤵶	0	
se	𥬋	0	
se	𣖝	0	
se	𤠷	0	
sen	胜	0	
sen	勝	0	
sen	𥺆	0	
senh	浧	0	
se	𥬋	0	
senh	㨘	0	
seu	𣲦	0	
se	仕	0	
se	滯	0	
sech	尺	0	
sech	斥	0	
sep	笠	0	
set	㤡	0	
set	特	0	
set	𢟏	0	
set	𣻂	0	
si	哆	0	
si	蚩	0	
si	恥	0	
si	耻	0	
si	褫	0	
sia	𢫟	0	
sia	𨀋	0	
si	士	0	
si	豉	0	
sia	笮	0	
sich	郑	0	
sich	易	0	
sich	掷	0	
sich	鄭	0	
sich	擲	0	
sich	𨇗	0	
sit	杀	0	
sit	哳	0	
sit	殺	0	
sit	截	0	
sit	㘉	0	
so	寿	0	
so	壽	0	
so	𬳛	0	
so	𩪵	0	
soc	𪟄	0	
soc	朔	0	
soc	𥉮	0	
som	谗	0	
som	搀	0	
som	攙	0	
som	讒	0	
sot	𥯝	0	
sot	箻	0	
so	𩠩	0	
so	𬳛	0	
so	𨯃	0	
so	𩖅	0	
soi	𥑶	0	
soi	𫮇	0	
soi	磊	0	
soi	㩡	0	
soi	𡓃	0	
soi	礌	0	
soi	𥗐	0	
son	𢮪	0	
song	㳥	0	
song	鏓	0	
so	𢼂	0	
so	措	0	
so	数	0	
so	數	0	
so	擻	0	
so	𥐈	0	
soc	秃	0	
soc	禿	0	
soc	滀	0	
soc	𩺯	0	
song	生	0	
song	弄	0	
song	送	0	
song	𤯩	0	
song	𠸙	0	
song	𫪹	0	
song	𧚠	0	
song	𤯨	0	
song	𪟤	0	
song	𩩇	0	
song	𬴑	0	
song	𩩖	0	
song	𪁇	0	
song	𦡠	0	
song	𩀳	0	
sot	律	0	
sot	律	0	
sot	𤈠	0	
sot	焠	0	
sot	𣙸	0	
so	刍	0	
so	芻	0	
so	粗	0	
so	雏	0	
so	𡙦	0	
so	𩿿	0	
so	雛	0	
so	𪄞	0	
soi	䋘	0	
soi	颓	0	
soi	頺	0	
soi	頽	0	
soi	𦆙	0	
soi	𩟬	0	
som	谗	0	
som	讒	0	
son	屯	0	
song	㚇	0	
song	梇	0	
song	崇	0	
song	棕	0	
song	椶	0	
song	𣙩	0	
song	𫌌	0	
so	𢼂	0	
so	𢯧	0	
so	𬃈	0	
so	数	0	
so	𡦅	0	
so	數	0	
so	𪢒	0	
so	𡂡	0	
so	䉤	0	
so	籔	0	
soi	𩟬	0	
song	宠	0	
song	寵	0	
so	𠴗	0	
so	𠶘	0	
so	𠶂	0	
so	𠶈	0	
so	鲁	0	
so	数	0	
so	魯	0	
so	魯	0	
so	數	0	
so	𪢒	0	
so	𤑟	0	
so	数	0	
so	數	0	
soc	浊	0	
soc	族	0	
soc	濁	0	
soc	𨃕	0	
sop	𣙫	0	
sop	𩻒	0	
sot	突	0	
sot	焠	0	
sot	㗜	0	
sot	箻	0	
sot	𥯝	0	
so	所	0	
so	疏	0	
som	剑	0	
som	劍	0	
som	歛	0	
som	𣋽	0	
som	𣌋	0	
som	𪩪	0	
son	汕	0	
son	趁	0	
son	潺	0	
sot	匹	0	
sot	叱	0	
so	𢮀	0	
so	础	0	
so	疏	0	
so	滁	0	
so	疎	0	
so	𣻄	0	
so	礎	0	
som	衫	0	
som	谗	0	
som	𥓸	0	
som	𧛎	0	
som	儳	0	
som	讒	0	
son	疝	0	
son	孱	0	
son	潺	0	
son	𢢁	0	
so	所	0	
so	础	0	
so	楚	0	
so	礎	0	
soi	𤴶	0	
soi	𤵴	0	
son	产	0	
son	産	0	
son	阐	0	
son	𠆍	0	
son	𤺲	0	
son	闡	0	
son	𢺛	0	
so	所	0	
so	楚	0	
soi	士	0	
soi	仕	0	
so	怍	0	
so	咋	0	
so	𢜝	0	
so	歙	0	
so	𫻋	0	
so	𫻐	0	
soi	𥾘	0	
soi	𥿥	0	
sot	𪢘	0	
su	𤔛	0	
su	聚	0	
suc	亍	0	
suc	畜	0	
suc	滀	0	
suc	㗜	0	
sum	𢵳	0	
sum	蹾	0	
sum	𨅾	0	
sun	𦜞	0	
sun	𦠆	0	
sun	𩪞	0	
sup	立	0	
sup	立	0	
sup	拉	0	
sup	拾	0	
sup	笠	0	
sup	𨀎	0	
sup	𨅁	0	
sup	𨄴	0	
sut	拙	0	
sut	咄	0	
sut	律	0	
sut	𬔋	0	
sut	𠸂	0	
sut	湥	0	
su	守	0	
su	𠶂	0	
su	𧎷	0	
su	𩽋	0	
sua	𠶂	0	
sua	数	0	
sua	數	0	
sua	𪢒	0	
sua	𪁇	0	
sua	𡂡	0	
sua	嚕	0	
sui	洡	0	
sung	宠	0	
sung	寵	0	
sung	𨰧	0	
su	使	0	
su	𣐳	0	
su	瓷	0	
su	𣔤	0	
sua	使	0	
sua	𧍇	0	
sua	𧍅	0	
sua	𩸲	0	
suc	力	0	
suc	式	0	
suc	饬	0	
suc	饰	0	
suc	飭	0	
suc	飾	0	
sut	匹	0	
sut	叱	0	
sut	𠿰	0	
suu	簉	0	
su	𣐳	0	
su	锄	0	
su	耡	0	
su	鉏	0	
su	鋤	0	
sun	𦘹	0	
sung	䈊	0	
sung	𧤂	0	
sung	𧤁	0	
su	史	0	
su	驶	0	
su	使	0	
su	駛	0	
sua	所	0	
sua	使	0	
sua	𪮈	0	
sua	𢯢	0	
sua	𢀦	0	
sung	爽	0	
sung	𫻜	0	
suu	丑	0	
suu	醜	0	
sua	𣳪	0	
sua	𣷱	0	
sua	𣷲	0	
sung	爽	0	
sung	𨁂	0	
sung	𨄉	0	
sung	𨄷	0	
su	亊	0	
su	事	0	
sua	𠶝	0	
suc	力	0	
suc	忇	0	
suc	直	0	
suc	𢜝	0	
suc	𠶗	0	
suc	𫗾	0	
suc	矗	0	
sut	力	0	
sut	叻	0	
sut	栗	0	
ta	些	0	
ta	咱	0	
ta	爹	0	
ta	偺	0	
ta	嗟	0	
ta	喒	0	
ta	瘥	0	
ta	𢧲	0	
ta	鹾	0	
ta	醝	0	
ta	鹺	0	
tai	災	0	
tai	灾	0	
tai	甾	0	
tai	哉	0	
tai	烖	0	
tai	揌	0	
tai	腮	0	
tai	𦖻	0	
tai	鳃	0	
tai	顋	0	
tai	鰓	0	
tam	三	0	
tam	仨	0	
tam	弎	0	
tam	叁	0	
tam	叄	0	
tam	掺	0	
tam	蔘	0	
tam	慚	0	
tam	摻	0	
tan	散	0	
tan	潵	0	
tan	𪯗	0	
tang	丧	0	
tang	桑	0	
tang	赃	0	
tang	牂	0	
tang	喪	0	
tang	䘮	0	
tang	賍	0	
tang	嗓	0	
tang	臧	0	
tang	藻	0	
tang	贓	0	
tang	𮍄	0	
tanh	胜	0	
tanh	星	0	
tanh	腥	0	
tanh	𦎬	0	
tanh	醒	0	
tao	蚤	0	
tao	𠋺	0	
tao	骚	0	
tao	搔	0	
tao	溞	0	
tao	傮	0	
tao	遭	0	
tao	𦞢	0	
tao	𦞣	0	
tao	𦃐	0	
tao	糙	0	
tao	糟	0	
tao	臊	0	
tao	騷	0	
tau	蚤	0	
tay	思	0	
tay	𢬣	0	
tay	拪	0	
tay	𪮏	0	
tay	揌	0	
te	呎	0	
te	呞	0	
te	卑	0	
te	𠉸	0	
te	卑	0	
tem	尖	0	
ten	先	0	
ten	铣	0	
ten	銑	0	
teng	先	0	
teo	消	0	
teo	䏴	0	
teo	霄	0	
teo	繏	0	
tha	他	0	
tha	它	0	
tha	她	0	
tha	牠	0	
tha	咃	0	
tha	拕	0	
tha	拖	0	
tha	𢫌	0	
tha	𥃸	0	
tha	𫅁	0	
tha	铊	0	
tha	𥅂	0	
tha	趿	0	
tha	赦	0	
tha	搓	0	
tha	鉈	0	
tha	磋	0	
tha	蹉	0	
thai	台	0	
thai	苔	0	
thai	胎	0	
thai	炱	0	
thai	𪿘	0	
thai	𬆗	0	
thai	臺	0	
tham	坍	0	
tham	抩	0	
tham	参	0	
tham	贪	0	
tham	參	0	
tham	貪	0	
tham	掺	0	
tham	摻	0	
than	叹	0	
than	坍	0	
than	炭	0	
than	炮	0	
than	𪡩	0	
than	摊	0	
than	滩	0	
than	嘆	0	
than	歎	0	
than	瘫	0	
than	攤	0	
than	灘	0	
than	癱	0	
thang	汤	0	
thang	杨	0	
thang	钖	0	
thang	绅	0	
thang	紳	0	
thang	徜	0	
thang	跄	0	
thang	湯	0	
thang	楊	0	
thang	嘡	0	
thang	膛	0	
thang	鍚	0	
thang	蹌	0	
thang	簜	0	
thang	蹚	0	
thang	鐋	0	
thanh	声	0	
thanh	靑	0	
thanh	钖	0	
thanh	青	0	
thanh	圊	0	
thanh	菁	0	
thanh	清	0	
thanh	晴	0	
thanh	腈	0	
thanh	蜻	0	
thanh	鲭	0	
thanh	錆	0	
thanh	鍚	0	
thanh	聲	0	
thanh	鯖	0	
thao	叨	0	
thao	洮	0	
thao	掏	0	
thao	𫺼	0	
thao	絛	0	
thao	㗖	0	
thao	幍	0	
thao	搯	0	
thao	滔	0	
thao	韬	0	
thao	缲	0	
thao	操	0	
thao	縚	0	
thao	縧	0	
thao	𦃡	0	
thao	繰	0	
thao	韜	0	
thao	鐰	0	
thao	饕	0	
thau	𨱎	0	
thau	縚	0	
thau	鍮	0	
thau	𨭡	0	
thau	鐰	0	
thay	台	0	
thay	世	0	
thay	咍	0	
thay	𠊝	0	
thay	𠳙	0	
thay	𫢼	0	
thay	𠼷	0	
the	施	0	
the	絁	0	
the	𦂛	0	
the	𫄋	0	
them	添	0	
then	扦	0	
then	杄	0	
then	𣏿	0	
then	钎	0	
then	釺	0	
then	𣛩	0	
theo	烧	0	
theo	跷	0	
theo	遶	0	
theo	燒	0	
theo	蹺	0	
thi	尸	0	
thi	呎	0	
thi	试	0	
thi	诗	0	
thi	呞	0	
thi	屍	0	
thi	施	0	
thi	莳	0	
thi	匙	0	
thi	𠷇	0	
thi	蒔	0	
thi	蓍	0	
thi	試	0	
thi	詩	0	
thi	𦂛	0	
thi	䴓	0	
thi	鳾	0	
thi	濞	0	
thia	施	0	
thia	𩸸	0	
thin	天	0	
thin	忏	0	
thin	𬑾	0	
thinh	厅	0	
thinh	汀	0	
thinh	庁	0	
thinh	𤇂	0	
thinh	请	0	
thinh	烴	0	
thinh	清	0	
thinh	請	0	
thinh	聲	0	
thinh	廳	0	
thiu	烧	0	
thiu	燒	0	
thiem	佥	0	
thiem	帖	0	
thiem	苫	0	
thiem	痁	0	
thiem	添	0	
thiem	酟	0	
thiem	僉	0	
thiem	签	0	
thiem	舔	0	
thiem	谵	0	
thiem	簽	0	
thiem	蟾	0	
thiem	舚	0	
thiem	譫	0	
thiem	籖	0	
thiem	鐱	0	
thiem	籤	0	
thien	才	0	
thien	千	0	
thien	天	0	
thien	仟	0	
thien	阡	0	
thien	芊	0	
thien	扦	0	
thien	芌	0	
thien	迁	0	
thien	杄	0	
thien	钎	0	
thien	扁	0	
thien	扇	0	
thien	偏	0	
thien	釺	0	
thien	傓	0	
thien	搧	0	
thien	𩵞	0	
thien	篇	0	
thien	遷	0	
thien	膻	0	
thien	羶	0	
thien	韆	0	
thieng	天	0	
thieng	声	0	
thieng	诚	0	
thieng	誠	0	
thieng	𤍌	0	
thieng	𬊽	0	
thieng	𤎓	0	
thieng	𪬮	0	
thieng	聲	0	
thieu	卲	0	
thieu	挑	0	
thieu	烧	0	
thieu	燒	0	
thiec	切	0	
thiec	铁	0	
thiec	锡	0	
thiec	鉄	0	
thiec	錫	0	
thiec	𨮹	0	
thiec	𨰪	0	
thien	扦	0	
thien	茜	0	
thien	倩	0	
thien	善	0	
thien	𠞛	0	
thien	蒨	0	
thien	𠟤	0	
thiep	妾	0	
thiep	帖	0	
thiep	贴	0	
thiep	惬	0	
thiep	𢜡	0	
thiep	淁	0	
thiep	貼	0	
thiep	跕	0	
thiep	愜	0	
thiep	𢲯	0	
thiep	䌌	0	
thiep	鯜	0	
thiep	𣠺	0	
thiet	切	0	
thiet	设	0	
thiet	窃	0	
thiet	铁	0	
thiet	紩	0	
thiet	設	0	
thiet	鉄	0	
thiet	銕	0	
thiet	𨄊	0	
thiet	餮	0	
thiet	鐵	0	
thiet	竊	0	
thieu	少	0	
thieu	𥄨	0	
thieu	俭	0	
thieu	粜	0	
thieu	眺	0	
thieu	絩	0	
thieu	瞅	0	
thieu	儉	0	
thieu	糶	0	
thiem	幨	0	
thiem	檐	0	
thien	单	0	
thien	婵	0	
thien	禅	0	
thien	單	0	
thien	蝉	0	
thien	嬋	0	
thien	禪	0	
thien	燀	0	
thien	襌	0	
thien	蟬	0	
thieng	诚	0	
thieng	誠	0	
thieu	卲	0	
thieu	岧	0	
thieu	迢	0	
thieu	韶	0	
thiem	闪	0	
thiem	陕	0	
thiem	忝	0	
thiem	陝	0	
thiem	陜	0	
thiem	閃	0	
thiem	䀹	0	
thiem	睒	0	
thiem	饞	0	
thien	浅	0	
thien	淺	0	
thien	腆	0	
thien	痶	0	
thien	𧌎	0	
thieu	少	0	
thieu	挑	0	
thieu	悄	0	
thieu	愀	0	
thieu	缲	0	
thieu	繰	0	
thiem	赡	0	
thiem	贍	0	
thien	善	0	
thien	𦎍	0	
thien	缮	0	
thien	擅	0	
thien	樿	0	
thien	膳	0	
thien	嬗	0	
thien	膻	0	
thien	繕	0	
thien	蟺	0	
thien	羶	0	
thien	饍	0	
thien	鳝	0	
thien	鱔	0	
thiep	帖	0	
thiep	涉	0	
thiet	舌	0	
thiet	邵	0	
thiet	绍	0	
thiet	实	0	
thiet	贴	0	
thiet	㓭	0	
thiet	貼	0	
thiet	寔	0	
thiet	揲	0	
thiet	𧵳	0	
thiet	實	0	
thiet	䱑	0	
thieu	卲	0	
thieu	劭	0	
thieu	绍	0	
thieu	袑	0	
thieu	紹	0	
thii	柹	0	
tho	收	0	
tho	秋	0	
tho	荍	0	
tho	菟	0	
tho	萩	0	
tho	𬳠	0	
thoa	他	0	
thoa	钗	0	
thoa	捘	0	
thoa	釵	0	
thoa	梭	0	
thoa	搓	0	
thoa	蓑	0	
thoa	簑	0	
thoa	𨪪	0	
thoai	陲	0	
thoai	𡑗	0	
thoan	悛	0	
thoan	竣	0	
thoan	镩	0	
thoan	鑹	0	
thoang	汤	0	
thoang	倘	0	
thoang	湯	0	
thoen	栓	0	
thoen	銓	0	
thoi	推	0	
thoi	崔	0	
thoi	梭	0	
thoi	催	0	
thoi	槯	0	
thoi	𧤹	0	
thoi	鏙	0	
thoi	𨮑	0	
thom	惨	0	
thom	慘	0	
thon	刌	0	
thon	忖	0	
thon	村	0	
thon	𬂨	0	
thon	𠴘	0	
thon	墫	0	
thong	从	0	
thong	従	0	
thong	通	0	
thong	從	0	
thong	𦪏	0	
thoa	唾	0	
thoai	退	0	
thoai	逡	0	
thoai	祱	0	
thoai	煺	0	
thoai	腿	0	
thoai	漼	0	
thoai	褪	0	
thoai	㷟	0	
thoai	𤍐	0	
thoai	蹆	0	
thoan	𧰬	0	
thoan	窜	0	
thoan	熶	0	
thoan	篡	0	
thoan	竄	0	
thoan	躥	0	
thoan	爨	0	
thoang	旷	0	
thoang	洸	0	
thoang	倘	0	
thoang	爌	0	
thoang	曠	0	
thoat	侻	0	
thoat	捝	0	
thoat	脱	0	
thoat	捽	0	
thoat	𢴎	0	
thoa	妥	0	
thoa	椭	0	
thoa	媠	0	
thoa	橢	0	
thoong	𫮢	0	
thoan	弯	0	
thoan	悛	0	
thoan	彎	0	
thoa	埈	0	
thoai	话	0	
thoai	話	0	
thoat	脱	0	
thoat	𣉐	0	
thoa	妥	0	
thoa	𢚶	0	
thoa	课	0	
thoa	脞	0	
thoa	媠	0	
thoa	椭	0	
thoa	課	0	
thoa	橢	0	
thoai	阥	0	
thoai	𢗷	0	
thoai	𫤓	0	
thoan	氽	0	
thoang	倘	0	
thoang	倘	0	
thoang	候	0	
thoat	卒	0	
thoat	捝	0	
thoat	率	0	
thoat	啐	0	
thoat	脱	0	
thoat	率	0	
thoat	率	0	
thu	収	0	
thu	𠬧	0	
thu	收	0	
thu	秌	0	
thu	𪯊	0	
thu	秋	0	
thu	揪	0	
thu	楸	0	
thu	𩷊	0	
thu	鞧	0	
thu	鞦	0	
thu	𩹤	0	
thu	鰍	0	
thua	头	0	
thua	收	0	
thua	夸	0	
thua	偷	0	
thua	𫮐	0	
thua	誇	0	
thua	输	0	
thua	輸	0	
thua	頭	0	
thua	𪿐	0	
thui	炲	0	
thui	退	0	
thui	煺	0	
thui	催	0	
thui	㷟	0	
thui	熣	0	
thui	𤏥	0	
thui	𤏣	0	
thum	深	0	
thun	村	0	
thun	紨	0	
thun	𦀹	0	
thung	从	0	
thung	桩	0	
thung	從	0	
thung	舂	0	
thung	蓯	0	
thung	慵	0	
thung	摏	0	
thung	𢠅	0	
thung	樁	0	
thuyen	诠	0	
thuyen	单	0	
thuyen	荃	0	
thuyen	拴	0	
thuyen	栓	0	
thuyen	悛	0	
thuyen	脧	0	
thuyen	痊	0	
thuyen	铨	0	
thuyen	筌	0	
thuyen	遄	0	
thuyen	詮	0	
thuyen	銓	0	
thuyen	镌	0	
thuyen	醛	0	
thuyen	鎸	0	
thuyet	说	0	
thuyet	説	0	
thuyen	舡	0	
thuyen	舩	0	
thuyen	船	0	
thuyen	婵	0	
thuyen	禅	0	
thuyen	嬋	0	
thuan	悛	0	
thue	税	0	
thue	𠾔	0	
thuon	村	0	
thuon	悛	0	
thuy	脆	0	
thuy	翠	0	
thuy	邃	0	
thua	課	0	
thua	𣋾	0	
thuan	舜	0	
thuan	瞬	0	
thuan	驯	0	
thuan	纯	0	
thuan	逗	0	
thuan	莼	0	
thuan	純	0	
thuan	淳	0	
thuan	鹑	0	
thuan	馴	0	
thuan	蒓	0	
thuan	綧	0	
thuan	蓴	0	
thuan	𩾧	0	
thuan	醇	0	
thuan	鶉	0	
thuan	盾	0	
thuan	楯	0	
thuan	顺	0	
thuan	順	0	
thuat	朮	0	
thuat	术	0	
thuat	述	0	
thuat	秫	0	
thuat	𬬸	0	
thuat	術	0	
thuat	鉥	0	
thue	涗	0	
thue	脺	0	
thue	税	0	
thue	𠾔	0	
thuoc	束	0	
thuoc	茦	0	
thuoc	𬟥	0	
thuoc	𫊚	0	
thuoc	𧆄	0	
thuon	𢩭	0	
thuon	村	0	
thuong	从	0	
thuong	從	0	
thuong	蛹	0	
thuong	𢠆	0	
thuong	慵	0	
thuong	𠽅	0	
thuong	𧐺	0	
thuon	寸	0	
thuon	𫵛	0	
thuong	𨪞	0	
thuong	𨭑	0	
thuon	寸	0	
thuon	盾	0	
thuon	腫	0	
thuoc	属	0	
thuoc	熟	0	
thuoc	屬	0	
thuo	此	0	
thuo	课	0	
thuo	𣇫	0	
thuo	課	0	
thuo	𣋾	0	
thuy	垂	0	
thuy	陲	0	
thuy	谁	0	
thuy	捶	0	
thuy	搥	0	
thuy	署	0	
thuy	锤	0	
thuy	誰	0	
thuy	錘	0	
thuy	鎚	0	
thuy	谥	0	
thuy	瑞	0	
thuy	睡	0	
thuy	諡	0	
thuy	謚	0	
thuy	氵	0	
thuy	水	0	
thuy	始	0	
tha	他	0	
tha	时	0	
tha	時	0	
tha	𪰛	0	
tha	崔	0	
tha	𪰰	0	
tha	𫴞	0	
thai	柴	0	
thai	莳	0	
thai	偨	0	
thai	蒔	0	
tham	嗿	0	
thanh	成	0	
thanh	诚	0	
thanh	城	0	
thanh	誠	0	
thao	滔	0	
thao	㗖	0	
thay	柴	0	
thay	偨	0	
tha	世	0	
tha	措	0	
thac	托	0	
thac	拓	0	
thac	𣴜	0	
thac	柝	0	
thac	託	0	
thac	萚	0	
thac	𣨰	0	
thac	跅	0	
thac	错	0	
thac	搨	0	
thac	槖	0	
thac	橐	0	
thac	擉	0	
thac	錯	0	
thac	蘀	0	
thac	𣟄	0	
thach	托	0	
thach	昔	0	
thach	适	0	
thach	嘁	0	
thach	適	0	
thach	𡂓	0	
thai	太	0	
thai	汰	0	
thai	釆	0	
thai	态	0	
thai	采	0	
thai	钛	0	
thai	泰	0	
thai	倸	0	
thai	𠝔	0	
thai	彩	0	
thai	寀	0	
thai	採	0	
thai	埰	0	
thai	菜	0	
thai	傣	0	
thai	鈦	0	
thai	跴	0	
thai	睬	0	
thai	䌽	0	
thai	綵	0	
thai	蔡	0	
thai	態	0	
thai	踩	0	
thai	彩	0	
tham	採	0	
tham	探	0	
tham	䗊	0	
tham	𠽉	0	
tham	撢	0	
than	叹	0	
than	坦	0	
than	炭	0	
than	摊	0	
than	碳	0	
than	嘆	0	
than	歎	0	
than	𡁚	0	
than	攤	0	
thang	汤	0	
thang	𪱚	0	
thang	倘	0	
thang	湯	0	
thang	𣎃	0	
thang	躺	0	
thanh	圣	0	
thanh	咱	0	
thanh	㗂	0	
thanh	聖	0	
thanh	𬉊	0	
thanh	𡃑	0	
thao	造	0	
thao	慥	0	
thao	噪	0	
thao	操	0	
thao	躁	0	
thap	溚	0	
thap	搭	0	
thap	嗒	0	
thap	塔	0	
thap	答	0	
thap	插	0	
thap	遢	0	
thap	溻	0	
thap	塌	0	
thap	劄	0	
thap	榻	0	
thap	撘	0	
thap	㗳	0	
thap	㙮	0	
thap	鳎	0	
thap	𨆂	0	
thap	鰨	0	
that	闼	0	
that	挞	0	
that	撻	0	
that	鞑	0	
that	澾	0	
that	橽	0	
that	獭	0	
that	獺	0	
that	闥	0	
that	韃	0	
thau	艹	0	
thau	䒑	0	
thau	艸	0	
thau	草	0	
thay	𢪯	0	
thay	𫱸	0	
tham	浸	0	
tham	深	0	
tham	椹	0	
tham	䈜	0	
tham	𪒗	0	
than	申	0	
than	伸	0	
than	身	0	
than	呻	0	
than	抻	0	
than	绅	0	
than	亲	0	
than	胂	0	
than	砷	0	
than	紳	0	
than	親	0	
thang	汤	0	
thang	𬛲	0	
thang	湯	0	
thau	收	0	
thau	𪯊	0	
thau	偷	0	
thau	输	0	
thau	𨱎	0	
thau	輸	0	
thau	鍮	0	
thay	尸	0	
thay	屍	0	
thay	𧡊	0	
thai	汰	0	
thai	贷	0	
thai	貸	0	
the	他	0	
the	施	0	
the	𠷇	0	
the	𠺮	0	
the	𠻗	0	
the	𬜌	0	
the	𡀗	0	
the	𡂉	0	
the	囄	0	
them	馋	0	
them	𠽄	0	
them	噞	0	
them	噡	0	
them	𩝎	0	
them	𡅩	0	
them	饞	0	
then	𢢆	0	
theo	韶	0	
theo	𪷰	0	
theo	𡃼	0	
the	世	0	
the	呭	0	
thep	唼	0	
thep	𨨧	0	
thet	切	0	
thet	𠯦	0	
thet	𤆻	0	
thet	铁	0	
thet	鉄	0	
the	妾	0	
the	妻	0	
the	栖	0	
the	凄	0	
the	悽	0	
the	淒	0	
the	萋	0	
the	梯	0	
the	锑	0	
the	稊	0	
the	棲	0	
the	𥞵	0	
the	銻	0	
them	沾	0	
them	添	0	
them	𬁮	0	
thenh	青	0	
thenh	𪤲	0	
thenh	清	0	
thenh	𫸌	0	
thenh	𫸎	0	
theu	绕	0	
theu	烧	0	
theu	絩	0	
theu	𫃹	0	
theu	燒	0	
theu	繞	0	
thi	辰	0	
thi	时	0	
thi	𪰛	0	
thi	時	0	
thi	莳	0	
thi	匙	0	
thi	蒔	0	
thi	㮛	0	
thi	鲥	0	
thi	鰣	0	
thia	时	0	
thia	時	0	
thia	匙	0	
thia	𠤧	0	
thia	𣼮	0	
thia	𨫉	0	
thin	辰	0	
thinh	仃	0	
thinh	成	0	
thinh	盛	0	
thi	屁	0	
thi	试	0	
thi	施	0	
thi	剃	0	
thi	啻	0	
thi	弑	0	
thi	試	0	
thi	譬	0	
thia	试	0	
thia	涕	0	
thia	試	0	
thia	𤀏	0	
thia	譬	0	
thich	刺	0	
thich	适	0	
thich	𨓈	0	
thich	俶	0	
thich	倜	0	
thich	惕	0	
thich	戚	0	
thich	释	0	
thich	弑	0	
thich	適	0	
thich	慼	0	
thich	踢	0	
thich	奭	0	
thich	磧	0	
thich	𡂓	0	
thich	釋	0	
thich	𨮹	0	
thim	婶	0	
thim	嬸	0	
thin	请	0	
thin	𫷝	0	
thin	請	0	
thinh	听	0	
thinh	咱	0	
thinh	𥺐	0	
thinh	𥺒	0	
thinh	𫃈	0	
thinh	𥻢	0	
thinh	聽	0	
thit	𢗠	0	
thit	挞	0	
thit	𥾛	0	
thit	撻	0	
thit	𡂓	0	
thiu	少	0	
tho	收	0	
tho	兔	0	
tho	殊	0	
tho	授	0	
tho	措	0	
tho	𪬔	0	
tho	㗙	0	
tho	𢲬	0	
tho	酬	0	
tho	𪮩	0	
tho	踆	0	
tho	𫏝	0	
tho	𢦄	0	
tho	𭉝	0	
thoi	崔	0	
thoi	推	0	
thoi	傕	0	
thoi	催	0	
thoi	𠻓	0	
thom	忱	0	
thom	谌	0	
thom	啿	0	
thom	諶	0	
thong	捅	0	
thong	桶	0	
thong	𦄷	0	
tho	兔	0	
tho	咀	0	
tho	措	0	
tho	错	0	
tho	錯	0	
tho	𡓠	0	
thoc	禿	0	
thoc	束	0	
thoc	秃	0	
thoc	𢬳	0	
thoc	𥟉	0	
thoc	𥟈	0	
thoc	粟	0	
thoc	𥹵	0	
thoc	𥢉	0	
thoc	𡁾	0	
thoi	态	0	
thoi	退	0	
thoi	俗	0	
thoi	𠺙	0	
thoi	腿	0	
thoi	𢟔	0	
thoi	態	0	
thoi	槯	0	
thoi	𫤈	0	
thoi	𫗁	0	
thoi	𩘬	0	
thoi	𠑉	0	
thoi	𩘩	0	
thoi	𫗂	0	
thop	塔	0	
thop	㙮	0	
thop	𠾾	0	
thot	束	0	
thot	说	0	
thot	𠲿	0	
thot	淬	0	
thot	説	0	
thot	𪷄	0	
thot	𡁾	0	
tho	唋	0	
tho	悇	0	
tho	觕	0	
tho	粗	0	
tho	麁	0	
tho	麤	0	
thoi	台	0	
thoi	吹	0	
thoi	衰	0	
thoi	推	0	
thoi	崔	0	
thoi	傕	0	
thoi	催	0	
thoi	煺	0	
thoi	搉	0	
thoi	碎	0	
thoi	蓷	0	
thoi	摧	0	
thoi	慛	0	
thoi	𡀰	0	
thoi	𪝱	0	
thom	深	0	
thon	邨	0	
thon	村	0	
thon	吞	0	
thon	炖	0	
thon	㖔	0	
thon	噋	0	
thon	暾	0	
thon	㬿	0	
thon	𧑒	0	
thong	匆	0	
thong	囱	0	
thong	松	0	
thong	炵	0	
thong	怱	0	
thong	恫	0	
thong	通	0	
thong	桩	0	
thong	痌	0	
thong	桶	0	
thong	葱	0	
thong	椿	0	
thong	蔥	0	
thong	𪱨	0	
thong	樋	0	
thong	樁	0	
thong	聪	0	
thong	聰	0	
thong	鏓	0	
thong	埇	0	
thong	捅	0	
thong	腫	0	
thong	踊	0	
thu	殳	0	
thu	侏	0	
thu	俦	0	
thu	洙	0	
thu	茱	0	
thu	殊	0	
thu	𫌵	0	
thu	蛛	0	
thu	詧	0	
thu	酬	0	
thu	酧	0	
thu	儔	0	
thu	醻	0	
thu	讎	0	
thu	讐	0	
thua	绣	0	
thua	殊	0	
thua	𦀏	0	
thua	綉	0	
thua	𦅱	0	
thui	谁	0	
thui	誰	0	
thum	忱	0	
thum	𠽉	0	
thun	屯	0	
thun	𦄁	0	
thung	从	0	
thung	桩	0	
thung	從	0	
thung	桶	0	
thung	𢝣	0	
thung	㗰	0	
thung	𢠆	0	
thung	𢠅	0	
thung	𠽅	0	
thung	樁	0	
thung	𥶀	0	
thuy	垂	0	
thu	戍	0	
thu	守	0	
thu	取	0	
thu	首	0	
thu	狩	0	
thu	娶	0	
thu	兽	0	
thu	输	0	
thu	𪳂	0	
thu	趣	0	
thu	輸	0	
thu	獸	0	
thuc	尗	0	
thuc	束	0	
thuc	禿	0	
thuc	秃	0	
thuc	叔	0	
thuc	促	0	
thuc	倐	0	
thuc	倏	0	
thuc	菽	0	
thui	退	0	
thung	筩	0	
thung	𥴗	0	
thung	𥽄	0	
thut	束	0	
thut	猝	0	
thut	𠴫	0	
tham	罙	0	
tham	深	0	
tham	採	0	
tham	探	0	
tham	𠶀	0	
tham	㖭	0	
tham	𠽄	0	
tham	𪮨	0	
tham	嗿	0	
tham	𠽉	0	
tham	𡂹	0	
than	叹	0	
than	申	0	
than	胂	0	
than	嘆	0	
than	歎	0	
thang	升	0	
thang	昇	0	
thang	陞	0	
thang	塍	0	
thang	䮴	0	
thi	呩	0	
thi	𠱈	0	
thi	噬	0	
thung	肿	0	
thung	埇	0	
thung	腫	0	
tho	他	0	
tho	初	0	
tho	诗	0	
tho	𦭟	0	
tho	舒	0	
tho	疎	0	
tho	詩	0	
tho	𠽔	0	
tho	䜹	0	
tho	踈	0	
tho	𡮲	0	
thoi	台	0	
thom	渖	0	
thom	嗿	0	
thom	𦹳	0	
thom	噷	0	
thom	𩡋	0	
thom	瀋	0	
thom	𬳦	0	
thon	叹	0	
thon	达	0	
thon	哒	0	
thon	達	0	
thon	嘆	0	
thon	噠	0	
thu	书	0	
thu	次	0	
thu	𪭣	0	
thu	诅	0	
thu	纾	0	
thu	姐	0	
thu	狙	0	
thu	苴	0	
thu	疽	0	
thu	紓	0	
thu	恣	0	
thu	書	0	
thu	菹	0	
thu	媎	0	
thu	蛆	0	
thu	詛	0	
thu	趄	0	
thu	舒	0	
thu	疎	0	
thu	龃	0	
thu	䧹	0	
thu	摅	0	
thu	雎	0	
thu	雌	0	
thu	攄	0	
thu	鞦	0	
thu	齟	0	
thua	疎	0	
thua	𠽔	0	
thua	䜹	0	
thua	踈	0	
thung	升	0	
thung	桩	0	
thung	樁	0	
thuu	萩	0	
thuong	仓	0	
thuong	伤	0	
thuong	沧	0	
thuong	怆	0	
thuong	苍	0	
thuong	抢	0	
thuong	疡	0	
thuong	枪	0	
thuong	斨	0	
thuong	戗	0	
thuong	玱	0	
thuong	鸧	0	
thuong	殇	0	
thuong	倉	0	
thuong	舱	0	
thuong	商	0	
thuong	凔	0	
thuong	觞	0	
thuong	蒼	0	
thuong	搶	0	
thuong	愴	0	
thuong	滄	0	
thuong	傷	0	
thuong	槍	0	
thuong	瘍	0	
thuong	墒	0	
thuong	戧	0	
thuong	瑲	0	
thuong	熵	0	
thuong	殤	0	
thuong	艙	0	
thuong	錆	0	
thuong	觴	0	
thuong	鎗	0	
thuong	鶬	0	
thuoc	托	0	
thuoc	钥	0	
thuoc	烁	0	
thuoc	𢭑	0	
thuoc	𡱩	0	
thuoc	𫵟	0	
thuoc	铄	0	
thuoc	鈅	0	
thuoc	鹊	0	
thuoc	爍	0	
thuoc	鵲	0	
thuoc	鑠	0	
thuoc	鑰	0	
thuot	切	0	
thuot	托	0	
thuot	挞	0	
thuot	淬	0	
thuot	撻	0	
thuot	𤃧	0	
thuon	臣	0	
thuon	神	0	
thuon	神	0	
thuong	尝	0	
thuong	常	0	
thuong	徜	0	
thuong	偿	0	
thuong	嫦	0	
thuong	裳	0	
thuong	嘗	0	
thuong	償	0	
thuong	抢	0	
thuong	垧	0	
thuong	晌	0	
thuong	赏	0	
thuong	搶	0	
thuong	賞	0	
thuon	坦	0	
thuoc	勺	0	
thuoc	芍	0	
thuoc	鈅	0	
thuoc	龠	0	
thuoc	瀹	0	
thuong	上	0	
thuong	尚	0	
thuong	尙	0	
thuong	緔	0	
thuong	鞝	0	
thuot	硕	0	
thuot	絬	0	
thuot	碩	0	
thuot	𤻬	0	
thac	硕	0	
thac	碩	0	
thach	石	0	
thach	𦚈	0	
thach	䖨	0	
thach	鼫	0	
thai	贳	0	
thai	貰	0	
tham	埮	0	
thanh	𣆭	0	
thanh	盛	0	
thao	套	0	
thao	插	0	
thao	𫶱	0	
thao	操	0	
thao	𬚎	0	
thao	𬚁	0	
thap	盒	0	
thap	塔	0	
tha	且	0	
tha	𫿇	0	
thai	汰	0	
thai	肽	0	
thai	贷	0	
thai	採	0	
thai	貸	0	
thai	䌽	0	
thai	綵	0	
tham	尗	0	
tham	忐	0	
tham	菼	0	
tham	惨	0	
tham	掺	0	
tham	毯	0	
tham	䅟	0	
tham	𫌄	0	
tham	慘	0	
tham	摻	0	
tham	嗿	0	
tham	穇	0	
tham	𨅍	0	
than	坦	0	
than	钽	0	
than	鉭	0	
than	𩑰	0	
thang	倘	0	
thang	淌	0	
thang	徜	0	
thang	趟	0	
thang	躺	0	
thang	儻	0	
thanh	请	0	
thanh	清	0	
thanh	請	0	
thao	艹	0	
thao	讨	0	
thao	䒑	0	
thao	早	0	
thao	艸	0	
thao	草	0	
thao	討	0	
thao	艹	0	
thay	矢	0	
thay	汰	0	
thay	体	0	
thay	贷	0	
thay	𪨐	0	
thay	貸	0	
thay	躰	0	
thay	𫵧	0	
thay	體	0	
thac	𤞔	0	
tham	沁	0	
tham	审	0	
tham	浸	0	
tham	渗	0	
tham	渖	0	
tham	探	0	
tham	湛	0	
tham	嘇	0	
tham	滲	0	
tham	審	0	
tham	瀋	0	
than	衬	0	
than	矧	0	
than	宾	0	
than	趁	0	
than	殡	0	
than	賓	0	
than	殯	0	
than	襯	0	
thap	湿	0	
thap	溼	0	
thap	𥰊	0	
thap	㙮	0	
thap	隰	0	
thap	濕	0	
that	七	0	
that	匹	0	
that	疋	0	
that	失	0	
that	𤴔	0	
that	㭍	0	
that	室	0	
that	柒	0	
that	䋎	0	
thau	哣	0	
thau	透	0	
thau	绣	0	
thau	㖣	0	
thau	腠	0	
thau	綉	0	
thau	楱	0	
thau	辏	0	
thau	蔟	0	
thau	輳	0	
thay	体	0	
thay	躰	0	
thay	𧡊	0	
thay	𫌠	0	
thay	體	0	
tham	忱	0	
tham	谌	0	
tham	𠶀	0	
tham	渖	0	
tham	啿	0	
tham	椹	0	
tham	𠽄	0	
tham	𠽉	0	
tham	䰼	0	
tham	諶	0	
tham	𫴚	0	
tham	𨄑	0	
tham	瀋	0	
tham		0	
than	臣	0	
than	辰	0	
than	神	0	
than	唇	0	
than	娠	0	
than	宸	0	
than	晨	0	
than	脣	0	
thau	𠲠	0	
thau	偷	0	
thay	柴	0	
thay	偨	0	
thay	𪪀	0	
tham	沈	0	
tham	审	0	
tham	谂	0	
tham	渖	0	
tham	谌	0	
tham	婶	0	
tham	𠸬	0	
tham	諗	0	
tham	審	0	
tham	諶	0	
tham	𣿇	0	
tham	嬸	0	
tham	瀋	0	
tham	讅	0	
than	吲	0	
than	哂	0	
than	矧	0	
than	蜃	0	
thau	受	0	
thau	荍	0	
thau	𪝈	0	
thay	汰	0	
thay	贷	0	
thay	貸	0	
tham	审	0	
tham	渖	0	
tham	深	0	
tham	審	0	
tham	瀋	0	
tham	𧺁	0	
tham	𧺀	0	
than	矧	0	
tham	什	0	
tham	甚	0	
tham	珠	0	
tham	葚	0	
than	肾	0	
than	腎	0	
than	慎	0	
than	蜄	0	
thap	十	0	
thap	什	0	
thap	拾	0	
that	实	0	
that	寔	0	
that	實	0	
thac	弋	0	
thac	式	0	
thac	忑	0	
thac	忒	0	
thac	铽	0	
thac	慝	0	
thac	鋱	0	
tham	审	0	
tham	渖	0	
tham	探	0	
tham	嘇	0	
tham	審	0	
tham	𧹱	0	
tham	瀋	0	
tham	𣠒	0	
tham	𧺁	0	
tham	𧺀	0	
than	殡	0	
than	殯	0	
thang	胜	0	
thang	乘	0	
thang	勝	0	
thap	拾	0	
thap	烙	0	
thap	搭	0	
thap	𬊭	0	
thap	撘	0	
thap	𤏧	0	
thap	𤐴	0	
thap	𤒴	0	
that	失	0	
that	𢫅	0	
that	抶	0	
that	𬂥	0	
that	紩	0	
than	神	0	
than	𧊋	0	
than	蜃	0	
than	𧌀	0	
than	蜄	0	
than	蝇	0	
than	蠅	0	
thang	尚	0	
thang	尙	0	
thang	𠊟	0	
thang	倘	0	
thang	绳	0	
thang	䋲	0	
thang	僶	0	
thang	繩	0	
tham	审	0	
tham	渖	0	
tham	深	0	
tham	審	0	
tham	瀋	0	
thang	倘	0	
thang	𬆅	0	
thang	𣦎	0	
thang	𬆈	0	
thang	躺	0	
thang	𣦛	0	
thang	𥊢	0	
thang	𥊣	0	
thang	𫤁	0	
thang	乘	0	
thang	剩	0	
thang	賸	0	
then	善	0	
then	𢢆	0	
then	𠾺	0	
then	𫅡	0	
then	𪭇	0	
theo	少	0	
theo	召	0	
theo	𤵌	0	
theo	勦	0	
theo	剿	0	
thep	𠽕	0	
the	矢	0	
the	体	0	
the	𠱈	0	
the	𬌕	0	
the	躰	0	
the	𥮋	0	
the	體	0	
the	𥸠	0	
theo	少	0	
the	𠀍	0	
the	世	0	
the	卋	0	
the	沏	0	
the	势	0	
the	屉	0	
the	妻	0	
the	砌	0	
the	贳	0	
the	剃	0	
the	涕	0	
the	屜	0	
the	貰	0	
the	渫	0	
the	替	0	
the	勢	0	
the	愍	0	
the	楴	0	
the	薙	0	
the	鬀	0	
thech	适	0	
thech	添	0	
thech	適	0	
thep	设	0	
thep	𤆻	0	
thep	帖	0	
thep	設	0	
thep	淁	0	
thep	𩚦	0	
thep	𨨧	0	
thet	设	0	
thet	設	0	
thet	𩚦	0	
the	誓	0	
them	𡍞	0	
them	㙴	0	
them	檐	0	
theu	韶	0	
theu	嘲	0	
the	世	0	
the	体	0	
the	势	0	
the	逝	0	
the	彩	0	
the	躰	0	
the	勢	0	
the	體	0	
the	彩	0	
theu	少	0	
theu	吵	0	
the	唑	0	
the	跩	0	
the	筮	0	
the	誓	0	
the	噬	0	
the	𩻔	0	
thi	矢	0	
thi	弛	0	
thi	豕	0	
thi	始	0	
thi	𠱈	0	
thi	屎	0	
thi	施	0	
thi	舐	0	
thi	舓	0	
thi	豨	0	
thi	𧳐	0	
thin	𠽈	0	
thinh	请	0	
thinh	請	0	
thiu	少	0	
thi	𡭕	0	
thi	氏	0	
thi	示	0	
thi	市	0	
thi	侍	0	
thi	柹	0	
thi	视	0	
thi	柿	0	
thi	施	0	
thi	胣	0	
thi	是	0	
thi	恃	0	
thi	眎	0	
thi	铈	0	
thi	豉	0	
thi	視	0	
thi	秲	0	
thi	鈰	0	
thi	嗜	0	
thich	释	0	
thich	辟	0	
thich	釋	0	
thinh	盛	0	
thit	舌	0	
thit	䏦	0	
thit	𦧘	0	
thit	𬚸	0	
tho	寿	0	
tho	受	0	
tho	授	0	
tho	壽	0	
thoc	𢬳	0	
thoc	㧶	0	
thoc	擉	0	
thot	啐	0	
thot	揬	0	
thot	𨃍	0	
tho	兎	0	
tho	兔	0	
tho	𠴡	0	
tho	菟	0	
tho	堍	0	
tho	𤟛	0	
thoi	催	0	
thoi	碎	0	
thoi	腿	0	
thoi	𤗯	0	
thoi	𣽊	0	
thoi	鋑	0	
thom	忝	0	
thom	渖	0	
thom	惨	0	
thom	慘	0	
thom	𡂹	0	
thom	瀋	0	
tho	兎	0	
tho	兔	0	
tho	厝	0	
tho	菟	0	
tho	措	0	
tho	酢	0	
tho	错	0	
tho	醋	0	
tho	錯	0	
thoc	托	0	
thoc	禿	0	
thoc	秃	0	
thoc	𨒪	0	
thoc	𢬳	0	
thoc	𠲿	0	
thoc	嗾	0	
thoc	蔟	0	
thoc	踧	0	
thoc	镞	0	
thoc	簇	0	
thoc	鏃	0	
thoc	鷟	0	
thoi	退	0	
thoi	啐	0	
thoi	淬	0	
thoi	啛	0	
thoi	焠	0	
thoi	催	0	
thoi	𠺙	0	
thoi	腿	0	
thoi	𡂳	0	
thoi	𦤮	0	
thon	寸	0	
thon	㖔	0	
thong	统	0	
thong	捅	0	
thong	桶	0	
thong	痛	0	
thong	統	0	
thong	𡎭	0	
thong	𢳟	0	
thot	卒	0	
thot	说	0	
thot	𥾛	0	
thot	啐	0	
thot	猝	0	
thot	脺	0	
thot	湥	0	
thot	椊	0	
thot	𦝬	0	
thot	説	0	
thot	橽	0	
thot	𡁾	0	
tho	驮	0	
tho	馱	0	
thoi	搉	0	
thon	㖔	0	
tho	土	0	
tho	吐	0	
tho	钍	0	
tho	釷	0	
thoi	退	0	
thoi	煺	0	
thoi	𠺙	0	
thoi	璀	0	
thom	探	0	
thon	刌	0	
thon	忖	0	
thon	氽	0	
thon	𢩭	0	
thon	村	0	
thon	𠱜	0	
thon	𠴘	0	
thon	忖	0	
thon	𦛻	0	
tho	錯	0	
thon	氽	0	
thon	顺	0	
thon	𦛻	0	
thon	順	0	
thop	拾	0	
thop	𫽆	0	
tho	次	0	
tho	𬚺	0	
thom	採	0	
thom	探	0	
thot	匹	0	
thot	达	0	
thot	泞	0	
thot	𣐆	0	
thot	哒	0	
thot	挞	0	
thot	達	0	
thot	𣘄	0	
thot	噠	0	
thot	撻	0	
thot	橽	0	
thot	𡃿	0	
tho	於	0	
tho	祠	0	
tho	徐	0	
tho	𥚤	0	
tho	跷	0	
tho	蜍	0	
tho	𫀟	0	
tho	䜹	0	
tho	𠄜	0	
tho	蹺	0	
thoi	辰	0	
thoi	时	0	
thoi	旹	0	
thoi	𠱾	0	
thoi	𪰛	0	
thoi	時	0	
thoi	𠳒	0	
thoi	貰	0	
thoi	𥱯	0	
thoi	餚	0	
thon	𩺦	0	
tho	咀	0	
tho	呲	0	
thoi	贳	0	
thoi	貰	0	
tho	洘	0	
tho	署	0	
tho	𠏲	0	
tho	𫶳	0	
tho	𣞍	0	
thu	受	0	
thu	树	0	
thu	竖	0	
thu	授	0	
thu	售	0	
thu	绶	0	
thu	竪	0	
thu	綬	0	
thu	豎	0	
thu	樹	0	
thuc	俶	0	
thuc	淑	0	
thuc	孰	0	
thuc	赎	0	
thuc	蜀	0	
thuc	塾	0	
thuc	熟	0	
thuc	擉	0	
thuc	贖	0	
thuc	蠾	0	
thuc	𭂑	0	
thui	退	0	
thui	𢱸	0	
thui	𢵌	0	
thung	统	0	
thung	統	0	
thup	拾	0	
thut	𢫫	0	
thut	湥	0	
thu	扌	0	
thu	手	0	
thu	守	0	
thu	取	0	
thu	首	0	
thua	课	0	
thua	課	0	
thua	𣋾	0	
thui	退	0	
thui	𠺙	0	
thui	蹆	0	
thum	审	0	
thum	渖	0	
thum	審	0	
thum	瀋	0	
thum	𦤰	0	
thum	𫇍	0	
thung	从	0	
thung	统	0	
thung	耸	0	
thung	捅	0	
thung	桩	0	
thung	從	0	
thung	統	0	
thung	筩	0	
thung	腫	0	
thung	𫫴	0	
thung	𠽅	0	
thung	樁	0	
thung	聳	0	
thung	𡄭	0	
thung	𬔕	0	
thung	𡄯	0	
thuy	氺	0	
thu	次	0	
thu	刺	0	
thu	恐	0	
thu	恕	0	
thu	庶	0	
thu	䚿	0	
thu	𫫒	0	
thua	使	0	
thuc	式	0	
thuc	忑	0	
thuc	识	0	
thuc	𠲧	0	
thuc	恜	0	
thuc	拭	0	
thuc	修	0	
thuc	𥅞	0	
thuc	䛊	0	
thuc	識	0	
thung	賸	0	
thuu	鹫	0	
thuu	鷲	0	
thu	蜍	0	
thua	丞	0	
thua	承	0	
thua	乘	0	
thua	庶	0	
thua	餘	0	
thung	绳	0	
thung	繩	0	
thu	此	0	
thu	沚	0	
thu	试	0	
thu	鼡	0	
thu	呲	0	
thu	倠	0	
thu	䀡	0	
thu	暑	0	
thu	黍	0	
thu	鼠	0	
thu	試	0	
thu	龇	0	
thu	齜	0	
thua	此	0	
thua	所	0	
thua	使	0	
thung	矧	0	
thung	㫾	0	
thung	𪟶	0	
thung	吲	0	
thung	荡	0	
thung	𨀊	0	
thung	蕩	0	
thu	署	0	
thu	墅	0	
thu	薯	0	
thu	曙	0	
thu	藷	0	
thuc	饣	0	
thuc	泄	0	
thuc	飠	0	
thuc	实	0	
thuc	釒	0	
thuc	蚀	0	
thuc	食	0	
thuc	埴	0	
thuc	殖	0	
thuc	植	0	
thuc	寔	0	
thuc	實	0	
thuc	蝕	0	
ti	司	0	
ti	丝	0	
ti	咝	0	
ti	卑	0	
ti	咨	0	
ti	赀	0	
ti	婢	0	
ti	絲	0	
ti	貲	0	
ti	裨	0	
ti	凘	0	
ti	撕	0	
ti	噝	0	
ti	澌	0	
ti	諮	0	
tia	𣈢	0	
tia	濞	0	
tim	心	0	
tim	芯	0	
tim	𦙦	0	
tim	绀	0	
tim	𢙭	0	
tim	𬚲	0	
tim	𥿂	0	
tim	紺	0	
tin	信	0	
tin	𪝮	0	
tin	𠒷	0	
tin	𬦿	0	
tinh	并	0	
tinh	星	0	
tinh	菁	0	
tinh	旌	0	
tinh	桯	0	
tinh	晶	0	
tinh	猩	0	
tinh	惺	0	
tinh	睛	0	
tinh	腥	0	
tinh	精	0	
tinh	𭈻	0	
tiu	消	0	
tiu	销	0	
tiu	箫	0	
tiu	𨦡	0	
tiu	銷	0	
tiu	镖	0	
tiu	鏢	0	
tiu	簫	0	
tiem	纤	0	
tiem	尖	0	
tiem	歼	0	
tiem	店	0	
tiem	枮	0	
tiem	䊹	0	
tiem	𢬅	0	
tiem	铦	0	
tiem	渐	0	
tiem	湛	0	
tiem	签	0	
tiem	銛	0	
tiem	漸	0	
tiem	暹	0	
tiem	縴	0	
tiem	瀐	0	
tiem	簽	0	
tiem	殲	0	
tiem	籖	0	
tiem	籤	0	
tiem	纖	0	
tien	仙	0	
tien	戋	0	
tien	先	0	
tien	氙	0	
tien	秈	0	
tien	戔	0	
tien	姗	0	
tien	浅	0	
tien	籼	0	
tien	淺	0	
tien	笺	0	
tien	湜	0	
tien	牋	0	
tien	跹	0	
tien	煎	0	
tien	椾	0	
tien	箋	0	
tien	𠎣	0	
tien	僊	0	
tien	鲜	0	
tien	鮮	0	
tien	鞭	0	
tien	鬋	0	
tien	躚	0	
tieu	肖	0	
tieu	标	0	
tieu	宵	0	
tieu	髟	0	
tieu	哨	0	
tieu	消	0	
tieu	悄	0	
tieu	逍	0	
tieu	萧	0	
tieu	焦	0	
tieu	椒	0	
tieu	销	0	
tieu	硝	0	
tieu	綃	0	
tieu	潇	0	
tieu	箫	0	
tieu	劁	0	
tieu	僬	0	
tieu	蕉	0	
tieu	標	0	
tieu	銷	0	
tieu	霄	0	
tieu	镖	0	
tieu	飙	0	
tieu	蕭	0	
tieu	魈	0	
tieu	礁	0	
tieu	鹪	0	
tieu	𪁎	0	
tieu	鮹	0	
tieu	簫	0	
tieu	瀟	0	
tieu	鏢	0	
tieu	镳	0	
tieu	飆	0	
tieu	鷦	0	
tieu	鑣	0	
tiec	惜	0	
tiem	谮	0	
tiem	僭	0	
tiem	僣	0	
tiem	譖	0	
tien	进	0	
tien	荐	0	
tien	洊	0	
tien	牮	0	
tien	進	0	
tien	羡	0	
tien	箭	0	
tien	薦	0	
tieng	省	0	
tieng	㗂	0	
tieng	𪱐	0	
tiep	浃	0	
tiep	浹	0	
tiep	接	0	
tiep	楫	0	
tiep	檝	0	
tiep	燮	0	
tiet	卩	0	
tiet	㔾	0	
tiet	节	0	
tiet	血	0	
tiet	疖	0	
tiet	泌	0	
tiet	泄	0	
tiet	绁	0	
tiet	洩	0	
tiet	屑	0	
tiet	紲	0	
tiet	絬	0	
tiet	亵	0	
tiet	筄	0	
tiet	揳	0	
tiet	絏	0	
tiet	媟	0	
tiet	節	0	
tiet	𧻭	0	
tiet	緤	0	
tiet	褻	0	
tiet	癤	0	
tieu	肖	0	
tieu	咲	0	
tieu	诮	0	
tieu	俏	0	
tieu	陗	0	
tieu	笑	0	
tieu	悄	0	
tieu	俵	0	
tieu	峭	0	
tieu	哨	0	
tieu	誚	0	
tieu	噍	0	
tieu	瘭	0	
tieu	醮	0	
tieu	𦢩	0	
tiem	渐	0	
tiem	漸	0	
tiem	潜	0	
tiem	潛	0	
tien	前	0	
tien	钱	0	
tien	銭	0	
tien	錢	0	
tien	V+60843	0	
tieu	谯	0	
tieu	憔	0	
tieu	樵	0	
tieu	魈	0	
tieu	瞧	0	
tieu	𦗠	0	
tieu	譙	0	
tieu	顦	0	
tien	洗	0	
tien	铣	0	
tien	羡	0	
tien	跣	0	
tien	尟	0	
tien	尠	0	
tien	銑	0	
tien	戬	0	
tien	鲜	0	
tien	藓	0	
tien	鮮	0	
tien	燹	0	
tien	癣	0	
tien	蘚	0	
tien	癬	0	
tieng	㗂	0	
tieu	小	0	
tieu	湫	0	
tieu	缲	0	
tieu	篠	0	
tieu	繰	0	
tieu	⺌	0	
tien	饯	0	
tien	钱	0	
tien	剪	0	
tien	溅	0	
tien	践	0	
tien	湔	0	
tien	翦	0	
tien	𦑦	0	
tien	箭	0	
tien	䬻	0	
tien	踐	0	
tien	餞	0	
tien	錢	0	
tien	謭	0	
tien	濺	0	
tien	譾	0	
tieu	陗	0	
tieu	悄	0	
tieu	峭	0	
tieu	勦	0	
tieu	剿	0	
tieu	潐	0	
tiec	席	0	
tiem	店	0	
tiem	崭	0	
tiem	渐	0	
tiem	嶄	0	
tiem	漸	0	
tiem	𥕌	0	
tiem	鞭	0	
tien	贱	0	
tien	便	0	
tien	栫	0	
tien	剪	0	
tien	铣	0	
tien	羡	0	
tien	賎	0	
tien	羨	0	
tien	銑	0	
tien	賤	0	
tiep	捷	0	
tiep	婕	0	
tiep	㨗	0	
tiep	睫	0	
tiet	绝	0	
tiet	絶	0	
tiet	截	0	
tiet	撤	0	
tieu	诮	0	
tieu	誚	0	
tieu	谯	0	
tieu	譙	0	
to	苏	0	
to	租	0	
to	粗	0	
to	疎	0	
to	稣	0	
to	穌	0	
to	蘇	0	
to	𢀱	0	
to	𫰅	0	
to	𡚢	0	
to	𡚡	0	
toa	唆	0	
toa	莎	0	
toa	梭	0	
toa	矬	0	
toan	𥫫	0	
toan	祘	0	
toan	狻	0	
toan	痠	0	
toan	筭	0	
toan	酸	0	
toan	算	0	
toang	洵	0	
toang	徇	0	
toang	𫫥	0	
toe	䏴	0	
toe	𡄪	0	
toen	宣	0	
toi	𡳥	0	
toi	𤻒	0	
toi	𬆜	0	
toi	𣩸	0	
toi	𥶮	0	
tom	沁	0	
tom	𤆸	0	
tom	𥿂	0	
tom	惭	0	
tom	慚	0	
tom	𩵽	0	
tom	縿	0	
ton	尊	0	
ton	敦	0	
ton	噂	0	
tong	宗	0	
tong	淙	0	
toa	坐	0	
toa	座	0	
toa	𤉛	0	
toa	锉	0	
toa	銼	0	
toan	全	0	
toan	旋	0	
toan	璇	0	
toan	镟	0	
toan	璿	0	
toan	鏇	0	
toang	𧝩	0	
toa	𪯞	0	
toac	𫯧	0	
toac	𠴚	0	
toac	𪯕	0	
toac	嚄	0	
toac	𫸋	0	
toai	雋	0	
toai	碎	0	
toai	蕞	0	
toai	賥	0	
toan	𥫫	0	
toan	祘	0	
toan	蒜	0	
toan	筭	0	
toan	算	0	
toan	鑽	0	
toang	俊	0	
toat	𬐎	0	
toat	𫥜	0	
toat	撮	0	
toat	嘬	0	
toat	襊	0	
toat	𥊴	0	
toat	繓	0	
toe	隨	0	
toe	哨	0	
toe	嘒	0	
toe	𪯛	0	
toe	𤂭	0	
toe	𪯞	0	
toet	啐	0	
toet	𠽌	0	
toet	𥊴	0	
toet	𫂪	0	
toong	桐	0	
toa	坐	0	
toa	座	0	
toa	𠴚	0	
toa	搉	0	
toac	凿	0	
toac	𫦓	0	
toac	𪟒	0	
toac	嚄	0	
toac	𧞤	0	
toac	鑿	0	
toai	遂	0	
toai	隧	0	
toai	燧	0	
toai	繸	0	
toai	𨆏	0	
toang	徇	0	
toang	𠊫	0	
toa	剉	0	
toa	唢	0	
toa	挫	0	
toa	琐	0	
toa	锁	0	
toa	锉	0	
toa	碎	0	
toa	嗩	0	
toa	瑣	0	
toa	𪹟	0	
toa	銼	0	
toa	鎖	0	
toa	𪯞	0	
toan	钻	0	
toan	鉆	0	
toan	赚	0	
toan	賺	0	
toan	攒	0	
toan	缵	0	
toan	瓒	0	
toan	臜	0	
toan	囋	0	
toan	攢	0	
toan	臢	0	
toan	瓚	0	
toan	趱	0	
toan	躜	0	
toan	纘	0	
toan	趲	0	
toan	躦	0	
toan	鑽	0	
toet	绝	0	
toet	絶	0	
toet	𠾼	0	
toe	锁	0	
toe	销	0	
toe	銷	0	
toe	鎖	0	
tooc	觫	0	
tra	抯	0	
tra	苴	0	
tra	查	0	
tra	茬	0	
tra	挓	0	
tra	砟	0	
tra	渣	0	
tra	揸	0	
tra	喳	0	
tra	馇	0	
tra	槎	0	
tra	楂	0	
tra	𢲽	0	
tra	碴	0	
tra	𣙁	0	
tra	樝	0	
tra	蹅	0	
tra	餷	0	
trai	佳	0	
trai	斋	0	
trai	斎	0	
trai	𪩭	0	
trai	琜	0	
trai	𧍍	0	
trai	𤳇	0	
trai	𪟦	0	
trai	𤳆	0	
trai	𫯖	0	
trai	齋	0	
trai	𢥖	0	
trai	𧕚	0	
trang	庄	0	
trang	妆	0	
trang	妝	0	
trang	庒	0	
trang	荘	0	
trang	莊	0	
trang	桩	0	
trang	粧	0	
trang	装	0	
trang	榔	0	
trang	裝	0	
trang	樁	0	
trang	欗	0	
tranh	贞	0	
tranh	争	0	
tranh	爭	0	
tranh	狰	0	
tranh	埩	0	
tranh	帧	0	
tranh	挣	0	
tranh	𢂰	0	
tranh	貞	0	
tranh	峥	0	
tranh	棦	0	
tranh	掙	0	
tranh	㨃	0	
tranh	崢	0	
tranh	猙	0	
tranh	铮	0	
tranh	𪟐	0	
tranh	𦱊	0	
tranh	棖	0	
tranh	幀	0	
tranh	筝	0	
tranh	箏	0	
tranh	錚	0	
tranh	橙	0	
tranh	𪺘	0	
tranh	𦽰	0	
trao	召	0	
trao	牢	0	
trao	招	0	
trao	𢭂	0	
trao	哰	0	
trao	掉	0	
trao	搔	0	
trau	𢫵	0	
trau	𢭂	0	
trau	捞	0	
trau	𤶎	0	
trau	搔	0	
trau	撈	0	
tre	朱	0	
tre	知	0	
tre	椥	0	
tre	𥯌	0	
tre	䓡	0	
treo	招	0	
treo	挑	0	
treo	尞	0	
treo	僚	0	
treo	嘹	0	
treo	撩	0	
treo	𢸘	0	
treo	蹽	0	
tri	池	0	
tri	知	0	
tri	䊷	0	
tri	缁	0	
tri	辎	0	
tri	椥	0	
tri	䓡	0	
tri	蜘	0	
tri	緇	0	
tri	輜	0	
tri	鲻	0	
tri	鯔	0	
tria	𢯙	0	
trinh	贞	0	
trinh	侦	0	
trinh	貞	0	
trinh	祯	0	
trinh	桢	0	
trinh	偵	0	
trinh	幀	0	
trinh	揁	0	
trinh	禎	0	
trinh	楨	0	
trinh	鍞	0	
triem	沾	0	
triem	挦	0	
triem	撏	0	
triem	霑	0	
trieng	烝	0	
trieng	𡎞	0	
trieu	朝	0	
triep	折	0	
triep	辄	0	
triep	摄	0	
triep	慴	0	
triep	輒	0	
triep	輙	0	
triep	攝	0	
triet	折	0	
triet	哳	0	
triet	哲	0	
triet	晢	0	
triet	腏	0	
triet	蜇	0	
triet	𠹗	0	
trien	旋	0	
trien	缠	0	
trien	㵀	0	
trien	廛	0	
trien	璇	0	
trien	纏	0	
trien	躔	0	
trien	𨮻	0	
trieng	呈	0	
trieu	晁	0	
trieu	朝	0	
trieu	潮	0	
trieu	𦺓	0	
trien	展	0	
trien	搌	0	
trien	辗	0	
trien	篆	0	
trien	輾	0	
trien	篆	0	
trien	𢷹	0	
trieng	侦	0	
trieng	旋	0	
trieng	偵	0	
triep	摺	0	
triet	屮	0	
triet	彻	0	
triet	撤	0	
triet	徹	0	
triet	澈	0	
triet	辙	0	
triet	轍	0	
triet	屮	0	
trieu	召	0	
trieu	兆	0	
trieu	赵	0	
trieu	㨄	0	
trieu	絩	0	
trieu	肈	0	
trieu	肇	0	
trieu	趙	0	
tro	炉	0	
tro	炭	0	
tro	烣	0	
tro	𪿙	0	
tro	𤉕	0	
tro	𤉓	0	
tro	𬊐	0	
tro	𤊣	0	
tro	爐	0	
trong	工	0	
trong	中	0	
trong	共	0	
trong	冲	0	
trong	沖	0	
trong	𡧲	0	
trong	𬺘	0	
trong	滝	0	
trong	𥪞	0	
trong	𥪝	0	
trong	𬈴	0	
trong	𤁘	0	
trong	𫏽	0	
trong	𬺚	0	
trong	𪚚	0	
trong	𤄯	0	
tru	诛	0	
tru	誅	0	
trui	焠	0	
trui	𤑭	0	
trun	𧉙	0	
trun	菕	0	
trun	蜦	0	
trung	中	0	
trung	忠	0	
trung	盅	0	
trung	衷	0	
truy	夊	0	
truy	夂	0	
truy	攵	0	
truy	追	0	
truy	缁	0	
truy	淄	0	
truy	椎	0	
truy	辎	0	
truy	锥	0	
truy	緇	0	
truy	輜	0	
truy	錐	0	
truy	鲻	0	
truy	鯔	0	
truyen	单	0	
truyen	單	0	
truyet	掇	0	
truyen	传	0	
truyen	傳	0	
truyen	传	0	
truyen	傳	0	
truan	屯	0	
truan	迍	0	
truan	肫	0	
truan	谆	0	
truan	棆	0	
truan	諄	0	
truong	中	0	
truong	𣐄	0	
truong	杶	0	
truy	搥	0	
truy	缒	0	
truy	縋	0	
truat	诎	0	
truat	㤕	0	
truat	茁	0	
truat	詘	0	
truat	黜	0	
truat	朮	0	
truat	术	0	
truat	怵	0	
truat	𤝞	0	
truoi	㑍	0	
truoi	𡋃	0	
truong	中	0	
truong	𦚭	0	
truong	𧙽	0	
truong	𬪽	0	
truong	𫏪	0	
truong	𫌎	0	
truot	怵	0	
truot	黜	0	
truy	捶	0	
truy	椎	0	
truy	缒	0	
truy	搥	0	
truy	縋	0	
truy	坠	0	
truy	䋘	0	
truy	墜	0	
tra	垞	0	
tra	茶	0	
tra	搽	0	
tra	𢴉	0	
tra	𨢕	0	
trai	栽	0	
trai	裁	0	
tram	槛	0	
tram	𣞎	0	
tram	檻	0	
tram	𤓆	0	
tram	𣠩	0	
tram	𣡓	0	
tran	沈	0	
tran	渐	0	
tran	𣹗	0	
tran	溱	0	
tran	滇	0	
tran	𣼼	0	
tran	漸	0	
tran	澜	0	
tran	𬉌	0	
tran	瀾	0	
tran	灡	0	
tran	籣	0	
tran	欗	0	
trang	长	0	
trang	场	0	
trang	镸	0	
trang	肠	0	
trang	長	0	
trang	場	0	
trang	𧛇	0	
trang	腸	0	
trang	幢	0	
trang	膓	0	
trang	撞	0	
trang	籣	0	
tranh	长	0	
tranh	呈	0	
tranh	镸	0	
tranh	長	0	
tranh	爭	0	
tranh	倀	0	
tranh	挰	0	
tranh	铮	0	
tranh	棖	0	
tranh	錚	0	
trao	朝	0	
trao	嘲	0	
trao	潮	0	
trao	謿	0	
trau	朝	0	
trau	鮡	0	
trau	𩺣	0	
tray	𠉠	0	
tra	诈	0	
tra	咋	0	
tra	咤	0	
tra	痄	0	
tra	蚱	0	
tra	舴	0	
tra	詐	0	
tra	搾	0	
tra	榨	0	
tra	醡	0	
trac	卓	0	
trac	斫	0	
trac	诼	0	
trac	浞	0	
trac	倬	0	
trac	桌	0	
trac	涿	0	
trac	逴	0	
trac	啅	0	
trac	啄	0	
trac	椓	0	
trac	焯	0	
trac	琢	0	
trac	槕	0	
trac	斲	0	
trac	諑	0	
trac	鑡	0	
trach	责	0	
trach	咋	0	
trach	柞	0	
trach	垞	0	
trach	窄	0	
trach	啧	0	
trach	責	0	
trach	帻	0	
trach	蚱	0	
trach	㖽	0	
trach	債	0	
trach	喍	0	
trach	㨲	0	
trach	幘	0	
trach	嘖	0	
trach	箦	0	
trach	磔	0	
trach	𦟜	0	
trach	赜	0	
trach	簀	0	
trach	賾	0	
trai	来	0	
trai	來	0	
trai	债	0	
trai	梩	0	
trai	腂	0	
trai	𠌊	0	
trai	赖	0	
trai	債	0	
trai	𬃻	0	
trai	賴	0	
trai	瘵	0	
trai	𣛤	0	
trai	𧀞	0	
trai	藾	0	
trai	𢁑	0	
trai	𬟣	0	
trai	𣡚	0	
trai	𣡙	0	
tram	赚	0	
tram	賺	0	
tram	簪	0	
tram	㰖	0	
tram	蘸	0	
tram	𩼤	0	
tran	旦	0	
tran	绽	0	
tran	𩑰	0	
tran	綻	0	
tran	颡	0	
tran	𪩱	0	
tran	𩈪	0	
tran	顙	0	
tran	𣌔	0	
tran	𣌛	0	
trang	壮	0	
trang	壯	0	
trang	奘	0	
trang	𤶜	0	
trang	戆	0	
trang	戇	0	
trang	壮	0	
tranh	另	0	
tranh	诤	0	
tranh	挣	0	
tranh	帧	0	
tranh	掙	0	
tranh	睁	0	
tranh	幀	0	
tranh	睜	0	
tranh	𠬉	0	
tranh	諍	0	
trao	到	0	
trao	枛	0	
trao	倒	0	
trao	𠴼	0	
trao	掉	0	
trao	教	0	
trao	罩	0	
trao	𥋽	0	
trap	扱	0	
trap	匣	0	
trap	匼	0	
trap	匧	0	
trap	𠤿	0	
trap	插	0	
trap	筪	0	
trap	劄	0	
trap	箚	0	
trat	扎	0	
trat	札	0	
trat	眨	0	
trat	紥	0	
trat	𣑌	0	
trat	紮	0	
trat	淖	0	
trat	铡	0	
trat	琢	0	
trat	劄	0	
trat	𣽗	0	
trat	鍘	0	
tram	针	0	
tram	針	0	
tram	𥯓	0	
tram	橬	0	
tram	鍼	0	
tram	簪	0	
tram	簮	0	
tram	𣠱	0	
tran	珍	0	
tran	義	0	
tran	滇	0	
tran	瞋	0	
trang	徵	0	
trang	瞋	0	
trau	邹	0	
trau	陬	0	
trau	诹	0	
trau	鄒	0	
trau	𤠋	0	
trau	㺏	0	
trau	緅	0	
trau	諏	0	
trau	𤛠	0	
trau	𠿈	0	
trau	鄹	0	
trau	鲰	0	
trau	鯫	0	
trau	𮉪	0	
tray	涞	0	
tray	淶	0	
tray	誺	0	
tra	捛	0	
tra	𡋿	0	
trai	豸	0	
trai	廌	0	
trem	坫	0	
trem	沾	0	
trem	炶	0	
treo	岧	0	
treo	𫹣	0	
treo	撩	0	
treo	樔	0	
treo	蹽	0	
treo	𨅹	0	
tre	𦳙	0	
tre	𥋒	0	
trem	蘸	0	
trem	𡆖	0	
treo	𧾿	0	
treo	𬦪	0	
treo	照	0	
tret	折	0	
tret	挒	0	
tret	𡏥	0	
tre	彻	0	
tre	知	0	
tre	𣻉	0	
tre	撤	0	
tre	𩵾	0	
tre	徹	0	
tre	鲻	0	
tre	𩸴	0	
tre	鯔	0	
tren	𨑗	0	
tren	蓮	0	
tren	𬨺	0	
tren	𨕭	0	
treu	招	0	
treu	𠰉	0	
treu	咷	0	
treu	𠶅	0	
treu	朝	0	
treu	𠺕	0	
treu	憭	0	
treu	嘹	0	
treu	撩	0	
treu	𡃔	0	
tri	驰	0	
tri	池	0	
tri	迟	0	
tri	茌	0	
tri	迡	0	
tri	持	0	
tri	荎	0	
tri	竾	0	
tri	馳	0	
tri	箎	0	
tri	墀	0	
tri	遲	0	
tri	篪	0	
tri	㯖	0	
tri	𡂙	0	
tria	迟	0	
tria	遲	0	
trinh	呈	0	
trinh	侱	0	
trinh	𠴔	0	
trinh	埕	0	
trinh	旋	0	
trinh	䄇	0	
trinh	程	0	
trinh	裎	0	
trinh	酲	0	
trinh	𨁎	0	
triu	𢩪	0	
triu	抽	0	
triu	䌷	0	
triu	紬	0	
tri	洷	0	
tri	咥	0	
tri	𦤶	0	
tri	致	0	
tri	智	0	
tri	𦳙	0	
tri	寘	0	
tri	置	0	
tri	緻	0	
trich	的	0	
trich	貞	0	
trich	谪	0	
trich	滴	0	
trich	摘	0	
trich	謫	0	
trich	讁	0	
trich	鰿	0	
trich	𪄸	0	
trinh	桢	0	
trinh	楨	0	
trit	扎	0	
trit	彻	0	
trit	哲	0	
trit	𥉭	0	
trit	徹	0	
triu	𢩪	0	
tro	徒	0	
tro	路	0	
tro	𠻀	0	
tro	𡀔	0	
tro	𬐸	0	
troi	耒	0	
troi	𠱤	0	
trom	沉	0	
trom	沈	0	
trom	撍	0	
tron	仑	0	
tron	侖	0	
tron	𣄇	0	
tron	𢀧	0	
tron	𠓻	0	
tron	𫣝	0	
tron	𠓹	0	
tron	磮	0	
tron	𡃋	0	
tron	𧷺	0	
tron	𡈺	0	
tron	𫭕	0	
trong	㮔	0	
trong	緟	0	
trong	瞳	0	
trong	𭿍	0	
troc	捉	0	
troi	𦀑	0	
troi	𫃫	0	
troi	㩡	0	
troi	繓	0	
troi	𦆹	0	
troi	𦇒	0	
troi	𬅓	0	
trom	𡅎	0	
trong	梇	0	
trot	㤕	0	
trot	卒	0	
trot	律	0	
trot	捽	0	
trot	啐	0	
trot	𢔙	0	
trot	𣖢	0	
trot	𪟼	0	
tro	诛	0	
tro	𥅲	0	
tro	誅	0	
troi	𬈼	0	
troi	㵢	0	
troi	鱩	0	
trom	蓝	0	
trom	𣚮	0	
trom	藍	0	
tron	仑	0	
tron	侖	0	
tron	腀	0	
tron	𦝊	0	
tron	敦	0	
tron	𢳳	0	
tron	𫆮	0	
tron	𦟹	0	
tron	墫	0	
tron	𫆸	0	
tron	㬿	0	
tron	𬛘	0	
trong	眬	0	
trong	筭	0	
trong	𥉫	0	
trong	𥉩	0	
trong	篭	0	
trong	𥊛	0	
trong	𪿁	0	
trong	矓	0	
trong	𬕾	0	
trong	𬂙	0	
trong	𪱯	0	
trong	𪿄	0	
trong	𪚤	0	
trong	𬖉	0	
trom	𥌈	0	
trom	𥍍	0	
trom	𥍖	0	
tru	诅	0	
tru	帱	0	
tru	惆	0	
tru	绸	0	
tru	厨	0	
tru	畴	0	
tru	詛	0	
tru	稠	0	
tru	筹	0	
tru	綢	0	
tru	踌	0	
tru	㕑	0	
tru	廚	0	
tru	橱	0	
tru	嚋	0	
tru	幬	0	
tru	櫉	0	
tru	疇	0	
tru	蹰	0	
tru	櫥	0	
tru	籌	0	
tru	躊	0	
tru	譸	0	
tru	躕	0	
trum	𠆳	0	
trun	𧉙	0	
trun	蝩	0	
trung	虫	0	
trung	沖	0	
trung	重	0	
trung	𣹞	0	
trung	蝩	0	
trung	蟲	0	
tru	住	0	
tru	驻	0	
tru	昼	0	
tru	晝	0	
tru	翥	0	
tru	駐	0	
truc	竹	0	
truc	𥫗	0	
truc	竺	0	
truc	筑	0	
truc	築	0	
truc	⺮	0	
trum	𥯓	0	
trum	𢹽	0	
trum	𥸝	0	
trung	中	0	
trung	准	0	
trung	準	0	
trut	拙	0	
trut	律	0	
trut	𡭲	0	
trut	淬	0	
trut	𧊐	0	
trut	𢯰	0	
trut	𪫓	0	
tram	林	0	
tram	啉	0	
tram	𬃴	0	
tram	𤾓	0	
tran	邻	0	
tran	蓁	0	
tran	溱	0	
tran	榛	0	
tran	鄰	0	
tran	螓	0	
tran	臻	0	
tran	𧏶	0	
trang	菱	0	
trang	绫	0	
trang	棱	0	
trang	𪩮	0	
trang	𦝄	0	
trang	綾	0	
trang	𢁋	0	
trang	𣎞	0	
tri	豸	0	
tri	㭒	0	
tri	峙	0	
tri	痔	0	
tri	耜	0	
tri	𬏯	0	
tri	雉	0	
tri	稚	0	
tri	褫	0	
tri	𣙦	0	
tri	𩾰	0	
tri	穉	0	
tri	𥴢	0	
trui	𪒽	0	
trum	朕	0	
trum	𥬧	0	
trung	冡	0	
trung	𫢵	0	
trung	冢	0	
trung	𬺙	0	
tro	知	0	
tro	猪	0	
tro	豬	0	
tro	𫬕	0	
troi	哜	0	
troi	斋	0	
troi	唎	0	
troi	斎	0	
troi	𩲥	0	
troi	嚌	0	
troi	𩳳	0	
troi	齋	0	
troi	𩴚	0	
troi	𩵃	0	
tron	涟	0	
tron	𠗰	0	
tron	𣹗	0	
tron	漣	0	
tron	𠺩	0	
tron	澜	0	
tron	瀾	0	
tron	灡	0	
trou	𠺩	0	
tru	菹	0	
tru	猪	0	
tru	㭬	0	
tru	葅	0	
tru	䐗	0	
tru	踟	0	
tru	豬	0	
tru	躇	0	
trua	昉	0	
trua	𣆐	0	
trua	𬀭	0	
trua	猪	0	
trua	𪰨	0	
trua	暏	0	
trua	𣉎	0	
trua	𪱂	0	
trua	𬁑	0	
trua	𪱅	0	
trua	𫧬	0	
trua	𣌁	0	
trua	𣌆	0	
trua	𣌂	0	
trua	曥	0	
trung	征	0	
trung	徵	0	
trung	瞪	0	
trung	𥋔	0	
truong	张	0	
truong	帐	0	
truong	張	0	
truong	帳	0	
truong	賬	0	
truoc	著	0	
truoc	略	0	
truoc	着	0	
truoc	畧	0	
truoc	𠓀	0	
truoc	𫏾	0	
truoc	𨎠	0	
truoc	𨎟	0	
truoc	𠠩	0	
truong	肠	0	
truong	帐	0	
truong	怅	0	
truong	胀	0	
truong	涨	0	
truong	悵	0	
truong	帳	0	
truong	脹	0	
truong	腸	0	
truong	幛	0	
truong	漲	0	
truot	扎	0	
truon	长	0	
truon	陈	0	
truon	镸	0	
truon	長	0	
truon	陳	0	
truong	长	0	
truong	场	0	
truong	镸	0	
truong	肠	0	
truong	長	0	
truong	𠴞	0	
truong	棖	0	
truong	場	0	
truong	腸	0	
truong	塲	0	
truong	䗅	0	
truong	膓	0	
truong	长	0	
truong	镸	0	
truong	長	0	
truong	丈	0	
truong	仗	0	
truong	扙	0	
truong	杖	0	
truot	跌	0	
trac	浊	0	
trac	𥭌	0	
trac	濁	0	
trac	𬸦	0	
trac	濯	0	
trac	𡒔	0	
trac	擢	0	
trac	櫂	0	
trac	镯	0	
trac	鐲	0	
trac	鷟	0	
trac	𥷧	0	
trac	𢺜	0	
trach	宅	0	
trach	泽	0	
trach	𢫞	0	
trach	䖳	0	
trach	鋥	0	
trach	擇	0	
trach	澤	0	
trach	𬠺	0	
trai	豸	0	
trai	砦	0	
trai	赛	0	
trai	寨	0	
trai	賽	0	
tram	站	0	
tram	崭	0	
tram	湛	0	
tram	嶄	0	
trang	狀	0	
trang	状	0	
trang	狀	0	
tranh	掷	0	
tranh	𧋸	0	
tranh	擲	0	
tranh	𢤜	0	
tranh	𩹰	0	
tranh	𪓪	0	
trao	笊	0	
trao	绰	0	
trao	掉	0	
trao	棹	0	
trao	綽	0	
trao	櫂	0	
trat	扎	0	
tray	𪡊	0	
tra	呂	0	
tra	把	0	
tra	者	0	
tra	㨋	0	
tra	𫡽	0	
tra	𫭐	0	
tra	𪁳	0	
tra	𪃵	0	
trai	豸	0	
trai	𬁻	0	
trai	𣥱	0	
trai	𣦆	0	
trai	戴	0	
trai	𣦰	0	
tram	斩	0	
tram	斬	0	
tram	凿	0	
tram	錾	0	
tram	鏨	0	
tram	鑿	0	
tran	𬍙	0	
tran	盏	0	
tran	琖	0	
tran	盞	0	
trang	浪	0	
trao	爪	0	
trao	找	0	
trao	抓	0	
trau	爪	0	
trau	枛	0	
tray	𢬦	0	
tray	洗	0	
tray	雉	0	
tray	𥴢	0	
tram	鸩	0	
tram	酖	0	
tram	谮	0	
tram	鴆	0	
tram	譖	0	
tran	瑱	0	
tran	镇	0	
tran	𤂪	0	
tran	鎮	0	
trap	廾	0	
trap	廿	0	
trap	汁	0	
trap	𠰏	0	
trap	釟	0	
trap	揖	0	
trap	蓻	0	
trap	濈	0	
trat	栉	0	
trat	挃	0	
trat	桎	0	
trat	轾	0	
trat	秷	0	
trat	窒	0	
trat	輊	0	
trat	銍	0	
trat	櫛	0	
trau	奏	0	
trau	𥠬	0	
trau	𥯪	0	
trau	𡔿	0	
trau	𫊁	0	
tram	沈	0	
tram	沉	0	
tram	枕	0	
tram	渖	0	
tram	鈂	0	
tram	檀	0	
tram	瀋	0	
tran	尘	0	
tran	陈	0	
tran	陳	0	
tran	裎	0	
tran	塵	0	
trau	芙	0	
trau	油	0	
trau	茱	0	
trau	𫈜	0	
trau	蒌	0	
trau	蒥	0	
trau	蔞	0	
trau	𦺓	0	
trau	𣞾	0	
trau	𫑱	0	
trau	䕱	0	
trau	𩻹	0	
tray	池	0	
tray	持	0	
tray	涞	0	
tray	淶	0	
trau	爪	0	
trau	召	0	
tray	礼	0	
tray	𥙒	0	
tray	𬒼	0	
tray	雉	0	
tray	禮	0	
tray	𦪨	0	
tram	怎	0	
tram	朕	0	
tram	浸	0	
tram	站	0	
tran	阵	0	
tran	陣	0	
trap	廾	0	
trap	廿	0	
trap	絷	0	
trap	蛰	0	
trap	蟄	0	
trap	縶	0	
trat	帙	0	
trat	秩	0	
trat	袠	0	
trat	跌	0	
trac	仄	0	
trac	则	0	
trac	昃	0	
trac	侧	0	
trac	测	0	
trac	陟	0	
trac	則	0	
trac	恻	0	
trac	側	0	
trac	測	0	
trac	惻	0	
trac	𣖡	0	
trac	𡮞	0	
tram	林	0	
tram	禀	0	
tram	橬	0	
tram	簪	0	
tram	𩻕	0	
tram	𩻛	0	
trang	白	0	
trang	壮	0	
trang	壯	0	
trang	朗	0	
trang	𤽸	0	
trap	箚	0	
trat	侧	0	
trat	秩	0	
trat	側	0	
trat	㗚	0	
tram	沉	0	
tram	沈	0	
tram	𪷩	0	
tran	邻	0	
tran	陈	0	
tran	珍	0	
tran	陳	0	
tran	鄰	0	
tran	𬹏	0	
trac	侧	0	
trac	秩	0	
trac	側	0	
trac	跌	0	
trac	𨁷	0	
tran	阵	0	
tran	陣	0	
tre	𠶠	0	
tre	滯	0	
treo	召	0	
treo	挑	0	
treo	𬦪	0	
tret	彻	0	
tret	撤	0	
tret	徹	0	
tre	礼	0	
tre	𥘷	0	
tre	稚	0	
tre	𪨅	0	
tre	穉	0	
tre	禮	0	
treo	𤽀	0	
treo	沼	0	
tre	𥘶	0	
tre	稚	0	
tre	𬦳	0	
tren	𠹖	0	
tret	哲	0	
treu	𠮩	0	
treu	𠾓	0	
tre	池	0	
tre	𠲨	0	
tre	滯	0	
tre	𪢏	0	
tre	𡂙	0	
treu	朝	0	
treu	嘲	0	
tre	滓	0	
tre	礼	0	
tre	豸	0	
tre	雉	0	
tre	𬓐	0	
tre	滯	0	
tre	𧜐	0	
tre	禮	0	
tre	彘	0	
tre	滯	0	
trech	掷	0	
trech	擲	0	
tret	彻	0	
tret	撤	0	
tret	徹	0	
treu	咷	0	
tri	治	0	
tri	值	0	
tri	値	0	
tri	秲	0	
tri	胾	0	
tria	治	0	
tria	値	0	
tria	值	0	
trich	掷	0	
trich	𬪼	0	
trich	踯	0	
trich	擲	0	
trich	蹢	0	
trich	躑	0	
trinh	郑	0	
trinh	鄭	0	
trit	彻	0	
trit	撤	0	
trit	徹	0	
triu	召	0	
tro	住	0	
tro	𪜾	0	
tro	路	0	
troc	六	0	
troc	禿	0	
troc	秃	0	
troc	育	0	
troc	浊	0	
troc	濁	0	
troc	𬴭	0	
troc	鐲	0	
troi	磊	0	
tron	仑	0	
tron	论	0	
tron	侖	0	
tron	终	0	
tron	泈	0	
tron	終	0	
tron	𢀧	0	
tron	𠓻	0	
tron	𠓹	0	
tron	論	0	
tron	𠧆	0	
tron	𫾗	0	
tron	𪟼	0	
tron	𬣎	0	
tron	𫤍	0	
trong	仲	0	
trong	重	0	
trong	喠	0	
trot	𢫖	0	
trot	揬	0	
tro	𢭰	0	
tro	撸	0	
tro	擼	0	
tro	𢸫	0	
tro	𥇁	0	
tro	𥇻	0	
tro	𥌧	0	
troc	捉	0	
troc	啄	0	
troc	祿	0	
troc	筑	0	
troc	𫠼	0	
troc	𬳕	0	
troc	築	0	
troc	𬳚	0	
troc	𬕳	0	
troi	𠶡	0	
troi	誄	0	
troi	𡂳	0	
tron	仑	0	
tron	迍	0	
tron	坉	0	
tron	侖	0	
tron	准	0	
tron	遁	0	
tron	準	0	
tron	遯	0	
tron	𧾌	0	
tron	𨆛	0	
trong	弄	0	
trong	𠸙	0	
trong	𫪹	0	
trong	𤿰	0	
trong	𤯨	0	
trong	鞁	0	
trong	𪟤	0	
trong	𥧪	0	
trong	𪁇	0	
trong	𤳢	0	
trong	𥨨	0	
trong	𪔝	0	
trong	𪔠	0	
trot	卒	0	
trot	律	0	
trot	啐	0	
tro	徂	0	
tro	殂	0	
troi	𨀤	0	
troi	㩡	0	
trong	种	0	
trong	栊	0	
trong	𣑺	0	
trong	桐	0	
trong	𤿰	0	
trong	㮔	0	
trong	𢲣	0	
trong	種	0	
trong	槞	0	
trong	𥠭	0	
trong	𣙩	0	
trong	𥣑	0	
trong	櫳	0	
tro	杜	0	
tro	𦭦	0	
tro	撸	0	
tro	镥	0	
tro	擼	0	
tro	鑥	0	
troi	磊	0	
trong	弄	0	
trong	冢	0	
tro	擼	0	
troi	㑍	0	
troi	𠱤	0	
troi	磊	0	
troi	𠐞	0	
troi	㩡	0	
troi	𥫌	0	
tro	𢷅	0	
tro	戳	0	
troi	𠱤	0	
troi	𫁜	0	
trom	湛	0	
trom	滥	0	
trom	僣	0	
trom	𥂉	0	
trom	𥋕	0	
trom	濫	0	
trom	濫	0	
trom	𠑈	0	
trom	𥌈	0	
trom	𪸄	0	
trom	囕	0	
tron	论	0	
tron	遁	0	
tron	遯	0	
tron	論	0	
trong	重	0	
trong	哢	0	
tro	诅	0	
tro	绉	0	
tro	咀	0	
tro	詛	0	
tro	縐	0	
trom	𡆖	0	
tron	肾	0	
tron	腎	0	
tron	镇	0	
tron	鎮	0	
trot	札	0	
trot	跌	0	
tro	持	0	
tro	猪	0	
troi	𫯝	0	
troi	𡗶	0	
troi	沈	0	
troi	𫶸	0	
trom	沈	0	
tro	阻	0	
tro	呂	0	
tro	𪩁	0	
tro	𫶷	0	
tro	𠭤	0	
tro	𧿨	0	
tro	𫽖	0	
tro	𬨱	0	
tro	𪠭	0	
tro	𨔾	0	
tro	㨋	0	
tro	跙	0	
tro	與	0	
tro	踷	0	
tro	助	0	
tro	𪜾	0	
trom	𨇸	0	
tron	𥇺	0	
tron	𥉲	0	
tron	𥌫	0	
tru	纣	0	
tru	住	0	
tru	诛	0	
tru	宙	0	
tru	𡊲	0	
tru	拄	0	
tru	紂	0	
tru	柱	0	
tru	胄	0	
tru	䇠	0	
tru	誅	0	
tru	碡	0	
tru	籀	0	
truc	妯	0	
truc	轴	0	
truc	逐	0	
truc	舳	0	
truc	軸	0	
truc	碡	0	
truc	㩡	0	
truc	躅	0	
trui	焠	0	
trui	㰁	0	
trum	𢫜	0	
trum	湛	0	
trung	重	0	
trung	㴥	0	
trut	𠀴	0	
trut	黜	0	
tru	𦂈	0	
trung	冢	0	
trung	塚	0	
tru	著	0	
tru	筯	0	
tru	箸	0	
trung	壮	0	
trung	壯	0	
trung	𠨡	0	
trung	𫧾	0	
truu	皱	0	
truu	菷	0	
truu	皺	0	
tru	除	0	
tru	渚	0	
tru	滁	0	
tru	蒢	0	
tru	踟	0	
tru	儲	0	
tru	躇	0	
tru	蹰	0	
trung	惩	0	
trung	澄	0	
trung	澂	0	
trung	𥋔	0	
trung	瞪	0	
trung	懲	0	
truu	妯	0	
truu	抽	0	
truu	䌷	0	
truu	紬	0	
trung	重	0	
trung	哢	0	
truu	肘	0	
truu	帚	0	
truu	菷	0	
truu	箒	0	
tru	宁	0	
tru	伫	0	
tru	抒	0	
tru	苎	0	
tru	纻	0	
tru	佇	0	
tru	苧	0	
tru	㑏	0	
tru	泞	0	
tru	杼	0	
tru	贮	0	
tru	竚	0	
tru	著	0	
tru	𡨺	0	
tru	紵	0	
tru	貯	0	
truu	𦂈	0	
truc	直	0	
tsuukaeru	閊	0	
tu	仙	0	
tu	须	0	
tu	修	0	
tu	羞	0	
tu	脩	0	
tu	啾	0	
tu	須	0	
tu	馐	0	
tu	𣛪	0	
tu	饈	0	
tu	鬏	0	
tu	鬚	0	
tu	𪅭	0	
tu	𪆦	0	
tua	苏	0	
tua	须	0	
tua	須	0	
tua	𦄼	0	
tua	蘇	0	
tua	鬚	0	
tui	碎	0	
tum	𡉾	0	
tum	嵩	0	
tun	孙	0	
tun	孫	0	
tun	尊	0	
tun	噂	0	
tung	从	0	
tung	纵	0	
tung	宗	0	
tung	枞	0	
tung	统	0	
tung	從	0	
tung	崧	0	
tung	統	0	
tung	喠	0	
tung	猣	0	
tung	嵩	0	
tung	踪	0	
tung	噌	0	
tung	樅	0	
tung	𡀢	0	
tung	𫶜	0	
tung	縱	0	
tung	蹤	0	
tung	騌	0	
tung	鬃	0	
tung	騣	0	
tuy	虽	0	
tuy	荽	0	
tuy	绥	0	
tuy	綏	0	
tuy	睢	0	
tuy	槜	0	
tuy	𨿽	0	
tuy	檇	0	
tuy	雖	0	
tuyen	宣	0	
tuyen	揎	0	
tuyen	线	0	
tuyen	腺	0	
tuyen	綫	0	
tuyen	線	0	
tuyet	雪	0	
tuyet	薛	0	
tuyet	鳕	0	
tuyet	鱈	0	
tuyen	全	0	
tuyen	泉	0	
tuyen	旋	0	
tuyen	璇	0	
tuyen	鳈	0	
tuyen	璿	0	
tuyen	鰁	0	
tuyen	选	0	
tuyen	隽	0	
tuyen	雋	0	
tuyen	選	0	
tuyen	繏	0	
tuyen	䠣	0	
tuyen	传	0	
tuyen	傳	0	
tuyet	绝	0	
tuyet	捽	0	
tuyet	毳	0	
tuyet	絶	0	
tuyet	𧋍	0	
tuyet	𧎴	0	
tua	訴	0	
tua	綉	0	
tuan	询	0	
tuan	恂	0	
tuan	洵	0	
tuan	荀	0	
tuan	峋	0	
tuan	徇	0	
tuan	詢	0	
tuan	遵	0	
tuon	孙	0	
tuon	孫	0	
tuon	𣻆	0	
tuong	崧	0	
tuong	嵩	0	
tuong	𡀢	0	
tuong	𢣆	0	
tuy	粹	0	
tuy	醉	0	
tuy	𥻮	0	
tua	鎖	0	
tuan	俊	0	
tuan	埈	0	
tuan	骏	0	
tuan	浚	0	
tuan	峻	0	
tuan	馂	0	
tuan	焌	0	
tuan	雋	0	
tuan	畯	0	
tuan	儁	0	
tuan	餕	0	
tuan	𣽊	0	
tuan	駿	0	
tuan	濬	0	
tuat	戌	0	
tuat	卹	0	
tuat	恤	0	
tuat	㖅	0	
tuat	賉	0	
tuat	銊	0	
tuan	廵	0	
tuan	巡	0	
tuan	旬	0	
tuan	驯	0	
tuan	揗	0	
tuan	循	0	
tuan	馴	0	
tuan	怎	0	
tuan	徇	0	
tuan	殉	0	
tuan	𠊫	0	
tue	岁	0	
tue	嵗	0	
tue	𡻕	0	
tue	歲	0	
tue	歳	0	
tuech	㖅	0	
tuech	唶	0	
tue	彗	0	
tue	𢜈	0	
tue	嘒	0	
tue	慧	0	
tue	縳	0	
tue	篲	0	
tue	穗	0	
tue	繐	0	
tuech	𠻊	0	
tuon	𨆥	0	
tuot	掇	0	
tuot	捽	0	
tuom	惭	0	
tuom	慚	0	
tuom	𢿼	0	
tuon	洊	0	
tuong	从	0	
tuong	從	0	
tuong	象	0	
tuong	傱	0	
tuoi	岁	0	
tuoi	歲	0	
tuoi	歳	0	
tuoi	𢆫	0	
tuoi	𣦮	0	
tuot	𢫫	0	
tuot	𬍏	0	
tuot	踤	0	
tuy	隋	0	
tuy	随	0	
tuy	隨	0	
tuy	祟	0	
tuy	悴	0	
tuy	萃	0	
tuy	脺	0	
tuy	瘁	0	
tuy	𫉡	0	
tuy	悴	0	
tuy	槜	0	
tuy	髓	0	
ty	庳	0	
ta	邪	0	
ta	㭨	0	
ta	斜	0	
ta	鈄	0	
ta	鋣	0	
tai	才	0	
tai	财	0	
tai	材	0	
tai	財	0	
tai	栽	0	
tai	裁	0	
tai	𥯒	0	
tai	纔	0	
tam	蚕	0	
tam	惭	0	
tam	慚	0	
tam	慙	0	
tam	蠶	0	
tan	伞	0	
tan	残	0	
tan	殘	0	
tan	傘	0	
tan	𦅮	0	
tang	长	0	
tang	镸	0	
tang	层	0	
tang	長	0	
tang	垴	0	
tang	臧	0	
tang	層	0	
tang	藏	0	
tanh	情	0	
tanh	晴	0	
tanh	𫠽	0	
tanh	𤀜	0	
tao	桃	0	
tao	𣑯	0	
tao	曹	0	
tao	嘈	0	
tao	槽	0	
tao	螬	0	
tao	艚	0	
tau	蓸	0	
tau	槽	0	
tau	艚	0	
tau	𬟠	0	
tay	齐	0	
tay	斉	0	
tay	𪯼	0	
tay	𫷙	0	
tay	齊	0	
tay	𫡀	0	
tay	𬀛	0	
ta	左	0	
ta	邪	0	
ta	佐	0	
ta	些	0	
ta	卸	0	
ta	借	0	
ta	袏	0	
ta	唶	0	
tac	作	0	
tac	索	0	
tac	笮	0	
tac	𤉔	0	
tac	𫊴	0	
tach	汐	0	
tach	昔	0	
tach	剒	0	
tach	𠝖	0	
tach	㳻	0	
tach	碏	0	
tach	滴	0	
tach	𫀥	0	
tai	再	0	
tai	洅	0	
tai	载	0	
tai	𦛍	0	
tai	載	0	
tai	塞	0	
tai	赛	0	
tai	賽	0	
tam	𫤯	0	
tam	渗	0	
tam	𠔭	0	
tam	滲	0	
tam	糁	0	
tam	撍	0	
tam	糝	0	
tan	伞	0	
tan	拶	0	
tan	散	0	
tan	傘	0	
tan	賛	0	
tan	赞	0	
tan	贊	0	
tan	霰	0	
tan	讚	0	
tan	鑽	0	
tang	丧	0	
tang	脏	0	
tang	葬	0	
tang	塟	0	
tang	喪	0	
tang	䘮	0	
tang	搡	0	
tang	髒	0	
tanh	性	0	
tao	灶	0	
tao	枣	0	
tao	棗	0	
tao	噪	0	
tao	燥	0	
tao	譟	0	
tao	躁	0	
tao	𩫦	0	
tap	帀	0	
tap	匝	0	
tap	抸	0	
tap	咂	0	
tap	飒	0	
tap	砸	0	
tap	唼	0	
tap	颯	0	
tap	嘁	0	
tat	拶	0	
tat	萨	0	
tat	蕯	0	
tat	撒	0	
tat	薩	0	
tau	枣	0	
tau	奏	0	
tau	𣒴	0	
tau	棗	0	
tau	楱	0	
tau	槽	0	
tay	再	0	
tam	忄	0	
tam	心	0	
tam	㣺	0	
tam	芯	0	
tan	辛	0	
tan	津	0	
tan	莘	0	
tan	㳯	0	
tan	宾	0	
tan	梹	0	
tan	傧	0	
tan	锌	0	
tan	缤	0	
tan	新	0	
tan	滨	0	
tan	賓	0	
tan	槟	0	
tan	鋅	0	
tan	镔	0	
tan	濒	0	
tan	儐	0	
tan	薪	0	
tan	濱	0	
tan	檳	0	
tan	瀕	0	
tan	繽	0	
tan	鑌	0	
tang	曾	0	
tang	新	0	
tang	增	0	
tau	𬙖	0	
tau	奏	0	
tau	𠸫	0	
tay	襾	0	
tay	覀	0	
tay	西	0	
tay	私	0	
tay	恓	0	
tay	犀	0	
ta	左	0	
ta	𣳇	0	
ta	泻	0	
ta	袏	0	
ta	谢	0	
ta	𧛼	0	
ta	藉	0	
ta	謝	0	
ta	瀉	0	
ta	𫌗	0	
te	齐	0	
te	齊	0	
te	𪷗	0	
tem	潜	0	
tem	潛	0	
ten	前	0	
teo	谯	0	
teo	潐	0	
teo	樵	0	
teo	譙	0	
te	细	0	
te	細	0	
te	𪷉	0	
te	𨄊	0	
tem	僭	0	
tem	僣	0	
teng	丁	0	
teo	笑	0	
teo	哨	0	
tep	淁	0	
tep	鯜	0	
tep	𩹫	0	
tep	𬵤	0	
tet	节	0	
tet	節	0	
tet	截	0	
tet	𠠑	0	
tet	𫃖	0	
te	挤	0	
te	脐	0	
te	犀	0	
te	跻	0	
te	痹	0	
te	痺	0	
te	𤷒	0	
te	厮	0	
te	齑	0	
te	撕	0	
te	嘶	0	
te	廝	0	
te	𤺳	0	
te	擠	0	
te	𧷔	0	
te	臍	0	
te	躋	0	
te	齏	0	
te (tay)	組	0	
tem	沁	0	
tem	𡉾	0	
tem	𢬅	0	
tem	𣑷	0	
ten	先	0	
ten	研	0	
ten	𢏡	0	
ten	𥏋	0	
ten	𥏍	0	
ten	𥏌	0	
ten	𠸛	0	
ten	𠸜	0	
ten	筅	0	
ten	箭	0	
ten	𬕰	0	
tenh	星	0	
tenh	惺	0	
tenh	精	0	
tenh	精	0	
teu	标	0	
teu	𫠸	0	
teu	標	0	
teu	𬳘	0	
ti	枇	0	
ti	姨	0	
ti	茨	0	
ti	毗	0	
ti	疪	0	
ti	砒	0	
ti	蚍	0	
ti	疵	0	
ti	婢	0	
ti	琵	0	
ti	脾	0	
ti	裨	0	
ti	蜱	0	
ti	貔	0	
ti	鼙	0	
tim	寻	0	
tim	𡬶	0	
tim	尋	0	
tim	噚	0	
tinh	情	0	
tinh	晴	0	
ti	子	0	
ti	比	0	
ti	庇	0	
ti	伺	0	
ti	畀	0	
ti	细	0	
ti	枲	0	
ti	細	0	
ti	眥	0	
ti	𤷒	0	
ti	痺	0	
ti	痹	0	
ti	箅	0	
ti	臂	0	
tia	紫	0	
tia	𫎰	0	
tia	𫄕	0	
tich	析	0	
tich	昔	0	
tich	迹	0	
tich	剔	0	
tich	脊	0	
tich	积	0	
tich	惜	0	
tich	𠴭	0	
tich	菥	0	
tich	绩	0	
tich	淅	0	
tich	㳻	0	
tich	晰	0	
tich	舄	0	
tich	腊	0	
tich	㫼	0	
tich	辟	0	
tich	锡	0	
tich	勣	0	
tich	跡	0	
tich	皙	0	
tich	滴	0	
tich	蜥	0	
tich	𨁯	0	
tich	瘠	0	
tich	樍	0	
tich	踔	0	
tich	鹡	0	
tich	踖	0	
tich	潟	0	
tich	積	0	
tich	錫	0	
tich	績	0	
tich	蹐	0	
tich	蹟	0	
tich	躄	0	
tich	躃	0	
tich	鶺	0	
tich	𪄸	0	
tim	绀	0	
tim	紺	0	
tim	僭	0	
tim	僣	0	
tim	𧹿	0	
tin	囟	0	
tin	辛	0	
tin	信	0	
tin	顖	0	
tinh	并	0	
tinh	性	0	
tinh	姓	0	
tinh	併	0	
tinh	倂	0	
tip	节	0	
tip	節	0	
tit	节	0	
tit	節	0	
tit	𨙌	0	
tiu	最	0	
to	诉	0	
to	徂	0	
to	祖	0	
to	殂	0	
to	租	0	
to	途	0	
to	訴	0	
to	𬠢	0	
to	𫋑	0	
toi	推	0	
toi	搉	0	
toi	摧	0	
toi	𪱕	0	
toi	撮	0	
toi	嘬	0	
toi	頺	0	
toi	𪧾	0	
toi	𨅇	0	
tom	蚕	0	
ton	屯	0	
ton	存	0	
tong	从	0	
tong	丛	0	
tong	松	0	
tong	從	0	
tong	叢	0	
to	素	0	
to	榡	0	
toc	速	0	
toc	𫅯	0	
toc	𩅘	0	
toc	𩯀	0	
toi	碎	0	
toi	𦃯	0	
toi	𥊴	0	
toi	繓	0	
tom	抋	0	
tom	总	0	
tom	糁	0	
tom	𫃰	0	
tom	總	0	
tom	縿	0	
tom	糝	0	
tom	𢹪	0	
top	𦚗	0	
top	𬚴	0	
tot	卒	0	
tot	𢬮	0	
tot	捽	0	
tot	猝	0	
tot	踤	0	
tot	撮	0	
to	苏	0	
to	租	0	
to	酥	0	
to	甦	0	
to	稣	0	
to	穌	0	
to	蘇	0	
to	囌	0	
to	𥗹	0	
toi	哉	0	
toi	堆	0	
toi	淬	0	
toi	晬	0	
toi	焠	0	
toi	碎	0	
toi	𫇈	0	
toi	熣	0	
toi	𪝬	0	
toi	𤏣	0	
toi	𫬮	0	
tom	沁	0	
tom	𡉾	0	
tom	𩵽	0	
ton	孙	0	
ton	宗	0	
ton	狲	0	
ton	孫	0	
ton	尊	0	
ton	猻	0	
ton	飱	0	
ton	搎	0	
ton	墫	0	
ton	嶟	0	
ton	樽	0	
ton	蹲	0	
ton	鳟	0	
ton	鱒	0	
tong	冲	0	
tong	宗	0	
tong	㚇	0	
tong	淙	0	
tong	棕	0	
tong	衝	0	
tong	𣙺	0	
tong	踪	0	
tong	䝋	0	
tong	㯶	0	
tong	騌	0	
tong	鬃	0	
tong	𩦲	0	
tong	𩯣	0	
tu	囚	0	
tu	汓	0	
tu	泅	0	
tu	酋	0	
tu	逎	0	
tu	揪	0	
tu	𧣕	0	
tu	揂	0	
tu	遒	0	
tua	徂	0	
tua	殂	0	
tua	逎	0	
tua	遒	0	
tui	慛	0	
tum	寻	0	
tum	抋	0	
tum	荨	0	
tum	惭	0	
tum	尋	0	
tum	慚	0	
tum	蕁	0	
tung	从	0	
tung	丛	0	
tung	忪	0	
tung	松	0	
tung	凇	0	
tung	從	0	
tung	菘	0	
tung	喠	0	
tung	樷	0	
tung	鬆	0	
tung	叢	0	
tung	𧓏	0	
tung	䕺	0	
tu	秀	0	
tu	绣	0	
tu	宿	0	
tu	琇	0	
tu	锈	0	
tu	綉	0	
tu	蓿	0	
tu	銹	0	
tu	繡	0	
tu	鏽	0	
tua	诉	0	
tua	绣	0	
tua	訴	0	
tua	綉	0	
tuc	夙	0	
tuc	𧾷	0	
tuc	足	0	
tuc	肃	0	
tuc	哫	0	
tuc	宿	0	
tuc	骕	0	
tuc	粟	0	
tuc	肅	0	
tuc	僳	0	
tuc	蹜	0	
tuc	驌	0	
tui	碎	0	
tui	𬞚	0	
tui	襊	0	
tui	繓	0	
tui	𫄆	0	
tum	縿	0	
tum	𢹨	0	
tung	纵	0	
tung	怂	0	
tung	疭	0	
tung	慫	0	
tung	瘲	0	
tung	縱	0	
tung	𬥯	0	
tup	𦭧	0	
ty	低	0	
ty	痹	0	
ty	痺	0	
ty	𤷒	0	
tam	心	0	
tam	沁	0	
tam	吣	0	
tam	杺	0	
tam	𣅵	0	
tam	𨠉	0	
tam	籖	0	
tan	辛	0	
tan	㳯	0	
tang	曾	0	
tang	僧	0	
tang	增	0	
tang	缯	0	
tang	憎	0	
tang	熷	0	
tang	罾	0	
tang	繒	0	
ti	痔	0	
tin	井	0	
tin	𨩠	0	
tinh	汫	0	
tinh	净	0	
tinh	浄	0	
tinh	凈	0	
tinh	淨	0	
tinh	靓	0	
tinh	静	0	
tinh	靚	0	
tinh	靜	0	
tiu	小	0	
tiu	剿	0	
tiu	截	0	
tiu	⺌	0	
to	司	0	
to	丝	0	
to	思	0	
to	𢇁	0	
to	𦀊	0	
to	絲	0	
toi	哉	0	
toi	葸	0	
toi	𧛷	0	
toi	𥯨	0	
toi	𥯒	0	
toi	𥵖	0	
toi	𬕻	0	
ton	辛	0	
ton	曾	0	
tu	四	0	
tu	司	0	
tu	孜	0	
tu	私	0	
tu	姿	0	
tu	思	0	
tu	茲	0	
tu	兹	0	
tu	咨	0	
tu	胥	0	
tu	𥸷	0	
tu	瓷	0	
tu	𦊛	0	
tu	资	0	
tu	𦚭	0	
tu	谞	0	
tu	滋	0	
tu	孳	0	
tu	斯	0	
tu	趑	0	
tu	資	0	
tu	鹚	0	
tu	锶	0	
tu	餈	0	
tu	糍	0	
tu	緦	0	
tu	糈	0	
tu	髭	0	
tu	諮	0	
tu	諝	0	
tu	鍶	0	
tu	鷀	0	
tu	鶿	0	
tu	滋	0	
tua	丝	0	
tua	絲	0	
tua	𬜉	0	
tung	曾	0	
tung	熷	0	
tuu	陬	0	
tuu	诹	0	
tuu	湫	0	
tuu	諏	0	
tuu	蝤	0	
tuu	鲰	0	
tuu	鯫	0	
tuu	鰍	0	
tuu	鰌	0	
tuoi	哉	0	
tuoi	𦳦	0	
tuoi	𦞁	0	
tuoi	鲜	0	
tuoi	𥯒	0	
tuoi	鮮	0	
tuoi	𩹯	0	
tuom	纤	0	
tuom	𫌄	0	
tuom	瀐	0	
tuom	瀸	0	
tuom	纖	0	
tuong	𢪷	0	
tuong	相	0	
tuong	将	0	
tuong	浆	0	
tuong	將	0	
tuong	厢	0	
tuong	葙	0	
tuong	廂	0	
tuong	𪶛	0	
tuong	湘	0	
tuong	酱	0	
tuong	㐮	0	
tuong	摪	0	
tuong	锵	0	
tuong	緗	0	
tuong	漿	0	
tuong	箱	0	
tuong	襄	0	
tuong	醬	0	
tuong	𨪙	0	
tuong	鏘	0	
tuong	骧	0	
tuong	镶	0	
tuong	鑲	0	
tuong	驤	0	
tuoc	削	0	
tuoc	雀	0	
tuoc	爵	0	
tuoc	嚼	0	
tuoc	㩱	0	
tuoi	洒	0	
tuoi	洅	0	
tuoi	载	0	
tuoi	𢱓	0	
tuoi	載	0	
tuong	将	0	
tuong	相	0	
tuong	象	0	
tuong	將	0	
tuop	𬡋	0	
tuop	接	0	
tuot	泄	0	
tuot	𢫫	0	
tuot	削	0	
tuong	丬	0	
tuong	爿	0	
tuong	详	0	
tuong	戕	0	
tuong	庠	0	
tuong	祥	0	
tuong	翔	0	
tuong	詳	0	
tuong	墙	0	
tuong	樯	0	
tuong	嬙	0	
tuong	墻	0	
tuong	薔	0	
tuong	𤗼	0	
tuong	檣	0	
tuong	牆	0	
tuong	艢	0	
tuou	𠯾	0	
tuoi	左	0	
tuoi	载	0	
tuoi	宰	0	
tuoi	載	0	
tuong	匠	0	
tuong	奖	0	
tuong	桨	0	
tuong	蒋	0	
tuong	想	0	
tuong	蔣	0	
tuong	鲞	0	
tuong	奬	0	
tuong	槳	0	
tuong	鯗	0	
tuoc	削	0	
tuong	匠	0	
tuong	象	0	
tuong	像	0	
tuong	橡	0	
tuot	削	0	
tuot	㮩	0	
ta	担	0	
ta	怛	0	
ta	谢	0	
ta	榭	0	
ta	擔	0	
ta	藉	0	
ta	謝	0	
ta	籍	0	
tac	怍	0	
tac	炸	0	
tac	胙	0	
tac	柞	0	
tac	昨	0	
tac	笮	0	
tac	酢	0	
tac	凿	0	
tac	鈼	0	
tac	煠	0	
tac	錾	0	
tac	鏨	0	
tac	鑿	0	
tac	𮢶	0	
tach	㶤	0	
tach	𬋗	0	
tach	𬋚	0	
tai	扗	0	
tai	在	0	
tam	暂	0	
tam	凿	0	
tam	暫	0	
tam	錾	0	
tam	蹔	0	
tam	鏨	0	
tam	鑿	0	
tan	便	0	
tan	羡	0	
tang	脏	0	
tang	藏	0	
tang	臟	0	
tanh	浄	0	
tanh	情	0	
tanh	淨	0	
tanh	晴	0	
tanh	𬰆	0	
tanh	𩄳	0	
tao	皂	0	
tao	皁	0	
tao	造	0	
tao	𢲵	0	
tap	卅	0	
tap	匝	0	
tap	卡	0	
tap	卉	0	
tap	朶	0	
tap	杂	0	
tap	朵	0	
tap	咔	0	
tap	襍	0	
tap	雜	0	
tat	拶	0	
tat	悉	0	
tat	𢴑	0	
ta	左	0	
ta	写	0	
ta	佐	0	
ta	𣳇	0	
ta	姐	0	
ta	𪭥	0	
ta	泻	0	
ta	沱	0	
ta	袏	0	
ta	寫	0	
ta	瀉	0	
tai	代	0	
tai	再	0	
tai	载	0	
tai	載	0	
tam	崭	0	
tam	嶄	0	
tam	糁	0	
tam	糝	0	
tan	伞	0	
tan	散	0	
tan	傘	0	
tan	撒	0	
tang	驵	0	
tang	喪	0	
tang	散	0	
tang	搡	0	
tang	嗓	0	
tang	𣉕	0	
tang	駔	0	
tang	磉	0	
tang	颡	0	
tang	顙	0	
tao	早	0	
tao	扫	0	
tao	枣	0	
tao	蚤	0	
tao	倒	0	
tao	掃	0	
tao	棗	0	
tao	漕	0	
tao	缲	0	
tao	澡	0	
tao	繰	0	
tao	藻	0	
tac	则	0	
tac	則	0	
tac	𡬷	0	
tac	𫴯	0	
tam	心	0	
tam	沁	0	
tam	吣	0	
tam	㤈	0	
tam	抋	0	
tam	𬌓	0	
tam	𬌔	0	
tam	𣅵	0	
tam	𥹀	0	
tam	𥺑	0	
tam	糁	0	
tam	𤗲	0	
tam	糝	0	
tan	讯	0	
tan	汛	0	
tan	迅	0	
tan	进	0	
tan	訊	0	
tan	晉	0	
tan	晋	0	
tan	進	0	
tan	缙	0	
tan	摈	0	
tan	殡	0	
tan	縉	0	
tan	擯	0	
tan	殯	0	
tan	鬓	0	
tan	鬢	0	
tan	繁	0	
tan	縉	0	
tap	习	0	
tap	匝	0	
tap	卌	0	
tap	㧜	0	
tap	笠	0	
tap	習	0	
tap	集	0	
tap	摺	0	
tap	漝	0	
tap	潗	0	
tap	㗱	0	
tat	必	0	
tat	毕	0	
tat	哔	0	
tat	畢	0	
tat	悉	0	
tat	筚	0	
tat	跸	0	
tat	蓽	0	
tat	嗶	0	
tat	𢴑	0	
tat	漆	0	
tat	膝	0	
tat	㮿	0	
tat	窸	0	
tat	篳	0	
tat	蟋	0	
tat	蹕	0	
tat	鞸	0	
tat	𭔎	0	
tau	奏	0	
tau	凑	0	
tau	湊	0	
tau	辏	0	
tau	𥯪	0	
tau	𧎝	0	
tau	輳	0	
tau	䈹	0	
tay	治	0	
tay	𤞕	0	
tay	𤶈	0	
tam	寻	0	
tam	吣	0	
tam	𣅵	0	
tam	浔	0	
tam	荨	0	
tam	埁	0	
tam	尋	0	
tam	鲟	0	
tam	潯	0	
tam	蕁	0	
tam	樳	0	
tam	燖	0	
tam	蟳	0	
tam	䕭	0	
tam	鱏	0	
tam	鱘	0	
tan	苹	0	
tan	烬	0	
tan	秦	0	
tan	频	0	
tan	嫔	0	
tan	𬞟	0	
tan	螓	0	
tan	頻	0	
tan	燖	0	
tan	濒	0	
tan	嬪	0	
tan	燼	0	
tan	蘋	0	
tan	嚬	0	
tan	瀕	0	
tan	颦	0	
tan	顰	0	
tang	层	0	
tang	曾	0	
tang	層	0	
tau	槽	0	
tau	艚	0	
tay	𪲎	0	
tay	櫅	0	
tau	𣇞	0	
tau	揌	0	
tam	沁	0	
tam	吣	0	
tam	吢	0	
tam	籸	0	
tam	浸	0	
tam	唚	0	
tam	锓	0	
tam	𠸬	0	
tam	寝	0	
tam	寢	0	
tam	糁	0	
tam	鋟	0	
tam	糝	0	
tan	怎	0	
tan	烬	0	
tan	燼	0	
tau	斗	0	
tau	赱	0	
tau	走	0	
tau	叟	0	
tau	嫂	0	
tau	搂	0	
tau	揍	0	
tau	蒌	0	
tau	摟	0	
tau	蔞	0	
tau	瞍	0	
tau	謏	0	
tau	薮	0	
tau	擞	0	
tau	藪	0	
tau	擻	0	
tay	洗	0	
tay	洒	0	
tan	牝	0	
tan	烬	0	
tan	膑	0	
tan	殡	0	
tan	藎	0	
tan	臏	0	
tan	殯	0	
tan	燼	0	
tan	髌	0	
tan	髕	0	
tan	尽	0	
tan	侭	0	
tan	𫩺	0	
tan	羡	0	
tan	盡	0	
tan	儘	0	
tap	习	0	
tap	咠	0	
tap	習	0	
tap	袭	0	
tap	戢	0	
tap	缉	0	
tap	集	0	
tap	葺	0	
tap	辑	0	
tap	蓻	0	
tap	㗩	0	
tap	𠍱	0	
tap	潗	0	
tap	緝	0	
tap	㗱	0	
tap	褶	0	
tap	輯	0	
tap	襲	0	
tat	疾	0	
tat	蒺	0	
tat	嫉	0	
tau	酉	0	
tau	𧷹	0	
tac	则	0	
tac	則	0	
tac	悉	0	
tac	塞	0	
tac	稷	0	
tac	𬜊	0	
tac	鰂	0	
tam	寻	0	
tam	沁	0	
tam	浸	0	
tam	𫴭	0	
tam	渗	0	
tam	𪶚	0	
tam	尋	0	
tam	𬈞	0	
tam	滲	0	
tan	晋	0	
tan	晉	0	
tang	甑	0	
tang	蹭	0	
tap	集	0	
tap	𬑚	0	
tap	潗	0	
tat	必	0	
tat	𤇩	0	
tat	炪	0	
tat	悉	0	
tat	㴽	0	
tat	熄	0	
tat	𢴑	0	
tat	𪬤	0	
tat	𤎕	0	
tat	㮿	0	
tat	𨄠	0	
tat	蹯	0	
tam	寻	0	
tam	蚕	0	
tam	尋	0	
tam	𣎟	0	
tam	蟳	0	
tam	蠶	0	
tan	殡	0	
tan	殯	0	
tan	蘋	0	
tan	𫵍	0	
tang	层	0	
tang	曾	0	
tang	嶒	0	
tang	層	0	
tam	心	0	
tam	𡉾	0	
tang	赠	0	
tang	贈	0	
tac	贼	0	
tac	賊	0	
tang	赠	0	
tang	贈	0	
teo	悄	0	
teo	勦	0	
teo	嫖	0	
teo	𡮯	0	
tep	捷	0	
tep	㨗	0	
tet	绝	0	
tet	絶	0	
te	矢	0	
te	𢗽	0	
te	𦙟	0	
te	宰	0	
te	粃	0	
te	𢟓	0	
te	𥻮	0	
te	穉	0	
tem	𬊬	0	
teo	小	0	
teo	⺌	0	
ten	𢤣	0	
ten	𫻔	0	
ten	𬚂	0	
te	际	0	
te	细	0	
te	济	0	
te	細	0	
te	祭	0	
te	婿	0	
te	壻	0	
te	際	0	
te	蔽	0	
te	漈	0	
te	濟	0	
te	𨄊	0	
te	𬶭	0	
te	鰶	0	
tech	昔	0	
tech	㳻	0	
tech	跡	0	
tech	踖	0	
tech	𫗸	0	
tet	节	0	
tet	節	0	
tet	緤	0	
teu	最	0	
te	齐	0	
te	斉	0	
te	荠	0	
te	蛴	0	
te	齊	0	
te	薺	0	
te	蠐	0	
tenh	卡	0	
tenh	𫠢	0	
te	仔	0	
te	挤	0	
te	宰	0	
te	崽	0	
te	擠	0	
tenh	井	0	
tenh	省	0	
tenh	𢜫	0	
te	剂	0	
te	裼	0	
te	霁	0	
te	鲚	0	
te	劑	0	
te	霽	0	
te	鱭	0	
tenh	井	0	
tenh	省	0	
tenh	省	0	
te	币	0	
te	毙	0	
te	敝	0	
te	跻	0	
te	弊	0	
te	幣	0	
te	斃	0	
te	躋	0	
tech	𢗇	0	
tech	𢗚	0	
tep	牒	0	
ti	亿	0	
ti	比	0	
ti	汜	0	
ti	地	0	
ti	姊	0	
ti	姉	0	
ti	妣	0	
ti	兕	0	
ti	细	0	
ti	秭	0	
ti	俾	0	
ti	笫	0	
ti	玺	0	
ti	細	0	
ti	徙	0	
ti	葸	0	
ti	媲	0	
ti	屣	0	
ti	億	0	
ti	璽	0	
ti	譬	0	
tia	宰	0	
tia	𢲟	0	
tim	𠺸	0	
tim	潜	0	
tim	潛	0	
tin	井	0	
tin	𨥙	0	
tin	𨩠	0	
tinh	井	0	
tinh	阱	0	
tinh	定	0	
tinh	性	0	
tinh	星	0	
tinh	省	0	
tinh	穽	0	
tinh	醒	0	
ti	巳	0	
ti	比	0	
ti	汜	0	
ti	仳	0	
ti	𣈢	0	
ti	痹	0	
ti	痺	0	
ti	𤷒	0	
ti	鼻	0	
ti	箅	0	
ti	避	0	
tia	地	0	
tich	夕	0	
tich	汐	0	
tich	矽	0	
tich	穸	0	
tich	席	0	
tich	𠴫	0	
tich	寂	0	
tich	腊	0	
tich	舄	0	
tich	蓆	0	
tich	辟	0	
tich	僻	0	
tich	擗	0	
tich	藉	0	
tich	癖	0	
tich	籍	0	
tich	闢	0	
tinh	并	0	
tinh	净	0	
tinh	並	0	
tinh	浄	0	
tinh	凈	0	
tinh	竝	0	
tinh	淨	0	
tinh	靓	0	
tinh	靖	0	
tinh	靚	0	
tit	节	0	
tit	绝	0	
tit	絶	0	
tit	節	0	
tit	𠾼	0	
tiu	悄	0	
tiu	勦	0	
tiu	𡮯	0	
to	聚	0	
to	𨃼	0	
toc	𢬳	0	
toc	族	0	
tong	诵	0	
tong	誦	0	
top	杂	0	
top	咂	0	
top	雜	0	
tot	突	0	
tot	揬	0	
tot	踤	0	
tot	𨃍	0	
to	诉	0	
to	祖	0	
to	赌	0	
to	訴	0	
to	𤍄	0	
to	𤍊	0	
to	賭	0	
to	𤏣	0	
to	𤑟	0	
toi	队	0	
toi	隊	0	
toi	啐	0	
toi	蒜	0	
toi	蕞	0	
ton	损	0	
ton	損	0	
tong	总	0	
tong	總	0	
tong	𤄋	0	
tot	突	0	
to	作	0	
to	诉	0	
to	泝	0	
to	素	0	
to	做	0	
to	訴	0	
to	溯	0	
to	遡	0	
to	嫊	0	
to	嗉	0	
to	塑	0	
to	𤠚	0	
to	愫	0	
to	榡	0	
to	愬	0	
to	𩗃	0	
to	膆	0	
to	𩘣	0	
toc	速	0	
toc	谡	0	
toc	䇿	0	
toc	觫	0	
toc	𫂙	0	
toc	䔩	0	
toc	謖	0	
toc	蹜	0	
toc	？	0	
toi	对	0	
toi	谇	0	
toi	埣	0	
toi	啐	0	
toi	啛	0	
toi	晬	0	
toi	最	0	
toi	碎	0	
toi	對	0	
toi	䘹	0	
toi	誶	0	
toi	𣋁	0	
toi	𥊴	0	
ton	逊	0	
ton	捘	0	
ton	损	0	
ton	巽	0	
ton	損	0	
ton	遜	0	
ton	潠	0	
ton	噀	0	
ton	𦠆	0	
tong	宋	0	
tong	送	0	
tong	综	0	
tong	綜	0	
top	𠇽	0	
top	咂	0	
top	𪨞	0	
tot	卒	0	
tot	埣	0	
tot	捽	0	
tot	崒	0	
tot	崪	0	
tot	𡨧	0	
tot	椊	0	
tot	稡	0	
tot	𧍉	0	
tot	䘹	0	
tot	踤	0	
tot	𬙼	0	
tot	𩫛	0	
tot	𡄰	0	
to	徂	0	
to	殂	0	
to	𣹖	0	
toi	搉	0	
toi	摧	0	
toi	頺	0	
ton	存	0	
ton	吨	0	
ton	拵	0	
tong	从	0	
tong	同	0	
tong	從	0	
tong	𬴚	0	
to	杜	0	
to	组	0	
to	祖	0	
to	組	0	
ton	损	0	
ton	損	0	
ton	撙	0	
ton	噂	0	
ton	𦠆	0	
tong	总	0	
tong	桶	0	
tong	縂	0	
tong	總	0	
to	阼	0	
to	祚	0	
toc	族	0	
toc	𩺯	0	
toi	队	0	
toi	隊	0	
toi	罪	0	
toi	辠	0	
toi	𩵽	0	
tong	诵	0	
tong	誦	0	
top	㗱	0	
tot	卒	0	
to	四	0	
to	伵	0	
to	佐	0	
to	𫪸	0	
toi	细	0	
toi	細	0	
toi	𬧐	0	
ton	晋	0	
ton	晉	0	
top	集	0	
to	词	0	
to	祠	0	
to	詞	0	
to	子	0	
to	汓	0	
to	椊	0	
toi	代	0	
tom	𢟖	0	
tom	𠺸	0	
ton	散	0	
to	似	0	
to	字	0	
to	自	0	
ton	羡	0	
ton	羨	0	
ton	𪞼	0	
top	集	0	
tu	袖	0	
tu	聚	0	
tu	褎	0	
tuc	俗	0	
tuc	续	0	
tuc	𠸘	0	
tuc	續	0	
tui	对	0	
tui	最	0	
tui	罪	0	
tui	對	0	
tui	𠏭	0	
tui	𭋈	0	
tum	𡗎	0	
tung	从	0	
tung	讼	0	
tung	诵	0	
tung	颂	0	
tung	從	0	
tung	訟	0	
tung	頌	0	
tung	誦	0	
tung	𠏭	0	
tut	𢫫	0	
tu	匬	0	
tu	𣗿	0	
tu	䈹	0	
tua	锁	0	
tua	鎖	0	
tui	怼	0	
tui	淬	0	
tui	啐	0	
tui	悴	0	
tui	碎	0	
tui	𢢇	0	
tui	𢣃	0	
tui	𡀬	0	
tui	懟	0	
tui	𫻣	0	
tum	𠺸	0	
tun	损	0	
tun	損	0	
tung	㧐	0	
tung	怂	0	
tung	悚	0	
tung	耸	0	
tung	聋	0	
tung	傱	0	
tung	慫	0	
tung	聳	0	
tung	㩳	0	
tung	聾	0	
tuy	𦢩	0	
tu	四	0	
tu	伺	0	
tu	驷	0	
tu	泗	0	
tu	思	0	
tu	恣	0	
tu	渍	0	
tu	赐	0	
tu	肆	0	
tu	漬	0	
tu	賜	0	
tu	駟	0	
tua	泗	0	
tuc	即	0	
tuc	卽	0	
tuc	息	0	
tuc	媳	0	
tuc	熄	0	
tuc	㮩	0	
tuc	螅	0	
tun	辛	0	
tu	自	0	
tu	词	0	
tu	抒	0	
tu	祠	0	
tu	瓷	0	
tu	徐	0	
tu	詞	0	
tu	辝	0	
tu	慈	0	
tu	蒣	0	
tu	甆	0	
tu	辞	0	
tu	磁	0	
tu	䟻	0	
tu	辤	0	
tu	辭	0	
tua	似	0	
tung	层	0	
tung	曾	0	
tung	频	0	
tung	層	0	
tung	頻	0	
tung	𡃆	0	
tu	子	0	
tu	𡤼	0	
tu	仔	0	
tu	死	0	
tu	𤜭	0	
tu	沮	0	
tu	虸	0	
tu	籽	0	
tu	茈	0	
tu	梓	0	
tu	崽	0	
tu	紫	0	
tu	訾	0	
tu	榟	0	
tu2	𡤼	0	
tua	虸	0	
tuu	酒	0	
tu	礻	0	
tu	字	0	
tu	自	0	
tu	寺	0	
tu	汜	0	
tu	似	0	
tu	祀	0	
tu	序	0	
tu	汿	0	
tu	沁	0	
tu	姒	0	
tu	饲	0	
tu	沮	0	
tu	食	0	
tu	㭒	0	
tu	叙	0	
tu	牸	0	
tu	敘	0	
tu	敍	0	
tu	绪	0	
tu	耜	0	
tu	絮	0	
tu	飼	0	
tu	嗣	0	
tu	緒	0	
tu	飼	0	
tu	禩	0	
tua	似	0	
tua	序	0	
tua	𢭸	0	
tua	揨	0	
tuu	就	0	
tuu	僦	0	
tuu	鹫	0	
tuu	鷲	0	
ty	脾	0	
ty	琵	0	
ty	姉	0	
ty	姊	0	
ty	葸	0	
ty	璽	0	
u	纡	0	
u	呜	0	
u	呦	0	
u	怮	0	
u	紆	0	
u	幽	0	
u	𠶑	0	
u	𢉾	0	
u	㗀	0	
u	麀	0	
u	𡠄	0	
u	嗚	0	
u	黝	0	
ua	呙	0	
ua	咼	0	
ui	𣉍	0	
um	喑	0	
um	𤋾	0	
un	煴	0	
ung	邕	0	
ung	痈	0	
ung	雍	0	
ung	壅	0	
ung	臃	0	
ung	雝	0	
ung	饔	0	
ung	𩍓	0	
ung	癰	0	
ung	齆	0	
uy	威	0	
uy	倭	0	
uy	葳	0	
uy	喂	0	
uy	餵	0	
uyen	鸳	0	
uyen	渊	0	
uyen	淵	0	
uyen	鴛	0	
uyen	𪂦	0	
uyen	鵷	0	
uyet	哕	0	
uyet	噦	0	
uyen	园	0	
uyen	苑	0	
uyen	宛	0	
uyen	剜	0	
uyen	菀	0	
uyen	惋	0	
uyen	婉	0	
uyen	捥	0	
uyen	腕	0	
uyen	園	0	
uyen	碗	0	
uyen	蜿	0	
uyen	豌	0	
ua	𫵭	0	
ua	𦼇	0	
ua	𬅂	0	
uan	氲	0	
uom	揞	0	
uong	尢	0	
uong	尣	0	
uong	汪	0	
uong	尪	0	
uong	枉	0	
uong	𠴝	0	
uy	畏	0	
uy	尉	0	
uy	蔚	0	
uy	熨	0	
uy	慰	0	
uynh	茔	0	
uynh	塋	0	
ua	噁	0	
ua	呙	0	
ua	咼	0	
ua	𢝸	0	
uat	㲸	0	
uat	郁	0	
uat	蔚	0	
uat	熨	0	
uat	鬱	0	
uan	酝	0	
uan	缊	0	
uan	愠	0	
uan	蕴	0	
uan	緼	0	
uan	醖	0	
uan	韞	0	
uan	藴	0	
uay	唩	0	
ue	委	0	
ue	荟	0	
ue	秽	0	
ue	痿	0	
ue	濊	0	
ue	薈	0	
ue	穢	0	
ue	濊	0	
uon	宛	0	
uon	𢏿	0	
uon	捥	0	
uon	婉	0	
uon	揾	0	
uon	蕴	0	
uon	藴	0	
uon	𢺝	0	
uong	㕵	0	
uong	枉	0	
uong	𠴝	0	
uong	𠶖	0	
uong	㳹	0	
uong	枉	0	
uy	萎	0	
uy	委	0	
uy	逶	0	
uy	喂	0	
uy	熨	0	
uy	䰀	0	
va	巴	0	
va	𠇕	0	
va	㧑	0	
va	𠳿	0	
va	𢯠	0	
va	撝	0	
va	𢁍	0	
va	𧥔	0	
vai	埋	0	
vai	𬝗	0	
vai	𣘾	0	
vai	𪤿	0	
vai	𬛕	0	
vai	㬙	0	
vai	𦠘	0	
vai	𦢳	0	
van	呅	0	
van	援	0	
van	𠺺	0	
van	𠹚	0	
van	𫾖	0	
vang	荣	0	
vang	咣	0	
vang	㮠	0	
vang	榮	0	
vang	𤾔	0	
vang	𪟸	0	
vang	㘇	0	
vang	𣞁	0	
vanh	荣	0	
vanh	㨲	0	
vanh	榮	0	
vanh	蝾	0	
vanh	嶸	0	
vanh	㩞	0	
vanh	蠑	0	
vay	为	0	
vay	围	0	
vay	㧑	0	
vay	為	0	
vay	圍	0	
vay	爲	0	
vay	撝	0	
vay	噅	0	
vay	𢠿	0	
vay	𬋱	0	
vay	𧹋	0	
ve	为	0	
ve	為	0	
ve	爲	0	
ve	𬠄	0	
ve	𡐮	0	
ve	𢠿	0	
ve	䃣	0	
ve	蟡	0	
ve	𤳰	0	
ven	边	0	
ven	𫩸	0	
ven	院	0	
ven	埙	0	
ven	铅	0	
ven	塤	0	
ven	鉛	0	
ven	𫑊	0	
ven	邊	0	
veo	为	0	
veo	為	0	
veo	𣷴	0	
veo	爲	0	
veo	漂	0	
veo	𣽆	0	
veo	𤅜	0	
vi	囗	0	
vi	韦	0	
vi	为	0	
vi	苇	0	
vi	闱	0	
vi	违	0	
vi	围	0	
vi	㧑	0	
vi	帏	0	
vi	為	0	
vi	韋	0	
vi	葦	0	
vi	幃	0	
vi	圍	0	
vi	違	0	
vi	爲	0	
vi	喡	0	
vi	微	0	
vi	溦	0	
vi	撝	0	
vi	潙	0	
vi	㺔	0	
vi	䈧	0	
vi	薇	0	
vi	闈	0	
vi	𩻟	0	
vin	圆	0	
vin	损	0	
vin	援	0	
vin	圓	0	
vin	損	0	
vin	楥	0	
vinh	荣	0	
vinh	萦	0	
vinh	榮	0	
vinh	蝾	0	
vinh	縈	0	
vinh	㩞	0	
vinh	㘇	0	
vinh	蠑	0	
vioong	𪽃	0	
viooc	𪽁	0	
viang	𠳐	0	
viem	炎	0	
vien	园	0	
vien	员	0	
vien	垣	0	
vien	爰	0	
vien	袁	0	
vien	圆	0	
vien	員	0	
vien	援	0	
vien	湲	0	
vien	圓	0	
vien	園	0	
vien	猿	0	
vien	𧻚	0	
vien	辕	0	
vien	圜	0	
vien	轅	0	
vioi	倍	0	
vioi	赔	0	
vioi	賠	0	
viac	別	0	
vie	𬎵	0	
viec	白	0	
vieng	永	0	
vieng	咏	0	
vieng	𠶇	0	
viet	曰	0	
viet	𢯮	0	
vien	𧜘	0	
vien	𧟁	0	
viec	役	0	
vien	远	0	
vien	遠	0	
vien	远	0	
vien	遠	0	
viec	役	0	
vien	院	0	
vien	媛	0	
vien	援	0	
viet	戉	0	
viet	粤	0	
viet	越	0	
viet	鉞	0	
viet	𩿠	0	
viet	樾	0	
viet	𧑅	0	
vo	于	0	
vo	吁	0	
vo	汙	0	
vo	扜	0	
vo	纡	0	
vo	呋	0	
vo	紆	0	
voi	𤠅	0	
voi	㺔	0	
voi	𤢇	0	
von	文	0	
von	芃	0	
von	员	0	
von	員	0	
von	喯	0	
von	葻	0	
von	𡻖	0	
von	𠹚	0	
von	𪡫	0	
vong	亡	0	
vong	芒	0	
vong	忘	0	
vu	于	0	
vu	吁	0	
vu	圩	0	
vu	扜	0	
vu	纡	0	
vu	迂	0	
vu	芋	0	
vu	杅	0	
vu	巫	0	
vu	庑	0	
vu	芜	0	
vu	盂	0	
vu	紆	0	
vu	虶	0	
vu	竽	0	
vu	诬	0	
vu	雩	0	
vu	誣	0	
vu	廡	0	
vu	蕪	0	
vua	君	0	
vua	𢁨	0	
vua	𢂜	0	
vua	𤤰	0	
vua	𪻟	0	
vua	𢃊	0	
vua	𪼀	0	
vui	盃	0	
vui	𠸟	0	
vui	𢝙	0	
vui	𬐩	0	
vui	𢠿	0	
vui	𣡝	0	
vun	坟	0	
vun	抆	0	
vun	𡍋	0	
vun	捹	0	
vun	𢱔	0	
vun	𢶻	0	
vung	𪢷	0	
vung	𡍙	0	
vung	捹	0	
vung	𡑵	0	
vung	𢶻	0	
vuong	方	0	
vuong	𣃱	0	
vuong	𣃲	0	
vuong	𪯵	0	
vuong	𣄇	0	
vuong	𩖫	0	
vuong	𪯾	0	
vuong	𣄖	0	
vuoi	贝	0	
vuoi	貝	0	
vuot	爪	0	
vuot	孛	0	
vuot	猝	0	
vuot	捽	0	
vuot	𪺨	0	
vuot	𬋰	0	
vuot	潷	0	
vuot	𤢇	0	
vuot	𢴩	0	
vuot	𢵼	0	
vuot	𤔯	0	
vuot	𤏫	0	
vya	𠇕	0	
va	为	0	
va	吧	0	
va	為	0	
va	𡝕	0	
va	𢯓	0	
va	𢯠	0	
va	颇	0	
va	𢽼	0	
va	爲	0	
va	喡	0	
va	頗	0	
va	𪽡	0	
va	𬏓	0	
va	𣀟	0	
vai	𠄧	0	
vai	吧	0	
vai	盃	0	
vai	排	0	
vai	𢽼	0	
vai	𠄽	0	
vai	𫿟	0	
vai	𭷽	0	
vam	汛	0	
vam	𪵬	0	
van	万	0	
van	萬	0	
vang	黄	0	
vang	黃	0	
vang	傍	0	
vang	横	0	
vang	癀	0	
vang	𨱑	0	
vang	鐄	0	
vanh	永	0	
vanh	栐	0	
vanh	荣	0	
vanh	望	0	
vanh	𤗖	0	
vanh	㮠	0	
vanh	榮	0	
vanh	𥯋	0	
vanh	鋉	0	
vanh	𫒥	0	
vanh	𣞁	0	
vanh	鑅	0	
vao	包	0	
vao	皮	0	
vao	𠓨	0	
vao	瓢	0	
vay	㧑	0	
vay	𢯷	0	
vay	撝	0	
va	补	0	
va	拍	0	
va	補	0	
va	𦀪	0	
va	播	0	
vac	扒	0	
vac	𢫣	0	
vac	域	0	
vac	越	0	
vac	博	0	
vac	搏	0	
vac	𦠰	0	
vac	𫆶	0	
vach	𫨅	0	
vach	𡋦	0	
vach	壁	0	
vach	璧	0	
vai	拜	0	
vai	捤	0	
vai	𠳿	0	
vai	㗑	0	
vai	𣍁	0	
van	板	0	
van	版	0	
van	换	0	
van	換	0	
van	𥯈	0	
vang	往	0	
vang	𠗤	0	
vang	𤷮	0	
vang	𫃮	0	
vang	㾿	0	
vanh	永	0	
vao	报	0	
vao	報	0	
vao	𢵨	0	
vao	𠾷	0	
vap	叭	0	
vap	趴	0	
vat	扒	0	
vat	叭	0	
vat	趴	0	
vat	越	0	
vay	𢭶	0	
vay	荱	0	
vay	𧚟	0	
vay	𬡮	0	
vam	𠢝	0	
van	云	0	
van	芸	0	
van	纭	0	
van	纹	0	
van	紋	0	
van	紜	0	
van	耘	0	
van	雲	0	
van	溳	0	
van	蕓	0	
vang	邦	0	
vang	𠳐	0	
vang	𢀥	0	
vay	为	0	
vay	𡆫	0	
vay	為	0	
vay	悲	0	
vay	圍	0	
vay	爲	0	
vay	渭	0	
vay	𪩼	0	
vay	㺔	0	
vay	𬵎	0	
vay	𩼀	0	
vay	𩻟	0	
vay	𩻺	0	
va	巴	0	
va	且	0	
va	尾	0	
va	把	0	
va	浘	0	
va	𠳿	0	
va	渚	0	
va	𪬎	0	
va	𨁱	0	
va	𡳎	0	
va	𤀞	0	
va	𨘘	0	
vai	尾	0	
vai	𠉜	0	
vai	娓	0	
vai	𢭶	0	
vai	捤	0	
vai	𫱬	0	
van	往	0	
van	挽	0	
van	娩	0	
van	晚	0	
van	輓	0	
vang	往	0	
vay	尾	0	
vay	捤	0	
ve	圍	0	
ve	椲	0	
ve	噅	0	
ve	𥢬	0	
ven	员	0	
ven	員	0	
veo	𠶓	0	
veo	瓢	0	
ve	派	0	
ven	爰	0	
ven	𢯝	0	
ven	援	0	
veo	表	0	
veo	㧼	0	
veo	𠶓	0	
vet	𢪏	0	
vet	𢵼	0	
vet	𧑅	0	
ve	为	0	
ve	㧑	0	
ve	為	0	
ve	爲	0	
ve	撝	0	
ven	𣗼	0	
venh	永	0	
venh	荣	0	
venh	榮	0	
venh	𬧘	0	
venh	𫤒	0	
veu	搖	0	
veu	𩩩	0	
veu	𨆺	0	
vi	为	0	
vi	位	0	
vi	為	0	
vi	𪰛	0	
vi	爲	0	
vi	为	0	
vi	比	0	
vi	𡆫	0	
vi	為	0	
vi	啻	0	
vi	圍	0	
vi	喟	0	
vi	爲	0	
vi	𠸠	0	
vi	𣖞	0	
vi	譬	0	
via	𤽶	0	
via	𩴅	0	
via	𩴬	0	
via	𡳺	0	
via	𩏳	0	
vich	擗	0	
vich	𬠲	0	
vich	𧓮	0	
vich	𧕀	0	
vich	𩼢	0	
vinh	咏	0	
vit	曰	0	
vit	𢪏	0	
vit	𥿀	0	
viu	㧼	0	
viu	裱	0	
vo	于	0	
vo	圩	0	
vo	宇	0	
vo	纡	0	
vo	扜	0	
vo	紆	0	
vo	虶	0	
vo	趶	0	
vo	𧋂	0	
vo	嘸	0	
voi	𡸏	0	
voi	𠴖	0	
voi	㖣	0	
voi	喑	0	
voi	赔	0	
voi	𦞑	0	
voi	賠	0	
voi	䈧	0	
voi	𦠽	0	
voi	𬹰	0	
vom	𡴉	0	
vom	𢊫	0	
vong	妄	0	
vong	𤥑	0	
vong	釯	0	
vong	望	0	
vong	𥿺	0	
vong	𠺯	0	
vong	𨦩	0	
vong	𫒥	0	
vo	布	0	
vo	𫃚	0	
vo	咘	0	
vo	𥿠	0	
vo	𨀒	0	
vo	𥱴	0	
voc	朴	0	
voc	𦘱	0	
voc	𫃚	0	
voc	𨈒	0	
voc	樸	0	
voc	𦄾	0	
voc	纀	0	
voi	𢭲	0	
vong	罔	0	
vong	𣶈	0	
vot	孛	0	
vot	挬	0	
vot	啐	0	
vot	越	0	
vot	𢴩	0	
vot	𡼸	0	
vot	𬴟	0	
vo	亡	0	
vo	毋	0	
vo	毌	0	
vo	无	0	
vo	無	0	
vo	𠓺	0	
voi	灰	0	
voi	盃	0	
voi	𪿙	0	
voi	梖	0	
voi	𥔦	0	
vong	𣒾	0	
vong	𣜳	0	
vo	宇	0	
vo	羽	0	
vo	疗	0	
vo	武	0	
vo	㽳	0	
vong	罒	0	
vong	网	0	
vong	罔	0	
vong	𣶈	0	
vong	惘	0	
vong	䋞	0	
vong	辋	0	
vong	網	0	
vong	𫒥	0	
vong	輞	0	
vong	魍	0	
vu	吁	0	
vu	圩	0	
vua	圩	0	
vua	扶	0	
vui	洃	0	
vui	盃	0	
vui	倍	0	
vui	培	0	
vui	𢮏	0	
vui	焙	0	
vui	𡏧	0	
vui	𣼯	0	
vui	𫮷	0	
vun	湓	0	
vung	用	0	
vung	𣳔	0	
vung	逢	0	
vung	漨	0	
vung	摓	0	
vung	塳	0	
vung	𤀘	0	
vung	𫧜	0	
vung	𤂧	0	
vung	𡓄	0	
vu	布	0	
vu	乳	0	
vu	咘	0	
vu	𡝦	0	
vu	𠄀	0	
vu	𦜘	0	
vu	𬋲	0	
vuc	𥃨	0	
vut	孛	0	
van	文	0	
van	彣	0	
van	纹	0	
van	炆	0	
van	闻	0	
van	紋	0	
van	蚊	0	
van	雯	0	
van	聞	0	
vang	文	0	
vang	冰	0	
vang	荣	0	
vang	挷	0	
vang	榮	0	
vang	㩞	0	
vi	伟	0	
vi	纬	0	
vi	尾	0	
vi	玮	0	
vi	炜	0	
vi	浘	0	
vi	娓	0	
vi	荱	0	
vi	梶	0	
vi	偉	0	
vi	𥒮	0	
vi	𢯷	0	
vi	爲	0	
vi	煒	0	
vi	椲	0	
vi	韪	0	
vi	瑋	0	
vi	緯	0	
vi	韙	0	
vinh	永	0	
vu	羽	0	
vu	宇	0	
vu	羽	0	
vu	妩	0	
vu	怃	0	
vu	庑	0	
vu	武	0	
vu	雨	0	
vu	禹	0	
vu	侮	0	
vu	哙	0	
vu	圄	0	
vu	圉	0	
vu	娬	0	
vu	鹉	0	
vu	舞	0	
vu	嫵	0	
vu	廡	0	
vu	憮	0	
vu	嘸	0	
vu	噲	0	
vu	橅	0	
vu	𨅐	0	
vu	鵡	0	
vum	𠴤	0	
vum	𨮍	0	
vung	凭	0	
vung	淎	0	
vung	漨	0	
vung	𤂧	0	
vo	为	0	
vo	巴	0	
vo	㧑	0	
vo	為	0	
vo	爲	0	
vo	撝	0	
voi	潙	0	
vu	廡	0	
vung	𠳐	0	
vuu	尢	0	
vuu	尤	0	
vuu	肬	0	
vuu	疣	0	
vuu	鱿	0	
vuu	魷	0	
vuon	爰	0	
vuon	援	0	
vuon	𫏖	0	
vuong	王	0	
vuong	𥿁	0	
vuong	王	0	
vuong	纺	0	
vuong	紡	0	
vuong	𥿁	0	
vuong	𦁽	0	
vuon	园	0	
vuon	園	0	
vuon	𡑰	0	
vuong	彷	0	
vuong	纺	0	
vuong	紡	0	
vuong	𥿁	0	
vuon	𢮵	0	
vuoc	䱛	0	
vuoc	鰔	0	
vuon	𤠴	0	
vuon	猿	0	
vuon	𤢥	0	
vuong	旺	0	
vuong	㳹	0	
vuot	越	0	
vuot	𣾼	0	
vuot	𨅿	0	
va	𥘑	0	
va	𫯨	0	
va	祸	0	
va	禍	0	
vac	或	0	
vac	𠟲	0	
vac	镬	0	
vac	𪂱	0	
vac	𫓆	0	
vac	鑊	0	
vac	𪅥	0	
vac	𪅫	0	
vac	鸌	0	
vach	划	0	
vach	画	0	
vach	拍	0	
vach	畫	0	
vach	畵	0	
vach	劃	0	
vach	㩇	0	
vach	攊	0	
vai	败	0	
vai	敗	0	
vai	㙕	0	
vai	𡏯	0	
vai	𡓎	0	
vam	淡	0	
vam	𦡣	0	
van	万	0	
van	伴	0	
van	往	0	
van	萬	0	
van	㘇	0	
vang	妄	0	
vang	往	0	
vang	暀	0	
vanh	永	0	
vanh	泳	0	
vanh	詠	0	
vat	拔	0	
vat	𧛌	0	
vat	蔑	0	
vat	𠟲	0	
vat	篾	0	
vat	𫌐	0	
vat	韈	0	
vat	𧟝	0	
vay	位	0	
vay	尾	0	
vay	𢭶	0	
vay	𣒠	0	
vay	𣌹	0	
vay	𣍁	0	
va	且	0	
va	把	0	
va	尾	0	
va	抯	0	
va	𠰺	0	
va	咀	0	
va	梶	0	
va	𡲤	0	
va	播	0	
va	𣛢	0	
vai	尾	0	
vai	败	0	
vai	梶	0	
vai	敗	0	
vai	𡲫	0	
vai	𦀿	0	
vai	𠎴	0	
vai	𣘓	0	
vai	𢅄	0	
vai	𦃿	0	
vai	𥜀	0	
vai	襎	0	
vai	𣞻	0	
vang	往	0	
vang	荡	0	
vang	徬	0	
vang	榜	0	
vang	蕩	0	
vanh	永	0	
vanh	𢫕	0	
vat	活	0	
vay	尾	0	
vay	捤	0	
vay	𪨖	0	
vay	𩷳	0	
vay	𩷛	0	
vay	𩺩	0	
van	问	0	
van	抆	0	
van	呡	0	
van	𢮵	0	
van	問	0	
van	缜	0	
van	縝	0	
van	𦄞	0	
van	璺	0	
vap	趿	0	
vat	曰	0	
vat	勿	0	
vat	𢪱	0	
vat	𢪥	0	
vau	𤓺	0	
vau	搆	0	
vay	渭	0	
van	云	0	
van	运	0	
van	運	0	
van	韵	0	
van	韻	0	
vang	晕	0	
vang	暈	0	
vau	苞	0	
vau	笣	0	
vau	筮	0	
vay	丕	0	
vay	𡆫	0	
vay	抺	0	
vay	𢯷	0	
vay	圍	0	
vay	喡	0	
vay	噅	0	
vay	𤎶	0	
vay	噽	0	
van	本	0	
van	刎	0	
van	问	0	
van	运	0	
van	吻	0	
van	沕	0	
van	染	0	
van	問	0	
van	運	0	
van	𣼶	0	
van	𪷡	0	
van	𪷦	0	
vay	𢫕	0	
vay	洒	0	
vay	浘	0	
vay	捤	0	
vay	𩷳	0	
vay	𩷛	0	
van	刎	0	
van	吻	0	
van	抆	0	
van	沕	0	
van	陨	0	
van	𫪏	0	
van	殒	0	
van	脗	0	
van	揾	0	
van	援	0	
van	隕	0	
van	殞	0	
vay	尾	0	
vay	𢭶	0	
vay	浘	0	
vay	捤	0	
van	运	0	
van	運	0	
van	韵	0	
van	𢶂	0	
van	韻	0	
vap	及	0	
vap	扱	0	
vap	𢪳	0	
vat	勿	0	
vat	𢪱	0	
vat	𢪥	0	
vat	沕	0	
vat	物	0	
vau	倍	0	
vay	丕	0	
vay	呸	0	
vac	閾	0	
van	半	0	
van	问	0	
van	𬑰	0	
van	𣫷	0	
van	問	0	
van	𠦯	0	
van	短	0	
van	𥏿	0	
van	𥐆	0	
van	𬑵	0	
van	𥐔	0	
vang	永	0	
vang	问	0	
vang	泳	0	
vang	咏	0	
vang	昹	0	
vang	問	0	
vang	𫴇	0	
vap	趿	0	
vat	勿	0	
vat	刎	0	
vat	𢪱	0	
vat	沕	0	
vat	物	0	
vat	𧉚	0	
vat	𧊎	0	
vat	𧊥	0	
vam	𨮍	0	
van	文	0	
van	纹	0	
van	彣	0	
van	𤝋	0	
van	紋	0	
vang	𢫕	0	
vang	𤇒	0	
vang	域	0	
vang	焩	0	
vang	𠒬	0	
vang	𠓅	0	
vac	域	0	
vang	永	0	
vang	刎	0	
vang	咏	0	
vang	詠	0	
vang	𠻵	0	
vat	勿	0	
vac	𤇢	0	
vac	畑	0	
vac	淢	0	
vac	域	0	
vac	𠸪	0	
vac	𤊨	0	
vac	𠒬	0	
van	问	0	
van	运	0	
van	抆	0	
van	沕	0	
van	紊	0	
van	問	0	
van	運	0	
van	𢱨	0	
van	𢴌	0	
van	𢶂	0	
vat	勿	0	
vat	𢪱	0	
vat	吻	0	
vat	物	0	
vem	䗊	0	
ven	院	0	
ven	援	0	
veo	表	0	
veo	挑	0	
veo	𣍅	0	
veo	𩬆	0	
veo	𪴽	0	
vet	越	0	
vet	𢵼	0	
vet	樾	0	
vet	𩿠	0	
vet	𪀚	0	
vet	𪆧	0	
vet	𬷲	0	
vet	𪇴	0	
ve	尾	0	
ve	彩	0	
ve	𢽙	0	
ve	𡲈	0	
ve	𨤔	0	
ve	𤳰	0	
ven	远	0	
ven	院	0	
ven	𬋫	0	
ven	援	0	
ven	遠	0	
veo	㧑	0	
veo	𣷴	0	
veo	㧼	0	
veo	撝	0	
ve	尾	0	
ve	捤	0	
ve	𡲈	0	
ve	𪽗	0	
ve	𡳒	0	
ve	𤳰	0	
ve	𦘧	0	
ve	𫆝	0	
ve	䏶	0	
ve	𦟼	0	
ve	髀	0	
vech	辟	0	
vet	曰	0	
vet	𤵖	0	
vet	𧿭	0	
vet	越	0	
veu	表	0	
veu	𨮶	0	
ve	卫	0	
ve	皮	0	
ve	㧑	0	
ve	𧗱	0	
ve	𬩍	0	
ve	衛	0	
ve	撝	0	
ve	𡗅	0	
venh	永	0	
venh	𢫕	0	
venh	秉	0	
venh	荣	0	
venh	𦕟	0	
venh	榮	0	
ve	卫	0	
ve	衛	0	
ve	衞	0	
vech	画	0	
vech	畫	0	
ven	纹	0	
ven	院	0	
ven	紋	0	
ven	援	0	
ven	𨻮	0	
vet	画	0	
vet	越	0	
vet	畫	0	
vet	𪽸	0	
vi	伟	0	
vi	彼	0	
vi	娓	0	
vi	𠳿	0	
vi	偉	0	
vi	䇻	0	
via	纬	0	
via	㙔	0	
via	緯	0	
vit	曰	0	
vi	为	0	
vi	汇	0	
vi	未	0	
vi	位	0	
vi	味	0	
vi	胃	0	
vi	為	0	
vi	洧	0	
vi	谓	0	
vi	猬	0	
vi	喟	0	
vi	爲	0	
vi	渭	0	
vi	彙	0	
vi	滙	0	
vi	匯	0	
vi	鲔	0	
vi	蝟	0	
vi	謂	0	
vi	鮪	0	
vim	埮	0	
vim	𥁷	0	
vin	援	0	
vinh	咏	0	
vinh	泳	0	
vinh	淎	0	
vinh	詠	0	
vit	鸭	0	
vit	𩿠	0	
vit	鴨	0	
vit	𪆧	0	
vit	𬷲	0	
vit	𪇴	0	
vo	𫪗	0	
vo	鹉	0	
vo	鹜	0	
vo	鵡	0	
vo	鶩	0	
vo	䳱	0	
voc	扑	0	
voc	撲	0	
voc	𡂈	0	
voi	位	0	
voi	𡸏	0	
voi	𠴖	0	
voi	培	0	
voi	𡻓	0	
voi	𬱎	0	
vom	𢭷	0	
von	远	0	
von	遠	0	
vong	妄	0	
vong	罔	0	
vong	望	0	
vop	𢯒	0	
vot	浡	0	
vot	挬	0	
vot	桲	0	
vot	𣔻	0	
vot	𨁝	0	
vot	潷	0	
vo	父	0	
vo	补	0	
vo	𤿍	0	
vo	𤿭	0	
vo	補	0	
vo	揰	0	
vo	蒲	0	
vo	𧁵	0	
voi	㺔	0	
voi	𥐋	0	
voi	𧸒	0	
von	本	0	
von	远	0	
von	㖹	0	
von	遠	0	
vo	布	0	
vo	𢷵	0	
voc	卜	0	
voi	梖	0	
voi	蓓	0	
voi	𦹶	0	
von	本	0	
von	呠	0	
vong	罔	0	
vo	抚	0	
vo	撫	0	
vo	橅	0	
vo	𨅮	0	
vom	禀	0	
von	盆	0	
von	㖹	0	
vong	虹	0	
vong	𡍙	0	
vong	釯	0	
vong	𡑵	0	
vo	𠱶	0	
vo	嘸	0	
vo	𬹷	0	
vong	棒	0	
vo	抚	0	
vo	怃	0	
vo	把	0	
vo	捕	0	
vo	𢯞	0	
vo	𢱖	0	
vo	舞	0	
vo	憪	0	
vo	嘸	0	
vo	撫	0	
vo	憮	0	
vo	𢷵	0	
voi	盃	0	
voi	茣	0	
voi	倍	0	
voi	踣	0	
voi	𫏚	0	
voi	𪬽	0	
voi	𫑒	0	
voi	𭉩	0	
vong	淎	0	
vo	㧑	0	
vo	𫼻	0	
vo	撝	0	
vo	播	0	
voi	为	0	
voi	贝	0	
voi	众	0	
voi	买	0	
voi	𠇍	0	
voi	貝	0	
voi	為	0	
voi	某	0	
voi	𢭲	0	
voi	買	0	
voi	𢱎	0	
voi	衆	0	
voi	喟	0	
voi	爲	0	
vot	扒	0	
vot	抇	0	
vot	𢬮	0	
vot	𣾼	0	
vot	𢵼	0	
vo	为	0	
vo	㧑	0	
vo	為	0	
vo	蚽	0	
vo	爲	0	
vo	𪝩	0	
vo	撝	0	
vo	噅	0	
vo	潙	0	
vo	蟡	0	
voi	为	0	
voi	㧑	0	
voi	為	0	
voi	排	0	
voi	爲	0	
voi	渭	0	
voi	𠼕	0	
voi	潙	0	
voi	撝	0	
voi	𡀪	0	
voi	𫬑	0	
von	运	0	
von	焉	0	
von	運	0	
von	援	0	
von	溳	0	
von	𫽭	0	
vo	𥒮	0	
vo	𫵡	0	
vo	𬁫	0	
vo	𡳩	0	
vo	𦅴	0	
von	往	0	
von	湲	0	
vo	𥑁	0	
vo	破	0	
vo	𥒮	0	
vo	𥓅	0	
vo	𥓶	0	
vo	𫮒	0	
vo	𨦦	0	
vo	𡳎	0	
vo	𥖑	0	
vo	𥖓	0	
vo	𥖖	0	
voi	𡳹	0	
vo	妇	0	
vo	𡞕	0	
vo	婦	0	
vo	嬏	0	
vo	𡢼	0	
voi	沬	0	
voi	喟	0	
voi	渭	0	
voi	潙	0	
von	𨆣	0	
vot	𦅲	0	
vu	务	0	
vu	杅	0	
vu	侮	0	
vu	務	0	
vu	骛	0	
vu	雾	0	
vu	舞	0	
vu	鹜	0	
vu	樗	0	
vu	霧	0	
vu	𩅗	0	
vu	騖	0	
vu	鶩	0	
vu	䳱	0	
vuc	𣱶	0	
vuc	扑	0	
vuc	𢪗	0	
vuc	撲	0	
vum	𢭷	0	
vun	𢫆	0	
vung	奉	0	
vung	俸	0	
vung	淎	0	
vung	唪	0	
vung	𢜗	0	
vung	𠺭	0	
vut	孛	0	
vut	挬	0	
vut	桲	0	
vut	𨁝	0	
vut	樾	0	
vut	𨅗	0	
vuc	朴	0	
vui	𧸒	0	
vung	妄	0	
vut	仏	0	
vut	佛	0	
vuc	帼	0	
vuc	域	0	
vuc	幅	0	
vuc	幗	0	
vut	𢪥	0	
vut	𢪱	0	
vut	𫽌	0	
vua	皮	0	
vua	𫹄	0	
vua	𪾆	0	
vua	𣃣	0	
vua	𣃤	0	
vua	𫵃	0	
vung	汇	0	
vung	晕	0	
vung	彙	0	
vung	暈	0	
vung	𣜸	0	
vung	𦾥	0	
vung	𥣐	0	
vung	𧁸	0	
vuc	域	0	
vua	㳪	0	
vung	任	0	
vung	凭	0	
vung	𠊡	0	
vua	备	0	
vua	𢯮	0	
vua	備	0	
vua	𢊑	0	
vua	𣖜	0	
vua	𥡘	0	
vuc	淢	0	
vuc	域	0	
vuc	堛	0	
vuc	蜮	0	
vuc	閾	0	
vuc	魊	0	
vung	汇	0	
vung	晕	0	
vung	彙	0	
vung	暈	0	
xa	又	0	
xa	叉	0	
xa	车	0	
xa	車	0	
xa	沙	0	
xa	佘	0	
xa	柁	0	
xa	砗	0	
xa	𢚷	0	
xa	赊	0	
xa	奢	0	
xa	𤥭	0	
xa	𬧲	0	
xa	硨	0	
xa	𬚞	0	
xa	賒	0	
xa	賖	0	
xaay	搓	0	
xai	猜	0	
xam	咁	0	
xam	搀	0	
xam	𥊀	0	
xam	縿	0	
xam	攙	0	
xan	飡	0	
xan	湎	0	
xan	餐	0	
xang	昌	0	
xang	控	0	
xang	唱	0	
xang	腔	0	
xang	𨖅	0	
xanh	青	0	
xanh	𥑥	0	
xanh	铛	0	
xanh	清	0	
xanh	赪	0	
xanh	鉎	0	
xanh	𩇛	0	
xanh	𫕹	0	
xanh	𫟰	0	
xanh	撑	0	
xanh	撐	0	
xanh	瞠	0	
xanh	錆	0	
xanh	𣛟	0	
xanh	赬	0	
xanh	𩇢	0	
xanh	鐣	0	
xanh	鐺	0	
xao	劳	0	
xao	抄	0	
xao	招	0	
xao	𢭂	0	
xao	哰	0	
xao	稍	0	
xao	勞	0	
xao	嗃	0	
xao	搞	0	
xao	滈	0	
xao	敲	0	
xao	𡁞	0	
xay	搓	0	
xay	槎	0	
xay	𡏦	0	
xay	𢴘	0	
xay	磋	0	
xe	车	0	
xe	車	0	
xe	𦀺	0	
xem	戈	0	
xem	占	0	
xem	𫀅	0	
xem	袩	0	
xem	䀡	0	
xem	𢔙	0	
xem	覘	0	
xem	䄡	0	
xen	扦	0	
xen	偏	0	
xen	𦍫	0	
xeo	跳	0	
xeo	摽	0	
xi	吹	0	
xi	侈	0	
xi	蚩	0	
xi	熾	0	
xia	廁	0	
xia	𥽤	0	
xin	吀	0	
xin	嗔	0	
xin	𡃑	0	
xinh	生	0	
xinh	青	0	
xinh	牲	0	
xinh	𦎡	0	
xinh	撑	0	
xinh	撐	0	
xinh	𣛟	0	
xiem	觇	0	
xiem	袩	0	
xiem	覘	0	
xiem	森	0	
xiem	暹	0	
xiem	幨	0	
xiem	襜	0	
xien	川	0	
xien	千	0	
xien	扦	0	
xien	吀	0	
xien	串	0	
xien	𠉟	0	
xien	偏	0	
xien	𬔌	0	
xien	羶	0	
xieu	标	0	
xieu	超	0	
xieu	跳	0	
xieu	漂	0	
xieu	標	0	
xieu	𫤕	0	
xiec	𪨜	0	
xiet	折	0	
xiet	制	0	
xiet	掣	0	
xiet	瘈	0	
xiet	瘛	0	
xieu	跳	0	
xieu	僄	0	
xieng	侱	0	
xieng	鋥	0	
xieng	整	0	
xiem	谄	0	
xiem	諂	0	
xiem	謟	0	
xien	阐	0	
xien	蒇	0	
xien	蕆	0	
xien	闡	0	
xieng	侱	0	
xieng	𥸍	0	
xiep	接	0	
xieu	跳	0	
xo	躯	0	
xo	軀	0	
xoa	又	0	
xoa	叉	0	
xoa	扠	0	
xoa	杈	0	
xoa	衩	0	
xoa	捘	0	
xoan	春	0	
xoan	䐏	0	
xoan	椿	0	
xoan	楝	0	
xoang	控	0	
xoang	啌	0	
xoang	椌	0	
xoang	腔	0	
xoay	𣒱	0	
xoay	搓	0	
xoay	𡏦	0	
xoay	磋	0	
xoe	吹	0	
xoe	傻	0	
xoe	𧷝	0	
xoen	穿	0	
xoi	𢭻	0	
xoi	𤶺	0	
xoi	催	0	
xom	採	0	
xom	探	0	
xon	㖺	0	
xon	𢰦	0	
xong	双	0	
xong	冲	0	
xong	戎	0	
xong	衝	0	
xong	雙	0	
xoa	车	0	
xoa	汊	0	
xoa	沙	0	
xoa	車	0	
xoai	兑	0	
xoai	𢭻	0	
xoai	𣒱	0	
xoam	𩯯	0	
xoam	𩰃	0	
xoan	瓒	0	
xoan	瓚	0	
xoang	𨠵	0	
xoa	扠	0	
xoa	舍	0	
xoa	挅	0	
xoa	赦	0	
xoa	𫨮	0	
xoa	𪷮	0	
xoan	篡	0	
xoat	刷	0	
xoat	脱	0	
xoay	蠢	0	
xoay	鬠	0	
xoa	锁	0	
xoa	撦	0	
xoa	鎖	0	
xoe	𢭻	0	
xoe	隨	0	
xoet	朏	0	
xoet	歠	0	
xoan	钏	0	
xoan	控	0	
xoan	釧	0	
xoan	𧿺	0	
xoan	𩭵	0	
xoa	傻	0	
xoai	𤶺	0	
xoang	磢	0	
xoang	𨙥	0	
xoang	鑽	0	
xoan	钏	0	
xoan	釧	0	
xoan	蠢	0	
xoat	𧿺	0	
xoan	蠢	0	
xoet	辍	0	
xoet	輟	0	
xu	枢	0	
xu	姝	0	
xu	𫆃	0	
xu	趋	0	
xu	樞	0	
xu	𫆉	0	
xu	趨	0	
xua	抠	0	
xua	呕	0	
xua	吹	0	
xua	嘔	0	
xua	摳	0	
xui	吹	0	
xui	咥	0	
xui	𣵶	0	
xui	𡏦	0	
xui	𠺼	0	
xui	𨁰	0	
xui	𫤄	0	
xum	侵	0	
xum	森	0	
xum	𡪜	0	
xun	敦	0	
xun	餐	0	
xung	冲	0	
xung	忡	0	
xung	沖	0	
xung	钟	0	
xung	翀	0	
xung	鈡	0	
xung	衝	0	
xung	艟	0	
xung	𢥞	0	
xuy	召	0	
xuy	吹	0	
xuy	炊	0	
xuy	笞	0	
xuy	媸	0	
xuyen	川	0	
xuyen	巛	0	
xuyen	氚	0	
xuyen	串	0	
xuyen	穿	0	
xuyen	栓	0	
xuyen	𠁺	0	
xuyen	串	0	
xuyen	钏	0	
xuyen	战	0	
xuyen	釧	0	
xuyen	𦄈	0	
xuyen	戰	0	
xuyet	叕	0	
xuyet	剟	0	
xuyet	掇	0	
xuyet	啜	0	
xuyet	缀	0	
xuyet	腏	0	
xuyet	脺	0	
xuyet	辍	0	
xuyet	綴	0	
xuyet	醊	0	
xuyet	輟	0	
xuyet	歠	0	
xuyen	耑	0	
xuyen	踹	0	
xuan	春	0	
xuan	萶	0	
xuan	䐏	0	
xuan	椿	0	
xue	吹	0	
xuoi	吹	0	
xuoi	𠀿	0	
xuoi	𣵶	0	
xuoi	催	0	
xuy	吹	0	
xuy	炊	0	
xuy	醉	0	
xuyt	啜	0	
xuat	出	0	
xuat	齣	0	
xuan	㖺	0	
xuan	萶	0	
xuan	㮔	0	
xuan	惷	0	
xuan	蠢	0	
xuat	𧿺	0	
xue	吹	0	
xue	傺	0	
xue	贅	0	
xue	吹	0	
xue	吹	0	
xuong	𠕻	0	
xuong	𨑜	0	
xuong	𠖈	0	
xuong	𪧍	0	
xuong	𫳭	0	
xuong	𬺗	0	
xuong	𠁑	0	
xuong	𫴋	0	
xuong	𬕹	0	
xuong	𡬈	0	
xuong	𦩰	0	
xuong	艟	0	
xuong	錩	0	
xuong	鑨	0	
xa	杈	0	
xa	柁	0	
xa	砗	0	
xa	虵	0	
xa	𤥭	0	
xa	蛇	0	
xa	硨	0	
xai	支	0	
xai	喍	0	
xam	谗	0	
xam	谵	0	
xam	儳	0	
xam	譫	0	
xam	讒	0	
xanh	𥑥	0	
xanh	酲	0	
xao	炒	0	
xao	𤇤	0	
xao	嗃	0	
xao	敲	0	
xao	𡁞	0	
xau	愁	0	
xa	厍	0	
xa	汊	0	
xa	岔	0	
xa	舍	0	
xa	姹	0	
xa	厙	0	
xa	赦	0	
xa	捨	0	
xac	壳	0	
xac	𢭜	0	
xac	𠳗	0	
xac	确	0	
xac	殼	0	
xac	错	0	
xac	搉	0	
xac	塙	0	
xac	確	0	
xac	慤	0	
xac	碻	0	
xac	錯	0	
xac	𩩬	0	
xach	尺	0	
xach	册	0	
xach	択	0	
xach	𫼬	0	
xach	捇	0	
xach	𥑭	0	
xach	索	0	
xai	衩	0	
xai	屎	0	
xai	採	0	
xai	𡳁	0	
xam	𪾋	0	
xam	监	0	
xam	蓝	0	
xam	監	0	
xam	藍	0	
xan	灿	0	
xan	粲	0	
xan	燦	0	
xang	唱	0	
xao	交	0	
xao	𢫚	0	
xao	炒	0	
xao	𤇤	0	
xao	草	0	
xao	造	0	
xao	敲	0	
xao	操	0	
xap	夹	0	
xap	夾	0	
xap	挟	0	
xap	捃	0	
xap	挾	0	
xap	𦝥	0	
xat	涩	0	
xat	濇	0	
xat	擦	0	
xat	嚓	0	
xat	澀	0	
xau	吜	0	
xay	跴	0	
xay	踩	0	
xam	侵	0	
xam	骎	0	
xam	锓	0	
xam	鋟	0	
xam	駸	0	
xam	簽	0	
xam	籖	0	
xan	嗔	0	
xau	偻	0	
xau	搜	0	
xau	僂	0	
xau	𢴜	0	
xau	𦄓	0	
xau	𢹤	0	
xay	搓	0	
xay	𡏦	0	
xay	磋	0	
xay	𫸕	0	
xa	社	0	
xe	车	0	
xe	車	0	
xe	唓	0	
xe	蛴	0	
xe	蠐	0	
xeng	禅	0	
xeng	禪	0	
xeng	闡	0	
xeo	饶	0	
xeo	𠾸	0	
xeo	潮	0	
xeo	饒	0	
xe	止	0	
xe	扯	0	
xe	𢫟	0	
xe	炽	0	
xe	𫽎	0	
xe	𫪥	0	
xe	熾	0	
xe	𠠚	0	
xe	𢹊	0	
xem	炶	0	
xen	钏	0	
xen	战	0	
xen	釧	0	
xen	阐	0	
xen	戰	0	
xen	闡	0	
xeo	袑	0	
xeo	𣌺	0	
xep	押	0	
xep	插	0	
xep	𠿂	0	
xet	列	0	
xet	察	0	
xet	𪹾	0	
xet	𥌀	0	
xe	支	0	
xe	啛	0	
xe	蛴	0	
xe	𨁰	0	
xe	蠐	0	
xen	𤇣	0	
xen	燀	0	
xenh	生	0	
xenh	𫕸	0	
xenh	笙	0	
xenh	啨	0	
xenh	情	0	
xenh	清	0	
xenh	撑	0	
xenh	撐	0	
xenh	𣛟	0	
xi	仕	0	
xi	吹	0	
xi	事	0	
xi	嚏	0	
xi	癡	0	
xinh	呈	0	
xinh	𫆦	0	
xinh	酲	0	
xiu	僄	0	
xiu	𤸨	0	
xi	企	0	
xi	侈	0	
xi	厕	0	
xi	帜	0	
xi	炽	0	
xi	厠	0	
xi	跂	0	
xi	廁	0	
xi	跮	0	
xi	幟	0	
xi	熾	0	
xia	廁	0	
xia	掣	0	
xich	辶	0	
xich	尺	0	
xich	斥	0	
xich	辵	0	
xich	赤	0	
xich	呎	0	
xich	拆	0	
xich	哧	0	
xich	鈬	0	
xich	锡	0	
xich	𦀗	0	
xich	𨁯	0	
xich	䤲	0	
xich	錫	0	
xinh	听	0	
xinh	𠴔	0	
xinh	酲	0	
xinh	聽	0	
xip	淁	0	
xit	折	0	
xit	𧋺	0	
xit	蜇	0	
xit	𧋍	0	
xiu	𡭰	0	
xiu	𡮜	0	
xiu	僄	0	
xo	㗙	0	
xoi	𥪅	0	
xon	𧘸	0	
xo	枢	0	
xo	厝	0	
xo	臭	0	
xo	𨻬	0	
xo	𡏣	0	
xo	樞	0	
xo	𥨧	0	
xoc	促	0	
xoc	捉	0	
xoc	朔	0	
xoc	触	0	
xoc	槊	0	
xoc	觸	0	
xoi	𣵶	0	
xoi	跮	0	
xoi	㩡	0	
xom	邨	0	
xom	村	0	
xom	店	0	
xom	坫	0	
xom	𥯎	0	
xong	统	0	
xong	統	0	
xop	丸	0	
xop	执	0	
xop	執	0	
xot	出	0	
xot	㤕	0	
xot	咄	0	
xot	拙	0	
xot	律	0	
xot	淬	0	
xot	悴	0	
xo	抠	0	
xo	绉	0	
xo	枢	0	
xo	趋	0	
xo	搊	0	
xo	摳	0	
xo	樞	0	
xo	縐	0	
xo	𡁿	0	
xo	趨	0	
xo	𡂂	0	
xoi	吹	0	
xoi	炊	0	
xoi	𥸷	0	
xoi	𣵯	0	
xoi	𥺏	0	
xoi	𥺔	0	
xoi	𤐝	0	
xom	𣋨	0	
xon	山	0	
xon	讪	0	
xon	𠮿	0	
xon	吞	0	
xon	吨	0	
xon	㖔	0	
xon	訕	0	
xon	真	0	
xon	𢚳	0	
xon	敦	0	
xon	噋	0	
xong	冲	0	
xong	终	0	
xong	统	0	
xong	終	0	
xong	統	0	
xong	衝	0	
xong	𨃸	0	
xong	勇	0	
xu	驱	0	
xu	枢	0	
xu	樞	0	
xu	𬇅	0	
xu	驅	0	
xui	吹	0	
xui	洡	0	
xui	𩭜	0	
xum	森	0	
xum	𠸬	0	
xung	崇	0	
xu	臭	0	
xu	湨	0	
xu	趣	0	
xu	醜	0	
xuc	亍	0	
xuc	促	0	
xuc	娖	0	
xuc	触	0	
xuc	槒	0	
xuc	龊	0	
xuc	蹙	0	
xuc	蹴	0	
xuc	觸	0	
xuc	齪	0	
xuc	矗	0	
xui	驱	0	
xui	驅	0	
xum	坫	0	
xum	呫	0	
xum	炶	0	
xum	森	0	
xum	𠎊	0	
xum	蹾	0	
xung	冲	0	
xung	铳	0	
xung	銃	0	
xung	衝	0	
xung	𫸊	0	
xup	执	0	
xup	執	0	
xam	侵	0	
xam	骎	0	
xam	採	0	
xam	探	0	
xam	锓	0	
xam	鋟	0	
xam	䈜	0	
xam	𨃏	0	
xam	𥊀	0	
xam	駸	0	
xan	搷	0	
xang	控	0	
xang	腔	0	
xinh	省	0	
xu	枢	0	
xu	臭	0	
xu	樞	0	
xu	醜	0	
xo	义	0	
xo	车	0	
xo	初	0	
xo	車	0	
xo	赊	0	
xo	疏	0	
xo	疎	0	
xo	賒	0	
xo	賖	0	
xoi	吹	0	
xoi	嗟	0	
xoi	𫫜	0	
xom	侵	0	
xu	樗	0	
xua	初	0	
xua	𫋶	0	
xua	𠸗	0	
xung	称	0	
xung	稱	0	
xung	䕝	0	
xuong	昌	0	
xuong	荭	0	
xuong	猖	0	
xuong	葒	0	
xuong	鲳	0	
xuong	錩	0	
xuong	𩩫	0	
xuong	𩩪	0	
xuong	鯧	0	
xuoc	辶	0	
xuoc	辵	0	
xuoc	绰	0	
xuoc	淖	0	
xuoc	䓬	0	
xuoc	綽	0	
xuong	倡	0	
xuong	娼	0	
xuong	唱	0	
xuong	錩	0	
xuoi	𧜹	0	
xuong	厂	0	
xuong	厰	0	
xuong	僘	0	
xuong	廠	0	
xuong	𦪦	0	
xuoc	啅	0	
xuoc	绰	0	
xuoc	綽	0	
xa	射	0	
xa	麝	0	
xac	壳	0	
xac	落	0	
xac	确	0	
xac	確	0	
xac	𡃜	0	
xach	尺	0	
xach	𫼬	0	
xach	捇	0	
xam	湛	0	
xao	夺	0	
xao	造	0	
xao	确	0	
xao	𠻛	0	
xao	𠻥	0	
xao	奪	0	
xao	確	0	
xap	杂	0	
xap	𠵏	0	
xap	雜	0	
xau	召	0	
xau	𠰉	0	
xau	咷	0	
xa	扯	0	
xa	舍	0	
xa	卸	0	
xa	偖	0	
xa	捨	0	
xa	㨋	0	
xa	撦	0	
xai	𤻽	0	
xam	减	0	
xam	減	0	
xam	揕	0	
xao	巧	0	
xao	狡	0	
xay	仕	0	
xay	侈	0	
xay	炽	0	
xay	𬐂	0	
xay	熾	0	
xac	倬	0	
xam	𠸬	0	
xan	振	0	
xap	执	0	
xap	執	0	
xap	插	0	
xap	僓	0	
xap	𢵸	0	
xau	丑	0	
xau	唒	0	
xau	臭	0	
xau	瘦	0	
xau	𩳜	0	
xau	醜	0	
xam	谌	0	
xam	𠸬	0	
xam	諶	0	
xau	愁	0	
xay	柴	0	
xay	𥽩	0	
xam	眈	0	
xam	耽	0	
xam	婶	0	
xam	湛	0	
xam	嬸	0	
xang	𩄔	0	
xau	䏔	0	
xau	醜	0	
xay	侈	0	
xap	习	0	
xap	拉	0	
xap	㕸	0	
xap	習	0	
xac	𢭜	0	
xac	劕	0	
xac	職	0	
xan	振	0	
xan	捍	0	
xan	趂	0	
xan	搷	0	
xan	𢷂	0	
xang	唱	0	
xap	丸	0	
xap	执	0	
xap	執	0	
xap	濈	0	
xat	割	0	
xang	床	0	
xang	𠳹	0	
xang	控	0	
xang	绳	0	
xang	𠺰	0	
xang	𦀾	0	
xang	繩	0	
xang	𡅢	0	
xang	唱	0	
xang	僘	0	
xang	唱	0	
xeo	妙	0	
xeo	𫣪	0	
xeo	𪝹	0	
xep	扒	0	
xep	插	0	
xet	彻	0	
xet	咧	0	
xet	徹	0	
xet	𨆾	0	
xe	仕	0	
xe	扯	0	
xe	剂	0	
xe	侈	0	
xe	齿	0	
xe	𠝓	0	
xe	採	0	
xe	𨦁	0	
xe	齒	0	
xe	𫒬	0	
xe	劑	0	
xe	𠠚	0	
xe	鑡	0	
xen	阐	0	
xen	闡	0	
xeng	铲	0	
xeng	阐	0	
xeng	剷	0	
xeng	鏟	0	
xeng	闡	0	
xeo	刟	0	
xeo	沼	0	
xeo	漂	0	
xeo	𠠚	0	
xe	车	0	
xe	尺	0	
xe	車	0	
xe	制	0	
xe	炽	0	
xe	眥	0	
xe	眦	0	
xe	萆	0	
xe	掣	0	
xe	㫼	0	
xe	𪰮	0	
xe	蓖	0	
xe	𤠹	0	
xe	潷	0	
xe	篦	0	
xe	熾	0	
xe	𫿸	0	
xech	斥	0	
xech	只	0	
xech	呎	0	
xech	隻	0	
xech	𨁯	0	
xech	䤲	0	
xech	𫤑	0	
xech	𪯰	0	
xep	穷	0	
xep	插	0	
xep	摄	0	
xep	攝	0	
xep	疊	0	
xenh	酲	0	
xeu	摽	0	
xe	体	0	
xe	躰	0	
xe	體	0	
xen	省	0	
xen	阐	0	
xen	闡	0	
xep	接	0	
xe	滯	0	
xe	豉	0	
xech	尺	0	
xech	斥	0	
xech	只	0	
xech	隻	0	
xech	掷	0	
xech	擲	0	
xep	拉	0	
xep	𥺺	0	
xep	𡓆	0	
xeu	妙	0	
xeu	料	0	
xeu	跳	0	
xi	𠯽	0	
xi	吹	0	
xi	侈	0	
xi	齿	0	
xi	哆	0	
xi	指	0	
xi	蚩	0	
xi	䏧	0	
xi	恥	0	
xi	耻	0	
xi	嗤	0	
xi	齒	0	
xi	褫	0	
xia	侈	0	
xia	齿	0	
xia	𠽑	0	
xia	齒	0	
xia	𢸡	0	
xin	㐱	0	
xin	𡂌	0	
xinh	省	0	
xinh	省	0	
xinh	请	0	
xinh	請	0	
xiu	眇	0	
xiu	𦕈	0	
xiu	愀	0	
xiu	𬁀	0	
xiu	僄	0	
xiu	𫐽	0	
xi	豉	0	
xia	豉	0	
xia	𠽑	0	
xich	尺	0	
xich	斥	0	
xit	哳	0	
xit	㘉	0	
xiu	悼	0	
xo	数	0	
xo	數	0	
xoc	蜀	0	
xoc	擉	0	
xop	𣼳	0	
xo	兔	0	
xo	𢯧	0	
xo	搝	0	
xo	擞	0	
xo	擻	0	
xo	𢹧	0	
xo	𥩍	0	
xoi	採	0	
xom	笘	0	
xon	寸	0	
xon	屯	0	
xon	准	0	
xon	準	0	
xon	𡆂	0	
xo	𢯧	0	
xo	湨	0	
xoc	六	0	
xoc	促	0	
xoc	捉	0	
xoc	捌	0	
xoc	触	0	
xoc	觸	0	
xoi	洷	0	
xoi	𣻇	0	
xoi	𣾽	0	
xoi	㵊	0	
xoi	𩄶	0	
xoi	𤂬	0	
xon	寸	0	
xon	忖	0	
xong	冲	0	
xong	贡	0	
xong	貢	0	
xong	𧚢	0	
xong	𠗸	0	
xong	𧜙	0	
xong	𫌒	0	
xop	𣐝	0	
xop	插	0	
xop	𣙫	0	
xop	㯿	0	
xo	粗	0	
xo	㗙	0	
xo	𢷯	0	
xoi	毳	0	
xom	毯	0	
xom	薝	0	
xom	𩮕	0	
xon	吨	0	
xong	𨅃	0	
xo	搝	0	
xo	醜	0	
xo	擞	0	
xo	擻	0	
xoi	咥	0	
xoi	悔	0	
xoi	𠾕	0	
xoi	磊	0	
xoi	𡂳	0	
xoi	𩟬	0	
xom	跕	0	
xom	踮	0	
xon	忖	0	
xon	混	0	
xon	𤅧	0	
xong	董	0	
xong	𡂁	0	
xoc	朔	0	
xoc	触	0	
xoc	觸	0	
xoc	躅	0	
xon	沌	0	
xon	𡚃	0	
xop	劄	0	
xop	㯿	0	
xop	鱲	0	
xo	处	0	
xo	處	0	
xo	𠽁	0	
xoi	扯	0	
xoi	𢗋	0	
xoi	𢬿	0	
xoi	𣔢	0	
xoi	𢱛	0	
xoi	𪝻	0	
xom	篮	0	
xom	谶	0	
xom	籃	0	
xom	讖	0	
xon	趂	0	
xon	趁	0	
xot	跌	0	
xot	𨧣	0	
xot	擦	0	
xo	除	0	
xo	徐	0	
xo	疏	0	
xo	疎	0	
xoi	喍	0	
xom	岑	0	
xom	移	0	
xom	笘	0	
xom	𬇁	0	
xom	篮	0	
xom	籃	0	
xo	处	0	
xo	處	0	
xoi	扯	0	
xoi	址	0	
xoi	𢸡	0	
xon	阐	0	
xon	闡	0	
xop	𪵠	0	
xop	𣼳	0	
xop	擸	0	
xot	跌	0	
xot	踔	0	
xu	枢	0	
xu	聚	0	
xu	樞	0	
xuc	亍	0	
xuc	㗜	0	
xui	𨁰	0	
xung	𦄸	0	
xup	执	0	
xup	執	0	
xut	卒	0	
xut	湥	0	
xu	聚	0	
xui	吹	0	
xui	咥	0	
xui	𡍟	0	
xu	処	0	
xu	处	0	
xu	䖏	0	
xu	處	0	
xua	庶	0	
xuc	拭	0	
xuc	聀	0	
xuc	职	0	
xuc	𢲦	0	
xuc	𢁊	0	
xuc	職	0	
xuc	矗	0	
xung	秤	0	
xung	称	0	
xung	稱	0	
xu	除	0	
xu	锄	0	
xu	鉏	0	
xu	鋤	0	
xung	𠦿	0	
xung	澄	0	
xu	処	0	
xu	处	0	
xu	䖏	0	
xu	處	0	
xung	拯	0	
xung	𨃾	0	
y	衤	0	
y	伊	0	
y	衣	0	
y	医	0	
y	依	0	
y	咿	0	
y	猗	0	
y	铱	0	
y	銥	0	
y	漪	0	
y	噫	0	
y	鹥	0	
y	繄	0	
y	毉	0	
y	醫	0	
y	鷖	0	
yem	奄	0	
yem	恹	0	
yem	俺	0	
yem	㛪	0	
yem	淊	0	
yem	阉	0	
yem	淹	0	
yem	渰	0	
yem	腌	0	
yem	醃	0	
yem	閹	0	
yem	懨	0	
yem	懕	0	
yen	安	0	
yen	烟	0	
yen	案	0	
yen	胭	0	
yen	陻	0	
yen	焉	0	
yen	菸	0	
yen	焱	0	
yen	湮	0	
yen	堙	0	
yen	煙	0	
yen	鄢	0	
yen	嫣	0	
yen	蔫	0	
yen	鞍	0	
yen	㯊	0	
yen	燕	0	
yen	臙	0	
yeng	英	0	
yeu	幺	0	
yeu	夭	0	
yeu	吆	0	
yeu	约	0	
yeu	妖	0	
yeu	㕭	0	
yeu	㤇	0	
yeu	要	0	
yeu	約	0	
yeu	𣍩	0	
yeu	胺	0	
yeu	𢞅	0	
yeu	喓	0	
yeu	腰	0	
yeu	邀	0	
yem	厌	0	
yem	𦀫	0	
yem	裺	0	
yem	厭	0	
yem	餍	0	
yem	𧞣	0	
yem	饜	0	
yen	咽	0	
yen	宴	0	
yen	晏	0	
yen	𫛩	0	
yen	燕	0	
yen	鴳	0	
yen	嬿	0	
yen	鶠	0	
yen	鷃	0	
yen	讌	0	
yen	醼	0	
yen	鷰	0	
yen	𫋩	0	
yet	轧	0	
yet	軋	0	
yet	咽	0	
yet	谒	0	
yet	揭	0	
yet	楬	0	
yet	歇	0	
yet	蝎	0	
yet	噎	0	
yet	謁	0	
yet	蠍	0	
yeu	夭	0	
yeu	要	0	
yeu	𪽳	0	
yem	奄	0	
yem	弇	0	
yem	埯	0	
yem	掩	0	
yem	揜	0	
yem	罨	0	
yem	裺	0	
yem	魇	0	
yem	嚈	0	
yem	魘	0	
yem	黶	0	
yen	偃	0	
yen	堰	0	
yen	蝘	0	
yen	鼴	0	
yen	鼹	0	
yeng	𪅬	0	
yeng	𪆣	0	
yeu	夭	0	
yeu	杳	0	
yeu	殀	0	
yeu	𥥆	0	
yeu	𥥐	0	
yeu	舀	0	
yeu	窈	0	
yeu	偃	0	
zenji	𬒭	0	
a	阿	0	
a	妸	0	
a	呵	0	
a	哬	0	
a	啊	0	
anh	𠸄	0	
ao	𠯻	0	
ao	𬇚	0	
ao	泑	0	
ao	呦	0	
a	襾	0	
a	覀	0	
a	亚	0	
a	西	0	
a	亞	0	
a	妸	0	
a	哑	0	
a	娅	0	
a	啊	0	
a	氩	0	
a	婭	0	
a	痖	0	
a	啞	0	
a	氬	0	
a	瘂	0	
ac	鸦	0	
ac	恶	0	
ac	渥	0	
ac	惡	0	
ac	握	0	
ac	𦝲	0	
ac	鴉	0	
ac	鵶	0	
ac	𪅴	0	
ach	厄	0	
ach	阨	0	
ach	扼	0	
ach	呃	0	
ach	哑	0	
ach	軛	0	
ach	啞	0	
ach	嗌	0	
ach	搤	0	
ach	鐛	0	
ach	鸌	0	
ai	垭	0	
ai	爱	0	
ai	欸	0	
ai	埡	0	
ai	隘	0	
ai	愛	0	
ai	蔼	0	
ai	誒	0	
ai	叆	0	
ai	暧	0	
ai	嬡	0	
ai	噯	0	
ai	薆	0	
ai	懓	0	
ai	曖	0	
ai	餲	0	
ai	藹	0	
ai	霭	0	
ai	靄	0	
ai	靉	0	
am	揞	0	
am	喑	0	
am	暗	0	
am	腤	0	
am	闇	0	
am	𩹎	0	
an	安	0	
an	按	0	
an	咹	0	
an	𢭬	0	
an	案	0	
ang	盎	0	
ang	慃	0	
anh	映	0	
anh	暎	0	
anh	𠸄	0	
anh	媵	0	
ao	苭	0	
ao	𪥌	0	
ao	呦	0	
ao	袄	0	
ao	奥	0	
ao	奧	0	
ao	隩	0	
ao	靿	0	
ao	懊	0	
ao	襖	0	
ap	压	0	
ap	押	0	
ap	㳌	0	
ap	㛕	0	
ap	鸭	0	
ap	鴨	0	
ap	壓	0	
at	乙	0	
at	𢖮	0	
at	呜	0	
at	咹	0	
at	遏	0	
at	握	0	
at	嗚	0	
at	頞	0	
at	餲	0	
at	𤂷	0	
ay	爱	0	
ay	意	0	
ay	愛	0	
ay	暧	0	
ay	噯	0	
ay	懓	0	
ay	曖	0	
ay	燰	0	
am	阥	0	
am	阴	0	
am	音	0	
am	陰	0	
am	隂	0	
am	喑	0	
am	萻	0	
am	傳	0	
am	𤋾	0	
am	瘖	0	
am	窨	0	
an	㤙	0	
an	恩	0	
an	殷	0	
an	慇	0	
au	区	0	
au	幼	0	
au	讴	0	
au	怄	0	
au	呕	0	
au	忧	0	
au	瓯	0	
au	怮	0	
au	呦	0	
au	欧	0	
au	鸥	0	
au	區	0	
au	慪	0	
au	嘔	0	
au	漚	0	
au	甌	0	
au	鴎	0	
au	歐	0	
au	憂	0	
au	謳	0	
au	𤮥	0	
au	鷗	0	
am	𢶽	0	
e	衣	0	
e	咿	0	
e	𠲖	0	
eo	夭	0	
eo	妖	0	
e	衣	0	
e	薏	0	
ec	噁	0	
em	掩	0	
en	燕	0	
en	䴏	0	
en	𫋩	0	
eo	要	0	
eo	𢰳	0	
eo	喓	0	
eo	𢞅	0	
ep	押	0	
ep	抽	0	
ep	𠶟	0	
ep	𢹥	0	
et	𠮙	0	
et	押	0	
et	谒	0	
et	謁	0	
e	衣	0	
e	𠲖	0	
e	𠵱	0	
e	𤷴	0	
e	醯	0	
em	厌	0	
em	奄	0	
em	俺	0	
em	㛪	0	
em	淹	0	
em	掩	0	
em	㤿	0	
em	腌	0	
em	𪪅	0	
em	厭	0	
eu	㕭	0	
i	伊	0	
i	衣	0	
i	𥑴	0	
inh	英	0	
i	衣	0	
ich	益	0	
ich	嗌	0	
ich	镒	0	
ich	鎰	0	
im	喑	0	
in	𬏥	0	
inh	緓	0	
it	乙	0	
it	𠃝	0	
it	𠃣	0	
oi	喂	0	
oi	㾯	0	
ong	翁	0	
o	鵶	0	
o	𪅴	0	
oc	沃	0	
oc	𠴎	0	
oc	喔	0	
oc	腛	0	
oc	𫘴	0	
oc	𩠭	0	
oc	𫇂	0	
oi	喂	0	
oi	𣾿	0	
on	稳	0	
on	穩	0	
ong	翁	0	
ong	𦰠	0	
ong	嗡	0	
ong	鞅	0	
ong	𬙺	0	
op	邑	0	
op	浥	0	
ot	𠃱	0	
ot	𡮒	0	
ot	𣜶	0	
o	乌	0	
o	汚	0	
o	汙	0	
o	圬	0	
o	污	0	
o	呜	0	
o	杇	0	
o	於	0	
o	钨	0	
o	洿	0	
o	烏	0	
o	捂	0	
o	溩	0	
o	𢄓	0	
o	摀	0	
o	嗚	0	
o	𦶀	0	
o	㮧	0	
o	鎢	0	
oi	隈	0	
oi	偎	0	
oi	喂	0	
oi	渨	0	
oi	椳	0	
oi	煨	0	
oi	𦞏	0	
oi	燰	0	
om	掩	0	
om	愔	0	
om	揞	0	
on	温	0	
on	熅	0	
on	瘟	0	
on	鳁	0	
on	鰛	0	
ong	𪪳	0	
ong	翁	0	
ong	嗡	0	
ong	螉	0	
ong	䈵	0	
ong	鶲	0	
ong	慃	0	
ong	䐥	0	
u	幽	0	
u	𠶑	0	
u	㗀	0	
ua	呙	0	
ua	咼	0	
um	湆	0	
um	喑	0	
un	揾	0	
un	熅	0	
u	呜	0	
u	啂	0	
u	嗚	0	
u	噁	0	
u	𦠲	0	
u	𥻼	0	
u	𥼳	0	
ua	恶	0	
ua	惡	0	
ua	𪹪	0	
ua	𦼇	0	
ua	癋	0	
uc	㖪	0	
uc	喐	0	
uc	懊	0	
uc	澳	0	
uc	燠	0	
uc	䐿	0	
uc	𩼈	0	
ui	喂	0	
um	唵	0	
un	温	0	
un	熅	0	
ung	瓮	0	
ung	雍	0	
ung	甕	0	
ung	𤃟	0	
ung	𡄐	0	
up	挹	0	
up	𧠅	0	
ut	乙	0	
ut	𠃝	0	
ut	𧰦	0	
ut	𠃷	0	
ut	崴	0	
y	𧘇	0	
y	衣	0	
y	意	0	
y	㦉	0	
y	薏	0	
y	镱	0	
y	饐	0	
y	鐿	0	
y	懿	0	
y	鷾	0	
am	奄	0	
am	音	0	
an	安	0	
an	咹	0	
an	𫃀	0	
an	𩛖	0	
an	𫗒	0	
ang	盎	0	
ang	隐	0	
ang	隱	0	
da	多	0	
da	枷	0	
da	栘	0	
da	𥹠	0	
da	𪀓	0	
dai	大	0	
dai	帒	0	
dai	岱	0	
dai	带	0	
dai	帶	0	
dai	𪥔	0	
dai	摕	0	
dai	墆	0	
dai	𥛣	0	
dai	䙊	0	
dai	𧜵	0	
dam	丹	0	
dam	担	0	
dam	眈	0	
dam	耼	0	
dam	耽	0	
dam	聃	0	
dam	躭	0	
dam	酖	0	
dam	湛	0	
dam	儋	0	
dan	丹	0	
dan	单	0	
dan	𣲹	0	
dan	拦	0	
dan	弹	0	
dan	掸	0	
dan	殚	0	
dan	單	0	
dan	箪	0	
dan	撣	0	
dan	彈	0	
dan	殫	0	
dan	襌	0	
dan	簞	0	
dan	攔	0	
dang	东	0	
dang	当	0	
dang	同	0	
dang	東	0	
dang	档	0	
dang	裆	0	
dang	當	0	
dang	檔	0	
dang	襠	0	
danh	仃	0	
danh	疔	0	
danh	钉	0	
danh	釘	0	
dao	刀	0	
dao	刂	0	
dao	艻	0	
dao	叨	0	
dao	忉	0	
dao	𣱼	0	
dao	釖	0	
dao	𬀶	0	
dao	魛	0	
dao	⺈	0	
dao dung	刂	0	
dau	刀	0	
dau	叨	0	
dau	忉	0	
dau	𤴬	0	
dau	𠲢	0	
dau	茤	0	
dau	唒	0	
day	低	0	
day	𠴓	0	
day	𦰣	0	
day	㭽	0	
day	蔕	0	
day	𦷾	0	
de	低	0	
de	哆	0	
de	砥	0	
de	𠴓	0	
de	𠽮	0	
dem	冘	0	
dem	抌	0	
dem	𨑴	0	
dem	𨑻	0	
dem	酖	0	
dem	躭	0	
den	颠	0	
den	顛	0	
den	𬹙	0	
den	黰	0	
den	𪓇	0	
deo	刀	0	
deo	刁	0	
deo	㧅	0	
deo	鸟	0	
deo	𫼔	0	
deo	鳥	0	
deo	撩	0	
di	多	0	
di	迻	0	
di	𪠞	0	
di	𠫾	0	
di	𨀕	0	
di	𫺲	0	
din	𡊰	0	
dinh	丁	0	
dinh	仃	0	
dinh	叮	0	
dinh	艼	0	
dinh	汀	0	
dinh	玎	0	
dinh	盯	0	
dinh	钉	0	
dinh	疔	0	
dinh	耵	0	
dinh	釘	0	
dinh	靪	0	
diu	𠰀	0	
diu	虭	0	
diu	调	0	
diu	蛁	0	
diu	調	0	
diu	𧐸	0	
diu	𧔿	0	
diem	掂	0	
diem	𩬑	0	
dien	敁	0	
dien	傎	0	
dien	颠	0	
dien	蹎	0	
dien	顛	0	
dien	癫	0	
dien	癲	0	
dieu	刁	0	
dieu	叼	0	
dieu	丢	0	
dieu	佻	0	
dieu	㹦	0	
dieu	岧	0	
dieu	凋	0	
dieu	铫	0	
dieu	彫	0	
dieu	蛁	0	
dieu	貂	0	
dieu	碉	0	
dieu	銚	0	
dieu	䳂	0	
dieu	雕	0	
dieu	鲷	0	
dieu	鼦	0	
dieu	鯛	0	
dieu	鵰	0	
diec	的	0	
diec	𤷭	0	
diec	𦖡	0	
diec	𦖑	0	
diec	𦗽	0	
diem	㓠	0	
diem	阽	0	
diem	店	0	
diem	怗	0	
diem	坫	0	
diem	玷	0	
diem	炶	0	
diem	垫	0	
diem	唸	0	
diem	掂	0	
diem	惦	0	
diem	墊	0	
dien	淟	0	
dien	癜	0	
dieng	叮	0	
dieng	顶	0	
dieng	典	0	
dieng	頂	0	
dieng	殿	0	
diep	惵	0	
dieu	弔	0	
dieu	斗	0	
dieu	吊	0	
dieu	钓	0	
dieu	釣	0	
dieu	葯	0	
diem	兆	0	
diem	恬	0	
diem	胋	0	
diem	甜	0	
diem	菾	0	
diem	憺	0	
dien	田	0	
dien	甸	0	
dien	佃	0	
dien	畋	0	
dien	钿	0	
dien	搷	0	
dien	鈿	0	
dien	填	0	
dien	滇	0	
dien	嗔	0	
dieu	条	0	
dieu	迢	0	
dieu	條	0	
dieu	调	0	
dieu	绸	0	
dieu	䌷	0	
dieu	笤	0	
dieu	龆	0	
dieu	綢	0	
dieu	樤	0	
dieu	髫	0	
dieu	調	0	
dieu	縧	0	
dieu	齠	0	
dieu	鰷	0	
diem	点	0	
diem	踮	0	
diem	點	0	
dien	典	0	
dien	殄	0	
dien	碘	0	
dien	痶	0	
dieu	鸟	0	
dieu	刟	0	
dieu	窎	0	
dieu	𪸧	0	
dieu	鳥	0	
dieu	窵	0	
dien	㥏	0	
dien	觍	0	
dien	覥	0	
diem	店	0	
diem	坫	0	
diem	炶	0	
diem	唸	0	
diem	簟	0	
dien	电	0	
dien	淀	0	
dien	䋎	0	
dien	奠	0	
dien	殿	0	
dien	電	0	
dien	靛	0	
dien	澱	0	
dien	癜	0	
diep	挕	0	
diep	谍	0	
diep	喋	0	
diep	惵	0	
diep	堞	0	
diep	叠	0	
diep	牒	0	
diep	蜨	0	
diep	碟	0	
diep	蝶	0	
diep	𠿚	0	
diep	褶	0	
diep	蹀	0	
diep	諜	0	
diep	鲽	0	
diep	鰈	0	
diep	疊	0	
diet	侄	0	
diet	迭	0	
diet	姪	0	
diet	垤	0	
diet	昳	0	
diet	瓞	0	
diet	蛭	0	
diet	耋	0	
diet	跌	0	
diet	墆	0	
dieu	调	0	
dieu	掉	0	
dieu	悼	0	
dieu	窕	0	
dieu	調	0	
do	妬	0	
do	拓	0	
do	度	0	
do	都	0	
do	𢵋	0	
do	𡳤	0	
do	𡳣	0	
do	𡳢	0	
doan	耑	0	
doan	湍	0	
doan	端	0	
dom	䏙	0	
dom	㶩	0	
don	屯	0	
don	迍	0	
don	扽	0	
don	顿	0	
don	敦	0	
don	頓	0	
don	噋	0	
dong	冬	0	
dong	𨒟	0	
dong	咚	0	
dong	𢫝	0	
dong	𣁲	0	
dong	㨂	0	
dong	鮗	0	
doai	兑	0	
doan	团	0	
doan	抟	0	
doan	段	0	
doan	椴	0	
doan	锻	0	
doan	摶	0	
doan	團	0	
doan	鍛	0	
doan	糰	0	
doang	堂	0	
doang	嘡	0	
doang	𪺃	0	
doanh	㷚	0	
doa	朶	0	
doa	朵	0	
doa	剁	0	
doa	刴	0	
doa	垛	0	
doa	垜	0	
doa	桗	0	
doa	挫	0	
doa	𤉛	0	
doa	躱	0	
doa	躲	0	
doa	𮃄	0	
doai	兑	0	
doai	祱	0	
doai	𥆟	0	
doan	断	0	
doan	煅	0	
doan	簖	0	
doan	斷	0	
doan	籪	0	
dooc	笃	0	
dooc	篤	0	
doa	𬯄	0	
doa	堕	0	
doa	惰	0	
doa	墮	0	
doa	鬌	0	
doan	段	0	
doan	断	0	
doan	缎	0	
doan	緞	0	
doan	斷	0	
doat	夺	0	
doat	奪	0	
doa	挅	0	
doan	短	0	
doang	恍	0	
doang	党	0	
doang	𣺼	0	
doang	黨	0	
du	攸	0	
du	都	0	
du	悠	0	
du	𢵋	0	
du	𣛭	0	
du	𣛦	0	
du	鞦	0	
dua	都	0	
dua	嘟	0	
dua	𢵋	0	
dua	𨅮	0	
dui	𥊖	0	
dui	𡳪	0	
dun	杶	0	
dun	焞	0	
dun	敦	0	
dun	撴	0	
dun	燉	0	
dua	𥮊	0	
duoi	堆	0	
duoi	𡳪	0	
duoi	𡓋	0	
duong	𫉓	0	
duong	𧑒	0	
duong	蟷	0	
duenh	忊	0	
duenh	渟	0	
duenh	𢝜	0	
duenh	顶	0	
duenh	頂	0	
duoc	𤆷	0	
duoc	烛	0	
duoc	燭	0	
duoc	𤒘	0	
duoi	𪶊	0	
duoi	涗	0	
duoi	濧	0	
duoi	𤻫	0	
duoi	𬉪	0	
duoi	𩼷	0	
duoi	𩼸	0	
duoi	対	0	
duoi	𨒻	0	
duoi	𠲝	0	
duoi	𢬭	0	
duoi	𧻐	0	
duoi	嚉	0	
duoi	𬩛	0	
duoi	𨘗	0	
duoi	𨆏	0	
duoi	𨆷	0	
duoi	𩧍	0	
duon	短	0	
duot	突	0	
da	它	0	
da	㐌	0	
da	驮	0	
da	陀	0	
da	佗	0	
da	坨	0	
da	拖	0	
da	咜	0	
da	沲	0	
da	拕	0	
da	沱	0	
da	驼	0	
da	柁	0	
da	砣	0	
da	鸵	0	
da	舵	0	
da	跎	0	
da	酡	0	
da	𧹟	0	
da	跺	0	
da	馱	0	
da	跥	0	
da	駝	0	
da	鴕	0	
da	鼧	0	
da	𨭥	0	
dai	台	0	
dai	骀	0	
dai	抬	0	
dai	苔	0	
dai	炲	0	
dai	䑓	0	
dai	鲐	0	
dai	𦥄	0	
dai	臺	0	
dai	駘	0	
dai	鮐	0	
dai	薹	0	
dai	擡	0	
dai	檯	0	
dam	昙	0	
dam	荨	0	
dam	谈	0	
dam	覃	0	
dam	㴷	0	
dam	痰	0	
dam	锬	0	
dam	潭	0	
dam	蕁	0	
dam	談	0	
dam	錟	0	
dam	曇	0	
dam	譚	0	
dan	坍	0	
dan	坛	0	
dan	𡊨	0	
dan	𣐙	0	
dan	弹	0	
dan	亶	0	
dan	彈	0	
dan	樿	0	
dan	壇	0	
dan	燀	0	
dan	檀	0	
dan	罈	0	
dang	唐	0	
dang	塘	0	
danh	仃	0	
danh	忊	0	
danh	亭	0	
danh	停	0	
danh	𠷥	0	
danh	𢝜	0	
danh	溋	0	
dao	佻	0	
dao	迯	0	
dao	逃	0	
dao	咷	0	
dao	姚	0	
dao	桃	0	
dao	陶	0	
dao	𣑯	0	
dao	涛	0	
dao	萄	0	
dao	淘	0	
dao	掏	0	
dao	啕	0	
dao	髫	0	
dao	鋾	0	
dao	濤	0	
dao	𡒘	0	
day	台	0	
day	低	0	
day	苔	0	
day	𬨴	0	
day	𢰥	0	
day	𨃐	0	
da	坧	0	
da	𥒥	0	
da	跢	0	
dac	达	0	
dac	度	0	
dac	铎	0	
dac	笪	0	
dac	得	0	
dac	達	0	
dac	渡	0	
dac	鐸	0	
dai	带	0	
dai	递	0	
dai	帶	0	
dai	遞	0	
dai	滯	0	
dai	戴	0	
dam	店	0	
dam	坫	0	
dam	炶	0	
dam	盎	0	
dam	酖	0	
dam	𡌽	0	
dam	潭	0	
dan	旦	0	
dan	石	0	
dan	担	0	
dan	𭖌	0	
dang	旦	0	
dang	当	0	
dang	挡	0	
dang	𬐉	0	
dang	登	0	
dang	當	0	
dang	𠎬	0	
dang	擋	0	
dang	澢	0	
dang	镫	0	
dang	鐙	0	
dang	攩	0	
danh	打	0	
danh	𢱏	0	
dao	到	0	
dao	桃	0	
dao	帱	0	
dao	𣑯	0	
dao	𠴼	0	
dao	幬	0	
dap	荅	0	
dap	㾑	0	
dap	搭	0	
dap	嗒	0	
dap	答	0	
dap	瘩	0	
dap	褡	0	
dap	撘	0	
dap	𨅞	0	
dat	达	0	
dat	妲	0	
dat	怛	0	
dat	哒	0	
dat	炟	0	
dat	笪	0	
dat	達	0	
dat	靼	0	
dat	噠	0	
dau	酉	0	
dau	到	0	
dau	𠲢	0	
dau	唒	0	
dau	𠴼	0	
dau	道	0	
day	底	0	
day	带	0	
day	𡌠	0	
day	帶	0	
day	𣷳	0	
day	𦨢	0	
day	渧	0	
day	滯	0	
day	𤀐	0	
day	𢋠	0	
day	𢋴	0	
day	𭏅	0	
dam	冘	0	
dam	𠛌	0	
dam	抌	0	
dam	𠜭	0	
dam	𢭽	0	
dam	鈂	0	
dam	擔	0	
dam	𨄁	0	
dam	𨮊	0	
dang	镫	0	
dang	鐙	0	
dau	叨	0	
dau	丢	0	
dau	𫤩	0	
dau	兜	0	
dau	𨁋	0	
dau	𦄓	0	
day	低	0	
day	底	0	
da	㐌	0	
da	吔	0	
da	拖	0	
da	诸	0	
da	諸	0	
dai	歹	0	
dai	代	0	
dai	迨	0	
dai	隶	0	
dai	殆	0	
dai	怠	0	
dai	待	0	
dai	逮	0	
dai	𣹘	0	
dai	叇	0	
dai	靆	0	
dan	但	0	
dan	掸	0	
dan	撣	0	
dang	宕	0	
dang	荡	0	
dang	烫	0	
dang	菪	0	
dang	蕩	0	
dang	盪	0	
dang	簜	0	
day	𢂌	0	
day	帒	0	
day	袊	0	
day	袋	0	
day	𧛶	0	
de	提	0	
de	碮	0	
den	灯	0	
den	炳	0	
den	畑	0	
den	𪸸	0	
den	燈	0	
deo	刀	0	
deo	刁	0	
deo	㧅	0	
deo	岧	0	
deo	岹	0	
deo	𡸇	0	
deo	𢸛	0	
de	底	0	
de	蒂	0	
dem	玷	0	
dem	点	0	
dem	點	0	
den	淟	0	
deo	刀	0	
deo	鸟	0	
deo	𦛉	0	
deo	鳥	0	
deo	㨶	0	
deo	𡡅	0	
dep	牒	0	
dep	𤗽	0	
det	妲	0	
det	的	0	
det	担	0	
det	怛	0	
det	𪸽	0	
det	𬃱	0	
det	𬄮	0	
de	氐	0	
de	杕	0	
de	低	0	
de	帝	0	
de	羝	0	
de	隄	0	
de	堤	0	
de	𠽮	0	
dem	店	0	
dem	点	0	
dem	胋	0	
dem	𣈘	0	
dem	𣈔	0	
dem	𣎀	0	
dem	最	0	
dem	𡖵	0	
dem	點	0	
denh	丁	0	
denh	汀	0	
deu	彫	0	
di	㫝	0	
di	胝	0	
di	提	0	
di	𠽮	0	
dia	池	0	
dia	𣾸	0	
dia	𤄭	0	
dinh	仃	0	
dinh	廷	0	
dinh	莚	0	
dinh	庭	0	
dinh	亭	0	
dinh	停	0	
dinh	葶	0	
dinh	婷	0	
dinh	蜓	0	
dinh	𦀚	0	
dinh	霆	0	
dinh	諪	0	
dinh	鼮	0	
diu	条	0	
diu	條	0	
diu	调	0	
diu	調	0	
di	𬇉	0	
di	帝	0	
dich	的	0	
dich	菂	0	
dich	嫡	0	
dich	嘀	0	
dich	镝	0	
dich	鏑	0	
dinh	订	0	
dinh	饤	0	
dinh	钉	0	
dinh	顶	0	
dinh	訂	0	
dinh	飣	0	
dinh	釘	0	
dinh	頂	0	
dinh	椗	0	
dinh	碇	0	
dinh	嵿	0	
dit	的	0	
dit	𦝂	0	
dit	𦝇	0	
dit	𤷭	0	
dit	𦡯	0	
diu	𠰀	0	
do	徒	0	
do	渡	0	
do	𣺺	0	
do	艔	0	
do	𨗊	0	
do	𦪂	0	
doi	队	0	
doi	隊	0	
doi	堆	0	
doi	𠸌	0	
doi	𢢊	0	
doi	𠾕	0	
doi	𡡦	0	
doi	𠐬	0	
doi	𨅷	0	
dom	𦗌	0	
don	屯	0	
don	扽	0	
don	杶	0	
don	𤵊	0	
dong	同	0	
dong	茼	0	
dong	铜	0	
dong	秲	0	
dong	秱	0	
dong	粡	0	
dong	銅	0	
do	妬	0	
do	拓	0	
do	帝	0	
do	𪥾	0	
do	𣔧	0	
do	𪦆	0	
do	𥯉	0	
doi	对	0	
doi	𠲝	0	
doi	𩛜	0	
doi	𩟡	0	
dom	炶	0	
dom	点	0	
dom	𧍈	0	
dom	𧏱	0	
dom	點	0	
don	迍	0	
don	扽	0	
don	顿	0	
don	断	0	
don	𣔝	0	
don	頓	0	
don	𨂚	0	
don	噋	0	
don	蝢	0	
don	燉	0	
don	斷	0	
don	䠣	0	
dong	冻	0	
dong	𢫝	0	
dong	栋	0	
dong	凍	0	
dong	㨂	0	
dong	棟	0	
dot	葖	0	
dot	𣔻	0	
do	都	0	
do	喥	0	
do	嘟	0	
do	𥳉	0	
doi	队	0	
doi	对	0	
doi	隊	0	
doi	堆	0	
doi	碓	0	
doi	對	0	
dom	沓	0	
don	屯	0	
don	扽	0	
don	炖	0	
don	惇	0	
don	敦	0	
don	墩	0	
don	燉	0	
don	撉	0	
don	蹲	0	
dong	冬	0	
dong	东	0	
dong	冻	0	
dong	東	0	
dong	𨒟	0	
dong	咚	0	
dong	苳	0	
dong	氡	0	
dong	栋	0	
dong	胨	0	
dong	疼	0	
dong	鸫	0	
dong	凍	0	
dong	埬	0	
dong	𬨮	0	
dong	棟	0	
dong	氭	0	
dong	腖	0	
dong	鶇	0	
du	度	0	
du	𡀤	0	
du	鮽	0	
dua	抠	0	
dua	嘟	0	
dua	𢟎	0	
dua	摳	0	
dua	𢴉	0	
dui	𦟿	0	
dui	𨄟	0	
dui	𦢶	0	
dum	衴	0	
dum	潭	0	
dum	撢	0	
dum	𧝓	0	
dum	𦅰	0	
dun	屯	0	
dun	𡶁	0	
dun	吨	0	
dun	扽	0	
dun	炖	0	
dun	𧉙	0	
dun	𩂄	0	
dun	敦	0	
dun	蝩	0	
dun	撴	0	
dun	𡑓	0	
dung	同	0	
dung	哃	0	
dung	洞	0	
dung	𪔚	0	
du	妒	0	
du	妬	0	
duc	拙	0	
duc	𢱝	0	
duc	镯	0	
duc	𡓞	0	
duc	𤒘	0	
duc	鐲	0	
duc	𥽪	0	
duc	𨯹	0	
duc	𩟵	0	
duc	𬴓	0	
dum	坫	0	
dum	炶	0	
dum	𠸞	0	
dum	撴	0	
dun	屯	0	
dun	顿	0	
dun	頓	0	
dung	中	0	
dung	栋	0	
dung	棟	0	
dung	董	0	
dut	揬	0	
dut	賥	0	
dam	沈	0	
dam	抌	0	
dam	眈	0	
dam	耽	0	
dam	潭	0	
dang	灯	0	
dang	登	0	
dang	澄	0	
dang	燈	0	
dang	镫	0	
dang	䔲	0	
dang	簦	0	
dang	𤮘	0	
dang	鐙	0	
dang	䮴	0	
di	𡚦	0	
di	妓	0	
di	𡛜	0	
di	𡜤	0	
di	𡞖	0	
dia	𥐨	0	
dia	𡌡	0	
dia	𥒦	0	
dia	𥒥	0	
dia	𥒃	0	
dia	牒	0	
dia	𥓵	0	
dia	碟	0	
dia	𥖢	0	
dinh	丁	0	
dinh	钉	0	
dinh	挺	0	
dinh	釘	0	
dinh	腚	0	
dinh	艇	0	
dinh	锭	0	
dinh	鋌	0	
dinh	錠	0	
dua	杜	0	
dua	筷	0	
dua	𥮊	0	
dua	𪳌	0	
dua	箸	0	
dui	𦅭	0	
dui	𦆹	0	
dung	恸	0	
dung	裆	0	
dung	董	0	
dung	慟	0	
dung	𫷐	0	
dung	𬡬	0	
dung	𧜻	0	
dung	襠	0	
do	多	0	
dom	眈	0	
dom	𢲠	0	
dom	𢳞	0	
don	丹	0	
don	单	0	
don	疸	0	
don	單	0	
du	𣴙	0	
dua	拸	0	
dua	迻	0	
dua	𫯖	0	
duong	当	0	
duong	铛	0	
duong	當	0	
duong	擋	0	
duong	蟷	0	
duong	鐺	0	
duoc	特	0	
duoc	㯖	0	
duoi	代	0	
duoi	𤠂	0	
duoi	臺	0	
duoi	𤢬	0	
duon	𨱪	0	
duon	壇	0	
duon	𨲷	0	
duong	饧	0	
duong	唐	0	
duong	堂	0	
duong	棠	0	
duong	溏	0	
duong	搪	0	
duong	塘	0	
duong	榶	0	
duong	磄	0	
duong	膛	0	
duong	糖	0	
duong	镗	0	
duong	醣	0	
duong	餳	0	
duong	螳	0	
duong	鏜	0	
duon	胆	0	
duoc	持	0	
duoc	待	0	
duoc	特	0	
duoc	得	0	
duom	𬊊	0	
duom	淡	0	
duom	㷋	0	
dac	度	0	
dac	铎	0	
dac	喥	0	
dac	渡	0	
dac	踱	0	
dac	鐸	0	
dach	划	0	
dach	劃	0	
dai	大	0	
dai	代	0	
dai	杕	0	
dai	𠰺	0	
dai	帒	0	
dai	岱	0	
dai	玳	0	
dai	軑	0	
dai	袋	0	
dai	埭	0	
dai	瑇	0	
dai	𡐡	0	
dai	黛	0	
dam	啗	0	
dam	啖	0	
dam	惔	0	
dam	淡	0	
dam	啿	0	
dam	氮	0	
dam	窞	0	
dam	噉	0	
dam	𠻪	0	
dam	嘬	0	
dam	憺	0	
dam	禫	0	
dam	𣛱	0	
dam	霮	0	
dan	弹	0	
dan	惮	0	
dan	䃅	0	
dan	僤	0	
dan	憚	0	
dan	彈	0	
dan	磾	0	
dao	导	0	
dao	盗	0	
dao	道	0	
dao	盜	0	
dao	導	0	
dao	稻	0	
dao	蹈	0	
dap	沓	0	
dap	耷	0	
dap	㧺	0	
dap	㭼	0	
dap	遝	0	
dap	踏	0	
dap	蹅	0	
dap	蹋	0	
dat	达	0	
dat	哒	0	
dat	逹	0	
dat	達	0	
dat	噠	0	
da	打	0	
da	灺	0	
da	炧	0	
da	柁	0	
dam	担	0	
dam	怛	0	
dam	胆	0	
dam	疸	0	
dam	薝	0	
dam	擔	0	
dam	膽	0	
dan	但	0	
dan	诞	0	
dan	钽	0	
dan	疍	0	
dan	袒	0	
dan	疸	0	
dan	掸	0	
dan	蛋	0	
dan	瘅	0	
dan	誕	0	
dan	鉭	0	
dan	撣	0	
dan	撢	0	
dan	𧩙	0	
dan	䜥	0	
dan	癉	0	
dang	党	0	
dang	谠	0	
dang	黨	0	
dang	讜	0	
danh	顶	0	
danh	頂	0	
dao	岛	0	
dao	到	0	
dao	倒	0	
dao	捣	0	
dao	島	0	
dao	焘	0	
dao	捯	0	
dao	祷	0	
dao	搗	0	
dao	㨶	0	
dao	擣	0	
dao	燾	0	
dao	禱	0	
day	待	0	
dam	抌	0	
dam	捻	0	
dam	𢶸	0	
dang	当	0	
dang	等	0	
dang	當	0	
dang	𠎬	0	
dang	𨅸	0	
dang	𨯷	0	
dat	坦	0	
dat	怛	0	
dat	待	0	
dat	𡐙	0	
dau	斗	0	
dau	𫔯	0	
dau	鬥	0	
dau	鬦	0	
dau	𨶜	0	
dau	鬪	0	
dau	鬭	0	
day	帝	0	
day	蒂	0	
dam	淡	0	
dam	淫	0	
dam	潭	0	
dan	仃	0	
dan	屯	0	
dan	掸	0	
dan	𠽂	0	
dan	𢠈	0	
dan	𢠤	0	
dan	𬑫	0	
dau	亠	0	
dau	头	0	
dau	投	0	
dau	姚	0	
dau	㪗	0	
dau	骰	0	
dau	頭	0	
dau	䕱	0	
day	台	0	
day	苔	0	
day	菭	0	
day	提	0	
day	𣹓	0	
day	𪞅	0	
day	𨃐	0	
day	𠫆	0	
day	𠫅	0	
day	𧀟	0	
dau	斗	0	
dau	阧	0	
dau	抖	0	
dau	陡	0	
dau	蚪	0	
day	𢩽	0	
day	𢩵	0	
day	底	0	
day	待	0	
day	悌	0	
day	掋	0	
day	𢱜	0	
dam	沉	0	
dam	担	0	
dam	淫	0	
dam	淡	0	
dam	𨤮	0	
dam	踸	0	
dan	瘅	0	
dan	癉	0	
dan	𬑫	0	
day	𠰺	0	
day	帒	0	
day	待	0	
day	悌	0	
day	𦞒	0	
dam	沈	0	
dam	湛	0	
dam	潭	0	
dan	惮	0	
dan	弹	0	
dan	憚	0	
dan	彈	0	
dap	扱	0	
dap	拉	0	
dap	拾	0	
dap	㧺	0	
dap	㭼	0	
dap	𡏽	0	
dap	摺	0	
dap	撘	0	
dat	达	0	
dat	坦	0	
dat	達	0	
dau	杜	0	
dau	豆	0	
dau	饾	0	
dau	读	0	
dau	荳	0	
dau	逗	0	
dau	梄	0	
dau	脰	0	
dau	痘	0	
dau	窦	0	
dau	𨁋	0	
dau	餖	0	
dau	竇	0	
dau	讀	0	
dau	𭔰	0	
day	𢫙	0	
day	𠰺	0	
day	帒	0	
day	待	0	
day	𠸤	0	
day	𩂠	0	
dac	得	0	
dac	锝	0	
dac	𬈫	0	
dac	鍀	0	
dam	沈	0	
dam	沉	0	
dam	耽	0	
dam	𣺻	0	
dam	㴷	0	
dam	𣿇	0	
dan	旦	0	
dan	怛	0	
dan	担	0	
dan	捵	0	
dang	邓	0	
dang	登	0	
dang	凳	0	
dang	鄧	0	
dang	墱	0	
dang	𡂱	0	
dang	䔲	0	
dang	櫈	0	
dang	蹬	0	
dang	𨐸	0	
dang	𡃻	0	
dang	𧃵	0	
dap	扱	0	
dap	拉	0	
dap	垥	0	
dap	搭	0	
dap	塔	0	
dap	揲	0	
dap	撘	0	
dap	㙮	0	
dat	坦	0	
dat	担	0	
dat	怛	0	
dat	得	0	
dat	𠶒	0	
dat	𧶬	0	
dat	𠿲	0	
dam	淫	0	
dam	潭	0	
dan	寅	0	
dan	弹	0	
dan	彈	0	
dang	唐	0	
dang	誊	0	
dang	腾	0	
dang	噔	0	
dang	滕	0	
dang	縢	0	
dang	螣	0	
dang	謄	0	
dang	藤	0	
dang	騰	0	
dang	䲢	0	
dang	籐	0	
dang	鰧	0	
dang	虅	0	
dang	𥸎	0	
dang	等	0	
dang	戥	0	
dam	沉	0	
dam	沈	0	
dam	担	0	
dam	𬈓	0	
dan	怛	0	
dan	担	0	
dan	𠜬	0	
dan	𢭱	0	
dan	𨧝	0	
dang	荡	0	
dang	鄧	0	
dang	蕩	0	
dac	特	0	
dam	淡	0	
dan	惮	0	
dan	𬊤	0	
dan	䃅	0	
dan	憚	0	
dan	磾	0	
dang	邓	0	
dang	鄧	0	
dang	墱	0	
dang	镫	0	
dang	蹬	0	
dang	鐙	0	
dat	达	0	
dat	迭	0	
dat	哒	0	
dat	挞	0	
dat	读	0	
dat	達	0	
dat	噠	0	
dat	撻	0	
dat	讀	0	
den	痶	0	
den	𢵫	0	
den	㩔	0	
den	癜	0	
dep	叶	0	
dep	惵	0	
dep	葉	0	
dep	牒	0	
dep	擛	0	
dep	𢢲	0	
dep	𬙾	0	
dep	𫅠	0	
det	姪	0	
det	𫯇	0	
de	底	0	
de	𡞖	0	
de	𦝉	0	
de	𤯰	0	
de	𪽅	0	
de	𤯿	0	
den	𧌎	0	
de	底	0	
de	𢙵	0	
de	悌	0	
deo	鸟	0	
deo	到	0	
deo	𠜏	0	
deo	𢬢	0	
deo	捣	0	
deo	倒	0	
deo	鳥	0	
deo	㨄	0	
deo	𠟀	0	
deo	搗	0	
deo	𠞸	0	
deo	㨶	0	
deo	𢶑	0	
deo	𨄙	0	
deo	𢸛	0	
de	泜	0	
de	坻	0	
de	柢	0	
de	帝	0	
de	谛	0	
de	𦨢	0	
de	缔	0	
de	蒂	0	
de	𧋍	0	
de	楴	0	
de	䐭	0	
de	締	0	
de	諦	0	
de	蹄	0	
de	螮	0	
dech	的	0	
dech	𫴿	0	
dem	点	0	
dem	掂	0	
dem	點	0	
den	旦	0	
den	但	0	
den	典	0	
den	𦤾	0	
den	𨀏	0	
den	填	0	
den	𦥃	0	
de	洟	0	
de	荑	0	
de	柢	0	
de	缔	0	
de	啼	0	
de	稊	0	
de	鹈	0	
de	渧	0	
de	提	0	
de	㮛	0	
de	𧋘	0	
de	𣾸	0	
de	締	0	
de	緹	0	
de	题	0	
de	蹄	0	
de	醍	0	
de	鴺	0	
de	蹏	0	
de	鳀	0	
de	鵜	0	
de	題	0	
de	鯷	0	
dem	恬	0	
dem	𧛋	0	
dem	𪪆	0	
den	田	0	
den	𡊰	0	
den	㨋	0	
den	搷	0	
den	殿	0	
den	填	0	
den	𪽛	0	
den	𡑴	0	
den	𣫕	0	
denh	鼎	0	
deu	调	0	
deu	調	0	
de	诋	0	
de	邸	0	
de	底	0	
de	抵	0	
de	牴	0	
de	帝	0	
de	砥	0	
de	掋	0	
de	觝	0	
de	㭽	0	
de	詆	0	
de	骶	0	
denh	鼎	0	
denh	𣼬	0	
deu	捣	0	
deu	搗	0	
deu	𢞬	0	
de	悌	0	
de	锑	0	
de	銻	0	
denh	鼎	0	
de	弟	0	
de	杕	0	
de	递	0	
de	娣	0	
de	第	0	
de	棣	0	
de	遞	0	
dem	移	0	
dem	笘	0	
dem	埶	0	
dem	捻	0	
dem	𧛋	0	
dem	禫	0	
dem	𧝓	0	
dep	沓	0	
dep	疊	0	
det	狄	0	
di	胝	0	
dia	𧋘	0	
dia	𧍉	0	
dinh	顶	0	
dinh	侹	0	
dinh	酊	0	
dinh	梃	0	
dinh	頂	0	
dinh	鼎	0	
dinh	锭	0	
dinh	嵿	0	
dinh	錠	0	
dinh	𨄸	0	
diu	𪆤	0	
dia	地	0	
dich	狄	0	
dich	迪	0	
dich	籴	0	
dich	苖	0	
dich	涤	0	
dich	荻	0	
dich	敌	0	
dich	逖	0	
dich	逷	0	
dich	笛	0	
dich	滌	0	
dich	翟	0	
dich	敵	0	
dich	踧	0	
dich	趯	0	
dich	糴	0	
dinh	忊	0	
dinh	定	0	
dit	𨕀	0	
dit	𬇓	0	
dit	𨗵	0	
diu	棹	0	
diu	𧞴	0	
do	度	0	
doc	读	0	
doc	鐲	0	
doc	讀	0	
doi	队	0	
doi	隊	0	
doi	𥖐	0	
dong	洞	0	
dong	𠘃	0	
dong	𬈭	0	
dot	葖	0	
dot	稡	0	
dot	𧎛	0	
do	杜	0	
do	𪜕	0	
do	𠴗	0	
do	𧹥	0	
do	𧹦	0	
do	䚂	0	
do	赭	0	
do	𬦃	0	
do	𪴄	0	
do	𧹼	0	
do	𧹻	0	
do	𤒠	0	
do	𬦄	0	
do	𣠶	0	
do	𧺂	0	
do	𧺃	0	
doi	𢬭	0	
doi	𦂁	0	
doi	𦅭	0	
dom	炶	0	
dom	𦏄	0	
dom	𫅝	0	
dong	恸	0	
dong	董	0	
dong	慟	0	
dong	懂	0	
do	妒	0	
do	图	0	
do	妬	0	
do	拓	0	
do	圖	0	
do	螙	0	
doc	丢	0	
doc	笃	0	
doc	铥	0	
doc	督	0	
doc	銩	0	
doc	篤	0	
doc	𡓞	0	
doi	对	0	
doi	對	0	
doi	薱	0	
doi	濧	0	
doi	𣝉	0	
doi	𩼷	0	
doi	𩼸	0	
dom	炶	0	
dom	𤇮	0	
don	屯	0	
don	迍	0	
don	吨	0	
don	扽	0	
don	顿	0	
don	頓	0	
don	噸	0	
dong	冻	0	
dong	栋	0	
dong	胨	0	
dong	凍	0	
dong	埬	0	
dong	棟	0	
dong	腖	0	
dong	湩	0	
dop	沓	0	
dop	㗳	0	
dot	咄	0	
dot	茁	0	
dot	炪	0	
dot	柮	0	
dot	𤈜	0	
dot	𢱞	0	
dot	葖	0	
dot	焠	0	
dot	飿	0	
dot	𤋿	0	
dot	𦵛	0	
dot	𦝬	0	
dot	𥯝	0	
do	龱	0	
do	图	0	
do	度	0	
do	捈	0	
do	途	0	
do	莵	0	
do	涂	0	
do	徒	0	
do	荼	0	
do	阇	0	
do	菟	0	
do	𦯬	0	
do	梌	0	
do	屠	0	
do	锗	0	
do	塗	0	
do	酴	0	
do	𢴉	0	
do	圖	0	
do	𣘊	0	
do	𤸭	0	
do	闍	0	
do	鍺	0	
do	𨢕	0	
do	鷋	0	
doi	岱	0	
doi	玳	0	
doi	堆	0	
doi	颓	0	
doi	隤	0	
doi	𡑖	0	
doi	𬁏	0	
doi	頺	0	
doi	頽	0	
doi	𥣧	0	
doi	穨	0	
doi	𡾫	0	
don	屯	0	
don	㹠	0	
don	饨	0	
don	吨	0	
don	窀	0	
don	顿	0	
don	𧦖	0	
don	訰	0	
don	䐁	0	
don	焞	0	
don	飩	0	
don	鲀	0	
don	敦	0	
don	頓	0	
don	𦝬	0	
don	魨	0	
don	㩔	0	
don	𡀷	0	
don	臀	0	
dong	仝	0	
dong	同	0	
dong	彤	0	
dong	洞	0	
dong	垌	0	
dong	茼	0	
dong	哃	0	
dong	桐	0	
dong	眮	0	
dong	铜	0	
dong	秱	0	
dong	衕	0	
dong	筒	0	
dong	粡	0	
dong	童	0	
dong	筩	0	
dong	銅	0	
dong	僮	0	
dong	瞳	0	
dong	艟	0	
do	杜	0	
do	𠴗	0	
do	堵	0	
do	暏	0	
do	赌	0	
do	睹	0	
do	覩	0	
do	踷	0	
do	賭	0	
do	鍺	0	
do	𧺃	0	
do	𧺂	0	
doi	对	0	
doi	対	0	
doi	𢫊	0	
doi	𢙪	0	
doi	𢬭	0	
doi	𪫼	0	
doi	𩛜	0	
doi	對	0	
doi	𣋇	0	
doi	𢷮	0	
doi	𣌒	0	
dong	栋	0	
dong	埬	0	
dong	棟	0	
dong	董	0	
dong	懂	0	
dong	𣿅	0	
dong	𡀇	0	
do	杜	0	
do	肚	0	
do	𤬪	0	
do	𢾖	0	
do	蠹	0	
doi	队	0	
doi	对	0	
doi	隊	0	
doi	對	0	
doi	𡑖	0	
doi	𦅭	0	
dong	恸	0	
dong	峝	0	
dong	硐	0	
dong	慟	0	
do	度	0	
do	都	0	
do	喥	0	
do	渡	0	
do	镀	0	
do	䟻	0	
do	鍍	0	
doc	毒	0	
doc	独	0	
doc	读	0	
doc	𤟂	0	
doc	渎	0	
doc	椟	0	
doc	犊	0	
doc	牍	0	
doc	碡	0	
doc	蝳	0	
doc	獨	0	
doc	凟	0	
doc	瀆	0	
doc	牘	0	
doc	櫝	0	
doc	犢	0	
doc	黩	0	
doc	讀	0	
doc	髑	0	
doc	黷	0	
doc	讟	0	
doi	队	0	
doi	隊	0	
doi	憝	0	
don	𣎴	0	
don	囤	0	
don	沌	0	
don	钝	0	
don	盹	0	
don	趸	0	
don	遁	0	
don	鈍	0	
don	遯	0	
don	躉	0	
dong	动	0	
dong	峒	0	
dong	垌	0	
dong	挏	0	
dong	洞	0	
dong	峝	0	
dong	恫	0	
dong	胴	0	
dong	㨂	0	
dong	硐	0	
dong	動	0	
dop	沓	0	
dot	凸	0	
dot	达	0	
dot	突	0	
dot	秩	0	
dot	湥	0	
dot	達	0	
dot	葖	0	
dot	跌	0	
dot	揬	0	
dot	腯	0	
dot	𦂽	0	
dot	嚉	0	
do	拕	0	
do	拖	0	
do	哆	0	
do	𥒅	0	
do	𥒥	0	
doi	带	0	
doi	帶	0	
don	疸	0	
dop	答	0	
dop	㗳	0	
dot	妲	0	
dot	噠	0	
do	沱	0	
do	咜	0	
do	拕	0	
doi	代	0	
doi	𫢫	0	
doi	𠁀	0	
dom	痰	0	
don	弹	0	
don	彈	0	
don	但	0	
do	㐌	0	
do	扡	0	
do	扺	0	
do	拕	0	
do	拖	0	
do	柂	0	
do	助	0	
do	扽	0	
do	拕	0	
do	拖	0	
do	度	0	
do	𫱩	0	
doi	代	0	
doi	待	0	
doi	𫁧	0	
doi	𨃉	0	
dot	达	0	
dot	挞	0	
dot	突	0	
dot	達	0	
dot	撻	0	
duc	浊	0	
duc	独	0	
duc	濁	0	
duc	獨	0	
duc	镯	0	
duc	鐲	0	
duc	鑟	0	
duc	𨯹	0	
dui	队	0	
dui	坠	0	
dui	隊	0	
dui	堕	0	
dui	墜	0	
dui	墮	0	
dun	囤	0	
dun	庉	0	
dun	杶	0	
dun	𫃉	0	
dun	𣜲	0	
dung	用	0	
dung	动	0	
dung	動	0	
dup	䋎	0	
dup	𧛆	0	
dut	突	0	
dut	𥯝	0	
du	妬	0	
du	度	0	
du	都	0	
du	睹	0	
du	𨁥	0	
du	覩	0	
du	踷	0	
du	𬦼	0	
du	𣛭	0	
du	𨇛	0	
du	𨇜	0	
dui	𢫊	0	
dui	𢷮	0	
dui	𪆤	0	
dung	董	0	
dung	𨆟	0	
du	哆	0	
du	𥒥	0	
dua	丁	0	
dua	仃	0	
dua	矴	0	
dua	𫯍	0	
dua	𠀲	0	
dua	侈	0	
dua	𡥥	0	
dua	亭	0	
dua	𥒥	0	
dua	𠁂	0	
duc	𡮞	0	
duc	德	0	
dung	亭	0	
dung	停	0	
dung	等	0	
dung	𠎬	0	
dung	𥪸	0	
dung	𨅸	0	
dut	𠛣	0	
dut	坦	0	
dut	怛	0	
dut	𠝗	0	
dut	𢯟	0	
dut	䋎	0	
dut	𠞹	0	
dut	𢴑	0	
dut	縆	0	
du	沱	0	
du	𣴙	0	
dua	迻	0	
dung	仃	0	
dung	𣫲	0	
dung	亭	0	
dung	停	0	
dung	澄	0	
dung	𠏦	0	
du	与	0	
du	打	0	
du	與	0	
duc	特	0	
duc	𬌣	0	
dung	邓	0	
dung	定	0	
dung	鄧	0	
dung	𡓂	0	
dung	𢸞	0	
inh	英	0	
um	𩄒	0	
ung	䐥	0	
o	於	0	
o	唩	0	
o	唹	0	
oi	衣	0	
oi	𠲖	0	
oi	意	0	
oi	㗒	0	
om	阴	0	
om	音	0	
om	陰	0	
om	喑	0	
on	㤙	0	
on	恩	0	
u	於	0	
u	唹	0	
ua	𢖵	0	
ua	扵	0	
ua	於	0	
ua	𢛨	0	
ua	唹	0	
ua	𪦟	0	
ua	𬱍	0	
ung	应	0	
ung	應	0	
ung	膺	0	
ung	鹰	0	
ung	鷹	0	
uu	优	0	
uu	忧	0	
uu	憂	0	
uu	優	0	
uoi	埃	0	
uoi	𤠆	0	
uoi	猿	0	
uoi	𤠱	0	
uoi	𣘂	0	
uom	奄	0	
uom	𡘤	0	
uom	淹	0	
uom	𦂺	0	
uon	胺	0	
uon	𬆘	0	
uon	𤹕	0	
uong	央	0	
uong	泱	0	
uong	坱	0	
uong	怏	0	
uong	殃	0	
uong	鸯	0	
uong	秧	0	
uong	𫊬	0	
uong	鞅	0	
uong	鴦	0	
uoc	约	0	
uoc	药	0	
uoc	約	0	
uoc	葯	0	
uoc	藥	0	
uom	厌	0	
uom	恹	0	
uom	唵	0	
uom	暗	0	
uom	厭	0	
uom	懨	0	
uom	嚈	0	
uom	𧞣	0	
uon	按	0	
uop	押	0	
uop	浥	0	
uot	㲸	0	
uot	押	0	
uot	遏	0	
uot	𣿌	0	
uot	㵣	0	
uon	胺	0	
uoi	餲	0	
uong	怏	0	
uong	钖	0	
uong	鞅	0	
uong	鍚	0	
uon	㨃	0	
uon	𫎼	0	
a	哑	0	
a	啊	0	
a	𠶚	0	
a	啞	0	
ac	喝	0	
ac	噁	0	
ach	厄	0	
ach	𬪾	0	
ao	𠯻	0	
ao	呦	0	
at	𣿌	0	
a	妸	0	
a	娅	0	
a	婭	0	
ai	呃	0	
ai	隘	0	
ai	矮	0	
ai	溢	0	
ai	缢	0	
ai	縊	0	
ai	薆	0	
ai	螠	0	
am	揞	0	
am	黯	0	
ang	坱	0	
anh	影	0	
anh	瘿	0	
anh	癭	0	
ao	幻	0	
ao	抝	0	
ao	拗	0	
ao	袄	0	
ao	懊	0	
ao	䴈	0	
ao	𩼈	0	
am	饮	0	
am	荫	0	
am	飲	0	
am	堷	0	
am	喑	0	
am	𢉩	0	
am	廕	0	
am	𤋾	0	
am	蔭	0	
am	瘖	0	
am	𩐛	0	
am	𤭵	0	
am	𠿮	0	
am	𡓅	0	
am	𨯛	0	
am	𮢣	0	
an	印	0	
an	按	0	
an	鮣	0	
an	䲟	0	
ap	阝	0	
ap	邑	0	
ap	唈	0	
ap	悒	0	
ap	浥	0	
ap	挹	0	
ap	揖	0	
ap	𬪁	0	
ap	䱒	0	
at	乙	0	
at	乚	0	
at	𠃊	0	
at	𠃌	0	
at	乛	0	
au	幼	0	
au	苭	0	
au	拗	0	
au	柪	0	
ay	𠂎	0	
ay	天	0	
ay	仍	0	
ay	𧘇	0	
ay	此	0	
ay	衣	0	
ay	䀡	0	
ay	倚	0	
ay	珠	0	
ay	𨔍	0	
ay	欺	0	
ay	摄	0	
ay	意	0	
ay	𪬫	0	
ay		0	
am	音	0	
am	喑	0	
am	歆	0	
am	𩆢	0	
am	饮	0	
am	飲	0	
am	𣼩	0	
am	𤀔	0	
an	殷	0	
an	隐	0	
an	隱	0	
an	瘾	0	
an	癮	0	
au	呕	0	
au	妪	0	
au	抝	0	
au	殴	0	
au	泑	0	
au	𬏠	0	
au	媪	0	
au	嘔	0	
au	嫗	0	
au	塸	0	
au	毆	0	
ay	挨	0	
ay	𢶶	0	
am	𠿮	0	
am	饮	0	
am	音	0	
am	飲	0	
am	喑	0	
am	𠿮	0	
ap	浥	0	
ap	揖	0	
ap	𨁲	0	
ac	乙	0	
ang	印	0	
ap	押	0	
ap	抽	0	
at	乙	0	
at	𢖮	0	
at	必	0	
at	吃	0	
am	饮	0	
am	揞	0	
am	飲	0	
ac	乙	0	
ac	喝	0	
ep	押	0	
ep	抽	0	
en	偃	0	
en	𠼸	0	
en	嚥	0	
eo	殀	0	
eo	𥥐	0	
e	医	0	
e	𠲖	0	
e	瘗	0	
e	瘞	0	
e	撎	0	
e	噎	0	
e	曀	0	
e	殪	0	
e	瞖	0	
e	翳	0	
e	餲	0	
e	醫	0	
e	饐	0	
e	𮩝	0	
ech	螠	0	
em	厌	0	
em	压	0	
em	掩	0	
em	厭	0	
em	壓	0	
ep	押	0	
e	𠲖	0	
enh	𠸄	0	
e	𠯋	0	
en	偃	0	
enh	英	0	
enh	偃	0	
enh	𠸄	0	
enh	影	0	
ech	𡒪	0	
en	𠼸	0	
i	𫵋	0	
ia	依	0	
ia	𥺿	0	
im	掩	0	
in	偃	0	
in	稳	0	
in	穩	0	
iu	夭	0	
ich	厄	0	
ich	益	0	
it	𠃣	0	
it	咽	0	
o	呜	0	
o	坞	0	
o	𣹙	0	
o	嗚	0	
o	塢	0	
oc	屋	0	
oc	𣹙	0	
op	邑	0	
op	哈	0	
op	浥	0	
ot	喔	0	
ot	揾	0	
o	呜	0	
o	嗚	0	
o	𫉩	0	
oi	隘	0	
oi	喂	0	
oi	煨	0	
oi	𪨆	0	
om	饮	0	
om	飲	0	
om	𠿮	0	
on	稳	0	
on	𪢖	0	
on	穩	0	
on	𡅏	0	
on	𡅯	0	
ong	翁	0	
ong	䐥	0	
ong	𤹗	0	
o	汚	0	
o	汙	0	
o	污	0	
o	哑	0	
o	洿	0	
o	恶	0	
o	啞	0	
o	惡	0	
o	噁	0	
o	癋	0	
oc	沃	0	
oc	屋	0	
oc	幄	0	
oc	渥	0	
oc	握	0	
oc	喔	0	
oc	腛	0	
oc	𧎜	0	
oc	龌	0	
oc	齷	0	
oi	偎	0	
oi	渨	0	
om	瘖	0	
om	𤺵	0	
ong	蓊	0	
ong	𫊿	0	
ong	滃	0	
ong	䐥	0	
ong	䈵	0	
ong	甕	0	
ong	𨇹	0	
op	邑	0	
op	押	0	
op	挹	0	
op	揖	0	
op	榅	0	
op	𧋾	0	
op	䱒	0	
ot	嗢	0	
o	呜	0	
o	嗚	0	
o	溩	0	
o	㮧	0	
o	𤀙	0	
om	喑	0	
on	𪡓	0	
on	温	0	
on	嗢	0	
on	𡀦	0	
on	𫔹	0	
ong	翁	0	
o	坞	0	
o	洿	0	
o	隖	0	
o	溩	0	
o	塢	0	
oi	偎	0	
oi	傀	0	
oi	猥	0	
oi	喂	0	
oi	猣	0	
oi	椳	0	
oi	餧	0	
oi	餵	0	
on	隐	0	
on	温	0	
on	稳	0	
on	𡀦	0	
on	隱	0	
on	穩	0	
ong	翁	0	
ong	䐥	0	
ong	擁	0	
ong	甕	0	
oc	喔	0	
op	𧋾	0	
ot	喐	0	
ot	腽	0	
o	於	0	
o	哑	0	
o	唹	0	
o	啞	0	
oi	咳	0	
oi	意	0	
on	𫣃	0	
on	𠹵	0	
on	𢞴	0	
on	𠻈	0	
ot	乙	0	
ot	艺	0	
ot	𣎷	0	
ot	枊	0	
ot	𬨖	0	
ot	𫐚	0	
ot	𣓾	0	
ot	遏	0	
ot	𣜶	0	
o	於	0	
o	哬	0	
o	啊	0	
o	扵	0	
o	於	0	
o	𣄒	0	
o	𫵦	0	
om	饮	0	
om	飲	0	
om	喑	0	
om	𠿮	0	
o	唹	0	
ot	遏	0	
u	坞	0	
u	塢	0	
ua	噁	0	
uc	喐	0	
uc	噢	0	
uc	澳	0	
up	浥	0	
up	挹	0	
ut	𠃯	0	
ut	𧰦	0	
ut	䴈	0	
u	伛	0	
u	坞	0	
u	於	0	
u	喔	0	
u	傴	0	
u	塢	0	
u	噢	0	
ua	唩	0	
ua	唹	0	
ua	𢝸	0	
ua	𡀴	0	
ui	㾯	0	
ui	墛	0	
ui	熨	0	
ui	慰	0	
um	揞	0	
un	稳	0	
un	穩	0	
ung	拥	0	
ung	雍	0	
ung	擁	0	
ung	蕹	0	
ung	臃	0	
ung	甕	0	
ung	𥀪	0	
ung	𩍓	0	
u	饫	0	
u	於	0	
u	唹	0	
u	淤	0	
u	飫	0	
u	瘀	0	
u	𤂷	0	
ua	淤	0	
ua	瘀	0	
ua	𩜏	0	
uc	亿	0	
uc	忆	0	
uc	肊	0	
uc	抑	0	
uc	㦉	0	
uc	億	0	
uc	憶	0	
uc	臆	0	
uc	癔	0	
uc	繶	0	
ung	应	0	
ung	應	0	
ung	膺	0	
ung	𧃽	0	
ut	乙	0	
u	唹	0	
ung	应	0	
ung	應	0	
ung	怏	0	
ung	隐	0	
ung	𦁾	0	
ung	隱	0	
ung	𧃽	0	
uu	泑	0	
u	唹	0	
ua	瘀	0	
uc	吃	0	
uc	抑	0	
uc	𠳑	0	
uc	𡄯	0	
y	衣	0	
y	依	0	
y	倚	0	
y	绮	0	
y	椅	0	
y	旖	0	
y	綺	0	
y	𧱺	0	
chunom	𡦂喃	0	
taivi	在爲	0	
am	萻	0	
visao	爲牢	0	
ai	埃	0	
ngan	𥐉	0	
taisao	在牢	0	
len	𨖲	0	
a	亞	0	
a	亜	0	
amlich	陰曆	0	
an	咹	0	
an	𫗒	0	
ancom	咹粓	0	
ando	印度	0	
anh	英	0	
anhchiem	偀姉㛪	0	
anhho	偀戶	0	
ao	襖	0	
aodimua	襖𠫾𩅹	0	
ba	𠀧	0	
ba	爸	0	
va	吧	0	
va	𡝕	0	
cua	𧵑	0	
cua	𧶮	0	
nhatla	一𱺵	0	
la	𱺵	0	
nhat	一	0	
denhat	第一	0	
thunhat	次一	0	
thunhi	次二	0	
thuhai	次𠄩	0	
thuba	次𠀧	0	
hai	𠄩	0	
ongba	翁婆	0	
ba	婆	0	
ba	妑	0	
chao	嘲	0	
xin	吀	0	
ten	𠸜	0	
ten	𠸛	0	
gi	之	0	
gi	咦	0	
toi	碎	0	
toi	倅	0	
toi	祽	0	
con	群	0	
xinchao	吀嘲	0	
cai	丐	0	
caido	丐妬	0	
do	妬	0	
do	𪦆	0	
tenho	𠸜戶	0	
ho	戶	0	
ho	户	0	
co	姑	0	
day	低	0	
nguoi	𠊛	0	
nguoita	𠊛些	0	
chungta	眾些	0	
cong	共	0	
denhi	第二	0	
dira	𠫾𫥨	0	
ra	𫥨	0	
ra	𦋦	0	
ra	𠚢	0	
divao	𠫾𠓨	0	
vao	𠓨	0	
voi	唄	0	
voi	貝	0	
voiai	唄埃	0	
trong	𥪝	0	
trong	𥪞	0	
trong	冲	0	
o	於	0	
o	扵	0	
odo	於妬	0	
voi	𢭲	0	
se	𠱊	0	
ta	些	0	
ta	咱	0	
ta	𢧲	0	
ong	翁	0	
lam	爫	0	
nam	南	0	
vietnam	越南	0	
nguoiviet	𠊛越	0	
viet	越	0	
da	唯	0	
vang	𠳐	0	
davang	唯𠳐	0	
mausac	牟色	0	
sac	色	0	
mau	牟	0	
xanhdatroi	撑䏧𡗶	0	
thanh	青	0	
cainay	丐呢	0	
nhung	仍	0	
nhung	忍	0	
cung	拱	0	
cung	穷	0	
den	𦤾	0	
den	𦥃	0	
khong	空	0	
hay	咍	0	
hay	𫨩	0	
hayla	咍𱺵	0	
qua	過	0	
qua	过	0	
qua	𬨨	0	
hayqua	咍過	0	
hoac	或	0	
hoacla	或𱻀	0	
ma	𦓡	0	
ma	麻	0	
nhung	仍	0	
nhung	忍	0	
nhungma	仍𦓡	0	
neu	𠮩	0	
neu	𡀮	0	
nhu	如	0	
vay	丕	0	
nhuvay	如丕	0	
tu	自	0	
thigio	時𣇞	0	
biet	别	0	
biet	別	0	
mat	𩈘	0	
mat	𫖀	0	
bietmat	别𩈘	0	
doc	讀	0	
cho	朱	0	
chi	只	0	
hoc	學	0	
hoc	学	0	
hoc	斈	0	
tram	𤾓	0	
mottram	𠬠𤾓	0	
bon	𦊚	0	
nam	𠄼	0	
muoi	𨑮	0	
nuoc	渃	0	
nuocviet	渃越	0	
trungquoc	中國	0	
dat	坦	0	
dat	𡐙	0	
dong	東	0	
adong	亞東	0	
tay	西	0	
bac	北	0	
trung	中	0	
tu	詞	0	
danh	名	0	
danhtu	名詞	0	
tu	字	0	
chu	𡦂	0	
chu	𡨸	0	
quocngu	國語	0	
ngonngu	言語	0	
sach	册	0	
sach	冊	0	
docsach	讀册	0	
cac	各	0	
chung	眾	0	
chung	众	0	
chung	衆	0	
chungtoi	眾碎	0	
no	伮	0	
no	奴	0	
con	𡥵	0	
ban	伴	0	
co	固	0	
co	𣎏	0	
duoc	特	0	
de	底	0	
cong	工	0	
viec	役	0	
congviec	工役	0	
dilamviec	𠫾爫役	0	
cong	公	0	
an	安	0	
congan	公安	0	
congnhan	工人	0	
tao	造	0	
nhantao	人造	0	
taora	造𫥨	0	
ve	𧗱	0	
ve	𡗅	0	
nha	茹	0	
nha	茄	0	
nha	庌	0	
venha	𧗱茹	0	
thay	𧡊	0	
cam	感	0	
camthay	感𧡊	0	
nam	𢆥	0	
nam	𫷜	0	
khi	欺	0	
trongkhi	𥪝欺	0	
duong	塘	0	
duongdi	塘𠫾	0	
dan	民	0	
lai	吏	0	
lai	又	0	
voilai	唄吏	0	
phai	沛	0	
thanh	城	0	
thanh	成	0	
thanh	誠	0	
noi	呐	0	
noi	吶	0	
nhieu	𡗉	0	
nhieu	𡗊	0	
nhieukhi	𡗉欺	0	
su	事	0	
su	亊	0	
dau	頭	0	
dau	头	0	
sau	𡢐	0	
sau	𪢈	0	
saukhi	𡢐欺	0	
ky	奇	0	
so	数	0	
so	數	0	
gia	家	0	
theo	遶	0	
ditheo	𠫾遶	0	
dong	同	0	
dongam	同音	0	
nghia	義	0	
dongnghia	同義	0	
chu	主	0	
nhat	日	0	
chunhat	主日	0	
the	替	0	
the	世	0	
ca	哿	0	
mang	命	0	
minh	𨉟	0	
minh	𠵴	0	
minh	𠇮	0	
tuminh	自𨉟	0	
do	由	0	
tudo	自由	0	
dang	當	0	
quyen	權	0	
quyen	权	0	
coquyen	固權	0	
hon	欣	0	
hoa	花	0	
qua	戈	0	
diqua	𠫾戈	0	
vi	爲	0	
vi	為	0	
nao	芇	0	
nao	芾	0	
nao	闹	0	
hien	現	0	
truong	場	0	
truonghoc	場學	0	
truongbay	場𠖤	0	
phitruong	飛場	0	
di	𠫾	0	
di	𪠞	0	
dibo	𠫾步	0	
bo	部	0	
vien	員	0	
nhanvien	人員	0	
hoi	會	0	
hoi	会	0	
moi	㵋	0	
roi	耒	0	
rang	哴	0	
rang	㖫	0	
rang	浪	0	
my	美	0	
sinh	生	0	
sinhvien	生員	0	
hocsinh	學生	0	
dai	大	0	
truongdaihoc	場大學	0	
daihoc	大學	0	
cao	高	0	
khonggi	空之	0	
nghe	𦖑	0	
tieng	㗂	0	
nuocsoi	渃炊	0	
it	𠃣	0	
het	歇	0	
het	𣍊	0	
dusao	𠶢牢	0	
durang	𠶢哴	0	
deu	調	0	
dieu	條	0	
dieu	条	0	
dieukien	條件	0	
kien	件	0	
van	文	0	
da	多	0	
theky	世紀	0	
doi	𠁀	0	
troimua	𡗶𩅹	0	
hieubiet	曉别	0	
hieu	曉	0	
uong	㕵	0	
ban	盤	0	
ban	盘	0	
banan	盤咹	0	
xe	車	0	
may	𣛠	0	
may	𢵯	0	
maybay	𣛠𠖤	0	
trai	賴	0	
trai	𣡚	0	
dua	迻	0	
dong	銅	0	
bac	鉑	0	
thoigian	時間	0	
tambiet	暫别	0	
ngoai	外	0	
ngoaiquoc	外國	0	
bangoai	婆外	0	
tay	𢬣	0	
tay	拪	0	
xuong	𨑜	0	
duoi	𤲂	0	
duoi	𠁑	0	
tren	𨕭	0	
tren	𨑗	0	
bong	葻	0	
bonghoa	葻花	0	
bay	𬙞	0	
bay	𦉱	0	
gai	𡛔	0	
congai	𡥵𡛔	0	
nui	𡶀	0	
mua	𧷸	0	
xinloi	吀纇	0	
bien	𣷷	0	
bien	㴜	0	
lon	𡘯	0	
nho	𡮈	0	
ban	𧸝	0	
nghin	𠦳	0	
motnghin	𠬠𠦳	0	
chin	𠃩	0	
chin	𢒂	0	
chinh	正	0	
chinh	政	0	
chinhphu	政府	0	
phu	府	0	
quang	光	0	
minh	明	0	
thong	聰	0	
thong	聪	0	
thongminh	聰明	0	
cach	格	0	
cachlam	格爫	0	
cach	革	0	
caicach	改革	0	
cai	改	0	
cat	割	0	
chi	𥿗	0	
chi	䊼	0	
giay	紙	0	
day	絏	0	
soi	𥾘	0	
soichi	𥾘𥿗	0	
khac	恪	0	
nay	𫢩	0	
nay	𠉞	0	
ngaynay	𣈜𫢩	0	
gioi	界	0	
thegioi	世界	0	
han	限	0	
gioihan	界限	0	
coi	𫀅	0	
coi	𥋳	0	
coi	䁛	0	
tam	𠔭	0	
tam	𫤯	0	
tho	土	0	
loi	纇	0	
loi	𥓹	0	
mua	𩅹	0	
dongbac	銅鉑	0	
com	粓	0	
da	䏧	0	
am	音	0	
banam	半音	0	
dao	島	0	
bandao	半島	0	
thoiky	時期	0	
tamthoi	暫時	0	
rat	慄	0	
truoc	𠓀	0	
truoc	𫏾	0	
hang	行	0	
nganhang	銀行	0	
me	媄	0	
tuong	將	0	
thutuong	首將	0	
noi	内	0	
noi	內	0	
giadinh	家庭	0	
giadinhbennoi	家庭边内	0	
ben	边	0	
ben	邊	0	
benphai	边沛	0	
bentrai	边賴	0	
noidia	内地	0	
dia	地	0	
thu	首	0	
tu	四	0	
thutu	次四	0	
phap	法	0	
kien	見	0	
y	意	0	
ykien	意見	0	
ynghia	意義	0	
chi	志	0	
ychi	意志	0	
dong	動	0	
tudong	自動	0	
san	産	0	
sanxuat	産出	0	
xuat	出	0	
khau	口	0	
xuatkhau	出口	0	
congsan	共産	0	
tien	前	0	
tien	錢	0	
tienbac	錢鉑	0	
tienmat	錢𩈘	0	
bohanh	步行	0	
bo	步	0	
bao	報	0	
thang	𣎃	0	
thang	𪱚	0	
ngaythang	𣈜𣎃	0	
dauthang	頭𣎃	0	
trong	重	0	
quantrong	關重	0	
haiquan	海關	0	
hai	海	0	
nhan	認	0	
tinh	情	0	
tinhcam	情感	0	
ly	李	0	
ly	理	0	
lydo	理由	0	
coly	固理	0	
luc	𣅶	0	
motluc	𠬠𣅶	0	
lucnay	𣅶呢	0	
tiep	接	0	
tiengnoi	㗂呐	0	
kinh	經	0	
kinh	経	0	
te	濟	0	
te	济	0	
kinhte	經濟	0	
toi	細	0	
hinh	形	0	
anh	影	0	
hinhanh	形影	0	
lien	連	0	
lien	聯	0	
lien	联	0	
lienhe	聯係	0	
bang	凭	0	
bang	憑	0	
chung	證	0	
bangchung	凭證	0	
tin	信	0	
tin	𠒷	0	
tintuc	信息	0	
lienket	連結	0	
quyetdinh	決定	0	
luan	論	0	
quyetdinhluan	決定論	0	
banluan	盤論	0	
binh	評	0	
binhluan	評論	0	
binh	平	0	
binhan	平安	0	
hoa	和	0	
hoabinh	和平	0	
ngoi	瓦	0	
binh	瓶	0	
thuy	水	0	
binhthuy	瓶水	0	
tam	心	0	
trungtam	中心	0	
loi	𠳒	0	
luc	力	0	
quyenluc	權力	0	
ap	壓	0	
apluc	壓力	0	
quan	軍	0	
quansu	軍事	0	
khi	氣	0	
khongkhi	空氣	0	
apluckhongkhi	壓力空氣	0	
dansu	民事	0	
thesu	世事	0	
gia	價	0	
gia	价	0	
hoa	華	0	
nhan	人	0	
ngay	𣈜	0	
ngay	𣈗	0	
ngay	㝵	0	
thi	時	0	
thi	时	0	
quoc	國	0	
quoc	国	0	
da	㐌	0	
da	𠰹	0	
nay	呢	0	
nay	尼	0	
mot	𠬠	0	
tai	在	0	
quan	關	0	
quan	関	0	
ky	期	0	
dinh	定	0	
nhatdinh	一定	0	
nien	年	0	
thu	手	0	
em	㛪	0	
em	腌	0	
thu	次	0	
ca	𩵜	0	
tien	仙	0	
tien	先	0	
dautien	頭先	0	
chien	戰	0	
tau	艚	0	
tauchien	艚戰	0	
giai	解	0	
giaiquyet	解決	0	
giainghia	解義	0	
trinh	呈	0	
trinh	程	0	
trinhdo	程度	0	
chuong	章	0	
chuongtrinh	章程	0	
bao	保	0	
hiem	險	0	
baohiem	保險	0	
nguy	危	0	
nguyhiem	危險	0	
lan	吝	0	
bang	朋	0	
landau	吝頭	0	
cau	求	0	
cauxin	求吀	0	
vua	𣃣	0	
vua	𣃤	0	
muon	㦖	0	
muon	悶	0	
giao	教	0	
cogiao	姑教	0	
giaosu	教師	0	
su	師	0	
toan	全	0	
baotoan	保全	0	
luong	量	0	
lucluong	力量	0	
quocgia	國家	0	
te	際	0	
te	际	0	
quocte	國際	0	
tat	畢	0	
tat	毕	0	
tat	悉	0	
tatca	畢哿	0	
nhau	憢	0	
nhau	𠑬	0	
deunhau	調憢	0	
hoa	化	0	
taohoa	造化	0	
moi	每	0	
pham	品	0	
chi	姉	0	
ban	半	0	
am	陰	0	
am	阴	0	
quyet	決	0	
chim	𪀄	0	
nu	女	0	
sau	𦒹	0	
in	印	0	
de	第	0	
gio	𣇞	0	
phi	飛	0	
phi	飞	0	
tam	暫	0	
nhi	二	0	
ngan	銀	0	
ngu	語	0	
ngon	言	0	
sao	牢	0	
sao	吵	0	
sao	𫳵	0	
gian	間	0	
troi	𡗶	0	
do	度	0	
coi	𡎝	0	
ket	結	0	
soi	炊	0	
soi	𤉚	0	
ky	紀	0	
nom	喃	0	
nguyen	阮	0	
luat	律	0	
luatsu	律師	0	
moi	𤞦	0	
dao	道	0	
qua	果	0	
ketqua	結果	0	
tai	才	0	
nua	𠯆	0	
be	𡮣	0	
be	𡮤	0	
becon	𡮣𡥵	0	
embe	㛪𡮣	0	
hop	盒	0	
hop	合	0	
truonghop	場合	0	
kethop	結合	0	
lienhop	聯合	0	
adidaphat	阿彌陀佛	0	
bacon	婆𡥵	0	
thieu	少	0	
nienthieu	年少	0	
a	阿	0	
motcai	𠬠丐	0	
daophat	道佛	0	
phatgiao	佛教	0	
aphien	阿片	0	
achau	亞洲	0	
trai	𤳇	0	
trai	𤳆	0	
contrai	𡥵𤳇	0	
dai	𨱽	0	
dai	𨱾	0	
chieu	朝	0	
trieu	朝	0	
chieudai	朝𨱽	0	
chieucao	朝高	0	
aodai	襖𨱽	0	
nhac	樂	0	
amnhac	音樂	0	
co	古	0	
dien	典	0	
codien	古典	0	
amnhaccodien	音樂古典	0	
amthanh	音聲	0	
ma	媽	0	
bama	爸媽	0	
banoi	婆内	0	
bac	伯	0	
si	士	0	
bacsi	博士	0	
that	實	0	
thanhthat	誠實	0	
thiet	寔	0	
hoi	𠳨	0	
hoi	哙	0	
cau	句	0	
cauhoi	句𠳨	0	
ha	河	0	
hong	紅	0	
hongha	紅河	0	
pho	庯	0	
pho	鋪	0	
pho	舖	0	
duongpho	塘庯	0	
thanhpho	城庯	0	
phoxa	庯舍	0	
gap	急	0	
cap	級	0	
cap	急	0	
caocap	高級	0	
thi	詩	0	
thi	試	0	
thu	試	0	
thu	此	0	
thanhthu	成此	0	
cong	功	0	
thanhcong	成功	0	
anthu	咹試	0	
thinhan	詩人	0	
nhien	然	0	
tuy	雖	0	
tuynhien	雖然	0	
tunhien	自然	0	
tat	必	0	
tatnhien	必然	0	
chua	𣗓	0	
chua	𣠕	0	
chua	渚	0	
lamsao	爫牢	0	
the	勢	0	
thenao	勢芇	0	
nhuthenao	如勢芇	0	
tudien	字典	0	
tudien	詞典	0	
can	近	0	
thi	視	0	
canthi	近視	0	
dai	代	0	
candai	近代	0	
hiendai	現代	0	
thoidai	時代	0	
phan	分	0	
phan	分	0	
phanbiet	分别	0	
chia	𢺺	0	
chia	𢺹	0	
phanchia	分𢺺	0	
chiatay	𢺺𢬣	0	
tim	尋	0	
timhieu	尋曉	0	
bay	呸	0	
gan	𧵆	0	
xa	賖	0	
ganxa	𧵆賖	0	
caoxa	高賖	0	
chu	注	0	
chuy	注意	0	
bao	包	0	
baogio	包𣇞	0	
baotay	包𢬣	0	
can	勤	0	
ancan	殷勤	0	
antinh	恩情	0	
han	恨	0	
hoihan	悔恨	0	
vo	無	0	
vonghia	無義	0	
benh	病	0	
vien	院	0	
benhvien	病院	0	
hocvien	學院	0	
kho	苦	0	
kho	𧁷	0	
thai	太	0	
thaibinh	太平	0	
tu	子	0	
thaitu	太子	0	
duong	洋	0	
thaibinhduong	太平洋	0	
phat	佛	0	
xanh	撑	0	
xanh	𩇢	0	
den	畑	0	
do	𧹼	0	
do	𧺃	0	
do	𣠶	0	
do	𧹦	0	
do	𪜕	0	
do	赭	0	
thap	十	0	
hongthaptu	紅十字	0	
chuthapdo	𡦂十𧹼	0	
tro	𧿨	0	
trolai	𧿨吏	0	
ban	本	0	
do	圖	0	
bando	版圖	0	
hom	𣋚	0	
hom	歆	0	
homnay	𣋚𫢩	0	
homqua	𣋚戈	0	
khoe	劸	0	
khoe	跬	0	
manhkhoe	孟劸	0	
lay	𥙩	0	
diem	點	0	
diadiem	地點	0	
caodiem	高點	0	
quan	觀	0	
quandiem	觀點	0	
quanam	觀音	0	
song	𤯩	0	
doisong	𠁀𤯩	0	
lap	立	0	
doc	獨	0	
doclap	獨立	0	
than	身	0	
docthan	獨身	0	
the	體	0	
the	体	0	
thanthe	身體	0	
cothe	固體	0	
nhin	𥆾	0	
nhinthay	𥆾𧡊	0	
cay	𣘃	0	
cayso	𣘃数	0	
hach	核	0	
chuyen	𡀯	0	
chuyentinh	𡀯情	0	
noichuyen	呐𡀯	0	
dau	兜	0	
odau	於兜	0	
thay	台	0	
thayvi	台爲	0	
yeu	𢞅	0	
yeu	腰	0	
yeu	夭	0	
ngay	𣦍	0	
ngaykhi	𣦍欺	0	
ngayngan	𣦍𥐉	0	
ngaythat	𣦍實	0	
thuong	傷	0	
camthuong	感傷	0	
de	易	0	
dethuong	易傷	0	
thuc	式	0	
thucan	式咹	0	
chinhthuc	正式	0	
thapnien	十年	0	
doi	對	0	
doi	对	0	
doi	対	0	
phan	反	0	
phandoi	反對	0	
cuoc	局	0	
cuocdoi	局𠁀	0	
nhap	入	0	
nhapcuoc	入局	0	
sang	𤎜	0	
sang	創	0	
sang	灲	0	
sang	𠓇	0	
sang	𣋃	0	
mat	眜	0	
sangmat	𤎜眜	0	
nuocmat	渃眜	0	
trong	𤄯	0	
trongsang	𤄯𤎜	0	
bat	扒	0	
lua	焒	0	
ten	𥏌	0	
ten	𥏋	0	
tenlua	𥏌焒	0	
anhlua	影焒	0	
nuilua	𡶀焒	0	
luatinh	焒情	0	
long	𢚸	0	
lualong	焒𢚸	0	
kholong	𧁷𢚸	0	
phong	房	0	
phongan	房咹	0	
ngu	𥄬	0	
phongngu	房𥄬	0	
phong	防	0	
phongkhong	防空	0	
quocphong	國防	0	
nghiep	業	0	
congnghiep	工業	0	
daicongnghiep	大工業	0	
nghe	藝	0	
nghe	芸	0	
nghenghiep	藝業	0	
phuong	方	0	
bonphuong	𦊚方	0	
diaphuong	地方	0	
khap	泣	0	
khapnoi	泣坭	0	
to	組	0	
phatto	佛組	0	
toquoc	祖國	0	
tohop	組合	0	
totien	祖先	0	
chuc	織	0	
tochuc	組織	0	
caito	改組	0	
vi	味	0	
mui	味	0	
gia	加	0	
giavi	加味	0	
gianhap	加入	0	
bay	𣊾	0	
bay	悲	0	
nhieu	饒	0	
baynhieu	𣊾饒	0	
baonhieu	包饒	0	
khongbaogio	空包𣇞	0	
doi	隊	0	
doihinh	隊形	0	
phidoi	飛隊	0	
doiquan	隊軍	0	
tong	總	0	
tong	縂	0	
tongcong	總共	0	
tongket	總結	0	
thu	秋	0	
tettrungthu	節中秋	0	
ay	𧘇	0	
ay	𠂎	0	
tham	貪	0	
thaman	貪咹	0	
tai	財	0	
kinhtai	經財	0	
taichinh	財政	0	
thamtai	貪財	0	
mau	𧖱	0	
mautham	𧖱貪	0	
nganhangmau	銀行𧖱	0	
tham	參	0	
tham	参	0	
thamgia	參加	0	
thamchien	參戰	0	
thamquan	參觀	0	
khao	考	0	
thamkhao	參考	0	
tra	查	0	
khaotra	考查	0	
dieutra	調查	0	
tri	治	0	
tribenh	治病	0	
chinhtri	政治	0	
chinhtrigia	政治家	0	
pham	犯	0	
chinhtripham	政治犯	0	
phamnhan	犯人	0	
phamphap	犯法	0	
giadinhtri	家庭治	0	
noitri	内治	0	
phaptri	法治	0	
tutri	自治	0	
chutri	主治	0	
tri	値	0	
giatri	價値	0	
hoatri	化値	0	
datri	多値	0	
bodoi	步隊	0	
giup	𠢞	0	
do	拖	0	
giupdo	𠢞拖	0	
dodau	拖頭	0	
doloi	拖𠳒	0	
nhieuloi	𡗉𠳒	0	
de	題	0	
chude	主題	0	
luande	論題	0	
tai	材	0	
detai	題材	0	
tailieu	材料	0	
lieu	料	0	
huong	香	0	
huongvi	香味	0	
huonglieu	香料	0	
sen	蓮	0	
bongsen	葻蓮	0	
dinhlieu	定料	0	
solieu	数料	0	
de	提	0	
decao	提高	0	
dephong	提防	0	
dexuat	題出	0	
thuong	常	0	
binhthuong	平常	0	
batthuong	不常	0	
bat	不	0	
coithuong	𫀅常	0	
dethuong	易常	0	
khacthuong	恪常	0	
ngaythuong	𣈜常	0	
ngu	五	0	
nguthuong	五常	0	
that	失	0	
thatthuong	失常	0	
thuongkhi	常欺	0	
thuongngay	常𣈜	0	
thuongnhat	常日	0	
thuongnien	常年	0	
thuongthuong	常常	0	
che	製	0	
chedo	制度	0	
chepham	製品	0	
tac	作	0	
tacgia	作家	0	
chetac	製作	0	
chetao	製造	0	
vu	務	0	
nghiavu	義務	0	
noivu	内務	0	
giaovu	教務	0	
khu	區	0	
khupho	區庯	0	
vuc	域	0	
khuvuc	區域	0	
diavuc	地域	0	
cung	共	0	
deucung	調拱	0	
truockhi	𠓀欺	0	
dau	鬥	0	
daugia	鬥價	0	
dau	斗	0	
da	跢	0	
dauda	鬥跢	0	
danh	打	0	
danhnhau	打憢	0	
danhmay	打𣛠	0	
danhdong	打動	0	
dongdat	動坦	0	
danhthuc	打式	0	
danhgia	打價	0	
xa	社	0	
xahoi	社會	0	
congxa	公社	0	
xaluan	社論	0	
chiec	隻	0	
thuyen	船	0	
chienthuyen	戰船	0	
tuc	俗	0	
huong	鄉	0	
huong	鄕	0	
huongtuc	鄉俗	0	
tentuc	𠸜俗	0	
tieptuc	接俗	0	
thetuc	世俗	0	
tucngu	俗語	0	
dien	電	0	
dendien	畑電	0	
daydien	絏電	0	
trien	展	0	
phat	發	0	
phattrien	發展	0	
an	案	0	
du	預	0	
duan	預案	0	
dudinh	預定	0	
dubao	預報	0	
chi	支	0	
duchi	預支	0	
dukien	預見	0	
he	係	0	
quanhe	關係	0	
he	系	0	
thong	統	0	
heso	係数	0	
nguhe	語系	0	
duc	德	0	
nhanduc	人德	0	
bo	𠬃	0	
bokhong	𠬃空	0	
boqua	𠬃戈	0	
bodi	𠬃𠫾	0	
dung	用	0	
nhatdung	日用	0	
thong	通	0	
thongdung	通用	0	
thongbao	通報	0	
thich	適	0	
thichy	適意	0	
thich	釋	0	
giaithich	解釋	0	
chuthich	注釋	0	
thichhop	適合	0	
giao	交	0	
giaohang	交行	0	
ban	搬	0	
bangiao	搬交	0	
bantay	盤𢬣	0	
bangiay	盤紙	0	
banra	盤𫥨	0	
co	旗	0	
co	碁	0	
banco	盤碁	0	
ban	班	0	
banngay	班𣈜	0	
bandau	班頭	0	
bansang	班𤎜	0	
nguyen	元	0	
nguyennien	元年	0	
nguyenam	元音	0	
thanhnien	青年	0	
dan	旦	0	
tetnguyendan	節元旦	0	
kynguyen	紀元	0	
nhinguyen	二元	0	
vande	問題	0	
hocvan	學問	0	
phatvan	發問	0	
tinh	併	0	
toan	算	0	
tinhtoan	併算	0	
thanh	清	0	
thanhtoan	清算	0	
thanhtam	清心	0	
thien	天	0	
thanhthien	青天	0	
thanhtra	清查	0	
tieu	椒	0	
hattieu	籺椒	0	
chau	珠	0	
hot	籺	0	
hot	紇	0	
hatchau	籺珠	0	
hatmua	籺𩅹	0	
hatsen	籺蓮	0	
nhan	仁	0	
hachnhan	核仁	0	
cu	舉	0	
cuhanh	舉行	0	
cunhan	舉人	0	
dancu	民舉	0	
baygio	𣊾𣇞	0	
khinao	欺芇	0	
tiengviet	㗂越	0	
tienganh	㗂英	0	
tiengphap	㗂法	0	
tiengnhat	㗂日	0	
tiengtrungquoc	㗂中國	0	
tiengduc	㗂德	0	
tiengy	㗂意	0	
tiengmy	㗂美	0	
thicu	試舉	0	
vat	物	0	
vatly	物理	0	
vatlyhoc	物理學	0	
suvat	事物	0	
dovat	圖物	0	
dongvat	動物	0	
dongvathoc	動物學	0	
canh	景	0	
canhvat	景物	0	
canhtinh	景情	0	
giacanh	家景	0	
vatpham	物品	0	
sinhvat	生物	0	
van	萬	0	
van	万	0	
vanvat	萬物	0	
vatlieu	物料	0	
vatthe	物體	0	
ke	𠸥	0	
ke	計	0	
kera	𠸥𫥨	0	
ketren	𠸥𨕭	0	
khongke	空𠸥	0	
than	神	0	
tinhthan	精神	0	
nuthan	女神	0	
tamthan	心神	0	
dang	黨	0	
dang	党	0	
chinhdang	政黨	0	
dangtri	黨治	0	
su	史	0	
dangsu	黨史	0	
kinhsu	經史	0	
susach	史册	0	
suhoc	史學	0	
bo	布	0	
bome	𢂞媄	0	
bo	佈	0	
congbo	公佈	0	
phanbo	分佈	0	
tran	陣	0	
botran	佈陣	0	
chientran	戰陣	0	
mattran	𩈘陣	0	
ratran	𫥨陣	0	
thattran	失陣	0	
cu	拠	0	
cu	據	0	
luancu	論拠	0	
cudiem	拠點	0	
trieu	兆	0	
mottrieu	𠬠兆	0	
nhandan	人民	0	
thunam	次𠄼	0	
thusau	次𦒹	0	
thubay	次𬙞	0	
vo	𡞕	0	
hiennay	現𫢩	0	
bi	被	0	
bidong	被動	0	
bi	備	0	
phongbi	防備	0	
xem	䀡	0	
tuoi	歲	0	
ittuoi	𠃣歲	0	
nhotuoi	𡮈歲	0	
cotuoi	固歲	0	
tretuoi	𥘷歲	0	
tuoitre	歲𥘷	0	
nhatre	茹𥘷	0	
trecon	𥘷𡥵	0	
treem	𥘷㛪	0	
nang	能	0	
tainang	才能	0	
nangdong	能動	0	
noinang	内能	0	
nangluc	能力	0	
nangluong	能量	0	
quyennang	權能	0	
vannang	萬能	0	
them	添	0	
choi	𨔈	0	
dichoi	𠫾𨔈	0	
choichu	𨔈𡦂	0	
dochoi	圖𨔈	0	
noichoi	呐𨔈	0	
chay	𧼋	0	
chay	𧼌	0	
bochay	𠬃𧼋	0	
chaytheo	𧼋遶	0	
chaybo	𧼋步	0	
lanh	領	0	
baolanh	保領	0	
lanhsu	領事	0	
tonglanhsu	總領事	0	
co	機	0	
co	机	0	
phico	飛機	0	
cohoi	機會	0	
cothe	機體	0	
co	基	0	
coban	基本	0	
coquan	機關	0	
dau	投	0	
dauco	投機	0	
thoico	時機	0	
goi	噲	0	
tengoi	𠸜噲	0	
goila	噲𱺵	0	
cua	𨷶	0	
cua	𨴦	0	
cua	𨷯	0	
cua	𨵣	0	
cua	𫔳	0	
cuahang	𨷶行	0	
goicua	噲𨷶	0	
nhacua	茹𨷶	0	
cuaso	𨷶数	0	
cachmang	革命	0	
mangnguoi	命𠊛	0	
bong	𩃳	0	
bung	䏾	0	
trang	𦝄	0	
trang	𫆢	0	
bongtrang	𣈖𦝄	0	
mattrang	𩈘𦝄	0	
dennoi	𦤾坭	0	
bathanh	不幸	0	
hanh	幸	0	
nho	𢖵	0	
nhodoi	𢖵𠁀	0	
nhonha	𢖵茹	0	
nholai	𢖵吏	0	
nhora	𢖵𫥨	0	
nhothuong	𢖵傷	0	
on	恩	0	
camon	感恩	0	
an	恩	0	
tinhan	情恩	0	
annhan	恩人	0	
hoi	悔	0	
tiec	惜	0	
hoitiec	悔惜	0	
nhotiec	𢖵惜	0	
to	伵	0	
toito	碎伵	0	
tu	自	0	
non	嫩	0	
thanh	聲	0	
gia	𦓅	0	
gia	𫅷	0	
onggia	翁𦓅	0	
giadoi	𦓅𠁀	0	
giaca	𦓅哿	0	
tre	𥘷	0	
tre	𪨅	0	
nontre	嫩𥘷	0	
non	𡽫	0	
nuinon	𡶀𡽫	0	
nonnuoc	𡽫渃	0	
giu	𡨹	0	
giu	𪧚	0	
giuy	𡨹意	0	
giuloi	𡨹𠳒	0	
hanh	杏	0	
hanhnhan	杏仁	0	
duchanh	德行	0	
hang	行	0	
may	𩄲	0	
chanmay	蹎𩄲	0	
dichan	𠫾蹎	0	
chan	蹎	0	
banchan	盤蹎	0	
chantay	蹎𢬣	0	
gio	䬔	0	
gio	𩙌	0	
gio	𩙋	0	
gio	𫖾	0	
gio	𩙍	0	
giodong	䬔東	0	
giomua	䬔𩅹	0	
giotrang	䬔𦝄	0	
bonggio	𣈖䬔	0	
da	𥒥	0	
dahoa	𥒥花	0	
dalua	𥒥焒	0	
nuocda	渃𥒥	0	
nhahang	茹行	0	
cacban	各伴	0	
xua	𠸗	0	
homxua	𣋚𠸗	0	
namxua	𢆥𠸗	0	
nguoixua	𠊛𠸗	0	
dua	豫	0	
duatren	豫𨕭	0	
ao	奥	0	
chau	洲	0	
conghoa	共和	0	
quandoi	軍隊	0	
itkhi	𠃣欺	0	
itnhat	𠃣一	0	
itloi	𠃣𠳒	0	
itnhieu	𠃣𡗉	0	
motit	𠬠𠃣	0	
soit	数𠃣	0	
itco	𠃣固	0	
tet	節	0	
tiet	節	0	
muc	目	0	
tietmuc	節目	0	
amtet	音節	0	
daamtiet	多音節	0	
phattiet	發節	0	
thoitiet	時節	0	
ravao	𫥨𠓨	0	
saudo	𡢐妬	0	
sauday	𡢐低	0	
sauhet	𡢐歇	0	
saunay	𡢐呢	0	
saunua	𡢐𠯆	0	
homsau	𣋚𡢐	0	
ngaysau	𣈜𡢐	0	
sauxua	𡢐𠸗	0	
saucung	𡢐共	0	
caigi	丐之	0	
ratla	慄𱻀	0	
nhaphoc	入學	0	
nhapcanh	入景	0	
nhapkhau	入口	0	
nhaphoi	入會	0	
nhapnoi	入内	0	
haikhau	海口	0	
haingoai	海外	0	
thuonghai	上海	0	
hainam	海南	0	
thuong	上	0	
thuongpham	上品	0	
caothuong	高上	0	
batnhan	不仁	0	
chunhan	主人	0	
nhannghia	仁義	0	
thepham	替品	0	
bay	𠖤	0	
hang	航	0	
hanghai	航海	0	
hangkhong	航空	0	
viet	曰	0	
cayviet	𣘃曰	0	
chuviet	𡦂曰	0	
depy	𢢲意	0	
deplong	𢢲𢚸	0	
deptrai	𢢲𤳇	0	
caodep	高𢢲	0	
sacdep	色𢢲	0	
khach	客	0	
hanhkhach	行客	0	
khachdia	客地	0	
lamkhach	爫客	0	
nhakhach	茹客	0	
phongkhach	房客	0	
thuongkhach	上客	0	
datkhach	坦客	0	
duong	糖	0	
tran	陳	0	
truong	張	0	
phen	𥽢	0	
duongphen	糖𥽢	0	
thanhlong	青龍	0	
dongduong	東洋	0	
dongtu	動詞	0	
vang	鐄	0	
auchau	歐洲	0	
chaudaiduong	洲大洋	0	
andoduong	印度洋	0	
taynguyen	西原	0	
hoahoc	化學	0	
sinhhoc	生學	0	
sao	𣋀	0	
sao	𬁖	0	
saohaivuong	𣋀海王	0	
saothienvuong	𣋀天王	0	
saotho	𣋀土	0	
saohoa	𣋀火	0	
saokim	𣋀金	0	
saothuy	𣋀水	0	
hoa	火	0	
thienduong	天堂	0	
duong	堂	0	
chunho	𡦂儒	0	
chuhan	𡦂漢	0	
namduong	南洋	0	
diatrunghai	地中海	0	
tinh	省	0	
andogiao	印度教	0	
tra	茶	0	
kiem	劍	0	
ductin	德信	0	
but	筆	0	
baove	保衛	0	
trunghoc	中學	0	
truongtieuhoc	場小學	0	
biennhatban	𣷷日本	0	
biendong	𣷷東	0	
duoc	藥	0	
traxanh	茶撑	0	
hoatra	花茶	0	
nuoctra	渃茶	0	
phongtra	房茶	0	
tamly	心理	0	
lientinh	聯省	0	
duocpham	藥品	0	
dongduoc	東藥	0	
duocdien	藥典	0	
duochoc	藥學	0	
duoclieu	藥料	0	
duocphong	藥房	0	
duocsi	藥士	0	
lienbang	聯邦	0	
hopbang	合邦	0	
tieubang	小邦	0	
tieuhoc	小學	0	
tieusu	小史	0	
nuochoa	渃花	0	
dau	油	0	
danchu	民主	0	
phapquyen	法權	0	
danquyen	民權	0	
loai	類	0	
nhanloai	人類	0	
nhanloaihoc	人類學	0	
phanloai	分類	0	
phanloaihoc	分類學	0	
phamloai	品類	0	
thuat	術	0	
thuat	朮	0	
mythuat	美術	0	
kiemthuat	劍術	0	
nghethuat	藝術	0	
ankiem	印劍	0	
phikiem	飛劍	0	
nghien	研	0	
nghiencuu	研究	0	
nghiencuusinh	研究生	0	
khaocuu	考究	0	
tracuu	查究	0	
trungtamnghiencuu	中心研究	0	
viennghiencuu	院研究	0	
nhatban	日本	0	
codo	古都	0	
cuocsong	局生	0	
thudientu	書電子	0	
dientu	電子	0	
duynhat	唯一	0	
cacvi	各位	0	
conmot	𡥵𠬠	0	
motvan	𠬠萬	0	
khoahoc	科學	0	
trieudai	朝代	0	
dothi	都市	0	
thi	市	0	
hinhthanh	形成	0	
dialy	地理	0	
phiabac	𪰂北	0	
phiatay	𪰂西	0	
phianam	𪰂南	0	
bienden	𣷷黰	0	
phiadong	𪰂東	0	
daynui	𧿆𡶀	0	
chauau	洲歐	0	
chaua	洲亞	0	
bacmy	北美	0	
danso	民数	0	
traidat	𣛤坦	0	
diachinhtri	地政治	0	
tunguyen	詞源	0	
hanviet	漢越	0	
tiengtrung	㗂中	0	
dongbang	垌平	0	
phuongthuc	方式	0	
lichsu	歷史	0	
dinhnghia	定義	0	
soluong	数量	0	
dacdiem	特點	0	
bandia	本地	0	
moinguoi	𤞦𠊛	0	
khongtu	孔子	0	
khonggiao	孔教	0	
trunghoa	中華	0	
luanngu	論語	0	
thu	書	0	
namky	南圻	0	
backy	北圻	0	
hinhthuc	形式	0	
nhom	𡖡	0	
nhom	呫	0	
manh	孟	0	
congtac	工作	0	
tacgia	作者	0	
quantam	關心	0	
chiendau	戰鬥	0	
thainguyen	太原	0	
quadoi	戈𠁀	0	
phuam	輔音	0	
hanoi	河内	0	
dequocduc	帝國德	0	
xahoichunghia	社會主義	0	
hanhphuc	幸福	0	
giua	𡨌	0	
giua	𡧲	0	
tuc	息	0	
au	歐	0	
aula	歐𱻀	0	
cu	𫇰	0	
bancu	伴𫇰	0	
nhucu	如𫇰	0	
tiengiay	錢紙	0	
baogiay	包紙	0	
giayanh	紙影	0	
giaydanhmay	紙打𣛠	0	
giaybao	紙報	0	
giaybac	紙鉑	0	
giayin	紙印	0	
lamgiay	爫紙	0	
moiday	㵋低	0	
truocday	𠓀低	0	
dauday	兜低	0	
dauco	兜固	0	
bietdau	别兜	0	
bietdieu	别條	0	
chobiet	朱别	0	
nhanbiet	認别	0	
nhanloi	認𠳒	0	
nhanra	認𫥨	0	
nhanmat	認𩈘	0	
can	斤	0	
canthu	斤書	0	
giayvietthu	紙曰書	0	
hopthu	盒書	0	
mai	埋	0	
maimot	埋没	0	
motduoc	没藥	0	
tinhyeu	情𢞅	0	
vui	𢝙	0	
vuilong	𢝙𢚸	0	
ve	衛	0	
ve	卫	0	
canh	警	0	
canhve	警衛	0	
danve	民衛	0	
phongve	防衛	0	
sanpham	産品	0	
hangchu	行𡦂	0	
chumat	𡦂眜	0	
giamat	價眜	0	
thangtu	𣎃四	0	
cap	及	0	
decap	提及	0	
hientien	現前	0	
mattien	𩈘前	0	
tiendinh	前定	0	
tiende	前提	0	
do	途	0	
tiendo	前途	0	
tiennhan	前人	0	
lich	歷	0	
lich	历	0	
tiensu	前史	0	
congdong	共同	0	
thoi	時	0	
thoi	时	0	
vuong	王	0	
khacbiet	恪别	0	
han	漢	0	
hanvan	漢文	0	
mien	沔	0	
mienbac	沔北	0	
miennam	沔南	0	
mientrung	沔中	0	
ngan	𠦳	0	
dung	用	0	
ky	圻	0	
trungky	中圻	0	
hoaky	花旗	0	
thuoc	屬	0	
thuoclong	屬𢚸	0	
hocthuoclong	學屬𢚸	0	
dathuoc	䏧屬	0	
thuocdia	屬地	0	
hau	後	0	
hauthuocdia	後屬地	0	
phapthuoc	法屬	0	
giulong	𡨹𢚸	0	
macdau	默𠶢	0	
du	𠶢	0	
macdu	默𠶢	0	
trang	𤽸	0	
taytrang	𢬣𤽸	0	
landautien	吝頭先	0	
hon	𡉕	0	
hondao	𡉕島	0	
ngoaigiao	外交	0	
giap	夾	0	
giapchien	夾戰	0	
giapgioi	夾界	0	
giaphat	夾籺	0	
giapmat	夾𩈘	0	
tiepgiap	接夾	0	
lich	曆	0	
lich	厤	0	
dep	𢢲	0	
tieu	小	0	
rong	龍	0	
rong	龙	0	
rong	竜	0	
long	龍	0	
long	龙	0	
long	竜	0	
tinh	精	0	
tinhminh	精明	0	
day	𧿆	0	
hocduong	學堂	0	
nuhocduong	女學堂	0	
phatduong	佛堂	0	
giaoduong	教堂	0	
hauduong	後堂	0	
noiduong	内堂	0	
khong	孔	0	
hetca	歇哿	0	
camon	感恩	0	
phancong	分工	0	
congthuc	公式	0	
chuthe	主體	0	
nhula	如𱺵	0	
vi	位	0	
vitri	位置	0	
tri	置	0	
capthoi	急時	0	
su	使	0	
sudung	使用	0	
daisu	大使	0	
thiensu	天使	0	
ty	司	0	
congty	公司	0	
cuacong	𧵑公	0	
tra	𠭤	0	
tra	呂	0	
traon	𠭤恩	0	
traloi	𠭤𠳒	0	
lan	蘭	0	
bonglan	葻蘭	0	
chi	指	0	
chiso	指数	0	
thi	示	0	
chithi	指示	0	
thanhthi	城市	0	
hientai	現在	0	
noitai	内在	0	
congnhan	公認	0	
khoa	科	0	
dung	𥩯	0	
dung	孕	0	
gay	𢲧	0	
gaychien	𢲧戰	0	
gaychuyen	𢲧𡀯	0	
gaydung	𢲧𥩯	0	
banvang	伴鐄	0	
cavang	𩵜鐄	0	
vangtay	鐄西	0	
trang	妝	0	
trangdiem	妝點	0	
chinhthe	正體	0	
thongtin	通信	0	
xay	𡏦	0	
xaydung	𡏦𥩯	0	
doanh	營	0	
doanh	营	0	
daibandoanh	大本營	0	
daidoanh	大營	0	
bandoanh	本營	0	
doanhnghiep	營業	0	
doanhso	營数	0	
hopdoanh	合營	0	
kinhdoanh	經營	0	
liendoanh	聯營	0	
quocdoanh	國營	0	
thitruong	市場	0	
giathitruong	價市場	0	
phathien	發現	0	
thuchien	實現	0	
dichvu	役務	0	
quatrinh	過程	0	
congnghe	工藝	0	
khan	巾	0	
khokhan	𧁷巾	0	
khongthe	空體	0	
hotro	互助	0	
tro	助	0	
baotro	保助	0	
cuu	究	0	
trodongtu	助動詞	0	
troly	助理	0	
trothu	助手	0	
giaovien	教員	0	
ho	互	0	
van	問	0	
yeu	要	0	
yeucau	要求	0	
yeu	要	0	
canyeu	勤要	0	
giayeu	𦓅要	0	
nhoyeu	𡮈要	0	
tatyeu	必要	0	
thuyeu	次要	0	
trongyeu	重要	0	
yeudiem	要點	0	
yeunhan	要人	0	
se	𢩿	0	
chiase	𢺺𢩿	0	
phanlon	分𡘯	0	
daphan	多分	0	
hopphan	合分	0	
khauphan	口分	0	
phannao	分芇	0	
phannhieu	分𡗉	0	
phantu	分子	0	
phantram	分𤾓	0	
phanviec	分役	0	
thanhphan	成分	0	
huong	響	0	
anhhuong	影響	0	
amhuong	音響	0	
botruong	部長	0	
dangtruong	黨長	0	
doitruong	隊長	0	
bang	邦	0	
khoatruong	科長	0	
nhomtruong	𡖡長	0	
sinhtruong	生長	0	
sutruong	師長	0	
thutruong	首長	0	
thutruong	次長	0	
thuyentruong	船長	0	
truongkhoa	長科	0	
truongthanh	長成	0	
moi	媒	0	
truong	長	0	
moitruong	媒場	0	
moitruonghoc	媒場學	0	
xayra	仕𫥨	0	
chisokinhte	指数經濟	0	
tiem	店	0	
tieman	店咹	0	
phuong	坊	0	
connguoi	𡥵𠊛	0	
nhanuoc	茹渃	0	
nhao	茹於	0	
lienquan	聯關	0	
haiquan	海軍	0	
nuocngoai	渃外	0	
voitay	𢭲𢬣	0	
voitoi	𢭲細	0	
keu	呌	0	
keu	叫	0	
keucau	呌求	0	
keugoi	呌噲	0	
keutroi	呌𡗶	0	
xay	仕	0	
dinh	庭	0	
lam	𡗋	0	
qualam	過𡗋	0	
nhuthe	如勢	0	
dan	彈	0	
danba	彈婆	0	
danong	彈翁	0	
van	吻	0	
chau	𡥙	0	
tui	碎	0	
tui	倅	0	
tui	祽	0	
lam	林	0	
lamhoc	林學	0	
son	山	0	
sonlam	山林	0	
chua	主	0	
quynh	瓊	0	
dem	𨑻	0	
dem	抌	0	
bo	𤙭	0	
le	禮	0	
le	礼	0	
letrungthu	禮中秋	0	
ngayle	𣈜禮	0	
legiao	禮教	0	
cuoi	唭	0	
quy	跪	0	
dat	𢩮	0	
mat	𠅍	0	
to	𡚢	0	
tolon	𡚢𡘯	0	
lai	ㇴ	0	
vua	𤤰	0	
nhavua	茹𤤰	0	
roira	耒𫥨	0	
toi	最	0	
toi	𣋁	0	
toida	最多	0	
toicao	最高	0	
toinghia	最義	0	
toithieu	最少	0	
toihau	最後	0	
toihauthu	最後書	0	
toingay	最𣈜	0	
bantoi	班最	0	
hochanh	學行	0	
batdau	扒頭	0	
chonen	朱𢧚	0	
truyen	傳	0	
truyen	傳	0	
truyenhinh	傳形	0	
truyenthanh	傳聲	0	
dich	譯	0	
lamgi	爫之	0	
motlan	𠬠吝	0	
trove	𧿨𧗱	0	
dive	𠫾𧗱	0	
dilam	𠫾爫	0	
lamviec	爫役	0	
vieclam	役爫	0	
giolamviec	𣇞爫役	0	
anhem	偀㛪	0	
lamcho	爫朱	0	
chiem	姉㛪	0	
tronen	𧿨𢧚	0	
nen	𢧚	0	
nennguoi	𢧚𠊛	0	
olai	於吏	0	
truocmat	𠓀𩈘	0	
conlai	群吏	0	
cha	吒	0	
chame	吒媄	0	
conbe	𡥵𡮣	0	
ngayxua	𣈜𠸗	0	
thay	偨	0	
thaygiao	偨教	0	
day	𠰺	0	
daybao	𠰺保	0	
dayhoc	𠰺學	0	
matday	𠅍𠰺	0	
ban	版	0	
xanhxanh	撑ㇴ	0	
didilailai	𠫾ㇴ吏ㇴ	0	
aiai	埃ㇴ	0	
ngheloi	𦖑𠳒	0	
boi	𤳄	0	
boi	罷	0	
boi	𤳸	0	
boi	𪽝	0	
truong	長	0	
xa	舍	0	
nhukhong	如空	0	
trai	𣛤	0	
sinhnhat	生日	0	
boivi	𤳄爲	0	
truocsau	𠓀𡢐	0	
ngon	𤯆	0	
ngonmat	𤯆眜	0	
ngonmieng	𤯆𠰘	0	
giumieng	𡨹𠰘	0	
ngoaimieng	外𠰘	0	
ngungon	𥄬𤯆	0	
haysao	咍牢	0	
cokhi	固欺	0	
codieu	固條	0	
bietbao	别包	0	
benngoai	边外	0	
khongsao	空牢	0	
noila	呐𱺵	0	
dongy	同意	0	
gioday	𣇞低	0	
decho	底朱	0	
buoi	𣇜	0	
buoisang	𣇜𤎜	0	
buoitoi	𣇜最	0	
nhavan	茹文	0	
vayma	丕𦓡	0	
nhatoi	茹碎	0	
anhchi	偀姉	0	
neukhong	𠮩空	0	
xuathien	出現	0	
xuatban	出版	0	
radi	𫥨𠫾	0	
doi	𢷮	0	
doi	𢬭	0	
doimoi	𢷮㵋	0	
bothu	部首	0	
to	祖	0	
anh	偀	0	
ngai	𠊚	0	
noi	坭	0	
hokhau	戶口	0	
bo	𢂞	0	
mot	没	0	
mot	沒	0	
anhquoc	英國	0	
vuongquocanh	王國英	0	
bao	𠸒	0	
chaphanh	執行	0	
chap	執	0	
chap	执	0	
chapchinh	執政	0	
maccam	默感	0	
mac	默	0	
bomac	𠬃默	0	
dauan	油咹	0	
dong	垌	0	
cadong	𩵜垌	0	
cabien	𩵜𣷷	0	
trang	張	0	
mieng	𠰘	0	
quen	𠅳	0	
boquen	𠬃𠅳	0	
quenminh	𠅳𨉟	0	
ho	湖	0	
hothuy	湖水	0	
ho	糊	0	
thuoc	𧆄	0	
thaythuoc	偨𧆄	0	
thuocbac	𧆄北	0	
thuocnam	𧆄南	0	
thuocngu	𧆄𥄬	0	
nang	娘	0	
conang	姑娘	0	
nangtien	娘仙	0	
may	𠇍	0	
maykhi	𠇍欺	0	
mayai	𠇍埃	0	
ngoi	𡎥	0	
ngoikhong	𡎥空	0	
naodo	芇妬	0	
thaydoi	台𢷮	0	
biet	别	0	
biet	別	0	
dacbiet	特别	0	
dac	特	0	
dackhu	特區	0	
dacquyen	特權	0	
dacsan	特産	0	
dacsac	特色	0	
dacsu	特使	0	
dacvu	特務	0	
mattroi	𩈘𡗶	0	
nho	儒	0	
dainho	大儒	0	
nhanho	茹儒	0	
nhogia	儒家	0	
nhogiao	儒教	0	
nhohoc	儒學	0	
nhosi	儒士	0	
nhosinh	儒生	0	
chubut	主筆	0	
habut	下筆	0	
ha	下	0	
boha	部下	0	
habo	下部	0	
capha	級下	0	
haco	下旗	0	
hagia	下價	0	
hagioi	下界	0	
halong	下龍	0	
haminh	下𨉟	0	
hathuy	下水	0	
havien	下院	0	
quochoi	國會	0	
sinhha	生下	0	
thienha	天下	0	
thudo	首都	0	
do	都	0	
thuc	式	0	
hoason	火山	0	
tinh	星	0	
hoatinh	火星	0	
hanhtinh	行星	0	
tao	𠋺	0	
nua	姅	0	
nua	𡛤	0	
nuadem	姅𣎀	0	
dem	𣎀	0	
anuong	咹㕵	0	
douong	圖㕵	0	
nuocuong	渃㕵	0	
thoi	推	0	
mathoi	𦓡推	0	
may	𠋥	0	
chungmay	眾𠋥	0	
nghi	𢣂	0	
nghi	𢪀	0	
ynghi	意𢣂	0	
camnghi	感𢣂	0	
khonghi	𧁷𢣂	0	
nghibung	𢣂䏾	0	
nghilai	𢣂吏	0	
nghira	𢣂𫥨	0	
chuc	祝	0	
chucmung	祝𢜠	0	
mung	𢜠	0	
mung	𢜏	0	
chucmungnammoi	祝𢜠𢆥㵋	0	
chaomung	嘲𢜠	0	
anmung	咹𢜠	0	
mungtuoi	𢜠歲	0	
cauchuc	求祝	0	
chucthu	祝書	0	
thang	𠊟	0	
thangnho	𠊟𡮈	0	
thangbe	𠊟𡮣	0	
chang	払	0	
anhchang	偀払	0	
changtrai	払𤳇	0	
phu	輔	0	
banphuam	半輔音	0	
nghephu	藝輔	0	
phudao	輔道	0	
phuchu	輔注	0	
phugiao	輔教	0	
phutu	輔詞	0	
bonbien	𦊚𣷷	0	
tuhai	四海	0	
datnuoc	坦渃	0	
go	楛	0	
gocay	楛𣘃	0	
bac	博	0	
bachoc	博學	0	
nhabachoc	茹博學	0	
bacvat	博物	0	
bacgai	伯𡛔	0	
tung	曾	0	
chuatung	𣗓曾	0	
chuatungthay	𣗓曾𧡊	0	
datung	㐌曾	0	
tungcai	曾丐	0	
ngoai	外	0	
dua	𠁂	0	
dua	侈	0	
duabe	𠁂𡮣	0	
haimat	𠄩𩈘	0	
cho	㹥	0	
meo	猫	0	
chomeo	㹥猫	0	
ngu	魚	0	
ngutruong	魚場	0	
nguong	魚翁	0	
ngudan	魚民	0	
ma	馬	0	
quanma	軍馬	0	
hama	下馬	0	
maluc	馬力	0	
dieu	鳥	0	
thiendieu	天鳥	0	
khuyen	犬	0	
dan	彈	0	
day	帝	0	
nam	𦣰	0	
dinam	𠫾𦣰	0	
namnoi	𦣰坭	0	
mang	芒	0	
mangtieng	芒㗂	0	
vai	𠄧	0	
motvai	𠬠𠄧	0	
sang	𨖅	0	
sang	𢲲	0	
sangnam	𨖅𢆥	0	
demsang	𨑻𨖅	0	
sangten	𨖅𠸜	0	
sangtrang	𨖅張	0	
mua	务	0	
giomua	䬔务	0	
lammua	爫务	0	
hetmua	歇务	0	
muathu	务秋	0	
matmua	𠅍务	0	
nuamua	姅务	0	
ngaymua	𣈜务	0	
oi	喂	0	
oithoi	喂推	0	
hoi	回	0	
hoiam	回音	0	
hoi	徊	0	
hoigiao	回教	0	
hoi	徊	0	
hoisinh	回生	0	
hoithanh	回聲	0	
hoitruoc	徊𠓀	0	
hoivan	回文	0	
hoilai	回吏	0	
hoinao	徊芇	0	
hoido	徊妬	0	
hoixua	徊𠸗	0	
mothoi	𠬠徊	0	
dat	噠	0	
datten	噠𠸜	0	
dathang	噠航	0	
datgia	噠價	0	
ke	仉	0	
kekho	仉𧁷	0	
kenho	仉𡮈	0	
kelon	仉𡘯	0	
dung	𨅸	0	
dungdau	𨅸頭	0	
dunggio	𨅸䬔	0	
dunglen	𨅸𨖲	0	
doi	堆	0	
doiba	堆𠀧	0	
doiben	堆边	0	
doikhi	堆欺	0	
doimuoi	堆𨑮	0	
motdoi	𠬠堆	0	
sinhdoi	生堆	0	
cho	𡊲	0	
giucho	𡨹𡊲	0	
taicho	在𡊲	0	
lau	𥹰	0	
itlau	𠃣𥹰	0	
dalau	㐌𥹰	0	
baolau	包𥹰	0	
giolau	𣇞𥹰	0	
hoilau	徊𥹰	0	
laudoi	𥹰𠁀	0	
tudo	自妬	0	
tulau	自𥹰	0	
lo	𢗼	0	
lo	𢥈	0	
chac	𢟘	0	
chacchan	𢟘蹎	0	
khoi	塊	0	
dikhoi	𠫾塊	0	
nho	𢘾	0	
nhotroi	𢘾𡗶	0	
song	滝	0	
nuisong	𡶀滝	0	
nonsong	𡽫滝	0	
songnuoc	滝渃	0	
tuong	想	0	
ytuong	意想	0	
camtuong	感想	0	
hoituong	回想	0	
hoituong	回想	0	
khongtuong	空想	0	
lytuong	理想	0	
lientuong	連想	0	
tuongnho	想𢖵	0	
gap	﨤	0	
gapnhau	﨤憢	0	
gapmat	﨤𩈘	0	
batgap	扒﨤	0	
kia	箕	0	
homkia	𣋚箕	0	
namkia	𢆥箕	0	
ngaykia	𣈜箕	0	
xuakia	𠸗箕	0	
cau	舅	0	
lop	𤖹	0	
lenlop	𨖲𤖹	0	
phanlop	分𤖹	0	
lang	廊	0	
lang	廊	0	
hanhlang	行廊	0	
danlang	民廊	0	
dung	停	0	
chiu	𠹾	0	
banchiu	𧸝𠹾	0	
chiukho	𠹾𧁷	0	
dechiu	易𠹾	0	
khochiu	𧁷𠹾	0	
cho	徐	0	
tutu	徐徐	0	
choxem	徐䀡	0	
tot	卒	0	
longtot	𢚸卒	0	
totbung	卒䏾	0	
totso	卒数	0	
tottieng	卒㗂	0	
totnghiep	卒業	0	
luc	綠	0	
xanhluc	撑綠	0	
mauluc	牟綠	0	
buon	𢞂	0	
buonngu	𢞂𥄬	0	
buonlong	𢞂𢚸	0	
buoncuoi	𢞂唭	0	
buontinh	𢞂情	0	
lobuon	𢗼𢞂	0	
buoc	𨀈	0	
buocdau	𨀈頭	0	
trung	𠁦	0	
dung	𠁦	0	
khoc	哭	0	
so	𢜝	0	
la	蘿	0	
la	𦲿	0	
aola	襖蘿	0	
xanhlacay	撑蘿𣘃	0	
ga	妸	0	
du	都	0	
duso	都数	0	
dumat	都𩈘	0	
dudieu	都條	0	
luon	輪	0	
luonluon	輪輪	0	
luonmieng	輪𠰘	0	
tham	探	0	
tham	探	0	
thamtu	探子	0	
dotham	由探	0	
thamhiem	探險	0	
hoitham	𠳨探	0	
chet	𣩂	0	
chochet	㹥𣩂	0	
chetdung	𣩂𨅸	0	
chetcha	𣩂吒	0	
songchet	𤯩𣩂	0	
batsong	扒𤯩	0	
ansong	咹𤯩	0	
songlai	𤯩吏	0	
chong	重	0	
vochong	𡞕重	0	
nhachong	茹重	0	
emchong	㛪重	0	
chu	𠹲	0	
chusao	𠹲牢	0	
xong	衝	0	
lamxong	爫衝	0	
tam	糝	0	
comtam	粓糝	0	
tam	𤗲	0	
tamkhan	𤗲巾	0	
lao	老	0	
onglao	翁老	0	
deplao	𢢲老	0	
huonglao	鄉老	0	
laoba	老婆	0	
laogiao	老教	0	
ngoc	玉	0	
ngocnu	玉女	0	
day	菭	0	
day	𧀟	0	
daydu	菭都	0	
daythang	菭𣎃	0	
daytuoi	菭歲	0	
mauden	牟黰	0	
den	黰	0	
dentoi	黰最	0	
comden	粓黰	0	
danden	民黰	0	
soden	数黰	0	
tuan	旬	0	
tuanle	旬禮	0	
thuongtuan	上旬	0	
hoi	唏	0	
mothoi	𠬠唏	0	
hethoi	歇唏	0	
nghehoi	𦖑唏	0	
chang	庄	0	
chang	庒	0	
changai	庄埃	0	
changbaogio	庄包𣇞	0	
changcan	庄勤	0	
changgi	庄之	0	
changnua	庄𠯆	0	
tha	他	0	
changtha	庄他	0	
changvua	庄𣃣	0	
changsao	庄牢	0	
vangloi	𠳐𠳒	0	
batlua	扒焒	0	
phuoc	福	0	
phuc	福	0	
han	𪝳	0	
hanta	𪝳些	0	
a	啊	0	
phia	𪰂	0	
phiatruoc	𪰂𠓀	0	
cang	強	0	
sa	沙	0	
itra	𠃣𫥨	0	
thi	㖘	0	
thi	辰	0	
thi	𣊒	0	
vaythi	丕㖘	0	
anhminh	英明	0	
chidinh	指定	0	
dan	引	0	
dedan	題引	0	
chungdan	證引	0	
chidan	指引	0	
daydan	絏引	0	
dandien	引電	0	
danduong	引塘	0	
danchung	引證	0	
dangiai	引解	0	
sachdan	册引	0	
trungso	𠁦数	0	
khinay	欺迺	0	
bannay	班迺	0	
nay	乃	0	
ainay	埃乃	0	
bong	𤊡	0	
bongden	𣈖畑	0	
tucminh	息𨉟	0	
tucbung	息䏾	0	
bong	𣈖	0	
dabong	跢𣈖	0	
bongca	𣈖𩵜	0	
sangbong	𤎜𤊡	0	
nuocbong	渃𤊡	0	
danhbong	打𤊡	0	
danhbong	打𩃳	0	
danhbongban	打𣈖盤	0	
bongban	𣈖盤	0	
choidabong	𨔈跢𣈖	0	
thongnhat	統一	0	
hethong	系統	0	
chigiao	指教	0	
chinam	指南	0	
dinhchi	停止	0	
chi	止	0	
chi	址	0	
diachi	地址	0	
chidiem	指點	0	
cuonsach	卷册	0	
quyen	卷	0	
cuon	卷	0	
cuon	捲	0	
cuonlen	捲𨖲	0	
cuonlai	捲吏	0	
baotho	包書	0	
tho	書	0	
canh	競	0	
tranh	爭	0	
canhtranh	競爭	0	
dantranh	彈爭	0	
chientranh	戰爭	0	
dautranh	鬥爭	0	
tranhluan	爭論	0	
vung	𤀘	0	
vungdat	𤀘坦	0	
buc	幅	0	
tranh	幀	0	
buctranh	幅幀	0	
truyentranh	傳幀	0	
tacpham	作品	0	
vanhoc	文學	0	
me	迷	0	
ngume	𥄬迷	0	
namme	𦣰迷	0	
nay	迺	0	
vanminh	文明	0	
nghesi	藝士	0	
xuan	春	0	
muaxuan	务春	0	
hoixuan	回春	0	
xuanthu	春秋	0	
khoang	曠	0	
vaokhoang	𠓨曠	0	
khoangkhong	曠空	0	
chuy	ㇶ	0	
delai	底吏	0	
ut	乙𖿱	0	
nua	女𖿱	0	
kim	金	0	
bachkim	白金	0	
hopkim	合金	0	
kimanh	金英	0	
kimbang	金朋	0	
kim	今	0	
duongkim	當今	0	
kimco	今古	0	
gia	者	0	
hocgia	學者	0	
khangia	看者	0	
docgia	讀者	0	
doc	讀	0	
ve	𦘧	0	
ve	捤	0	
ve	𡳒	0	
hinhve	形𦘧	0	
mauve	牟𦘧	0	
vanhoa	文化	0	
che	制	0	
choi	制	0	
doi	待	0	
duyen	縁	0	
duyen	緣	0	
depduyen	𢢲縁	0	
duyendo	縁由	0	
nhanduyen	人縁	0	
ketduyen	結縁	0	
duyenso	縁数	0	
cauduyen	求縁	0	
chong	𫯳	0	
cochong	固𫯳	0	
emchong	㛪𫯳	0	
nhachong	茹𫯳	0	
mo	𨷑	0	
modau	𨷑頭	0	
moduong	𨷑塘	0	
momat	𨷑𩈘	0	
momieng	𨷑𠰘	0	
cauchuyen	句𡀯	0	
phu	婦	0	
phunu	婦女	0	
thieuphu	少婦	0	
sanphu	産婦	0	
phunhan	婦人	0	
bai	排	0	
baihoc	排學	0	
baitho	排書	0	
bailam	排爫	0	
baibao	排報	0	
hat	欱	0	
het	喝	0	
nhahat	茹欱	0	
baihat	排欱	0	
lahet	囉喝	0	
vannhat	萬一	0	
khithe	氣勢	0	
hinhthe	形勢	0	
vithe	爲勢	0	
diathe	地勢	0	
chu	字	0	
ruou	𨢇	0	
uongruou	㕵𨢇	0	
ruoumanh	𨢇孟	0	
ruoule	𨢇禮	0	
la	囉	0	
chung	終	0	
noichung	呐終	0	
ochung	於終	0	
cuachung	𧵑終	0	
nhinchung	𥆾終	0	
chungket	終結	0	
chon	𢮪	0	
lua	攎	0	
lua	𢫘	0	
luachon	攎𢮪	0	
chonlua	𢮪攎	0	
ve	𨤔	0	
cove	固𨤔	0	
rave	𫥨𨤔	0	
vanve	文𨤔	0	
chua	廚	0	
chua	厨	0	
nhachua	茹廚	0	
thaychua	偨廚	0	
tang	增	0	
giatang	加增	0	
nguon	源	0	
nguonsang	源𤎜	0	
nguyen	原	0	
caonguyen	高原	0	
