khong	không	738343	
la	là	688451	
toi	tôi	675054	
co	có	542427	
cua	của	542372	
va	và	533804	
anh	anh	470525	
duoc	được	415223	
da	đã	381420	
cho	cho	344820	
se	sẽ	313264	
do	đó	313150	
cac	các	303538	
nguoi	người	300214	
trong	trong	298524	
voi	với	290398	
nay	này	281520	
di	đi	278720	
phai	phải	265570	
gi	gì	249351	
nhung	những	242685	
o	ở	239656	
de	để	227892	
co	cô	225925	
lam	làm	215436	
roi	rồi	209187	
ta	ta	208634	
day	đây	194471	
em	em	186087	
biet	biết	183545	
ong	ông	182559	
den	đến	182443	
khi	khi	180263	
ra	ra	179698	
lai	lại	178242	
ve	về	172573	
no	nó	172177	
cung	cũng	160798	
con	con	157383	
nhung	nhưng	155505	
noi	nói	154899	
cothe	có thể	151404	
vao	vào	151238	
ma	mà	147472	
dang	đang	147296	
nhu	như	145247	
cau	cậu	142626	
con	còn	134281	
thi	thì	134105	
cai	cái	132589	
chungta	chúng ta	130752	
ay	ấy	129055	
chi	chỉ	128697	
ban	bạn	126577	
nhieu	nhiều	122987	
muon	muốn	120803	
tu	từ	120373	
sao	sao	116267	
rat	rất	112919	
nao	nào	112503	
tren	trên	111326	
minh	mình	110687	
ho	họ	110644	
nam	năm	107097	
hon	hơn	102438	
bi	bị	101990	
vay	vậy	99393	
thay	thấy	98817	
neu	nếu	95980	
the	thế	91724	
viec	việc	88807	
can	cần	88679	
dau	đâu	88304	
nha	nhà	87007	
toi	tới	82221	
len	lên	81967	
sau	sau	81844	
thoi	thôi	81224	
ca	cả	80686	
ai	ai	80316	
theo	theo	79823	
nen	nên	77715	
chuyen	chuyện	77476	
su	sự	76101	
chua	chưa	75161	
nghi	nghĩ	74352	
vi	vì	74222	
nua	nữa	73793	
day	đấy	73757	
han	hắn	71927	
dieu	điều	71853	
ngay	ngày	71595	
moi	mới	71458	
truoc	trước	70484	
tai	tại	69766	
thu	thứ	68798	
khac	khác	66432	
moi	mọi	65409	
hay	hay	65206	
nhat	nhất	64372	
chu	chứ	64157	
van	vẫn	62627	
that	thật	61734	
tot	tốt	60350	
a	à	59705	
nghe	nghe	56243	
qua	qua	55185	
dung	đúng	54348	
me	mẹ	53930	
tim	tìm	53146	
hay	hãy	52839	
chung	chúng	52140	
rang	rằng	51958	
cung	cùng	51806	
lan	lần	51571	
qua	quá	50563	
ba	bà	50316	
nuoc	nước	49298	
cach	cách	49147	
khongthe	không thể	48551	
dung	đừng	48463	
ten	tên	47090	
gio	giờ	46642	
dua	đưa	46462	
ngay	ngay	45807	
may	mày	45736	
giup	giúp	44341	
to	tớ	44314	
nhin	nhìn	43900	
nhau	nhau	43138	
chet	chết	43075	
luc	lúc	42768	
xem	xem	42395	
gap	gặp	42209	
bang	bằng	41953	
tatca	tất cả	41823	
tin	tin	40626	
ben	bên	40426	
lay	lấy	39296	
deu	đều	38732	
chau	cháu	38538	
goi	gọi	38350	
chinh	chính	37441	
tao	tao	37317	
cao	cao	36996	
noi	nơi	36935	
do	do	36610	
thoigian	thời gian	36587	
tung	từng	36579	
duong	đường	35493	
lon	lớn	35487	
thang	tháng	35189	
tien	tiền	35166	
lam	lắm	34641	
song	sống	34627	
dung	dùng	34591	
hoac	hoặc	34562	
xe	xe	34318	
an	ăn	34314	
bo	bố	33878	
het	hết	33849	
dau	đầu	33787	
ngoai	ngoài	33477	
chi	chị	33454	
hieu	hiểu	33431	
so	số	33410	
bon	bọn	32803	
vietnam	Việt Nam	32374	
mat	mất	32356	
luon	luôn	32267	
hang	hàng	32168	
them	thêm	32159	
thich	thích	32133	
bo	bộ	31819	
be	bé	31803	
giet	giết	31739	
khoi	khỏi	30752	
xin	xin	30621	
sudung	sử dụng	30441	
mang	mang	30198	
tay	tay	30049	
nhan	nhận	29797	
phong	phòng	29658	
hoc	học	28943	
xinloi	xin lỗi	28929	
vua	vừa	28879	
gan	gần	28826	
truong	trường	28748	
xuong	xuống	28446	
chiec	chiếc	28445	
cu	cứ	28389	
ngai	ngài	28384	
nay	nay	28336	
yeu	yêu	27953	
nhe	nhé	27724	
may	mấy	27341	
cuoc	cuộc	27008	
chac	chắc	26966	
hoi	hỏi	26778	
bo	bỏ	26347	
chao	chào	26242	
loai	loại	26047	
baogio	bao giờ	26022	
ha	hả	25328	
tochuc	tổ chức	25230	
nhanh	nhanh	25058	
giong	giống	24764	
giadinh	gia đình	24592	
nho	nhớ	24547	
cho	chỗ	24495	
nho	nhỏ	24402	
chang	chẳng	24396	
tieng	tiếng	24377	
baygio	bây giờ	24281	
vande	vấn đề	24271	
nguoi	ngươi	24246	
xay	xảy	24075	
lamviec	làm việc	23856	
thegioi	thế giới	23639	
congty	công ty	23604	
tao	tạo	23571	
loi	lời	23566	
phattrien	phát triển	23430	
giu	giữ	23241	
thuchien	thực hiện	23163	
tre	trẻ	23018	
cha	cha	22940	
du	đủ	22920	
quay	quay	22618	
vu	vụ	22564	
dep	đẹp	22439	
cau	câu	22220	
duoi	dưới	22023	
thang	thằng	21974	
hoatdong	hoạt động	21905	
tinh	tỉnh	21880	
tu	tự	21830	
giua	giữa	21703	
choi	chơi	21647	
mua	mua	21580	
vang	vâng	21550	
thua	thưa	21495	
ke	kẻ	21347	
dong	đồng	21308	
vai	vài	21234	
bai	bài	21149	
phan	phần	21140	
tang	tăng	20982	
tuoi	tuổi	20942	
gia	giá	20840	
camon	cảm ơn	20511	
xaydung	xây dựng	20501	
do	đồ	20484	
khoang	khoảng	20463	
khien	khiến	20443	
ban	bán	20434	
sang	sáng	20371	
phia	phía	19908	
diem	điểm	19862	
y	ý	19740	
dautien	đầu tiên	19678	
chay	chạy	19577	
thanh	thành	19576	
boi	bởi	19324	
batdau	bắt đầu	19303	
gay	gây	19189	
motso	một số	19068	
dacbiet	đặc biệt	18929	
kia	kia	18831	
bat	bắt	18797	
doivoi	đối với	18797	
chu	chú	18667	
thongtin	thông tin	18466	
thanhpho	thành phố	18402	
may	máy	18351	
oi	ơi	18290	
thuong	thường	18186	
gai	gái	18014	
kha	khá	17957	
quantrong	quan trọng	17909	
dan	dân	17792	
toi	tối	17777	
on	ổn	17703	
my	Mỹ	17628	
chuongtrinh	chương trình	17550	
sanpham	sản phẩm	17338	
thenao	thế nào	17314	
dung	đứng	17279	
noichuyen	nói chuyện	17195	
dua	đứa	17143	
giam	giảm	17031	
mat	mặt	17014	
buoi	buổi	16993	
ro	rõ	16971	
benh	bệnh	16953	
dat	đặt	16913	
tinh	tính	16900	
tieptuc	tiếp tục	16862	
u	ừ	16845	
dem	đêm	16622	
vui	vui	16563	
dautu	đầu tư	16562	
ke	kể	16554	
cho	chờ	16551	
ngu	ngủ	16541	
viet	viết	16476	
thamgia	tham gia	16425	
thi	thi	16324	
ngoi	ngồi	16284	
uong	uống	16068	
chon	chọn	15954	
tuynhien	tuy nhiên	15907	
doi	đội	15898	
thuoc	thuốc	15879	
bao	bảo	15840	
dat	đạt	15804	
hethong	hệ thống	15771	
baove	bảo vệ	15634	
danh	đánh	15606	
cay	cây	15508	
thaydoi	thay đổi	15507	
dang	đáng	15496	
trothanh	trở thành	15435	
da	da	15350	
dat	đất	15337	
chua	Chúa	15307	
khanang	khả năng	14954	
cap	cấp	14907	
mau	màu	14904	
tuan	tuần	14882	
lau	lâu	14829	
congviec	công việc	14764	
camon	cám ơn	14695	
thitruong	thị trường	14646	
muc	mức	14547	
anh	ảnh	14546	
doanhnghiep	doanh nghiệp	14518	
phunu	phụ nữ	14423	
quantam	quan tâm	14390	
quyetdinh	quyết định	14380	
kho	khó	14331	
buoc	bước	14314	
khu	khu	14231	
ban	bắn	14115	
kiemtra	kiểm tra	14063	
phut	phút	14063	
xa	xa	13993	
nam	nằm	13953	
tra	trả	13924	
so	sợ	13920	
thuoc	thuộc	13890	
kinhte	kinh tế	13881	
sanxuat	sản xuất	13832	
vo	vợ	13789	
it	ít	13782	
homnay	hôm nay	13769	
xong	xong	13764	
canhsat	cảnh sát	13681	
chan	chân	13543	
kehoach	kế hoạch	13497	
nghiencuu	nghiên cứu	13438	
mat	mắt	13417	
antoan	an toàn	13409	
co	cố	13316	
quanly	quản lý	13290	
chut	chút	13280	
so	so	13264	
cuoicung	cuối cùng	13246	
co	cổ	13245	
du	dù	13201	
bien	biển	13166	
danh	dành	13143	
oi	ôi	13120	
cuocsong	cuộc sống	13113	
mo	mở	13055	
mon	món	13018	
dung	dừng	12989	
thucsu	thực sự	12985	
phim	phim	12960	
cuoi	cuối	12838	
lo	lo	12812	
hanoi	Hà Nội	12758	
xahoi	xã hội	12740	
nganh	ngành	12689	
connguoi	con người	12670	
chiu	chịu	12668	
rieng	riêng	12653	
lop	lớp	12636	
yeucau	yêu cầu	12618	
nhom	nhóm	12600	
gui	gửi	12594	
huyen	huyện	12558	
vang	vàng	12545	
cang	càng	12528	
coi	coi	12471	
a	ạ	12411	
phep	phép	12410	
cuu	cứu	12367	
chacchan	chắc chắn	12344	
mua	mùa	12318	
nhi	nhỉ	12314	
doc	đọc	12285	
khokhan	khó khăn	12148	
vung	vùng	12117	
vi	vị	12109	
cohoi	cơ hội	12031	
hoantoan	hoàn toàn	12030	
dien	diễn	12006	
duan	dự án	12002	
batcu	bất cứ	11997	
khuvuc	khu vực	11993	
ketqua	kết quả	11940	
som	sớm	11926	
thay	thầy	11914	
bao	báo	11911	
tranh	tránh	11850	
tau	tàu	11840	
thu	thử	11798	
bacsi	bác sĩ	11776	
trong	trông	11759	
nguoita	người ta	11758	
long	lòng	11739	
thietke	thiết kế	11701	
c	c	11641	
camthay	cảm thấy	11625	
quen	quên	11594	
chu	chủ	11593	
congtac	công tác	11590	
chong	chống	11570	
ban	ban	11551	
trungtam	trung tâm	11447	
tuyet	tuyệt	11431	
khachhang	khách hàng	11426	
dai	dài	11391	
nguon	nguồn	11383	
dienthoai	điện thoại	11372	
trolai	trở lại	11363	
chuyen	chuyển	11351	
sansang	sẵn sàng	11336	
sang	sang	11260	
huong	hướng	11226	
sap	sắp	11218	
xa	xã	11184	
chuanbi	chuẩn bị	11135	
dichvu	dịch vụ	11077	
hieuqua	hiệu quả	11036	
daihoc	đại học	11012	
do	độ	11012	
vong	vòng	10961	
mau	máu	10943	
hoi	hơi	10934	
de	dễ	10866	
bay	bay	10857	
von	vốn	10838	
doi	đời	10793	
sach	sách	10773	
kieu	kiểu	10771	
sung	súng	10723	
hiennay	hiện nay	10693	
khoahoc	khoa học	10646	
khach	khách	10645	
troi	trời	10629	
chatluong	chất lượng	10624	
thanhcong	thành công	10617	
anh	Anh	10576	
hotro	hỗ trợ	10560	
t	t	10478	
chong	chồng	10448	
dien	điện	10447	
lienquan	liên quan	10408	
traloi	trả lời	10400	
doi	đợi	10376	
nho	nhờ	10355	
danong	đàn ông	10341	
luachon	lựa chọn	10335	
duynhat	duy nhất	10324	
chung	chung	10304	
day	đầy	10296	
bien	biến	10290	
lamon	làm ơn	10289	
ga	gã	10204	
moi	mời	10193	
boivi	bởi vì	10184	
quyen	quyền	10133	
motcach	một cách	10132	
giai	giải	10107	
da	đá	10083	
contrai	con trai	10081	
motchut	một chút	10064	
hocsinh	học sinh	10060	
cungcap	cung cấp	10058	
vitri	vị trí	10030	
dau	đau	10020	
canh	cạnh	10000	
manh	mạnh	9991	
sinhvien	sinh viên	9951	
ve	vẻ	9943	
a	a	9906	
khoa	khoá	9870	
mang	mạng	9843	
sinh	sinh	9832	
dem	đem	9832	
ketthuc	kết thúc	9813	
dinh	định	9784	
quocgia	quốc gia	9732	
ban	bàn	9727	
chieu	chiều	9722	
nhiemvu	nhiệm vụ	9692	
congnghe	công nghệ	9682	
dan	dẫn	9670	
kinhdoanh	kinh doanh	9637	
congai	con gái	9603	
lydo	lý do	9602	
hien	hiện	9591	
coso	cơ sở	9568	
baonhieu	bao nhiêu	9552	
thatsu	thật sự	9473	
truonghop	trường hợp	9428	
bong	bóng	9427	
hoi	hội	9417	
hoa	hoa	9408	
quydinh	quy định	9387	
to	to	9380	
cua	cửa	9319	
nang	nàng	9315	
kiem	kiếm	9302	
donvi	đơn vị	9301	
o	ồ	9240	
vanhoa	văn hoá	9217	
trungquoc	Trung Quốc	9189	
co	cơ	9160	
xuathien	xuất hiện	9090	
hinh	hình	9058	
suot	suốt	9044	
gioi	giỏi	9030	
coquan	cơ quan	9028	
thamchi	thậm chí	9023	
roi	rời	9015	
thieu	thiếu	8999	
danhgia	đánh giá	8959	
nganhang	ngân hàng	8940	
qua	quả	8917	
buc	bức	8872	
dong	dòng	8826	
hat	hát	8801	
vuot	vượt	8799	
ngon	ngon	8761	
day	dạy	8758	
dulich	du lịch	8745	
tuyetvoi	tuyệt vời	8719	
tran	trận	8696	
ca	cá	8695	
quan	quân	8691	
giaiquyet	giải quyết	8674	
daotao	đào tạo	8656	
toan	toàn	8634	
chuyen	chuyến	8605	
le	lễ	8604	
cuoi	cười	8527	
quanhe	quan hệ	8480	
nham	nhằm	8466	
he	hề	8458	
cu	cũ	8435	
ruou	rượu	8409	
thietbi	thiết bị	8402	
mac	mặc	8385	
m	m	8312	
giaoduc	giáo dục	8290	
kia	kìa	8279	
dong	đông	8244	
anhhuong	ảnh hưởng	8237	
chinhphu	chính phủ	8222	
xuly	xử lý	8216	
ngoi	ngôi	8209	
quatrinh	quá trình	8207	
phathien	phát hiện	8194	
nang	nâng	8134	
thu	thu	8125	
moitruong	môi trường	8119	
dieukien	điều kiện	8102	
giatri	giá trị	8093	
song	sông	8082	
day	dậy	8058	
diaphuong	địa phương	8051	
quy	quý	8041	
tro	trở	8039	
hinhanh	hình ảnh	8033	
dongian	đơn giản	8033	
baocao	báo cáo	8031	
cogang	cố gắng	8007	
banthan	bản thân	7998	
noi	nổi	7989	
quocte	quốc tế	7979	
bac	bác	7972	
chang	chàng	7948	
xanh	xanh	7944	
trachnhiem	trách nhiệm	7923	
maybay	máy bay	7913	
tancong	tấn công	7912	
phuhop	phù hợp	7910	
taptrung	tập trung	7902	
hyvong	hy vọng	7901	
chinhxac	chính xác	7886	
tatnhien	tất nhiên	7885	
thoat	thoát	7871	
chat	chất	7860	
ban	bản	7858	
thap	thấp	7857	
loi	lỗi	7854	
ao	áo	7847	
bua	bữa	7843	
sai	sai	7838	
dambao	đảm bảo	7834	
trang	trắng	7826	
ong	ổng	7826	
tiep	tiếp	7825	
nhanuoc	nhà nước	7800	
moi	mối	7753	
tuong	tưởng	7726	
camgiac	cảm giác	7693	
cho	chó	7689	
sep	sếp	7683	
thucte	thực tế	7674	
laodong	lao động	7659	
dong	đóng	7634	
lanhdao	lãnh đạo	7629	
tam	tấm	7586	
canhan	cá nhân	7569	
canbo	cán bộ	7552	
cauchuyen	câu chuyện	7526	
muctieu	mục tiêu	7522	
loai	loài	7464	
nen	nền	7463	
thang	thắng	7461	
phucvu	phục vụ	7455	
u	ư	7442	
hanhphuc	hạnh phúc	7406	
mau	mau	7373	
mau	mẫu	7367	
dien	điên	7356	
noidung	nội dung	7345	
nhanvien	nhân viên	7319	
nu	nữ	7282	
chiase	chia sẻ	7276	
thit	thịt	7267	
nang	nặng	7253	
binhthuong	bình thường	7233	
vua	vua	7191	
gioithieu	giới thiệu	7187	
nhucau	nhu cầu	7178	
cat	cắt	7143	
ky	kỳ	7141	
do	đỏ	7140	
nhandan	nhân dân	7139	
thanhvien	thành viên	7139	
niem	niềm	7125	
rorang	rõ ràng	7123	
mien	miền	7107	
giao	giao	7071	
phap	Pháp	7062	
game	game	7041	
cothe	cơ thể	7027	
chettiet	chết tiệt	7012	
luat	luật	6997	
chuc	chúc	6992	
tinhtrang	tình trạng	6987	
benhvien	bệnh viện	6976	
doan	đoàn	6971	
thu	thư	6964	
thoidiem	thời điểm	6963	
hua	hứa	6951	
mayman	may mắn	6940	
trang	trang	6934	
tronen	trở nên	6921	
so	sở	6920	
tinhyeu	tình yêu	6919	
toanbo	toàn bộ	6914	
trai	trai	6907	
lu	lũ	6905	
giay	giấy	6884	
vo	vô	6863	
nghe	nghề	6862	
dedang	dễ dàng	6857	
thue	thuê	6856	
timkiem	tìm kiếm	6826	
toc	tóc	6824	
tang	tặng	6820	
trai	trái	6815	
nguyhiem	nguy hiểm	6809	
cuon	cuốn	6762	
suthat	sự thật	6740	
banh	bánh	6737	
trai	trải	6737	
canh	cánh	6736	
qua	quà	6707	
chamsoc	chăm sóc	6697	
lichsu	lịch sử	6666	
vanphong	văn phòng	6665	
nuoi	nuôi	6658	
hoso	hồ sơ	6653	
can	căn	6651	
nghi	nghỉ	6647	
than	thân	6641	
rung	rừng	6638	
nhac	nhạc	6597	
luong	lượng	6592	
xau	xấu	6576	
viet	Việt	6572	
chuy	chú ý	6538	
tructiep	trực tiếp	6530	
la	lá	6509	
thay	thay	6509	
te	tệ	6485	
den	đen	6462	
hang	hãng	6455	
vien	viên	6440	
phat	phát	6431	
tron	trốn	6431	
tim	tim	6429	
tham	thăm	6428	
hanhdong	hành động	6407	
nui	núi	6397	
tunhien	tự nhiên	6393	
dam	dám	6381	
cau	cầu	6375	
lang	làng	6354	
noitieng	nổi tiếng	6354	
chup	chụp	6352	
tui	tụi	6344	
thoi	thời	6342	
nhay	nhảy	6340	
linhvuc	lĩnh vực	6334	
sau	sâu	6322	
quan	quận	6301	
kythuat	kỹ thuật	6291	
kinhnghiem	kinh nghiệm	6256	
kiemsoat	kiểm soát	6243	
maytinh	máy tính	6239	
y	y	6226	
han	hẳn	6196	
doan	đoán	6173	
tuonglai	tương lai	6166	
hom	hôm	6158	
dongy	đồng ý	6144	
thehien	thể hiện	6137	
trienkhai	triển khai	6112	
nhoc	nhóc	6096	
hoanthanh	hoàn thành	6081	
yen	yên	6072	
tongthong	tổng thống	6055	
in	in	6048	
suckhoe	sức khoẻ	6033	
nga	Nga	6026	
ykien	ý kiến	6022	
suynghi	suy nghĩ	6012	
quai	quái	5989	
hoa	hoà	5988	
tudo	tự do	5981	
canthiet	cần thiết	5963	
dongthoi	đồng thời	5953	
chu	chữ	5947	
canthan	cẩn thận	5945	
dieutri	điều trị	5945	
ghi	ghi	5926	
denghi	đề nghị	5922	
datnuoc	đất nước	5916	
tang	tầng	5906	
cha	chả	5895	
ne	nè	5894	
tap	tập	5891	
ungdung	ứng dụng	5889	
loi	lối	5884	
nong	nóng	5879	
rong	rộng	5871	
chutich	chủ tịch	5863	
mong	mong	5858	
cuocdoi	cuộc đời	5856	
tiec	tiếc	5844	
nam	nam	5843	
cam	cầm	5829	
xacdinh	xác định	5796	
day	dây	5785	
khap	khắp	5770	
quan	quán	5761	
benhnhan	bệnh nhân	5760	
bang	băng	5719	
duc	Đức	5715	
dieutra	điều tra	5704	
chinhsach	chính sách	5699	
hientai	hiện tại	5682	
giupdo	giúp đỡ	5680	
theodoi	theo dõi	5673	
binhtinh	bình tĩnh	5663	
hoi	hồi	5657	
no	nợ	5657	
khachsan	khách sạn	5649	
doituong	đối tượng	5633	
gom	gồm	5598	
bang	bảng	5591	
thuongxuyen	thường xuyên	5586	
tambiet	tạm biệt	5584	
con	cơn	5580	
dao	đảo	5566	
keo	kéo	5565	
tienhanh	tiến hành	5560	
taichinh	tài chính	5557	
doi	đổi	5556	
ve	vé	5555	
chiendau	chiến đấu	5530	
than	thần	5528	
dam	đám	5523	
lolang	lo lắng	5507	
giaithich	giải thích	5505	
macdu	mặc dù	5490	
i	i	5467	
thongqua	thông qua	5467	
ynghia	ý nghĩa	5467	
sohuu	sở hữu	5465	
congtrinh	công trình	5457	
thongbao	thông báo	5449	
doan	đoạn	5448	
giaidoan	giai đoạn	5444	
huongdan	hướng dẫn	5440	
toa	toà	5439	
dangky	đăng ký	5416	
v	v	5413	
nuocngoai	nước ngoài	5411	
ho	hộ	5388	
chiem	chiếm	5384	
pha	phá	5367	
suc	sức	5366	
khonggian	không gian	5364	
phuongphap	phương pháp	5350	
tien	tiến	5333	
nam	nắm	5330	
linh	lính	5314	
chapnhan	chấp nhận	5307	
lenh	lệnh	5303	
vukhi	vũ khí	5303	
gia	già	5294	
tha	thả	5288	
khoan	khoan	5285	
chinhthuc	chính thức	5279	
lanh	lạnh	5265	
thuvi	thú vị	5265	
daidien	đại diện	5264	
cuthe	cụ thể	5256	
tinhhinh	tình hình	5250	
anhem	anh em	5243	
sach	sạch	5240	
noi	nỗi	5237	
the	the	5237	
tiec	tiệc	5235	
hapdan	hấp dẫn	5234	
nhan	nhân	5233	
lucluong	lực lượng	5212	
phu	phụ	5195	
bao	bao	5191	
lua	lửa	5180	
nguyennhan	nguyên nhân	5177	
lao	lão	5166	
chua	chúa	5158	
buon	buồn	5148	
hoptac	hợp tác	5137	
binh	bình	5111	
dua	dựa	5109	
cuoi	cưới	5105	
tam	tầm	5103	
mui	mùi	5096	
bimat	bí mật	5093	
tinhthan	tinh thần	5083	
ngua	ngựa	5076	
mon	môn	5062	
tinh	tình	5062	
vocung	vô cùng	5050	
nghethuat	nghệ thuật	5042	
may	may	5031	
cong	công	5026	
do	đổ	5022	
tui	túi	5021	
tieptheo	tiếp theo	5016	
la	lạ	5011	
tuong	tường	5008	
quanh	quanh	5006	
tranh	tranh	4992	
tacdung	tác dụng	4986	
daydu	đầy đủ	4986	
chia	chia	4975	
roi	rơi	4970	
dan	dần	4968	
thongminh	thông minh	4964	
khangdinh	khẳng định	4955	
dau	dầu	4949	
congnghiep	công nghiệp	4946	
canh	cảnh	4946	
baogom	bao gồm	4944	
ngung	ngừng	4944	
kethop	kết hợp	4940	
ca	ca	4928	
don	đón	4924	
chay	cháy	4909	
giaothong	giao thông	4894	
mua	mưa	4893	
lap	lập	4885	
do	đô	4884	
hop	họp	4879	
chuyengia	chuyên gia	4876	
chitiet	chi tiết	4862	
rut	rút	4862	
dientich	diện tích	4859	
danhsach	danh sách	4857	
mo	mơ	4849	
tro	trò	4844	
ngaymai	ngày mai	4839	
truyenthong	truyền thống	4837	
truong	trưởng	4814	
antuong	ấn tượng	4810	
ghet	ghét	4808	
chua	chứa	4798	
san	sân	4785	
no	nổ	4784	
chiphi	chi phí	4783	
banbe	bạn bè	4780	
thuongmai	thương mại	4776	
sucmanh	sức mạnh	4767	
tontai	tồn tại	4764	
hiendai	hiện đại	4762	
nhac	nhắc	4751	
noidoi	nói dối	4751	
khoe	khoẻ	4749	
timhieu	tìm hiểu	4748	
du	dự	4746	
batky	bất kỳ	4734	
dua	đùa	4720	
hen	hẹn	4718	
yte	y tế	4709	
chucnang	chức năng	4704	
mucdich	mục đích	4703	
quen	quen	4700	
nhanhchong	nhanh chóng	4693	
hoctap	học tập	4692	
chinhtri	chính trị	4666	
gia	giả	4662	
thue	thuế	4655	
gio	gió	4654	
dang	Đảng	4653	
chienthang	chiến thắng	4651	
apdung	áp dụng	4651	
giaiphap	giải pháp	4649	
vuive	vui vẻ	4642	
vieclam	việc làm	4641	
lieu	liệu	4620	
toi	tội	4620	
gioi	giới	4618	
ondinh	ổn định	4610	
bome	bố mẹ	4609	
the	thẻ	4607	
dang	đằng	4604	
ha	hạ	4603	
tru	trừ	4600	
sukien	sự kiện	4597	
congdong	cộng đồng	4587	
batngo	bất ngờ	4583	
nangluong	năng lượng	4571	
thanhlap	thành lập	4547	
chientranh	chiến tranh	4543	
vai	vai	4543	
cham	chậm	4541	
soluong	số lượng	4541	
tho	thở	4541	
hoinghi	hội nghị	4538	
comat	có mặt	4535	
sua	sữa	4531	
motvai	một vài	4524	
dantoc	dân tộc	4518	
den	đèn	4518	
chedo	chế độ	4514	
nam	Nam	4510	
hut	hút	4499	
manhme	mạnh mẽ	4498	
don	đơn	4493	
thoaimai	thoải mái	4489	
khoan	khoản	4479	
giaovien	giáo viên	4476	
tocdo	tốc độ	4473	
dan	đạn	4470	
cuop	cướp	4465	
thitran	thị trấn	4465	
thucpham	thực phẩm	4464	
thang	thẳng	4444	
giamdoc	giám đốc	4442	
khoc	khóc	4442	
phanmem	phần mềm	4436	
quandoi	quân đội	4425	
anninh	an ninh	4422	
nguyen	Nguyễn	4420	
vaitro	vai trò	4410	
thucan	thức ăn	4407	
vien	viện	4405	
diachi	địa chỉ	4404	
nannhan	nạn nhân	4403	
dichuyen	di chuyển	4399	
coban	cơ bản	4390	
cuc	cục	4383	
vivay	vì vậy	4381	
bo	bờ	4372	
hopdong	hợp đồng	4365	
gianh	giành	4358	
trong	trồng	4347	
diaban	địa bàn	4342	
manhinh	màn hình	4339	
net	nét	4339	
bac	Bắc	4329	
dang	dạng	4325	
yeuto	yếu tố	4321	
chat	chặt	4318	
ga	gà	4315	
khoi	khối	4313	
dongchi	đồng chí	4306	
nhatban	Nhật Bản	4301	
an	án	4284	
giuong	giường	4280	
giong	giọng	4276	
cung	cưng	4270	
lienlac	liên lạc	4268	
pho	phố	4268	
caphe	cà phê	4257	
ngheo	nghèo	4257	
chim	chim	4252	
gap	gấp	4246	
mieng	miệng	4238	
he	hệ	4230	
phoihop	phối hợp	4230	
thuyen	thuyền	4225	
treem	trẻ em	4222	
chuyeu	chủ yếu	4220	
thuhut	thu hút	4214	
b	b	4210	
dapung	đáp ứng	4202	
nhe	nhẹ	4199	
tuvan	tư vấn	4190	
hon	hôn	4183	
chua	chữa	4181	
day	đẩy	4178	
dulieu	dữ liệu	4172	
lien	liền	4156	
cuahang	cửa hàng	4143	
racroi	rắc rối	4143	
phapluat	pháp luật	4133	
ytuong	ý tưởng	4133	
lung	lưng	4130	
duoc	Được	4128	
duoi	đuổi	4122	
bom	bom	4114	
ghe	ghế	4110	
dieukhien	điều khiển	4106	
vay	vay	4105	
tam	tắm	4100	
ha	ha	4099	
hai	hại	4094	
thoathuan	thoả thuận	4094	
hoanhao	hoàn hảo	4086	
hoidong	hội đồng	4081	
mac	mắc	4071	
giay	giây	4069	
thuonghieu	thương hiệu	4069	
go	gỗ	4065	
phuong	phường	4065	
khongkhi	không khí	4063	
lientuc	liên tục	4054	
bo	bò	4049	
tuyen	tuyến	4048	
trochoi	trò chơi	4024	
tichcuc	tích cực	4021	
dap	đập	4014	
ly	ly	4011	
canho	căn hộ	4000	
taisan	tài sản	3998	
vat	vật	3996	
dieuhanh	điều hành	3994	
ve	vẽ	3977	
phienban	phiên bản	3970	
kienthuc	kiến thức	3962	
kinh	kính	3953	
cong	cổng	3952	
trao	trao	3952	
congan	công an	3950	
ho	hồ	3948	
cho	chợ	3942	
phongcach	phong cách	3935	
hanche	hạn chế	3933	
anhsang	ánh sáng	3933	
congbo	công bố	3928	
lai	lái	3924	
xac	xác	3918	
xungquanh	xung quanh	3915	
morong	mở rộng	3898	
hat	hạt	3888	
sangtao	sáng tạo	3880	
hinhthuc	hình thức	3876	
nguyen	nguyên	3874	
song	song	3874	
tacpham	tác phẩm	3869	
ungho	ủng hộ	3855	
giaodich	giao dịch	3846	
mui	mũi	3846	
hetsuc	hết sức	3844	
thanh	thanh	3843	
chidao	chỉ đạo	3841	
ty	tỷ	3840	
mung	mừng	3839	
mai	mãi	3838	
tainan	tai nạn	3836	
hop	hộp	3834	
thanhnien	thanh niên	3833	
dip	dịp	3830	
goc	góc	3826	
tailieu	tài liệu	3819	
can	cân	3818	
nhan	nhắn	3802	
the	thể	3794	
baolau	bao lâu	3790	
tu	tù	3790	
tintuong	tin tưởng	3788	
chucmung	chúc mừng	3784	
thisinh	thí sinh	3782	
nua	nửa	3769	
quangcao	quảng cáo	3765	
dau	dấu	3764	
kem	kèm	3764	
to	tờ	3761	
chi	chi	3758	
ky	ký	3755	
tyle	tỷ lệ	3754	
quanao	quần áo	3751	
xuatkhau	xuất khẩu	3751	
tangcuong	tăng cường	3745	
thua	thua	3740	
traodoi	trao đổi	3740	
tietkiem	tiết kiệm	3736	
lan	lẫn	3730	
phan	phân	3726	
sailam	sai lầm	3725	
nao	não	3719	
bosung	bổ sung	3718	
tat	tắt	3713	
chihuy	chỉ huy	3705	
e	e	3697	
traitim	trái tim	3697	
que	quê	3696	
ketnoi	kết nối	3689	
thatbai	thất bại	3684	
khaithac	khai thác	3676	
tapdoan	tập đoàn	3674	
he	hè	3672	
ngacnhien	ngạc nhiên	3660	
mongmuon	mong muốn	3659	
vet	vết	3654	
chuyennghiep	chuyên nghiệp	3649	
bai	bãi	3647	
bung	bụng	3641	
kho	khô	3637	
ngan	ngắn	3637	
chuan	chuẩn	3633	
totnghiep	tốt nghiệp	3632	
mohinh	mô hình	3631	
re	rẻ	3623	
thamdu	tham dự	3621	
doikhi	đôi khi	3611	
gopphan	góp phần	3610	
chungminh	chứng minh	3605	
thethao	thể thao	3588	
san	sàn	3585	
quy	quỷ	3583	
phantich	phân tích	3555	
luot	lượt	3544	
chame	cha mẹ	3540	
tho	thơ	3537	
lienhe	liên hệ	3532	
khangia	khán giả	3531	
dientu	điện tử	3531	
vesinh	vệ sinh	3521	
nhanvat	nhân vật	3514	
ngan	ngăn	3493	
keodai	kéo dài	3484	
bophan	bộ phận	3466	
trua	trưa	3464	
viem	viêm	3460	
vidu	ví dụ	3460	
tuong	tướng	3454	
tiensi	tiến sĩ	3453	
hochiminh	Hồ Chí Minh	3451	
tuy	tuy	3451	
dinhien	dĩ nhiên	3446	
khi	khí	3444	
bac	bậc	3441	
xuong	xương	3439	
chinhquyen	chính quyền	3438	
dich	dịch	3438	
chuyen	chuyên	3435	
quykhach	quý khách	3433	
dongho	đồng hồ	3433	
uoc	ước	3425	
ungthu	ung thư	3423	
vandong	vận động	3417	
kem	kém	3416	
trangbi	trang bị	3413	
sieu	siêu	3411	
tung	tung	3411	
vuon	vườn	3409	
luatsu	luật sư	3407	
thutuc	thủ tục	3405	
dong	đống	3405	
buoc	buộc	3403	
tan	tấn	3403	
tinhcam	tình cảm	3401	
khuyen	khuyên	3397	
tuongtu	tương tự	3394	
sua	sửa	3389	
totdep	tốt đẹp	3389	
luong	lương	3387	
ngang	ngang	3377	
nang	nắng	3377	
chienluoc	chiến lược	3375	
homqua	hôm qua	3371	
quy	quỹ	3369	
com	cơm	3362	
nem	ném	3358	
vo	vỡ	3354	
xuatsac	xuất sắc	3351	
manh	mảnh	3350	
bep	bếp	3348	
dauhieu	dấu hiệu	3348	
muon	muộn	3347	
nhatruong	nhà trường	3347	
bienphap	biện pháp	3345	
thanhtra	thanh tra	3345	
dieuchinh	điều chỉnh	3341	
nop	nộp	3337	
dukhach	du khách	3332	
tai	tai	3330	
tan	tận	3330	
noluc	nỗ lực	3324	
camnhan	cảm nhận	3322	
nguyco	nguy cơ	3318	
bau	bầu	3314	
nhahang	nhà hàng	3305	
ma	mã	3300	
hong	hỏng	3298	
kip	kịp	3288	
trandau	trận đấu	3287	
dan	đàn	3285	
khacbiet	khác biệt	3281	
phi	phí	3279	
nghiemtuc	nghiêm túc	3278	
gan	gắn	3275	
hoply	hợp lý	3275	
dot	đốt	3273	
duytri	duy trì	3270	
xay	xây	3270	
tacdong	tác động	3269	
giay	giày	3268	
san	sẵn	3263	
giamsat	giám sát	3261	
tieuchuan	tiêu chuẩn	3261	
kynang	kỹ năng	3255	
trung	trứng	3254	
nongnghiep	nông nghiệp	3252	
thethi	thế thì	3250	
yeu	yếu	3248	
doi	đói	3241	
phobien	phổ biến	3240	
nangluc	năng lực	3239	
nongdan	nông dân	3237	
la	la	3231	
ngon	ngọn	3230	
vochong	vợ chồng	3225	
anh	ánh	3223	
thichhop	thích hợp	3221	
hop	hợp	3220	
dot	đợt	3220	
nguc	ngực	3219	
hanquoc	Hàn Quốc	3218	
rang	răng	3217	
phanung	phản ứng	3209	
truyen	truyền	3199	
ma	ma	3194	
cu	cú	3192	
the	thề	3183	
xemxet	xem xét	3182	
mieng	miếng	3180	
tinhnang	tính năng	3180	
hayla	hay là	3179	
nhat	Nhật	3178	
cung	cung	3173	
sat	sát	3173	
tet	Tết	3172	
rua	rửa	3170	
thoitrang	thời trang	3165	
nhamay	nhà máy	3162	
dienvien	diễn viên	3161	
o	ô	3161	
trom	trộm	3160	
mausac	màu sắc	3155	
dothi	đô thị	3155	
tuhao	tự hào	3153	
caocap	cao cấp	3152	
conso	con số	3147	
laptuc	lập tức	3138	
hanghoa	hàng hoá	3136	
pha	pha	3133	
kho	kho	3132	
tacgia	tác giả	3132	
de	đề	3125	
e	ê	3119	
hangdau	hàng đầu	3117	
nga	ngã	3114	
giau	giàu	3109	
anhchang	anh chàng	3105	
quan	quan	3105	
khi	khỉ	3103	
canhtranh	cạnh tranh	3101	
vithe	vì thế	3098	
cuc	cực	3092	
mienphi	miễn phí	3083	
xungdang	xứng đáng	3081	
vanban	văn bản	3078	
chaomung	chào mừng	3077	
kham	khám	3075	
anhhung	anh hùng	3072	
quochoi	quốc hội	3070	
uyban	uỷ ban	3067	
camxuc	cảm xúc	3065	
trai	trại	3065	
moi	mỗi	3059	
trunguong	trung ương	3057	
cauthu	cầu thủ	3048	
gia	gia	3045	
giau	giấu	3045	
ngaynay	ngày nay	3045	
tieudung	tiêu dùng	3044	
diadiem	địa điểm	3044	
tangtruong	tăng trưởng	3039	
dong	động	3036	
laixe	lái xe	3035	
thai	thai	3034	
tuongtuong	tưởng tượng	3033	
to	tổ	3031	
dua	đua	3031	
doisong	đời sống	3031	
hanhvi	hành vi	3028	
mocua	mở cửa	3027	
tuy	tuỳ	3023	
am	ấm	3023	
neu	nêu	3021	
rau	rau	3020	
botruong	bộ trưởng	3017	
keu	kêu	3016	
su	sư	3014	
tra	trà	3010	
vo	vỏ	3007	
daibieu	đại biểu	3006	
goc	gốc	3004	
donggop	đóng góp	2999	
cham	chạm	2998	
song	sóng	2998	
dukien	dự kiến	2993	
xinhdep	xinh đẹp	2992	
phuongtien	phương tiện	2989	
sunghiep	sự nghiệp	2986	
thuong	thương	2981	
nhatdinh	nhất định	2979	
dinh	dính	2975	
thidau	thi đấu	2974	
phongtrao	phong trào	2971	
hanhtinh	hành tinh	2969	
bandau	ban đầu	2966	
chua	chùa	2965	
phuctap	phức tạp	2965	
thunhap	thu nhập	2960	
baohiem	bảo hiểm	2958	
bam	bám	2956	
tiepcan	tiếp cận	2956	
dao	đạo	2954	
bao	bão	2950	
giaosu	giáo sư	2950	
phauthuat	phẫu thuật	2949	
tram	trạm	2947	
thaythe	thay thế	2943	
loiich	lợi ích	2941	
ngoc	ngốc	2937	
danang	Đà Nẵng	2937	
thu	thú	2934	
man	màn	2931	
khau	khẩu	2930	
ong	ống	2929	
deo	đeo	2928	
no	no	2927	
toipham	tội phạm	2919	
mai	mái	2916	
lo	lỗ	2915	
nghingo	nghi ngờ	2914	
baodam	bảo đảm	2909	
u	u	2909	
tuchoi	từ chối	2907	
khampha	khám phá	2902	
ky	kỹ	2890	
cuocchien	cuộc chiến	2885	
thuc	thức	2882	
khai	khai	2880	
dao	dao	2872	
dethuong	dễ thương	2863	
thehe	thế hệ	2862	
nut	nút	2861	
h	h	2855	
goi	gói	2854	
chau	châu	2845	
o	o	2844	
nghiemtrong	nghiêm trọng	2841	
say	say	2841	
cachmang	cách mạng	2839	
noi	nội	2839	
thutuong	thủ tướng	2839	
chude	chủ đề	2838	
chuyenmon	chuyên môn	2830	
giac	giấc	2829	
xep	xếp	2829	
bia	bia	2828	
chuot	chuột	2818	
cap	cặp	2811	
phatbieu	phát biểu	2805	
om	ôm	2800	
chay	chảy	2791	
gan	gan	2778	
doihoi	đòi hỏi	2777	
nhap	nhập	2775	
taikhoan	tài khoản	2775	
dai	đại	2773	
hang	hạng	2765	
kem	kem	2764	
tinhieu	tín hiệu	2761	
sanbay	sân bay	2760	
ba	ba	2755	
lienket	liên kết	2752	
tieu	tiêu	2751	
nongthon	nông thôn	2748	
vay	váy	2743	
loi	lợi	2742	
cuaso	cửa sổ	2741	
ngoai	ngoại	2740	
doimat	đối mặt	2738	
matuy	ma tuý	2733	
truyenhinh	truyền hình	2733	
xacnhan	xác nhận	2733	
dai	đài	2729	
cu	cụ	2725	
tonthuong	tổn thương	2725	
chonen	cho nên	2724	
vuilong	vui lòng	2721	
kenh	kênh	2719	
ngungoc	ngu ngốc	2719	
tinhduc	tình dục	2715	
quyhoach	quy hoạch	2713	
tuyenbo	tuyên bố	2712	
nau	nấu	2710	
tre	trễ	2710	
danso	dân số	2708	
sat	sắt	2704	
dedoa	đe doạ	2702	
nham	nhầm	2701	
vipham	vi phạm	2701	
luonluon	luôn luôn	2697	
bangchung	bằng chứng	2689	
cam	cấm	2684	
tuoi	tươi	2684	
dacvu	đặc vụ	2682	
quansat	quan sát	2681	
doingu	đội ngũ	2681	
quan	quần	2679	
amnhac	âm nhạc	2677	
cancu	căn cứ	2675	
congcu	công cụ	2668	
lua	lúa	2665	
trong	trống	2665	
tam	tạm	2661	
chodu	cho dù	2658	
tutin	tự tin	2658	
canhbao	cảnh báo	2655	
dey	để ý	2655	
thongthuong	thông thường	2644	
chan	chán	2641	
newyork	New York	2640	
xuan	xuân	2637	
doithu	đối thủ	2636	
o	ờ	2633	
mucdo	mức độ	2627	
hoa	hoá	2626	
lan	làn	2624	
phuong	phương	2624	
dao	đào	2624	
tay	Tây	2622	
quandiem	quan điểm	2618	
cangthang	căng thẳng	2616	
ramat	ra mắt	2616	
boqua	bỏ qua	2615	
capnhat	cập nhật	2614	
ham	hầm	2614	
trungbinh	trung bình	2614	
ngu	ngu	2613	
caithien	cải thiện	2611	
cat	cát	2610	
sapxep	sắp xếp	2606	
ngon	ngón	2601	
nghiem	nghiệm	2599	
xuhuong	xu hướng	2596	
to	tỏ	2595	
dam	dặm	2592	
ti	tí	2592	
dam	đâm	2585	
chiem	chị em	2584	
xua	xưa	2584	
gao	gạo	2583	
mong	mông	2581	
cho	chở	2578	
nhenhang	nhẹ nhàng	2577	
truyenthong	truyền thông	2577	
sinhhoat	sinh hoạt	2576	
tebao	tế bào	2575	
san	săn	2571	
thuyetphuc	thuyết phục	2564	
khoa	khoa	2563	
chodoi	chờ đợi	2554	
kethon	kết hôn	2549	
bong	bông	2547	
bat	bật	2547	
hinhthanh	hình thành	2546	
nhietdo	nhiệt độ	2546	
xet	xét	2546	
theky	thế kỷ	2544	
kethu	kẻ thù	2543	
dao	dạo	2540	
hanhchinh	hành chính	2537	
hoaky	Hoa Kỳ	2536	
chungkien	chứng kiến	2535	
kyniem	kỷ niệm	2528	
tamly	tâm lý	2520	
noibat	nổi bật	2518	
tudong	tự động	2517	
tinhhuong	tình huống	2514	
g	g	2511	
thanhtoan	thanh toán	2504	
tontrong	tôn trọng	2504	
thuong	thưởng	2502	
tach	tách	2501	
tam	tâm	2496	
nghingoi	nghỉ ngơi	2495	
dau	đấu	2495	
nhapkhau	nhập khẩu	2494	
dinh	đỉnh	2494	
a	á	2491	
amthanh	âm thanh	2491	
lui	lùi	2487	
xang	xăng	2487	
hanh	hành	2484	
sohai	sợ hãi	2483	
thuanloi	thuận lợi	2481	
ngam	ngắm	2479	
thon	thôn	2479	
toite	tồi tệ	2478	
treo	treo	2474	
thuanhan	thừa nhận	2472	
docdao	độc đáo	2468	
bantay	bàn tay	2462	
lac	lạc	2462	
nu	nụ	2459	
hientuong	hiện tượng	2456	
toida	tối đa	2456	
baochi	báo chí	2447	
sam	sam	2444	
dongco	động cơ	2442	
hoancanh	hoàn cảnh	2441	
daoduc	đạo đức	2433	
do	đỡ	2433	
a	ả	2433	
bot	bớt	2431	
lo	lỡ	2429	
boi	bơi	2426	
thanhphan	thành phần	2425	
thaoluan	thảo luận	2425	
meo	mèo	2424	
quakhu	quá khứ	2424	
mi	mi	2419	
giaithuong	giải thưởng	2418	
trung	trúng	2418	
laman	làm ăn	2415	
chien	chiến	2410	
hailong	hài lòng	2410	
khochiu	khó chịu	2409	
bac	bắc	2407	
thongnhat	thống nhất	2407	
phien	phiên	2406	
thucra	thực ra	2403	
thu	thủ	2402	
tet	tết	2402	
cu	cử	2400	
nha	nha	2399	
mekiep	mẹ kiếp	2398	
chung	chừng	2396	
guong	gương	2396	
bac	bạc	2393	
thamquan	tham quan	2390	
tai	tải	2386	
mat	mát	2385	
damcuoi	đám cưới	2383	
songsot	sống sót	2381	
hong	hồng	2380	
quyvi	quý vị	2378	
hue	Huế	2377	
bot	bột	2374	
tiet	tiết	2370	
cha	chà	2365	
danba	đàn bà	2364	
soi	sợi	2363	
imlang	im lặng	2362	
tuyen	tuyển	2362	
saigon	Sài Gòn	2359	
cophan	cổ phần	2356	
ngonngu	ngôn ngữ	2351	
thom	thơm	2349	
tan	tan	2345	
emgai	em gái	2344	
dau	đậu	2344	
bui	bụi	2339	
namhoc	năm học	2338	
batdongsan	bất động sản	2336	
thanhtich	thành tích	2336	
loinhuan	lợi nhuận	2335	
vidai	vĩ đại	2335	
vodich	vô địch	2334	
tai	tài	2333	
bang	bang	2331	
doimoi	đổi mới	2324	
chiendich	chiến dịch	2322	
xu	xử	2321	
chai	chai	2318	
ep	ép	2318	
thunghiem	thử nghiệm	2316	
nhan	nhấn	2312	
radoi	ra đời	2307	
um	ừm	2307	
lua	lừa	2306	
thatvong	thất vọng	2306	
thung	thùng	2305	
ngansach	ngân sách	2302	
chebien	chế biến	2299	
lehoi	lễ hội	2293	
tainang	tài năng	2291	
dongcua	đóng cửa	2290	
huong	hưởng	2286	
sac	sắc	2283	
di	dì	2282	
hoanthien	hoàn thiện	2282	
don	dọn	2281	
ghe	ghé	2277	
hon	hòn	2277	
thiennhien	thiên nhiên	2272	
truycap	truy cập	2268	
trangtri	trang trí	2267	
im	im	2266	
bando	bản đồ	2265	
trangphuc	trang phục	2265	
congnhan	công nhân	2264	
nhanthuc	nhận thức	2264	
sinhnhat	sinh nhật	2260	
lo	lộ	2257	
tapchi	tạp chí	2257	
metmoi	mệt mỏi	2256	
noi	nối	2255	
quantri	quản trị	2251	
tonghop	tổng hợp	2251	
khonkiep	khốn kiếp	2249	
leo	leo	2246	
phanlon	phần lớn	2242	
tapthe	tập thể	2241	
kientruc	kiến trúc	2239	
chieu	chiếu	2236	
kichthuoc	kích thước	2235	
thuongthuc	thưởng thức	2230	
hanhtrinh	hành trình	2229	
doi	đòi	2228	
luuy	lưu ý	2224	
cophieu	cổ phiếu	2221	
pham	phạm	2220	
casi	ca sĩ	2219	
co	cỡ	2219	
phien	phiền	2218	
anhtrai	anh trai	2217	
thuyentruong	thuyền trưởng	2217	
tom	tóm	2212	
giaitri	giải trí	2208	
khonglo	khổng lồ	2208	
nganchan	ngăn chặn	2206	
apluc	áp lực	2204	
daihoi	đại hội	2202	
dongvat	động vật	2202	
chung	chứng	2194	
quansu	quân sự	2191	
congbang	công bằng	2190	
tindung	tín dụng	2190	
dang	đăng	2186	
nghesi	nghệ sĩ	2185	
dadang	đa dạng	2185	
dia	đĩa	2182	
co	cờ	2173	
cot	cột	2172	
yeuthuong	yêu thương	2167	
xu	xứ	2163	
thoitiet	thời tiết	2161	
maimai	mãi mãi	2160	
bieudien	biểu diễn	2159	
doan	Đoàn	2158	
namngoai	năm ngoái	2156	
hoithao	hội thảo	2153	
toancau	toàn cầu	2153	
long	lông	2152	
thathu	tha thứ	2152	
thong	thông	2152	
cang	cảng	2150	
thep	thép	2150	
doc	độc	2149	
nguoiyeu	người yêu	2148	
khop	khớp	2146	
nhatho	nhà thờ	2145	
hocvien	học viên	2144	
thoi	thổi	2143	
phathuy	phát huy	2142	
trangweb	trang web	2139	
bongda	bóng đá	2138	
luc	lực	2136	
chan	chặn	2130	
dung	dựng	2128	
lich	lịch	2118	
vi	vi	2118	
ga	ga	2115	
kipthoi	kịp thời	2111	
phat	phạt	2111	
thoiky	thời kỳ	2111	
ando	Ấn Độ	2111	
ban	bận	2110	
huong	hương	2109	
doitac	đối tác	2108	
pin	pin	2107	
troi	trôi	2107	
quymo	quy mô	2105	
dap	đáp	2101	
hang	hằng	2099	
chudong	chủ động	2098	
didong	di động	2096	
xuyen	xuyên	2096	
lat	lát	2095	
thankinh	thần kinh	2092	
thongke	thống kê	2091	
dinhduong	dinh dưỡng	2087	
henho	hẹn hò	2086	
den	đền	2085	
dong	Đông	2084	
nguyentac	nguyên tắc	2078	
nuong	nướng	2077	
thinghiem	thí nghiệm	2077	
khungbo	khủng bố	2073	
congnhan	công nhận	2072	
gioihan	giới hạn	2072	
mai	mai	2068	
bac	Bác	2067	
congvien	công viên	2067	
kin	kín	2066	
google	Google	2062	
muon	mượn	2060	
trinhdo	trình độ	2060	
cong	cộng	2059	
sangtrong	sang trọng	2053	
tu	tủ	2051	
chiatay	chia tay	2050	
uutien	ưu tiên	2050	
baihoc	bài học	2047	
suachua	sửa chữa	2047	
hung	Hùng	2045	
phongvan	phỏng vấn	2042	
tom	tôm	2040	
vungdat	vùng đất	2040	
thuc	thực	2038	
congchua	công chúa	2037	
muoi	muối	2037	
vanchuyen	vận chuyển	2037	
dangke	đáng kể	2036	
huanluyen	huấn luyện	2034	
chiakhoa	chìa khoá	2032	
kinh	kinh	2029	
xoay	xoay	2029	
doclap	độc lập	2029	
rac	rác	2026	
phu	phủ	2022	
a	Á	2022	
tiepxuc	tiếp xúc	2020	
quyenluc	quyền lực	2014	
beo	béo	2013	
ton	tốn	2013	
dem	đếm	2013	
phuthuoc	phụ thuộc	2012	
ba	bả	2010	
linhhon	linh hồn	2006	
khuonmat	khuôn mặt	2005	
quaivat	quái vật	2005	
thiet	thiệt	2002	
guongmat	gương mặt	2001	
web	web	2000	
tuong	tượng	1999	
phanboi	phản bội	1997	
gian	giận	1996	
lo	lô	1996	
tubo	từ bỏ	1996	
giayto	giấy tờ	1993	
dich	địch	1993	
phathanh	phát hành	1991	
thudo	thủ đô	1989	
khung	khung	1988	
khacphuc	khắc phục	1986	
hauqua	hậu quả	1985	
coichung	coi chừng	1984	
ruot	ruột	1983	
rong	rồng	1982	
hangloat	hàng loạt	1980	
muasam	mua sắm	1980	
tuyentruyen	tuyên truyền	1976	
doc	dọc	1975	
luu	lưu	1973	
mo	mộ	1970	
sankhau	sân khấu	1963	
tongso	tổng số	1963	
co	cỏ	1962	
detai	đề tài	1962	
mach	mạch	1961	
uytin	uy tín	1961	
thailan	Thái Lan	1960	
bacon	bà con	1959	
camket	cam kết	1959	
chamdut	chấm dứt	1959	
lao	lao	1959	
met	mét	1959	
da	đa	1955	
nhiem	nhiễm	1952	
trieuchung	triệu chứng	1952	
nguoithan	người thân	1951	
vai	vải	1949	
trinhbay	trình bày	1948	
daudo	đâu đó	1947	
anuong	ăn uống	1946	
kichthich	kích thích	1945	
vuamoi	vừa mới	1942	
met	mệt	1941	
coche	cơ chế	1940	
moi	môi	1940	
tintuc	tin tức	1940	
hauhet	hầu hết	1939	
quyenru	quyến rũ	1932	
dien	diện	1931	
ythuc	ý thức	1931	
mota	mô tả	1929	
son	sơn	1929	
dexuat	đề xuất	1927	
vutru	vũ trụ	1923	
huynh	huynh	1922	
nguyenlieu	nguyên liệu	1922	
thua	thừa	1920	
de	đệ	1914	
truonghoc	trường học	1913	
ghinhan	ghi nhận	1911	
thoiquen	thói quen	1911	
truongthanh	trưởng thành	1910	
giatang	gia tăng	1905	
tay	tây	1901	
thucday	thúc đẩy	1896	
dongnghiep	đồng nghiệp	1894	
cung	cứng	1893	
trecon	trẻ con	1892	
vatlieu	vật liệu	1890	
mieuta	miêu tả	1889	
them	thèm	1887	
tieuthu	tiêu thụ	1887	
van	văn	1885	
cho	chớ	1884	
tho	thợ	1881	
xetnghiem	xét nghiệm	1881	
nguoc	ngược	1879	
tieudiet	tiêu diệt	1877	
emtrai	em trai	1876	
giaiphong	giải phóng	1876	
phanphoi	phân phối	1876	
tron	tròn	1874	
vatchat	vật chất	1870	
daudon	đau đớn	1869	
lay	lạy	1868	
phongvien	phóng viên	1864	
tructuyen	trực tuyến	1859	
day	dày	1855	
phieu	phiếu	1854	
daita	đại tá	1854	
bi	bi	1849	
siquan	sĩ quan	1849	
honnhan	hôn nhân	1848	
tiem	tiêm	1848	
tinhtoan	tính toán	1848	
thema	thế mà	1846	
phuongan	phương án	1844	
xoa	xoá	1843	
coi	cởi	1840	
sot	sốt	1840	
ralenh	ra lệnh	1839	
thamkhao	tham khảo	1839	
laisuat	lãi suất	1837	
batcoc	bắt cóc	1836	
mem	mềm	1834	
cakhuc	ca khúc	1831	
xuat	xuất	1831	
trung	Trung	1830	
duoi	đuôi	1830	
dienro	điên rồ	1829	
congdoan	công đoàn	1828	
chiso	chỉ số	1827	
chungkhoan	chứng khoán	1827	
mathang	mặt hàng	1825	
moc	mọc	1824	
quyen	quyển	1824	
noithat	nội thất	1821	
loaibo	loại bỏ	1820	
tiem	tiệm	1820	
botri	bố trí	1817	
canh	canh	1815	
dung	đụng	1815	
nhip	nhịp	1814	
hiem	hiếm	1812	
kim	kim	1812	
gioday	giờ đây	1811	
khuyenkhich	khuyến khích	1810	
khoidong	khởi động	1809	
caodang	cao đẳng	1808	
phong	phóng	1806	
doi	đồi	1804	
lon	lợn	1803	
daiuy	đại uý	1803	
hoang	Hoàng	1802	
biengioi	biên giới	1802	
ruiro	rủi ro	1800	
vetthuong	vết thương	1799	
mattich	mất tích	1798	
hysinh	hy sinh	1796	
ketoan	kế toán	1795	
mu	mũ	1794	
phochutich	phó chủ tịch	1794	
phat	Phật	1793	
ran	rắn	1792	
tiemnang	tiềm năng	1792	
damme	đam mê	1792	
chatlieu	chất liệu	1791	
chiudung	chịu đựng	1790	
thiethai	thiệt hại	1790	
thacmac	thắc mắc	1790	
khuc	khúc	1789	
chuc	chức	1786	
danhbai	đánh bại	1784	
bieutuong	biểu tượng	1783	
trienlam	triển lãm	1782	
truyen	truyện	1781	
bay	bẫy	1780	
langnghe	lắng nghe	1780	
nhua	nhựa	1780	
thietlap	thiết lập	1779	
cucky	cực kỳ	1775	
hi	hi	1774	
ben	ben	1771	
sosanh	so sánh	1771	
giangday	giảng dạy	1770	
dianguc	địa ngục	1770	
thuvien	thư viện	1769	
toan	toán	1769	
caunguyen	cầu nguyện	1761	
ydinh	ý định	1761	
chunghia	chủ nghĩa	1754	
tutuong	tư tưởng	1754	
nhanmanh	nhấn mạnh	1753	
cam	cắm	1752	
ngoan	ngoan	1748	
phanbiet	phân biệt	1748	
khan	khăn	1747	
thuthach	thử thách	1746	
am	âm	1746	
motit	một ít	1745	
xauho	xấu hổ	1745	
quytrinh	quy trình	1744	
khancap	khẩn cấp	1743	
lo	lò	1742	
vung	vững	1742	
chim	chìm	1737	
nangcap	nâng cấp	1737	
phongphu	phong phú	1735	
hatnhan	hạt nhân	1732	
haunhu	hầu như	1731	
onggia	ông già	1729	
muc	mục	1727	
phuhuynh	phụ huynh	1725	
dubao	dự báo	1724	
thachthuc	thách thức	1724	
tran	trần	1724	
xu	xu	1722	
concai	con cái	1721	
daso	đa số	1719	
lau	lầu	1718	
ngo	ngờ	1718	
mong	mỏng	1717	
me	me	1716	
phuchoi	phục hồi	1712	
giaotiep	giao tiếp	1711	
khaosat	khảo sát	1710	
toaan	toà án	1706	
ok	OK	1704	
daymanh	đẩy mạnh	1704	
nghi	nghi	1703	
trinh	trình	1703	
tuyetdoi	tuyệt đối	1703	
cam	cam	1702	
lieu	liều	1702	
vayma	vậy mà	1700	
trattu	trật tự	1699	
bieuhien	biểu hiện	1698	
che	chế	1697	
hientruong	hiện trường	1697	
lanh	lành	1694	
than	than	1694	
ke	kế	1691	
luoi	lưỡi	1690	
benvung	bền vững	1689	
nuhoang	nữ hoàng	1689	
chon	chôn	1686	
khoangcach	khoảng cách	1686	
phoi	phổi	1686	
than	thận	1686	
taybannha	Tây Ban Nha	1684	
quyettam	quyết tâm	1684	
can	cắn	1682	
ket	kẹt	1682	
congdan	công dân	1681	
may	mây	1680	
ketluan	kết luận	1678	
thaido	thái độ	1673	
quehuong	quê hương	1671	
tuongduong	tương đương	1670	
dinhhuong	định hướng	1670	
huy	huỷ	1668	
ngot	ngọt	1668	
vovan	vớ vẩn	1666	
gay	gãy	1663	
ket	kết	1663	
truot	trượt	1662	
che	che	1657	
diendan	diễn đàn	1656	
trunghoc	trung học	1656	
tainguyen	tài nguyên	1656	
thicong	thi công	1653	
taitro	tài trợ	1652	
gon	gọn	1650	
nhandinh	nhận định	1650	
tong	tổng	1649	
truochet	trước hết	1648	
dactrung	đặc trưng	1647	
so	sơ	1646	
canbang	cân bằng	1645	
chitieu	chỉ tiêu	1644	
muc	mực	1643	
langman	lãng mạn	1641	
phahuy	phá huỷ	1638	
giaoluu	giao lưu	1634	
sophan	số phận	1634	
laudai	lâu dài	1633	
vantai	vận tải	1633	
do	đo	1633	
chuong	chuông	1632	
cham	chấm	1632	
tri	trị	1632	
do	đỗ	1632	
troioi	trời ơi	1631	
danchu	dân chủ	1630	
chatche	chặt chẽ	1629	
ma	má	1627	
ngoaigiao	ngoại giao	1627	
dautranh	đấu tranh	1627	
thanthien	thân thiện	1626	
chungnhan	chứng nhận	1625	
trungthanh	trung thành	1622	
nhavan	nhà văn	1621	
nhanxet	nhận xét	1621	
bam	bấm	1617	
gac	gác	1615	
heo	heo	1613	
nhan	nhẫn	1613	
baotang	bảo tàng	1611	
doanhthu	doanh thu	1610	
hoangtu	hoàng tử	1605	
chuoi	chuỗi	1604	
nuocmat	nước mắt	1604	
trinhdien	trình diễn	1603	
khungkhiep	khủng khiếp	1601	
nham	nhắm	1601	
danhhieu	danh hiệu	1600	
hocbong	học bổng	1598	
banhanh	ban hành	1597	
minh	Minh	1595	
kinhphi	kinh phí	1595	
capcuu	cấp cứu	1594	
giam	giam	1593	
namxuong	nằm xuống	1592	
kyla	kỳ lạ	1591	
tha	tha	1591	
khau	khâu	1589	
dancu	dân cư	1587	
nam	nấm	1587	
vanhanh	vận hành	1584	
de	đế	1584	
tia	tia	1583	
cogiao	cô giáo	1579	
tinhnguyen	tình nguyện	1577	
xetai	xe tải	1577	
sinhhoc	sinh học	1575	
lienbang	liên bang	1572	
phamvi	phạm vi	1572	
sausac	sâu sắc	1572	
tieuchi	tiêu chí	1572	
deo	đéo	1572	
tiepnhan	tiếp nhận	1570	
tietlo	tiết lộ	1569	
caidat	cài đặt	1568	
nghiquyet	nghị quyết	1568	
hatang	hạ tầng	1567	
giangsinh	giáng sinh	1565	
nentang	nền tảng	1562	
co	co	1556	
nhanluc	nhân lực	1556	
phunhan	phu nhân	1555	
suviec	sự việc	1555	
ho	ho	1553	
chienbinh	chiến binh	1552	
don	đồn	1552	
hu	hư	1551	
xemay	xe máy	1551	
hammo	hâm mộ	1550	
phutrach	phụ trách	1549	
huydong	huy động	1547	
phap	pháp	1547	
vatva	vất vả	1547	
thongdiep	thông điệp	1546	
dilai	đi lại	1546	
tieuhoc	tiểu học	1544	
yentam	yên tâm	1544	
gian	giãn	1542	
giaca	giá cả	1541	
khen	khen	1541	
trigia	trị giá	1540	
chungto	chứng tỏ	1538	
codon	cô đơn	1538	
dacdiem	đặc điểm	1538	
kho	khổ	1537	
roiloan	rối loạn	1536	
soc	sốc	1535	
day	dãy	1534	
nguoilon	người lớn	1534	
duongnhien	đương nhiên	1533	
biendoi	biến đổi	1531	
khoi	khói	1531	
gau	gấu	1530	
vanhoc	văn học	1530	
luoi	lưới	1529	
an	an	1528	
dochoi	đồ chơi	1528	
loi	lôi	1526	
thao	tháo	1525	
tamsu	tâm sự	1524	
loc	lọc	1523	
goi	gởi	1522	
phong	phong	1522	
thayvi	thay vì	1522	
vuviec	vụ việc	1521	
mong	móng	1518	
day	đáy	1518	
mo	mỏ	1517	
thinhthoang	thỉnh thoảng	1516	
on	ơn	1516	
hoa	Hoa	1515	
cum	cụm	1515	
tho	thờ	1515	
xuatban	xuất bản	1515	
loat	loạt	1514	
kinhkhung	kinh khủng	1512	
toiloi	tội lỗi	1510	
tenlua	tên lửa	1509	
toanquoc	toàn quốc	1508	
lytuong	lý tưởng	1507	
nghia	nghĩa	1506	
ngoaitru	ngoại trừ	1504	
phandoi	phản đối	1503	
daukho	đau khổ	1503	
xuatphat	xuất phát	1502	
phe	phe	1501	
muaban	mua bán	1500	
doixu	đối xử	1499	
rongrai	rộng rãi	1498	
caosu	cao su	1497	
khunghoang	khủng hoảng	1497	
dat	đắt	1496	
ho	Hồ	1495	
quocphong	quốc phòng	1494	
tamhon	tâm hồn	1494	
dungcam	dũng cảm	1491	
trochuyen	trò chuyện	1491	
tuyensinh	tuyển sinh	1491	
ke	kệ	1490	
quenthuoc	quen thuộc	1487	
thidua	thi đua	1487	
chuyennganh	chuyên ngành	1486	
gach	gạch	1486	
hanhanh	hân hạnh	1486	
nhiet	nhiệt	1486	
loidung	lợi dụng	1485	
hieubiet	hiểu biết	1484	
tuongdoi	tương đối	1484	
nhiettinh	nhiệt tình	1483	
coc	cốc	1481	
loithe	lợi thế	1480	
luutru	lưu trữ	1479	
mo	mô	1478	
decap	đề cập	1478	
hangxom	hàng xóm	1477	
tu	tu	1477	
truocday	trước đây	1476	
ban	bẩn	1475	
ganh	gánh	1474	
voi	vội	1474	
cautruc	cấu trúc	1472	
tamthan	tâm thần	1471	
le	Lê	1470	
can	can	1470	
congkhai	công khai	1470	
doanket	đoàn kết	1468	
vuon	vươn	1467	
uudai	ưu đãi	1466	
giangvien	giảng viên	1465	
nghien	nghiện	1465	
uocmo	ước mơ	1465	
tuyet	tuyết	1464	
hoantat	hoàn tất	1463	
dam	đậm	1461	
suco	sự cố	1460	
nguongoc	nguồn gốc	1459	
giayphep	giấy phép	1458	
nhuthe	như thể	1458	
nole	nô lệ	1455	
thuchanh	thực hành	1455	
daituong	đại tướng	1455	
da	dạ	1453	
ghep	ghép	1453	
tron	trộn	1453	
khoidau	khởi đầu	1452	
thuy	thuỷ	1448	
haiphong	Hải Phòng	1447	
sieuthi	siêu thị	1447	
chuyendoi	chuyển đổi	1443	
daodien	đạo diễn	1439	
chiensi	chiến sĩ	1438	
chetao	chế tạo	1438	
vinhdu	vinh dự	1437	
dang	đảng	1435	
tolon	to lớn	1434	
vuongquoc	vương quốc	1431	
thuysan	thuỷ sản	1429	
buong	buông	1426	
mu	mụ	1426	
dan	dán	1425	
mo	mỡ	1425	
tinhchat	tính chất	1425	
hienthi	hiển thị	1422	
lam	lầm	1422	
lan	lan	1421	
toquoc	tổ quốc	1421	
thoihan	thời hạn	1420	
ben	bến	1419	
lamphien	làm phiền	1419	
phun	phun	1417	
khoiluong	khối lượng	1416	
kimloai	kim loại	1416	
thienthan	thiên thần	1416	
thixa	thị xã	1416	
tanhuong	tận hưởng	1416	
nat	nát	1414	
chin	chín	1413	
matna	mặt nạ	1413	
gianhap	gia nhập	1411	
nan	nạn	1411	
votoi	vô tội	1411	
tandung	tận dụng	1410	
moi	mồi	1409	
trangthai	trạng thái	1408	
chutruong	chủ trương	1407	
boicanh	bối cảnh	1404	
hungthu	hứng thú	1404	
mo	mổ	1404	
ngotngao	ngọt ngào	1403	
hiephoi	hiệp hội	1400	
khoanhkhac	khoảnh khắc	1399	
so	sổ	1398	
tucach	tư cách	1397	
tapluyen	tập luyện	1397	
batbuoc	bắt buộc	1396	
phandau	phấn đấu	1396	
giamgia	giảm giá	1394	
vinh	vịnh	1394	
hoctro	học trò	1393	
truso	trụ sở	1393	
baucu	bầu cử	1391	
dangvien	đảng viên	1390	
hanhkhach	hành khách	1388	
khonnan	khốn nạn	1388	
tong	tông	1387	
hieu	hiệu	1386	
mongdoi	mong đợi	1385	
toandien	toàn diện	1385	
uc	Úc	1384	
gapgo	gặp gỡ	1383	
kien	kiện	1383	
baodong	báo động	1382	
sinhvat	sinh vật	1382	
vut	vứt	1382	
ngai	ngại	1379	
tienbo	tiến bộ	1379	
tute	tử tế	1378	
thucvat	thực vật	1377	
bian	bí ẩn	1375	
thihanh	thi hành	1375	
batgiu	bắt giữ	1373	
lientiep	liên tiếp	1373	
dung	Dũng	1372	
satnhan	sát nhân	1372	
giauco	giàu có	1371	
solieu	số liệu	1370	
hieutruong	hiệu trưởng	1368	
phuthuy	phù thuỷ	1368	
bat	bát	1367	
khongnhung	không những	1367	
theoduoi	theo đuổi	1366	
trung	trung	1366	
du	dữ	1363	
bithu	bí thư	1359	
canthiep	can thiệp	1358	
haiquan	hải quân	1355	
trungsi	trung sĩ	1354	
toinghiep	tội nghiệp	1353	
cantho	Cần Thơ	1351	
gangui	gần gũi	1351	
thamtu	thám tử	1351	
danhdau	đánh dấu	1351	
dean	đề án	1351	
hocvien	học viện	1350	
baitap	bài tập	1349	
langphi	lãng phí	1349	
van	vân	1348	
dudoan	dự đoán	1347	
thoang	thoáng	1347	
hien	hiến	1345	
nhatu	nhà tù	1345	
tuyendung	tuyển dụng	1345	
cai	cài	1343	
batthuong	bất thường	1342	
nhaycam	nhạy cảm	1342	
mun	mụn	1341	
bongtoi	bóng tối	1339	
diet	diệt	1339	
chutrong	chú trọng	1338	
bemat	bề mặt	1336	
co	cỗ	1335	
thamquyen	thẩm quyền	1335	
chungket	chung kết	1334	
luyen	luyện	1333	
dongvien	động viên	1332	
bayto	bày tỏ	1331	
congsuat	công suất	1329	
hit	hít	1329	
hang	hang	1327	
nghenghiep	nghề nghiệp	1327	
lophoc	lớp học	1325	
phothong	phổ thông	1325	
honnua	hơn nữa	1324	
lythuyet	lý thuyết	1324	
phongchong	phòng chống	1324	
baoluc	bạo lực	1321	
chunhan	chủ nhân	1321	
ditich	di tích	1321	
hiep	hiệp	1321	
chungcu	chung cư	1319	
tuvong	tử vong	1319	
codau	cô dâu	1318	
phi	phi	1312	
ac	ác	1312	
tunhan	tù nhân	1311	
khoemanh	khoẻ mạnh	1310	
amap	ấm áp	1309	
dang	dâng	1308	
tinhte	tinh tế	1308	
tichhop	tích hợp	1307	
y	Ý	1307	
khac	khắc	1306	
suy	suy	1304	
lao	Lào	1302	
lau	lau	1301	
nhienlieu	nhiên liệu	1301	
tongiao	tôn giáo	1301	
onhiem	ô nhiễm	1300	
tuan	Tuấn	1299	
ngayxua	ngày xưa	1299	
vo	vở	1299	
nguoimau	người mẫu	1298	
thuhoi	thu hồi	1297	
duongpho	đường phố	1297	
keugoi	kêu gọi	1296	
dang	dáng	1295	
truocmat	trước mắt	1295	
daily	đại lý	1295	
kich	kịch	1292	
phananh	phản ánh	1290	
boc	bọc	1289	
khoe	khoe	1289	
thai	Thái	1288	
boc	bốc	1285	
com	cớm	1285	
doat	đoạt	1285	
danh	danh	1283	
tragia	trả giá	1283	
vikhuan	vi khuẩn	1283	
dinh	đình	1283	
ganbo	gắn bó	1282	
huyenthoai	huyền thoại	1282	
duluan	dư luận	1281	
hochoi	học hỏi	1281	
tincay	tin cậy	1281	
khainiem	khái niệm	1280	
thuocla	thuốc lá	1280	
giang	giảng	1279	
phaply	pháp lý	1279	
don	don	1278	
dungdan	đúng đắn	1278	
taphop	tập hợp	1277	
chanthuong	chấn thương	1276	
cuu	cựu	1276	
khihau	khí hậu	1276	
goi	gối	1274	
huu	hưu	1273	
trantrong	trân trọng	1273	
cuon	cuộn	1272	
phuongthuc	phương thức	1272	
thoidai	thời đại	1272	
coich	có ích	1271	
han	hạn	1269	
dam	đầm	1267	
dungcu	dụng cụ	1266	
giavo	giả vờ	1266	
mom	mồm	1266	
ongba	ông bà	1266	
nap	nạp	1264	
sachse	sạch sẽ	1264	
congthuc	công thức	1263	
cui	cúi	1263	
gop	góp	1263	
sangtac	sáng tác	1263	
xedap	xe đạp	1259	
cat	cất	1258	
cua	cua	1257	
channuoi	chăn nuôi	1256	
thap	tháp	1256	
suadoi	sửa đổi	1255	
bieton	biết ơn	1254	
fan	fan	1254	
datdai	đất đai	1254	
matdat	mặt đất	1253	
tieu	tiểu	1253	
tamthoi	tạm thời	1253	
dongbao	đồng bào	1253	
dongluc	động lực	1253	
buonban	buôn bán	1250	
banchat	bản chất	1250	
canhtay	cánh tay	1250	
cannhac	cân nhắc	1249	
congchung	công chúng	1247	
soi	sói	1247	
tiendo	tiến độ	1247	
thammy	thẩm mỹ	1245	
trunguy	trung uý	1244	
ngung	ngưng	1243	
tuc	tức	1243	
suutap	sưu tập	1242	
thoaman	thoả mãn	1242	
bietdau	biết đâu	1241	
cai	cãi	1241	
tritue	trí tuệ	1239	
om	ốm	1239	
quet	quét	1237	
cut	cút	1236	
dam	đấm	1236	
trathu	trả thù	1233	
tu	tư	1233	
damphan	đàm phán	1231	
banron	bận rộn	1230	
can	cản	1230	
dongdoi	đồng đội	1230	
nghiepvu	nghiệp vụ	1229	
nhanchung	nhân chứng	1228	
nhot	nhốt	1226	
chanthanh	chân thành	1225	
loa	loa	1224	
trogiup	trợ giúp	1224	
gio	giơ	1223	
giaodien	giao diện	1221	
suoi	suối	1221	
amanh	ám ảnh	1219	
lan	lặn	1218	
haihuoc	hài hước	1217	
album	album	1216	
duhoc	du học	1216	
nhiemky	nhiệm kỳ	1216	
doanhnhan	doanh nhân	1215	
kichhoat	kích hoạt	1215	
boiduong	bồi dưỡng	1214	
chungmay	chúng mày	1214	
ghe	ghê	1214	
quyenloi	quyền lợi	1214	
giot	giọt	1213	
lanh	lãnh	1213	
xebuyt	xe buýt	1213	
chan	chăn	1212	
tui	tui	1212	
thang	thang	1211	
diem	điếm	1211	
tomo	tò mò	1210	
bietthu	biệt thự	1209	
congcong	công cộng	1207	
tot	Tốt	1206	
huyetap	huyết áp	1205	
renluyen	rèn luyện	1205	
tuan	tuân	1205	
tucgian	tức giận	1205	
disan	di sản	1204	
thienduong	thiên đường	1204	
that	thắt	1204	
xephang	xếp hạng	1203	
duthao	dự thảo	1202	
cocau	cơ cấu	1201	
quadoi	qua đời	1199	
vai	vãi	1198	
vetinh	vệ tinh	1198	
dung	đựng	1198	
doidien	đối diện	1197	
mohoi	mồ hôi	1196	
phe	phê	1195	
dandau	dẫn đầu	1194	
keo	kẹo	1192	
lanhtho	lãnh thổ	1191	
nick	nick	1191	
duc	đức	1190	
lamchu	làm chủ	1189	
phai	phái	1189	
thanh	Thành	1187	
chuong	chương	1187	
mat	mật	1186	
tinh	tinh	1186	
luyentap	luyện tập	1185	
cut	cứt	1184	
trungphat	trừng phạt	1184	
dotnhap	đột nhập	1184	
be	bể	1182	
traicay	trái cây	1181	
cap	cập	1179	
buoncuoi	buồn cười	1177	
nau	nâu	1177	
tua	tựa	1177	
longai	lo ngại	1176	
dauvet	dấu vết	1175	
lien	liên	1174	
doitruong	đội trưởng	1174	
thuthap	thu thập	1172	
danhdu	danh dự	1171	
hopphap	hợp pháp	1171	
non	non	1171	
binhduong	Bình Dương	1170	
chia	chìa	1170	
chandoan	chẩn đoán	1170	
dienbien	diễn biến	1170	
xauxa	xấu xa	1169	
thanh	Thanh	1167	
chinhanh	chi nhánh	1167	
catinh	cá tính	1167	
riengtu	riêng tư	1167	
de	đẻ	1167	
xamnhap	xâm nhập	1166	
kieudang	kiểu dáng	1163	
lai	lai	1162	
chunhat	chủ nhật	1161	
lamquen	làm quen	1161	
nguoclai	ngược lại	1160	
trangdiem	trang điểm	1160	
an	ẩn	1159	
dondep	dọn dẹp	1158	
mu	mù	1158	
tuduy	tư duy	1158	
deptrai	đẹp trai	1158	
conghoa	cộng hoà	1157	
tuthien	từ thiện	1157	
kyuc	ký ức	1156	
no	nở	1156	
hungthu	hung thủ	1155	
lienminh	liên minh	1155	
don	đòn	1155	
clip	clip	1154	
congchuc	công chức	1154	
tamtri	tâm trí	1154	
tran	Trần	1151	
baomat	bảo mật	1150	
cang	căng	1147	
thuan	thuận	1146	
dienhinh	điển hình	1146	
noi	nồi	1145	
tindon	tin đồn	1145	
bandoc	bạn đọc	1144	
caitien	cải tiến	1143	
huahen	hứa hẹn	1141	
vi	ví	1140	
doa	doạ	1139	
tim	tím	1139	
dechiu	dễ chịu	1138	
satthu	sát thủ	1137	
chaodon	chào đón	1132	
phao	pháo	1132	
thichthu	thích thú	1132	
danh	đành	1132	
buon	buôn	1131	
loinoi	lời nói	1130	
tienbac	tiền bạc	1130	
tienmat	tiền mặt	1129	
tu	tử	1127	
quy	quỳ	1126	
hanhlang	hành lang	1124	
doitra	dối trá	1123	
aokhoac	áo khoác	1123	
chieu	chiêu	1122	
dudinh	dự định	1122	
lamtinh	làm tình	1122	
mangluoi	mạng lưới	1122	
ven	ven	1122	
xinh	xinh	1122	
cup	cúp	1121	
ancap	ăn cắp	1120	
cu	củ	1119	
huuich	hữu ích	1119	
tran	tràn	1118	
mua	múa	1116	
a	A	1115	
gi	gi	1115	
nghiavu	nghĩa vụ	1114	
chen	chén	1113	
dongdao	đông đảo	1113	
cu	cu	1112	
k	k	1112	
dienanh	điện ảnh	1111	
chidinh	chỉ định	1110	
ly	Lý	1108	
cachthuc	cách thức	1108	
thanhthat	thành thật	1108	
daday	dạ dày	1106	
kimcuong	kim cương	1105	
loainguoi	loài người	1105	
nangne	nặng nề	1105	
lot	lọt	1103	
seo	sẹo	1103	
vanminh	văn minh	1103	
congsan	cộng sản	1102	
dua	dừa	1102	
quang	quãng	1102	
ngam	ngầm	1100	
giap	giáp	1099	
tieubieu	tiêu biểu	1099	
banle	bán lẻ	1098	
maohiem	mạo hiểm	1098	
coquanchucnang	cơ quan chức năng	1096	
haiquan	hải quan	1096	
tientien	tiên tiến	1096	
tongket	tổng kết	1096	
hieuluc	hiệu lực	1095	
lapdat	lắp đặt	1095	
men	men	1095	
but	bút	1094	
theloai	thể loại	1094	
chang	chặng	1092	
dau	dâu	1090	
nhobe	nhỏ bé	1090	
sanluong	sản lượng	1090	
chip	chip	1089	
tien	tiện	1089	
van	van	1089	
moc	móc	1088	
taixe	tài xế	1087	
uyvien	uỷ viên	1087	
trum	trùm	1086	
phatsinh	phát sinh	1085	
bautroi	bầu trời	1084	
thuantien	thuận tiện	1084	
toithieu	tối thiểu	1084	
vu	vú	1084	
bom	bơm	1083	
nangdong	năng động	1083	
noirieng	nói riêng	1082	
duong	dưỡng	1081	
lai	lãi	1079	
tranhcai	tranh cãi	1079	
can	cạn	1078	
matbang	mặt bằng	1078	
kyluc	kỷ lục	1077	
kysu	kỹ sư	1077	
vang	vang	1077	
nhacsi	nhạc sĩ	1076	
giayphut	giây phút	1075	
het	hét	1075	
tieucuc	tiêu cực	1075	
xa	xả	1075	
chonlua	chọn lựa	1074	
linhhoat	linh hoạt	1074	
pheduyet	phê duyệt	1074	
chui	chui	1073	
mang	mảng	1073	
traidat	Trái Đất	1072	
lanluot	lần lượt	1072	
ngoaira	ngoài ra	1071	
me	mê	1070	
thuhoach	thu hoạch	1070	
hon	hồn	1069	
dayhoc	dạy học	1068	
baoton	bảo tồn	1067	
chuyendong	chuyển động	1067	
xong	xông	1067	
nhacnho	nhắc nhở	1066	
chungno	chúng nó	1065	
tranhchap	tranh chấp	1065	
trungbay	trưng bày	1065	
re	rẽ	1064	
hoivien	hội viên	1062	
phannao	phần nào	1062	
o	ổ	1061	
tinhco	tình cờ	1059	
tuongung	tương ứng	1059	
congsu	cộng sự	1058	
thuongtruc	thường trực	1058	
tien	tiên	1058	
tretrung	trẻ trung	1057	
dut	đứt	1057	
suat	suất	1056	
thutruong	thứ trưởng	1056	
vuichoi	vui chơi	1056	
xuong	xưởng	1056	
gay	gậy	1055	
go	go	1054	
truoctien	trước tiên	1054	
cungco	củng cố	1052	
cuxu	cư xử	1051	
maymoc	máy móc	1051	
vienthong	viễn thông	1051	
ap	áp	1051	
candam	can đảm	1050	
binhluan	bình luận	1048	
battay	bắt tay	1048	
tham	thấm	1048	
tru	trụ	1048	
yeuquy	yêu quý	1048	
baoquan	bảo quản	1047	
cam	cảm	1047	
nhan	nhãn	1046	
to	tô	1046	
uy	uỷ	1046	
vit	vịt	1046	
caicach	cải cách	1045	
thietthuc	thiết thực	1045	
tuoitre	tuổi trẻ	1045	
dieu	điệu	1045	
daisu	đại sứ	1045	
tham	thảm	1044	
totlanh	tốt lành	1044	
luadao	lừa đảo	1042	
doituyen	đội tuyển	1041	
rau	râu	1040	
lichsu	lịch sự	1039	
chachan	chắc hẳn	1038	
hiepsi	hiệp sĩ	1038	
kim	Kim	1037	
huongvi	hương vị	1037	
nhandip	nhân dịp	1036	
loaihinh	loại hình	1035	
luatphap	luật pháp	1035	
thamnhung	tham nhũng	1035	
trau	trâu	1034	
maychu	máy chủ	1032	
yta	y tá	1032	
khoa	Khoa	1031	
chaymau	chảy máu	1031	
hoachat	hoá chất	1031	
kiennghi	kiến nghị	1030	
thuctien	thực tiễn	1028	
cudan	cư dân	1027	
dotnhien	đột nhiên	1026	
tieuthuyet	tiểu thuyết	1025	
bantam	bận tâm	1023	
cuumang	cứu mạng	1023	
go	gỡ	1023	
va	va	1023	
be	be	1022	
phangiai	phân giải	1022	
thugian	thư giãn	1022	
tructhang	trực thăng	1021	
tanggia	tăng giá	1020	
boroi	bỏ rơi	1019	
guc	gục	1019	
khaimac	khai mạc	1019	
tinhcach	tính cách	1019	
le	lẽ	1018	
hong	Hồng	1017	
gen	gen	1017	
noibo	nội bộ	1013	
sinhsong	sinh sống	1013	
trach	trách	1012	
doipho	đối phó	1011	
rucro	rực rỡ	1010	
chinhphuc	chinh phục	1009	
vatly	vật lý	1009	
dangian	dân gian	1008	
ca	cà	1007	
lamnen	làm nên	1007	
ngui	ngửi	1007	
nhabao	nhà báo	1006	
thientai	thiên tài	1006	
tructhuoc	trực thuộc	1006	
voi	voi	1006	
dauhang	đầu hàng	1006	
cothai	có thai	1005	
diung	dị ứng	1005	
lap	lạp	1005	
suyt	suýt	1004	
xehoi	xe hơi	1004	
quyche	quy chế	1003	
vo	võ	1003	
dongbo	đồng bộ	1003	
phanthuong	phần thưởng	1002	
quangba	quảng bá	1002	
ruong	ruộng	1002	
bay	bày	1001	
hienphap	hiến pháp	1000	
khoang	khoang	1000	
quanniem	quan niệm	1000	
tamtrang	tâm trạng	1000	
ammuu	âm mưu	1000	
kichban	kịch bản	999	
ngam	ngâm	999	
tongcongty	tổng công ty	999	
xom	xóm	999	
mai	Mai	998	
thanh	thánh	998	
chem	chém	997	
xucdong	xúc động	997	
lui	lui	996	
tieuhoa	tiêu hoá	996	
cap	cáp	992	
votinh	vô tình	992	
hau	hầu	991	
nep	nếp	991	
troi	trói	991	
da	đà	991	
pham	Phạm	990	
ngancan	ngăn cản	990	
not	nốt	990	
thieuta	thiếu tá	990	
daica	đại ca	990	
duong	dương	989	
toi	tồi	989	
dola	đô la	989	
doiphuong	đối phương	988	
boithuong	bồi thường	987	
chot	chốt	987	
thantrong	thận trọng	987	
tan	tán	987	
tunhan	tư nhân	987	
donghanh	đồng hành	987	
cong	cong	986	
hai	hài	986	
no	nọ	986	
sothich	sở thích	986	
tentuoi	tên tuổi	985	
trieutien	Triều Tiên	984	
bicao	bị cáo	984	
lit	lít	984	
banhmi	bánh mì	983	
ngoc	ngọc	983	
thanhhoa	Thanh Hoá	982	
conghien	cống hiến	982	
ho	hổ	982	
honhop	hỗn hợp	982	
khoi	khơi	982	
kiennhan	kiên nhẫn	982	
nay	nãy	982	
sathai	sa thải	982	
nhansu	nhân sự	981	
quangnam	Quảng Nam	980	
lap	lắp	980	
chuoi	chuối	979	
congthuong	công thương	979	
ratay	ra tay	979	
chientruong	chiến trường	978	
giat	giặt	978	
long	lồng	978	
supham	sư phạm	978	
danhtieng	danh tiếng	975	
phim	phím	975	
ao	ao	973	
nhanloai	nhân loại	972	
bu	bự	971	
khieuvu	khiêu vũ	971	
ap	ấp	971	
luongthuc	lương thực	970	
docgia	độc giả	970	
namgioi	nam giới	969	
bocuoc	bỏ cuộc	968	
canh	cành	968	
mien	miễn	968	
nhat	nhặt	968	
dodac	đồ đạc	968	
nghean	Nghệ An	967	
hacanh	hạ cánh	967	
trongluong	trọng lượng	967	
vungchac	vững chắc	967	
mauthuan	mâu thuẫn	966	
thitruong	thị trưởng	966	
ao	ảo	966	
dap	đạp	965	
duong	Dương	964	
khieunai	khiếu nại	964	
thangmay	thang máy	964	
tao	táo	964	
keca	kể cả	963	
phicong	phi công	962	
lama	La Mã	961	
codong	cổ đông	961	
chienthuat	chiến thuật	960	
cungnen	cũng nên	960	
goiy	gợi ý	960	
che	chè	959	
duoc	dược	959	
lentieng	lên tiếng	959	
nangsuat	năng suất	959	
bandem	ban đêm	958	
huhong	hư hỏng	958	
khoihanh	khởi hành	958	
doidau	đối đầu	958	
doihinh	đội hình	958	
ben	bền	957	
ynghi	ý nghĩ	957	
binhquan	bình quân	956	
chon	chốn	956	
contin	con tin	956	
moc	mốc	956	
duong	Đường	956	
hoiphuc	hồi phục	955	
langthang	lang thang	954	
thuong	thượng	954	
oc	ốc	954	
cauthang	cầu thang	953	
duphong	dự phòng	953	
phamtoi	phạm tội	953	
quytac	quy tắc	952	
cuu	cừu	950	
ketiep	kế tiếp	950	
chunhiem	chủ nhiệm	949	
thai	thái	949	
ngongan	ngớ ngẩn	948	
ta	tạ	948	
vodung	vô dụng	948	
quy	Quý	947	
codinh	cố định	947	
hieuung	hiệu ứng	947	
vuimung	vui mừng	947	
mayanh	máy ảnh	946	
nghieng	nghiêng	945	
tienich	tiện ích	945	
taicho	tại chỗ	943	
van	ván	943	
dan	dàn	942	
suon	sườn	942	
truc	trục	942	
xai	xài	941	
duongday	đường dây	941	
cauxin	cầu xin	940	
doc	dốc	940	
nguonluc	nguồn lực	939	
dongnai	Đồng Nai	939	
uot	ướt	939	
am	ẩm	939	
codien	cổ điển	937	
nhiemtrung	nhiễm trùng	937	
quay	quầy	937	
chanh	chanh	936	
tho	thỏ	936	
vach	vách	936	
dep	dẹp	935	
biquyet	bí quyết	934	
hoanghau	hoàng hậu	934	
daiduong	đại dương	934	
anmac	ăn mặc	932	
dailoan	Đài Loan	932	
lo	lọ	931	
phunhan	phủ nhận	930	
chuatri	chữa trị	928	
tam	Tâm	927	
dap	dập	927	
thac	thác	927	
nhatho	nhà thơ	926	
dohoa	đồ hoạ	926	
chinh	chỉnh	925	
non	nón	925	
giat	giật	924	
quy	quy	924	
rap	rạp	924	
xetxu	xét xử	924	
chutri	chủ trì	923	
muoi	muội	923	
phoi	phơi	923	
dangbo	đảng bộ	923	
vannghe	văn nghệ	922	
kyvong	kỳ vọng	921	
mo	mờ	921	
dienthoaididong	điện thoại di động	921	
dangcap	đẳng cấp	921	
dutru	dự trữ	920	
trang	trăng	920	
uoctinh	ước tính	920	
dien	điền	919	
ong	ong	918	
dinh	đinh	918	
hoahau	hoa hậu	917	
huong	Hương	916	
quan	Quân	916	
huyhoai	huỷ hoại	916	
kyluat	kỷ luật	916	
luc	lục	916	
lua	lứa	916	
chan	chắn	914	
dalat	Đà Lạt	914	
gian	gian	912	
cole	có lẽ	911	
hien	hiền	911	
xam	xăm	911	
nhi	nhì	910	
thangloi	thắng lợi	910	
taptin	tập tin	910	
bophieu	bỏ phiếu	909	
chang	chăng	909	
thamhoa	thảm hoạ	909	
doanvien	đoàn viên	909	
hienthuc	hiện thực	908	
bong	bỗng	906	
si	sĩ	906	
trieu	triều	905	
danhthuc	đánh thức	904	
ungvien	ứng viên	903	
gat	gạt	902	
mattran	mặt trận	902	
phatdong	phát động	902	
giugin	giữ gìn	901	
ngaunhien	ngẫu nhiên	901	
trung	trùng	901	
donnhan	đón nhận	901	
rutlui	rút lui	900	
tat	tất	900	
tocao	tố cáo	900	
coy	cố ý	899	
tuphap	tư pháp	899	
de	đê	899	
dauoc	đầu óc	898	
huydiet	huỷ diệt	897	
phukien	phụ kiện	897	
thamphan	thẩm phán	896	
nhatrang	Nha Trang	895	
hiendien	hiện diện	895	
bankhoan	băn khoăn	894	
quanchuc	quan chức	893	
kheoleo	khéo léo	892	
mang	màng	892	
tusat	tự sát	892	
toanthe	toàn thể	891	
tutu	tự tử	891	
daumoi	đầu mối	891	
vutrang	vũ trang	890	
yhoc	y học	890	
hau	hậu	889	
khupho	khu phố	889	
dongtien	đồng tiền	888	
cum	cúm	887	
dotngot	đột ngột	887	
doinao	đời nào	887	
vat	vặt	886	
van	Văn	885	
cudong	cử động	884	
go	gõ	884	
xi	xi	884	
long	Long	883	
hep	hẹp	883	
khuyenmai	khuyến mãi	883	
dongtinh	đồng tính	883	
hocphi	học phí	880	
tietmuc	tiết mục	880	
caitao	cải tạo	879	
samac	sa mạc	879	
bieutinh	biểu tình	878	
bun	bùn	878	
bo	bọ	878	
dandan	dần dần	878	
mi	mì	877	
giamkhao	giám khảo	876	
lamphat	lạm phát	876	
ta	tả	876	
tongcuc	tổng cục	876	
phuong	Phương	875	
duongnhu	dường như	874	
nguoinha	người nhà	874	
phahoai	phá hoại	874	
halan	Hà Lan	873	
choc	chọc	873	
hoanggia	hoàng gia	873	
kiep	kiếp	873	
chungcu	chứng cứ	872	
hoan	hoàn	871	
khangchien	kháng chiến	870	
phatminh	phát minh	870	
linh	Linh	869	
thaymat	thay mặt	869	
co	cò	868	
camhung	cảm hứng	868	
danggia	đáng giá	867	
benho	bé nhỏ	866	
soidong	sôi động	866	
ton	tôn	866	
dongbang	đồng bằng	866	
lot	lót	865	
tratan	tra tấn	865	
trangtrai	trang trại	865	
tre	tre	865	
bo	bó	863	
nen	nén	863	
thanhtuu	thành tựu	863	
cauhinh	cấu hình	861	
thuongluong	thương lượng	861	
ghinho	ghi nhớ	860	
chien	chiên	859	
huychuong	huy chương	859	
len	len	859	
memmai	mềm mại	859	
phebinh	phê bình	859	
tuyvay	tuy vậy	858	
su	sử	857	
thaotac	thao tác	857	
quangninh	Quảng Ninh	856	
lam	lam	856	
loi	lõi	856	
miendich	miễn dịch	856	
mo	mớ	856	
ngap	ngập	856	
thieu	thiêu	856	
tuong	tương	856	
quoc	Quốc	853	
buoctoi	buộc tội	853	
bansao	bản sao	853	
cutri	cử tri	853	
nambat	nắm bắt	853	
tinhtao	tỉnh táo	853	
noidia	nội địa	852	
tuanthu	tuân thủ	851	
van	vận	851	
ngoaingu	ngoại ngữ	850	
totbung	tốt bụng	850	
chudao	chu đáo	849	
chungchi	chứng chỉ	849	
tay	tẩy	849	
dauvao	đầu vào	848	
giao	giáo	847	
nguongmo	ngưỡng mộ	847	
tuthe	tư thế	847	
dich	đích	847	
lanhmanh	lành mạnh	846	
daudau	đau đầu	846	
bo	bơ	845	
ho	hố	845	
thithe	thi thể	845	
xe	xé	845	
nauan	nấu ăn	844	
oto	ôtô	844	
gam	gam	843	
nuoiduong	nuôi dưỡng	843	
tongthe	tổng thể	843	
hoanchinh	hoàn chỉnh	842	
ngo	ngõ	842	
yeuduoi	yếu đuối	842	
nongbong	nóng bỏng	841	
tac	tắc	841	
vang	vắng	841	
hoahong	hoa hồng	839	
tinhbao	tình báo	839	
chot	chợt	837	
moime	mới mẻ	837	
xucpham	xúc phạm	837	
hatinh	Hà Tĩnh	836	
ho	hở	835	
khe	khe	835	
rung	rung	835	
hinhdung	hình dung	834	
kien	kiến	834	
sinhthai	sinh thái	834	
acmong	ác mộng	834	
ronglon	rộng lớn	833	
tri	trí	833	
uudiem	ưu điểm	833	
lan	lăn	832	
tulanh	tủ lạnh	830	
tinhuy	tỉnh uỷ	829	
on	ôn	829	
chamchi	chăm chỉ	828	
mamnon	mầm non	828	
troidat	trời đất	828	
te	tế	827	
giaithoat	giải thoát	825	
vinhvien	vĩnh viễn	824	
ynhu	y như	824	
rot	rớt	823	
hai	Hải	822	
chuong	chuồng	822	
du	dư	822	
ke	kê	822	
nhinnhan	nhìn nhận	822	
quoclo	quốc lộ	822	
danguy	đảng uỷ	822	
nhahat	nhà hát	821	
be	bẻ	820	
vay	vây	820	
xach	xách	820	
don	dồn	819	
thanthiet	thân thiết	819	
congly	công lý	818	
hoinhap	hội nhập	818	
thap	thắp	818	
thi	thị	818	
thiep	thiếp	817	
chinhsua	chỉnh sửa	816	
nhammat	nhắm mắt	816	
bomon	bộ môn	815	
khoiphuc	khôi phục	815	
tru	trú	815	
lacquan	lạc quan	814	
nhet	nhét	814	
axit	axit	813	
chua	chua	812	
monhoc	môn học	812	
phogiamdoc	phó giám đốc	812	
tiendao	tiền đạo	812	
trithuc	tri thức	812	
toiac	tội ác	812	
binhchon	bình chọn	811	
pho	phó	811	
khonngoan	khôn ngoan	810	
sot	sót	810	
suong	sướng	810	
thunglung	thung lũng	810	
bay	bầy	809	
chi	chí	809	
nuong	nương	809	
sim	sim	809	
tranhluan	tranh luận	809	
dienluc	điện lực	809	
congsuc	công sức	808	
giaicuu	giải cứu	808	
tucung	tử cung	808	
bop	bóp	806	
sathai	sát hại	806	
soi	sôi	806	
gion	giỡn	805	
yentinh	yên tĩnh	805	
an	ấn	805	
backinh	Bắc Kinh	804	
nghidinh	nghị định	803	
tientrien	tiến triển	803	
te	té	803	
chuyengiao	chuyển giao	802	
nghisi	nghị sĩ	802	
mu	mu	800	
xam	xám	800	
amthuc	ẩm thực	799	
vinhquang	vinh quang	798	
dotpha	đột phá	798	
thanglong	Thăng Long	796	
anmung	ăn mừng	796	
bietdieu	biết điều	795	
quyetliet	quyết liệt	795	
tongcong	tổng cộng	795	
bodoi	bộ đội	794	
chibo	chi bộ	794	
dauan	dấu ấn	794	
lat	lật	794	
ngo	ngô	794	
vacham	va chạm	794	
baohanh	bảo hành	793	
de	dê	793	
batke	bất kể	792	
bu	bú	791	
goicam	gợi cảm	791	
nap	nắp	791	
quyet	quyết	791	
bo	bồ	790	
su	sứ	789	
ua	ưa	789	
sa	sa	788	
j	j	787	
nha	nhá	787	
leu	lều	786	
nhamlan	nhầm lẫn	786	
cuoi	cưỡi	785	
kep	kẹp	785	
phanloai	phân loại	785	
thuctap	thực tập	785	
bay	bảy	783	
chidan	chỉ dẫn	783	
gieng	giếng	783	
tha	thà	783	
tuoc	tước	783	
dem	đệm	783	
giacam	gia cầm	782	
tienloi	tiện lợi	782	
tron	trọn	782	
covan	cố vấn	781	
matmat	mất mát	781	
sap	sập	781	
duongsat	đường sắt	781	
luot	lướt	780	
nhuong	nhường	780	
phongthu	phòng thủ	780	
tiennghi	tiện nghi	780	
trangchu	trang chủ	780	
on	ồn	780	
batchap	bất chấp	779	
chao	cháo	779	
menhlenh	mệnh lệnh	777	
nhac	nhấc	777	
trungthuc	trung thực	777	
chithi	chỉ thị	776	
boiroi	bối rối	775	
dungdich	dung dịch	775	
giathanh	giá thành	775	
rotcuoc	rốt cuộc	775	
phan	phấn	773	
tuyetvong	tuyệt vọng	773	
phi	Phi	771	
hoihan	hối hận	771	
cuoc	cước	770	
laptrinh	lập trình	770	
bieu	biểu	769	
bucxuc	bức xúc	769	
cao	cạo	769	
nhiepanh	nhiếp ảnh	769	
vienchuc	viên chức	769	
ychi	ý chí	769	
dathang	đặt hàng	769	
mouoc	mơ ước	768	
tienve	tiền vệ	768	
hoi	hôi	767	
loso	lo sợ	767	
hong	họng	766	
xala	xa lạ	766	
daugia	đấu giá	766	
banquyen	bản quyền	765	
nhanhieu	nhãn hiệu	764	
han	Hán	763	
benhtat	bệnh tật	763	
hoangda	hoang dã	763	
trich	trích	763	
banngay	ban ngày	762	
tinhmang	tính mạng	762	
hoicho	hội chợ	761	
khung	khủng	761	
quang	quang	761	
songsong	song song	761	
thai	thải	761	
dedanh	để dành	761	
cam	câm	760	
khachquan	khách quan	760	
ket	két	760	
xi	xì	760	
biendong	biến động	759	
conme	con mẹ	759	
long	lỏng	759	
hamluong	hàm lượng	758	
luuthong	lưu thông	758	
trong	trọng	758	
bonho	bộ nhớ	757	
le	lê	757	
tuantra	tuần tra	757	
buong	buồng	756	
congso	công sở	756	
dungluong	dung lượng	756	
dandat	dẫn dắt	756	
kinhngac	kinh ngạc	756	
vach	vạch	756	
thuongvu	thường vụ	755	
dacsac	đặc sắc	755	
dongphuc	đồng phục	755	
binhyen	bình yên	754	
boivay	bởi vậy	754	
linh	linh	754	
supdo	sụp đổ	754	
truy	truy	754	
taynguyen	Tây Nguyên	753	
ghichep	ghi chép	753	
khenthuong	khen thưởng	753	
duongham	đường hầm	752	
do	dò	751	
thuat	thuật	751	
dongtac	động tác	751	
uathich	ưa thích	751	
thoi	thối	750	
cuong	cương	749	
dichbenh	dịch bệnh	749	
diudang	dịu dàng	749	
luadoi	lừa dối	749	
trongtam	trọng tâm	749	
dongdat	động đất	749	
binhminh	bình minh	748	
chuquyen	chủ quyền	748	
daychuyen	dây chuyền	748	
xuphat	xử phạt	748	
cotinh	cố tình	747	
dongminh	đồng minh	747	
chau	chậu	746	
toiuu	tối ưu	746	
han	Hàn	745	
ru	rủ	745	
thangthan	thẳng thắn	745	
chegiau	che giấu	744	
lap	lấp	744	
nhat	nhạt	743	
quanchung	quần chúng	743	
thongdoc	thống đốc	743	
dinh	đính	743	
danhmuc	danh mục	742	
thamdo	thăm dò	742	
baoho	bảo hộ	741	
giandu	giận dữ	741	
de	đè	741	
vungtau	Vũng Tàu	740	
khoaitay	khoai tây	740	
vuong	vương	740	
xinhxan	xinh xắn	740	
doithoai	đối thoại	740	
batgap	bắt gặp	739	
giavi	gia vị	739	
gium	giùm	739	
nuot	nuốt	738	
banthiu	bẩn thỉu	737	
goi	gợi	737	
thieunien	thiếu niên	737	
traiphep	trái phép	737	
tucla	tức là	737	
bonhiem	bổ nhiệm	736	
ngudan	ngư dân	736	
soan	soạn	736	
thucchat	thực chất	736	
ti	ti	734	
duyen	duyên	733	
nhantao	nhân tạo	733	
soi	soi	733	
phieuluu	phiêu lưu	732	
rasoat	rà soát	732	
treoco	treo cổ	732	
tuongtac	tương tác	732	
sinhsan	sinh sản	731	
dothai	Do Thái	730	
alo	alô	730	
daihan	dài hạn	730	
thieunhi	thiếu nhi	729	
thung	thủng	729	
dap	đắp	729	
trove	trở về	728	
trunghoa	Trung Hoa	727	
sutu	sư tử	727	
thuydien	thuỷ điện	726	
hangkhong	hàng không	725	
hung	hứng	725	
ly	lý	725	
phancong	phân công	725	
totien	tổ tiên	725	
xungdot	xung đột	725	
my	My	724	
hinhsu	hình sự	724	
tang	tảng	724	
amsat	ám sát	724	
gioitinh	giới tính	723	
matkhau	mật khẩu	723	
rach	rách	723	
tiente	tiền tệ	723	
troly	trợ lý	723	
chapthuan	chấp thuận	722	
hohap	hô hấp	722	
nganhnghe	ngành nghề	722	
tan	tân	722	
hangrao	hàng rào	721	
lamdung	lạm dụng	721	
thamdinh	thẩm định	721	
thucthi	thực thi	721	
thamvong	tham vọng	720	
dinhcao	đỉnh cao	720	
dinhvi	định vị	720	
chatbeo	chất béo	719	
lonxon	lộn xộn	719	
tranhthu	tranh thủ	719	
hong	hông	718	
ranh	rảnh	718	
nong	nông	717	
biet	biệt	716	
camung	cảm ứng	716	
capdo	cấp độ	716	
ham	hàm	716	
thienha	thiên hạ	716	
bau	báu	715	
bupbe	búp bê	715	
nhanh	nhánh	715	
phithuong	phi thường	715	
rung	rụng	714	
chaphanh	chấp hành	713	
yenlang	yên lặng	713	
bo	bổ	712	
quygia	quý giá	712	
sanglap	sáng lập	712	
danhcap	đánh cắp	712	
depmat	đẹp mắt	712	
conchau	con cháu	711	
trocap	trợ cấp	711	
vandongvien	vận động viên	711	
trangsuc	trang sức	710	
son	son	709	
dinhmenh	định mệnh	709	
dun	đun	708	
dit	đít	708	
son	Sơn	707	
bomay	bộ máy	707	
hoadon	hoá đơn	707	
lotrinh	lộ trình	707	
onao	ồn ào	707	
chitieu	chi tiêu	706	
phothutuong	phó thủ tướng	706	
sac	sạc	706	
tinhoc	tin học	706	
chungminh	chúng mình	705	
kiemche	kiềm chế	705	
thapnien	thập niên	705	
yeumen	yêu mến	705	
vuong	Vương	704	
lau	lậu	704	
nghin	nghìn	704	
nhietdoi	nhiệt đới	704	
nhamnhi	nhảm nhí	704	
khoa	khoả	703	
nuadem	nửa đêm	703	
soinoi	sôi nổi	703	
duyet	duyệt	702	
matong	mật ong	702	
nen	nến	702	
vatdung	vật dụng	702	
bu	bù	701	
kiemtoan	kiểm toán	701	
loan	loạn	701	
nhi	nhi	701	
riengbiet	riêng biệt	701	
thuythu	thuỷ thủ	701	
ha	Hà	700	
nhen	nhện	700	
kydieu	kỳ diệu	699	
mocoi	mồ côi	699	
rua	rùa	699	
truc	trực	699	
hanhly	hành lý	698	
lygiai	lý giải	698	
luong	luồng	697	
phanhoi	phản hồi	697	
tunguyen	tự nguyện	697	
doi	Đội	697	
giac	giặc	696	
matma	mật mã	696	
nguyenrua	nguyền rủa	696	
so	sọ	696	
tiengnoi	tiếng nói	696	
toanhoc	toán học	696	
daubep	đầu bếp	695	
docthan	độc thân	695	
cheo	chèo	693	
chitrich	chỉ trích	693	
giathuyet	giả thuyết	693	
gopy	góp ý	693	
khongche	khống chế	693	
phuc	phục	693	
cau	Cầu	692	
hot	hot	692	
mattri	mất trí	692	
tehai	tệ hại	692	
vongtay	vòng tay	692	
xacchet	xác chết	692	
dailoai	đại loại	692	
dan	đần	692	
chuyende	chuyên đề	691	
canban	căn bản	691	
banchaphanh	ban chấp hành	690	
do	dở	690	
map	mập	690	
min	mịn	690	
sanchoi	sân chơi	690	
thienglieng	thiêng liêng	690	
tan	tàn	690	
det	dệt	688	
nuochoa	nước hoa	688	
du	dụ	687	
lac	lắc	686	
nhuc	nhức	686	
re	rễ	686	
thongtu	thông tư	686	
theduc	thể dục	686	
duongbo	đường bộ	686	
chucvu	chức vụ	685	
huongung	hưởng ứng	685	
matdo	mật độ	685	
thulinh	thủ lĩnh	685	
cong	Công	684	
kiem	kiêm	684	
nhanbiet	nhận biết	684	
thucong	thủ công	684	
bangiao	bàn giao	683	
cung	cúng	683	
daigia	đại gia	683	
dephong	đề phòng	683	
quangngai	Quảng Ngãi	682	
dudoi	dữ dội	682	
ngu	ngụ	682	
phuho	phù hộ	682	
tientri	tiên tri	682	
tinhthe	tình thế	682	
dieu	điếu	682	
dongnghia	đồng nghĩa	682	
chanh	chánh	681	
coitrong	coi trọng	681	
caytrong	cây trồng	681	
nguyenvong	nguyện vọng	681	
quandao	quần đảo	681	
thuysi	Thuỵ Sĩ	680	
banh	banh	680	
thaygiao	thầy giáo	680	
haisan	hải sản	679	
ke	kề	679	
quenbiet	quen biết	679	
chi	Chi	678	
vinh	Vinh	678	
cuuho	cứu hộ	678	
truyenthuyet	truyền thuyết	678	
donthuan	đơn thuần	678	
thaibinhduong	Thái Bình Dương	677	
candoi	cân đối	677	
ghen	ghen	677	
tham	tham	677	
hai	hái	676	
machmau	mạch máu	676	
ngoaitroi	ngoài trời	676	
nho	nho	675	
xemra	xem ra	675	
bietbao	biết bao	674	
binhdang	bình đẳng	674	
hochieu	hộ chiếu	674	
khat	khát	674	
len	lén	674	
nghile	nghi lễ	674	
nhacua	nhà cửa	674	
nhantien	nhân tiện	674	
cay	cay	672	
covu	cổ vũ	672	
ngat	ngắt	672	
phamchat	phẩm chất	672	
quyluat	quy luật	672	
tientrinh	tiến trình	672	
ot	ớt	672	
kimngach	kim ngạch	671	
suygiam	suy giảm	671	
kyket	ký kết	670	
noithang	nói thẳng	670	
nongdo	nồng độ	669	
phatsong	phát sóng	669	
sangkien	sáng kiến	668	
vuc	vực	668	
ai	ái	668	
dang	đấng	668	
dacsan	đặc sản	667	
ba	bá	666	
phongkham	phòng khám	666	
tich	tích	666	
dieule	điều lệ	665	
docquyen	độc quyền	665	
banphim	bàn phím	664	
chenhlech	chênh lệch	664	
coi	còi	664	
nganngua	ngăn ngừa	664	
tiepthi	tiếp thị	664	
halong	Hạ Long	663	
chatdoc	chất độc	663	
giamthieu	giảm thiểu	663	
khiacanh	khía cạnh	663	
ken	kèn	663	
phasan	phá sản	663	
dui	đùi	663	
camdong	cảm động	662	
canhgiac	cảnh giác	662	
luugiu	lưu giữ	662	
mim	mỉm	662	
phanh	phanh	662	
trongai	trở ngại	662	
toicao	tối cao	662	
dialy	địa lý	662	
hem	hẻm	661	
mypham	mỹ phẩm	661	
tonvinh	tôn vinh	661	
dinhnghia	định nghĩa	661	
dung	dung	660	
minhhoa	minh hoạ	660	
thapky	thập kỷ	660	
buocdau	bước đầu	659	
roret	rõ rệt	659	
sut	sút	659	
trungcap	trung cấp	659	
tanglop	tầng lớp	659	
dac	đặc	659	
catgiam	cắt giảm	658	
nhanto	nhân tố	658	
thanhqua	thành quả	658	
hochanh	học hành	657	
ketcau	kết cấu	657	
lun	lùn	657	
rao	rao	657	
sung	sưng	657	
treo	trèo	656	
cachua	cà chua	655	
hoai	hoài	655	
lyluan	lý luận	655	
dinhky	định kỳ	655	
bannang	bản năng	654	
xuan	Xuân	653	
khangsinh	kháng sinh	653	
mongcho	mong chờ	653	
thuake	thừa kế	653	
vandung	vận dụng	653	
nhatrang	Nhà Trắng	652	
khuya	khuya	652	
khuyettat	khuyết tật	652	
minhbach	minh bạch	652	
phepthuat	phép thuật	652	
vonghia	vô nghĩa	652	
doanthe	đoàn thể	652	
dichthuc	đích thực	652	
nem	nếm	651	
antrom	ăn trộm	651	
nhabep	nhà bếp	650	
phong	Phong	649	
truongsa	Trường Sa	649	
khung	khùng	649	
cungung	cung ứng	648	
congdung	công dụng	648	
gai	gai	648	
thunhan	thú nhận	648	
chamlo	chăm lo	647	
daodong	dao động	647	
nhom	nhôm	647	
batuoc	bá tước	646	
chuyenbien	chuyển biến	646	
doanhso	doanh số	646	
hoanhtrang	hoành tráng	646	
nhatthiet	nhất thiết	646	
vuottroi	vượt trội	646	
thu	Thu	645	
anui	an ủi	645	
catcanh	cất cánh	645	
guom	gươm	645	
hohang	họ hàng	645	
thongtri	thống trị	645	
trinho	trí nhớ	645	
baovay	bao vây	644	
ni	ni	644	
trinhduyet	trình duyệt	644	
cong	cống	643	
gom	gốm	643	
huyet	huyết	643	
tulieu	tư liệu	642	
bon	bồn	641	
khantruong	khẩn trương	641	
nhandang	nhận dạng	641	
noiloan	nổi loạn	641	
haihoa	hài hoà	640	
le	lẻ	640	
nhatky	nhật ký	640	
nuocthai	nước thải	640	
sapdat	sắp đặt	640	
binhdinh	Bình Định	639	
hieu	Hiếu	639	
phu	phu	639	
trongtai	trọng tài	639	
boi	bôi	638	
khu	khử	638	
man	mạn	638	
cao	Cao	637	
khanhhoa	Khánh Hoà	636	
nghiep	nghiệp	636	
datlien	đất liền	636	
giandiep	gián điệp	635	
hiennhien	hiển nhiên	635	
ruoi	ruồi	635	
thatnghiep	thất nghiệp	635	
truong	Trương	634	
khiemton	khiêm tốn	634	
nguoimay	người máy	634	
nhonho	nho nhỏ	634	
sanlong	sẵn lòng	634	
so	sờ	634	
thongso	thông số	634	
hoan	hoãn	633	
hopbao	họp báo	633	
phannan	phàn nàn	633	
thanlinh	thần linh	633	
chuky	chữ ký	632	
hai	hai	632	
sucsong	sức sống	632	
thien	thiện	632	
thanhinh	thân hình	632	
thosan	thợ săn	632	
voly	vô lý	632	
coi	cõi	631	
dansu	dân sự	631	
thuctrang	thực trạng	631	
toalac	toạ lạc	631	
duc	đục	631	
binh	binh	630	
kinhhoang	kinh hoàng	630	
dangnhap	đăng nhập	630	
khep	khép	629	
laplai	lặp lại	629	
set	sét	629	
manhmoi	manh mối	628	
nguyen	nguyền	627	
phongdo	phong độ	627	
tiepthu	tiếp thu	627	
xich	xích	627	
gai	gài	626	
tran	trấn	626	
dech	đếch	626	
ngonlanh	ngon lành	625	
thuky	thư ký	625	
giap	Giáp	624	
danghoang	đàng hoàng	624	
muiten	mũi tên	623	
thien	thiên	623	
trunghop	trùng hợp	623	
tyso	tỷ số	623	
dotbien	đột biến	623	
buom	bướm	622	
changthe	chẳng thể	622	
hoabinh	hoà bình	622	
khongquan	không quân	622	
non	nôn	621	
phongngua	phòng ngừa	621	
tieuduong	tiểu đường	621	
tro	tro	621	
tichluy	tích luỹ	621	
camkich	cảm kích	620	
ditruyen	di truyền	620	
giasuc	gia súc	620	
thietmang	thiệt mạng	618	
haohung	hào hứng	617	
nhattri	nhất trí	617	
xuctien	xúc tiến	617	
khathi	khả thi	616	
so	sô	616	
thoikhac	thời khắc	616	
uachuong	ưa chuộng	616	
banbac	bàn bạc	615	
hapthu	hấp thụ	615	
taitao	tái tạo	615	
bienban	biên bản	614	
dacthu	đặc thù	614	
datchan	đặt chân	614	
binh	Bình	613	
bacninh	Bắc Ninh	613	
lienxo	Liên Xô	613	
pham	phẩm	613	
ghiam	ghi âm	612	
honloan	hỗn loạn	612	
nhan	nhăn	612	
sau	sáu	612	
bong	bỏng	611	
cong	còng	611	
nongtrai	nông trại	611	
tham	thâm	611	
ta	tá	611	
codai	cổ đại	610	
tanso	tần số	610	
xampham	xâm phạm	610	
duc	đực	610	
vy	Vy	609	
cot	cốt	609	
giasu	giả sử	609	
modau	mở đầu	609	
mythuat	mỹ thuật	609	
hongkong	Hồng Kông	608	
tomtat	tóm tắt	608	
dongtinh	đồng tình	608	
uop	ướp	608	
khacnghiet	khắc nghiệt	607	
man	mặn	607	
namthang	năm tháng	607	
phu	phú	607	
vongtron	vòng tròn	607	
huanluyenvien	huấn luyện viên	605	
trietde	triệt để	605	
dangtai	đăng tải	605	
dongmach	động mạch	605	
chau	Châu	604	
thutu	thứ tư	603	
nguyentu	nguyên tử	602	
roi	rối	602	
thamvan	thẩm vấn	602	
bao	Bảo	600	
moi	moi	600	
tam	tám	600	
chuyenvien	chuyên viên	599	
thacsi	thạc sĩ	599	
traiphieu	trái phiếu	599	
buudien	bưu điện	598	
cantro	cản trở	598	
hoang	hoang	598	
hoichung	hội chứng	598	
ngu	ngữ	598	
thaibinh	Thái Bình	597	
moila	mới lạ	597	
trilieu	trị liệu	597	
dan	đan	597	
noiday	nổi dậy	596	
nut	nứt	596	
quat	quạt	596	
vo	Võ	595	
khuonkho	khuôn khổ	595	
nhai	nhai	595	
vuong	vuông	595	
chuyen	chuyền	594	
giangho	giang hồ	594	
ganket	gắn kết	594	
liet	liệt	594	
ham	ham	593	
hinhdang	hình dạng	593	
nhau	nhậu	593	
thuongbinh	thương binh	593	
tienphong	tiên phong	593	
tia	tỉa	593	
voso	vô số	593	
an	An	592	
quangtruong	quảng trường	592	
suong	sương	592	
ymuon	ý muốn	592	
hoa	hoạ	591	
kientri	kiên trì	591	
nhanvan	nhân văn	591	
phi	phì	591	
xauxi	xấu xí	591	
camau	Cà Mau	590	
nghien	nghiền	590	
kich	kích	589	
lyhon	ly hôn	589	
phongxa	phóng xạ	589	
qualai	qua lại	589	
sinhdong	sinh động	589	
trongdiem	trọng điểm	589	
toi	tỏi	589	
caobuoc	cáo buộc	588	
con	cồn	588	
day	day	588	
khoai	khoái	588	
doi	đối	588	
oi	ối	588	
chuky	chu kỳ	587	
lienhoan	liên hoan	587	
phuonghuong	phương hướng	587	
ranhgioi	ranh giới	587	
huunghi	hữu nghị	586	
tranngap	tràn ngập	586	
tuy	tuỷ	586	
quangbinh	Quảng Bình	585	
piano	piano	585	
sosinh	sơ sinh	585	
thoa	thoa	585	
voich	vô ích	585	
can	cận	584	
giupviec	giúp việc	584	
thongcam	thông cảm	584	
tuongtrung	tượng trưng	584	
luatle	luật lệ	583	
congnghecao	công nghệ cao	582	
cai	cải	582	
nho	nhổ	582	
daugoi	đầu gối	582	
may	May	581	
danchung	dân chúng	581	
dan	dặn	581	
hammuon	ham muốn	581	
to	tơ	581	
dongbang	đóng băng	581	
ocung	ổ cứng	581	
bathopphap	bất hợp pháp	580	
lop	lốp	580	
nhandien	nhận diện	580	
bia	bìa	579	
banlinh	bản lĩnh	579	
caoquy	cao quý	579	
doi	dời	579	
langnghe	làng nghề	579	
mam	mầm	579	
banhxe	bánh xe	578	
lietsi	liệt sĩ	578	
thanthe	thân thể	578	
dieukhoan	điều khoản	578	
dia	địa	578	
chure	chú rể	577	
hinhdang	hình dáng	577	
kinhtrong	kính trọng	577	
tien	tiễn	577	
chuyenhoa	chuyển hoá	576	
dutdiem	dứt điểm	576	
nusinh	nữ sinh	576	
roi	roi	576	
thucdon	thực đơn	576	
xacminh	xác minh	576	
o	ơ	576	
che	chê	575	
diu	dịu	575	
han	hàn	575	
hanhnghe	hành nghề	575	
khaitruong	khai trương	575	
lera	lẽ ra	575	
lot	lột	575	
mia	mía	575	
nguoi	nguội	575	
taungam	tàu ngầm	575	
tindo	tín đồ	575	
deudan	đều đặn	575	
chum	chùm	574	
nganhan	ngắn hạn	574	
phanxet	phán xét	574	
tronven	trọn vẹn	574	
baotri	bảo trì	573	
cuonhut	cuốn hút	573	
tri	tri	573	
ma	Mã	572	
lanhlung	lạnh lùng	572	
mep	mép	572	
nghe	nghệ	572	
trienvong	triển vọng	572	
trongsach	trong sạch	572	
dai	dại	571	
eo	eo	571	
nghiatrang	nghĩa trang	571	
hienhanh	hiện hành	570	
linhmuc	linh mục	570	
nghiem	nghiêm	570	
ungxu	ứng xử	570	
bua	bùa	569	
cungdien	cung điện	569	
hetminh	hết mình	569	
khuyenmai	khuyến mại	569	
tienluong	tiền lương	569	
tranhcu	tranh cử	569	
cauhon	cầu hôn	568	
duc	đúc	568	
bientap	biên tập	567	
chinhdang	chính đáng	567	
sumenh	sứ mệnh	567	
xamluoc	xâm lược	567	
ngoc	Ngọc	566	
changla	chẳng là	566	
nhoi	nhồi	566	
trongsang	trong sáng	566	
tamlinh	tâm linh	566	
contrung	côn trùng	565	
hieusuat	hiệu suất	565	
luoc	luộc	565	
thien	thiền	565	
xo	xô	565	
dat	dắt	564	
thupham	thủ phạm	564	
tro	trọ	564	
vithe	vị thế	564	
bungno	bùng nổ	563	
cunhan	cử nhân	563	
run	run	563	
tainghe	tai nghe	563	
tai	tái	563	
vuongmac	vướng mắc	563	
xetang	xe tăng	563	
diahinh	địa hình	563	
dodung	đồ dùng	563	
bay	bây	562	
keo	keo	562	
kep	kép	562	
luan	luận	562	
tuoi	tưới	562	
bienchung	biến chứng	561	
gio	giỏ	561	
ngua	ngứa	561	
thanmen	thân mến	561	
thichnghi	thích nghi	561	
dodoc	đô đốc	561	
dongnam	đông nam	561	
hiepdinh	hiệp định	560	
thiphan	thị phần	560	
dactinh	đặc tính	560	
chicuc	chi cục	559	
gianlan	gian lận	559	
cayxanh	cây xanh	557	
got	gót	557	
huuco	hữu cơ	557	
macket	mắc kẹt	557	
rang	rạng	557	
sieuam	siêu âm	557	
lan	Lan	556	
lech	lệch	556	
bap	bắp	555	
gung	gừng	555	
thuytinh	thuỷ tinh	555	
daura	đầu ra	555	
canhquan	cảnh quan	554	
hayho	hay ho	554	
huanchuong	huân chương	554	
ho	hô	554	
lam	lâm	554	
luuniem	lưu niệm	554	
rot	rót	554	
thainguyen	Thái Nguyên	553	
bien	biên	553	
cobap	cơ bắp	553	
giatminh	giật mình	553	
xoay	xoáy	553	
xao	xào	553	
dong	Đồng	553	
ram	ram	552	
thuloi	thứ lỗi	552	
xephang	xếp hàng	552	
chia	chĩa	551	
mayin	máy in	551	
moigioi	môi giới	551	
phankhoi	phấn khởi	551	
thanhlich	thanh lịch	551	
vien	viền	551	
ngo	Ngọ	550	
chuoc	chuộc	550	
giatoc	gia tộc	550	
laohoa	lão hoá	550	
nhat	nhát	550	
daulong	đau lòng	550	
balan	Ba Lan	549	
thuxep	thu xếp	549	
tanpha	tàn phá	549	
tonkem	tốn kém	549	
gongang	gọn gàng	548	
khoangsan	khoáng sản	548	
tuve	tự vệ	548	
decu	đề cử	548	
hoitham	hỏi thăm	547	
khuyencao	khuyến cáo	547	
tuyenchon	tuyển chọn	547	
quathat	quả thật	546	
soi	sỏi	546	
sang	Sang	545	
bengoai	bề ngoài	545	
dinh	dinh	545	
dongho	dòng họ	545	
san	san	545	
thuyet	thuyết	545	
trieutap	triệu tập	545	
depde	đẹp đẽ	545	
nguoi	Người	544	
cay	cấy	544	
vun	vụn	544	
ma	mạ	543	
nhagiao	nhà giáo	543	
tramtrong	trầm trọng	543	
denbu	đền bù	543	
hoihop	hồi hộp	542	
luong	lường	542	
racruoi	rác rưởi	542	
battu	bất tử	541	
muoi	muỗi	541	
tho	thô	541	
theluc	thế lực	541	
codieu	có điều	540	
longlay	lộng lẫy	540	
ngaytho	ngây thơ	540	
thiep	thiệp	540	
thechat	thể chất	540	
tinhnhan	tình nhân	540	
oc	óc	540	
daphan	đa phần	540	
bathanh	bất hạnh	539	
sangsuot	sáng suốt	539	
bi	bí	538	
daisuquan	đại sứ quán	538	
ech	ếch	538	
bagia	bà già	537	
baygio	bấy giờ	537	
duyendang	duyên dáng	537	
phanbon	phân bón	537	
banchan	bàn chân	536	
baothu	báo thù	536	
chuon	chuồn	536	
niem	niệm	536	
toi	toi	536	
phuc	phúc	535	
hoaqua	hoa quả	534	
liendoan	liên đoàn	534	
tamhuyet	tâm huyết	534	
khaokhat	khao khát	533	
uuthe	ưu thế	533	
giandi	giản dị	532	
long	long	532	
nhi	nhị	532	
sanh	sanh	532	
ghichu	ghi chú	531	
kichdong	kích động	531	
le	lệ	531	
nam	nám	531	
tong	tống	531	
cotruyen	cổ truyền	530	
nghiduong	nghỉ dưỡng	530	
ngoaitinh	ngoại tình	530	
tructrac	trục trặc	530	
chung	chủng	529	
khon	khôn	529	
nguy	nguy	529	
nhon	nhọn	529	
thammuu	tham mưu	529	
bui	Bùi	528	
chongmat	chóng mặt	528	
ghihinh	ghi hình	528	
hopnhat	hợp nhất	528	
mahoa	mã hoá	528	
moc	mộc	528	
tram	trầm	528	
tannhan	tàn nhẫn	528	
vinhdanh	vinh danh	528	
demat	để mắt	528	
trinhsat	trinh sát	527	
voi	vòi	527	
voivang	vội vàng	527	
chandung	chân dung	526	
chuate	chúa tể	526	
giaitoa	giải toả	526	
tuoitho	tuổi thơ	526	
tuixach	túi xách	526	
khoicong	khởi công	525	
nhuom	nhuộm	525	
trithuc	trí thức	525	
rori	rò rỉ	524	
dailo	đại lộ	524	
be	bề	523	
giaohoang	giáo hoàng	523	
ongkinh	ống kính	523	
cokhi	cơ khí	522	
thanhdat	thành đạt	522	
trut	trút	522	
amdao	âm đạo	522	
quangtri	Quảng Trị	521	
khiep	khiếp	520	
lonlao	lớn lao	519	
xoan	xoắn	519	
hoasi	hoạ sĩ	518	
lontuoi	lớn tuổi	518	
toado	toạ độ	518	
toc	tộc	518	
xuatxu	xuất xứ	518	
boich	bổ ích	517	
chui	chửi	517	
gay	gầy	517	
nguoitinh	người tình	517	
phapsu	pháp sư	517	
phoi	phối	517	
tat	tát	517	
dautruong	đấu trường	517	
haiduong	Hải Dương	516	
cautao	cấu tạo	516	
hoitruong	hội trường	516	
tinnhiem	tín nhiệm	516	
coly	có lý	515	
langle	lặng lẽ	515	
suythoai	suy thoái	515	
tran	trán	515	
tulenh	tư lệnh	515	
tonthat	tổn thất	515	
aogiac	ảo giác	515	
thuydien	Thuỵ Điển	514	
haohuc	háo hức	514	
mattien	mặt tiền	514	
sodo	sơ đồ	514	
batchuoc	bắt chước	513	
cuongdo	cường độ	513	
giay	giầy	513	
nguyen	nguyện	513	
tangtoc	tăng tốc	513	
vohinh	vô hình	513	
vatthe	vật thể	513	
xaxoi	xa xôi	513	
am	am	512	
chich	chích	512	
giaidap	giải đáp	512	
nhaga	nhà ga	512	
rangbuoc	ràng buộc	512	
truyna	truy nã	512	
hoitiec	hối tiếc	511	
maso	mã số	511	
neo	neo	511	
somi	sơ mi	511	
tonhai	tổn hại	511	
ung	ứng	511	
dinhchi	đình chỉ	510	
bikich	bi kịch	509	
hoangso	hoảng sợ	509	
quan	quấn	509	
rang	ráng	509	
ret	rét	509	
viahe	vỉa hè	509	
gay	gay	508	
lydi	ly dị	508	
sangche	sáng chế	508	
thanyeu	thân yêu	508	
deche	đế chế	508	
hoian	Hội An	507	
min	mìn	507	
nhancach	nhân cách	507	
phantu	phân tử	507	
ri	ri	507	
tang	tạng	507	
vuong	vướng	507	
vat	vắt	507	
anmang	án mạng	507	
bongchay	bóng chày	506	
hoanho	hoan hô	506	
matnuoc	mặt nước	506	
luon	lượn	505	
dongthai	động thái	505	
danhtinh	danh tính	504	
tieude	tiêu đề	504	
vosi	võ sĩ	504	
apsuat	áp suất	504	
hotong	hộ tống	503	
que	que	503	
namdinh	Nam Định	502	
sucep	sức ép	502	
that	thất	502	
dakhoa	đa khoa	502	
boclo	bộc lộ	501	
lua	lụa	501	
sungsuong	sung sướng	501	
toanthan	toàn thân	501	
triethoc	triết học	501	
tamthuong	tầm thường	501	
doilap	đối lập	501	
hoabinh	Hoà Bình	500	
thang	Thắng	500	
lang	lặng	500	
thaythuoc	thầy thuốc	500	
benhhoan	bệnh hoạn	499	
cui	củi	499	
khacthuong	khác thường	499	
laudoi	lâu đời	499	
quatai	quá tải	499	
quang	quăng	499	
saisot	sai sót	499	
yeukem	yếu kém	499	
be	bế	498	
congcuoc	công cuộc	498	
congvan	công văn	498	
mung	mùng	498	
ngaythang	ngày tháng	498	
sotan	sơ tán	498	
sung	sừng	498	
trungdoan	trung đoàn	498	
yemtro	yểm trợ	498	
phuyen	Phú Yên	497	
lahet	la hét	497	
tham	thầm	497	
tieubang	tiểu bang	497	
tenmien	tên miền	497	
aodai	áo dài	497	
dienkhung	điên khùng	497	
cotruong	cơ trưởng	496	
noc	nóc	496	
sen	sen	496	
can	cán	495	
nhanghi	nhà nghỉ	495	
nhamchan	nhàm chán	495	
nuoctieu	nước tiểu	495	
quyengop	quyên góp	495	
buoi	bưởi	494	
nuilua	núi lửa	494	
phatdien	phát điện	494	
vanhdai	vành đai	494	
vocdang	vóc dáng	494	
connit	con nít	493	
dua	dưa	493	
nhapvien	nhập viện	493	
song	sòng	493	
vungmanh	vững mạnh	493	
ichky	ích kỷ	493	
ano	ăn ở	493	
duongkinh	đường kính	493	
lamchung	làm chứng	492	
lay	lây	492	
siet	siết	492	
thanmat	thân mật	492	
te	tè	492	
chiemnguong	chiêm ngưỡng	491	
kienquyet	kiên quyết	491	
lamsang	lâm sàng	491	
lap	lặp	491	
ruoc	rước	491	
tron	trơn	491	
tanmat	tận mắt	491	
tuchuc	từ chức	491	
chuquan	chủ quan	490	
camap	cá mập	490	
hoanhap	hoà nhập	490	
tra	tra	490	
k	K	489	
hanhha	hành hạ	489	
phancung	phần cứng	489	
ucche	ức chế	489	
lamgiau	làm giàu	488	
mathuat	ma thuật	488	
sayme	say mê	488	
tuoitho	tuổi thọ	488	
nguong	ngưỡng	487	
thumuc	thư mục	487	
truytim	truy tìm	487	
tuhinh	tử hình	487	
ngo	Ngô	486	
dichchuyen	dịch chuyển	486	
gopmat	góp mặt	486	
huuhieu	hữu hiệu	486	
khungcanh	khung cảnh	486	
kyluong	kỹ lưỡng	486	
lancan	lân cận	486	
mophong	mô phỏng	486	
vongquanh	vòng quanh	486	
bietdanh	biệt danh	485	
manhliet	mãnh liệt	485	
nhandanh	nhân danh	485	
nangkhieu	năng khiếu	485	
suoi	sưởi	485	
thientai	thiên tai	485	
bannhac	bản nhạc	484	
baolanh	bảo lãnh	484	
bomat	bộ mặt	484	
cao	cáo	484	
coc	cọc	484	
khenngoi	khen ngợi	484	
kindao	kín đáo	484	
muon	muôn	484	
ngangon	ngắn gọn	484	
bamsinh	bẩm sinh	483	
dubi	dự bị	483	
duluat	dự luật	483	
thuatngu	thuật ngữ	483	
trao	trào	483	
xuso	xứ sở	483	
batloi	bất lợi	482	
khoi	khởi	482	
nongsan	nông sản	482	
noigian	nổi giận	482	
ruouvang	rượu vang	482	
van	vấn	482	
nguyen	Nguyên	481	
chungtoc	chủng tộc	481	
tang	tang	481	
tem	tem	481	
tuoisang	tươi sáng	481	
detu	đệ tử	481	
caitri	cai trị	480	
cuoc	cược	480	
kiemdinh	kiểm định	480	
tamgiac	tam giác	480	
ungcuvien	ứng cử viên	480	
banket	bán kết	479	
cham	châm	479	
dienxuat	diễn xuất	479	
giaidieu	giai điệu	479	
hinhphat	hình phạt	479	
se	se	479	
thechap	thế chấp	479	
vanchuong	văn chương	479	
cuong	Cường	478	
trang	Trang	478	
chaua	châu Á	478	
coimo	cởi mở	478	
gianhang	gian hàng	478	
lietke	liệt kê	478	
noivu	nội vụ	478	
xung	xứng	478	
dondoc	đơn độc	478	
dochai	độc hại	478	
laocai	Lào Cai	477	
gian	giàn	477	
giamdinh	giám định	477	
hoa	hoả	477	
hoi	hỡi	477	
nutinh	nữ tính	477	
thuyettrinh	thuyết trình	477	
truyentranh	truyện tranh	476	
vangmat	vắng mặt	476	
amcung	ấm cúng	476	
code	code	475	
hennhat	hèn nhát	475	
hocky	học kỳ	475	
ngat	ngất	475	
nhuocdiem	nhược điểm	475	
retien	rẻ tiền	475	
to	tố	475	
di	đĩ	475	
dam	đạm	475	
batmat	bắt mắt	474	
nhandao	nhân đạo	474	
phanchia	phân chia	474	
phuongcham	phương châm	474	
sam	sâm	473	
thantuong	thần tượng	473	
dontiep	đón tiếp	473	
van	Vân	472	
ghetom	ghê tởm	472	
hopchat	hợp chất	472	
lon	lộn	472	
tranday	tràn đầy	472	
congphu	công phu	471	
hoannghenh	hoan nghênh	471	
soanthao	soạn thảo	471	
trongsuot	trong suốt	471	
taybac	tây bắc	471	
cua	cưa	470	
ngoaile	ngoại lệ	470	
docac	độc ác	470	
be	bê	469	
bun	bún	469	
bansac	bản sắc	469	
gion	giòn	469	
hanghai	hàng hải	469	
quytoc	quý tộc	469	
tatyeu	tất yếu	469	
dinhhon	đính hôn	469	
dang	đắng	469	
baotrong	bảo trọng	468	
batnguon	bắt nguồn	468	
giaima	giải mã	468	
khunglong	khủng long	468	
loicuon	lôi cuốn	468	
toa	toa	468	
tronglanh	trong lành	468	
xen	xen	468	
dinhcu	định cư	468	
co	cọ	467	
hienhuu	hiện hữu	467	
kientrucsu	kiến trúc sư	467	
mam	mâm	467	
phantram	phần trăm	467	
damtang	đám tang	467	
doidao	dồi dào	466	
menh	mệnh	466	
sacdep	sắc đẹp	466	
tienhoa	tiến hoá	466	
tuongniem	tưởng niệm	466	
xoabo	xoá bỏ	466	
anhchiem	anh chị em	465	
chuyenkhoa	chuyên khoa	465	
chuanmuc	chuẩn mực	465	
chi	chì	465	
caulacbo	câu lạc bộ	465	
lienhiep	liên hiệp	465	
lohong	lỗ hổng	465	
phongtuc	phong tục	465	
thegian	thế gian	465	
vo	vớ	465	
bua	búa	464	
sanh	sảnh	464	
khuat	khuất	463	
loikeo	lôi kéo	463	
nghithuc	nghi thức	463	
thuo	thuở	463	
xuthe	xu thế	463	
chop	chớp	462	
gam	gầm	462	
canhcao	cảnh cáo	461	
nhadat	nhà đất	461	
quyennang	quyền năng	461	
thatlung	thắt lưng	461	
dentoi	đen tối	461	
chep	chép	460	
cuuhoa	cứu hoả	460	
giaitan	giải tán	460	
hinhtuong	hình tượng	460	
ngam	ngậm	460	
baton	bất ổn	459	
gieo	gieo	459	
lieulinh	liều lĩnh	459	
sanhdieu	sành điệu	459	
trinh	trinh	459	
vo	vỗ	459	
quang	Quang	458	
canxi	canxi	458	
chuyenmuc	chuyên mục	458	
rach	rạch	458	
songdong	sống động	458	
thong	thống	458	
tinhmach	tĩnh mạch	458	
tu	tụ	458	
gocdo	góc độ	457	
luongtam	lương tâm	457	
laplanh	lấp lánh	457	
mon	mòn	457	
mot	mốt	457	
nuocngot	nước ngọt	457	
suutam	sưu tầm	457	
thietyeu	thiết yếu	457	
tham	thẳm	457	
chungtao	chúng tao	456	
dai	dải	456	
gingiu	gìn giữ	456	
moiday	mới đây	456	
sacmau	sắc màu	456	
vuot	vuốt	456	
chao	chảo	455	
dienta	diễn tả	455	
han	han	455	
manhdan	mạnh dạn	455	
mau	mẩu	455	
macke	mặc kệ	455	
nghilai	nghĩ lại	455	
thia	thìa	455	
phuc	Phúc	454	
trinh	Trịnh	454	
giandoan	gián đoạn	454	
hoangmang	hoang mang	454	
xay	xay	454	
diennang	điện năng	454	
aotuong	ảo tưởng	454	
cham	chăm	453	
lobich	lố bịch	453	
tygia	tỷ giá	453	
hoangloan	hoảng loạn	452	
khuyetdiem	khuyết điểm	452	
thaogo	tháo gỡ	452	
tramcam	trầm cảm	452	
doingoai	đối ngoại	452	
hao	hào	451	
naysinh	nảy sinh	451	
vimo	vĩ mô	451	
bit	bịt	450	
ki	ki	450	
ketcuc	kết cục	450	
mong	mộng	450	
soc	sóc	450	
thucdan	thực dân	450	
tinhthuong	tình thương	450	
xit	xịt	450	
luong	Lương	449	
batcap	bất cập	449	
thuyloi	thuỷ lợi	449	
vac	vác	449	
hoisinh	hồi sinh	448	
than	Thần	447	
chuthe	chủ thể	447	
cutru	cư trú	447	
dut	dứt	447	
giupich	giúp ích	447	
khamnghiem	khám nghiệm	447	
khaquan	khả quan	447	
ketan	kết án	447	
taodung	tạo dựng	447	
hanh	Hạnh	446	
tau	Tàu	446	
dongchay	dòng chảy	446	
matkhac	mặt khác	446	
suyt	suỵt	446	
suongmu	sương mù	446	
biendong	Biển Đông	445	
tieman	tiềm ẩn	445	
tiendung	tiện dụng	445	
toa	toả	445	
co	cớ	444	
lephi	lệ phí	443	
ngoaihinh	ngoại hình	443	
re	rể	443	
thamnhap	thâm nhập	443	
thidiem	thí điểm	443	
thach	thạch	443	
tuchu	tự chủ	443	
xinghiep	xí nghiệp	443	
dung	Dung	442	
ngoaio	ngoại ô	442	
ngodoc	ngộ độc	442	
nang	năng	442	
phan	phản	442	
saipham	sai phạm	442	
tinhtrung	tinh trùng	442	
tungu	từ ngữ	442	
hamdoi	hạm đội	441	
matngu	mất ngủ	441	
ngai	ngai	441	
boc	bóc	440	
batluc	bất lực	440	
lenngoi	lên ngôi	440	
ngonmieng	ngon miệng	440	
ngoaite	ngoại tệ	440	
quantai	quan tài	440	
voiva	vội vã	440	
benhly	bệnh lý	439	
dai	dai	439	
hiendaihoa	hiện đại hoá	439	
loilam	lỗi lầm	438	
noi	nới	438	
lamdong	Lâm Đồng	437	
battinh	bất tỉnh	437	
chatvan	chất vấn	437	
khichle	khích lệ	437	
rairac	rải rác	437	
saitrai	sai trái	437	
thuba	thứ ba	437	
tutap	tụ tập	437	
dichthan	đích thân	437	
cuulong	Cửu Long	436	
sinhduc	sinh dục	436	
tohop	tổ hợp	436	
bienphong	biên phòng	435	
di	dị	435	
huongdanvien	hướng dẫn viên	435	
muong	muỗng	435	
nguyenven	nguyên vẹn	435	
quydao	quỹ đạo	435	
san	sản	435	
thieunu	thiếu nữ	435	
taobao	táo bạo	435	
tinnguong	tín ngưỡng	435	
lang	lăng	434	
nghenhan	nghệ nhân	434	
deo	đèo	434	
hanhquan	hành quân	433	
ky	kỷ	433	
nuocmam	nước mắm	433	
thang	thăng	433	
dai	Đại	433	
toan	Toàn	432	
huudung	hữu dụng	432	
lalung	lạ lùng	432	
sudoan	sư đoàn	432	
say	sấy	432	
tuanhoan	tuần hoàn	432	
dovat	đồ vật	432	
thienchua	Thiên Chúa	431	
binhdan	bình dân	431	
do	dỡ	431	
laprap	lắp ráp	431	
thainhi	thai nhi	431	
baotro	bảo trợ	430	
lucsoat	lục soát	430	
saucung	sau cùng	430	
thuan	thuần	430	
trietly	triết lý	430	
dai	đãi	430	
bentre	Bến Tre	429	
bacbo	bác bỏ	429	
canhchung	canh chừng	429	
duongvat	dương vật	429	
gaygat	gay gắt	429	
thiet	thiết	429	
duongcaotoc	đường cao tốc	429	
damnhan	đảm nhận	429	
cachly	cách ly	428	
liendoanh	liên doanh	428	
vong	vọng	428	
diec	điếc	428	
dequoc	đế quốc	428	
diavi	địa vị	428	
chiphoi	chi phối	427	
cayso	cây số	427	
han	hận	427	
thuongnien	thường niên	427	
daudoc	đầu độc	427	
baobi	bao bì	426	
dantocthieuso	dân tộc thiểu số	426	
keo	kèo	426	
lon	lon	426	
phongthuy	phong thuỷ	426	
hap	hấp	425	
len	lẻn	425	
minmang	mịn màng	425	
luu	Lưu	424	
chietxuat	chiết xuất	424	
doi	dơi	424	
gom	gom	424	
hoitu	hội tụ	424	
khauhieu	khẩu hiệu	424	
meo	mẹo	424	
nhung	nhúng	424	
noi	noi	424	
phien	phiến	424	
bam	bầm	423	
cungran	cứng rắn	423	
dieu	diều	423	
dau	dẫu	423	
lang	lang	423	
nho	nhỡ	423	
longan	Long An	422	
phuquoc	Phú Quốc	422	
suytnua	suýt nữa	422	
thanchu	thân chủ	422	
thidu	thí dụ	422	
thuoc	thước	422	
caodiem	cao điểm	421	
nhatro	nhà trọ	421	
thuy	thú y	421	
vinhhanh	vinh hạnh	421	
bieudo	biểu đồ	420	
deo	dẻo	420	
nguc	ngục	420	
taychan	tay chân	420	
vuitinh	vui tính	420	
thuonghai	Thượng Hải	419	
hoilo	hối lộ	419	
phatam	phát âm	419	
dai	đai	419	
dua	đũa	419	
cogiat	co giật	418	
cotloi	cốt lõi	418	
kinhdien	kinh điển	418	
nghich	nghịch	418	
phu	phù	418	
te	tê	418	
danang	đa năng	418	
dai	đái	418	
chuadung	chứa đựng	417	
phongtoa	phong toả	417	
quay	quậy	417	
angiang	An Giang	416	
nhiethuyet	nhiệt huyết	416	
tholo	thô lỗ	416	
tinhnghi	tình nghi	416	
tutrong	tự trọng	416	
chudao	chủ đạo	415	
copy	copy	415	
khatvong	khát vọng	415	
linhkien	linh kiện	415	
danhbat	đánh bắt	415	
coxua	cổ xưa	414	
gay	gáy	414	
phienphuc	phiền phức	414	
tongdai	tổng đài	414	
tut	tụt	414	
antam	an tâm	413	
buom	buồm	413	
chauphi	châu Phi	413	
ha	há	413	
hople	hợp lệ	413	
phaodai	pháo đài	413	
thumon	thủ môn	413	
trihoan	trì hoãn	413	
tanbao	tàn bạo	413	
chen	chen	412	
honme	hôn mê	412	
laylan	lây lan	412	
thanhbinh	thanh bình	412	
doi	đôi	412	
hoangsa	Hoàng Sa	411	
liem	Liêm	411	
kietsuc	kiệt sức	411	
nghiviec	nghỉ việc	411	
vui	vùi	411	
uutu	ưu tú	411	
chuong	Chương	410	
biensoan	biên soạn	410	
cun	cún	410	
cobac	cờ bạc	410	
khatkhao	khát khao	410	
phuoc	phước	410	
thuckhach	thực khách	410	
binhthuan	Bình Thuận	409	
ninhbinh	Ninh Bình	409	
baoduong	bảo dưỡng	409	
buc	bực	409	
hapthu	hấp thu	409	
thanhuy	thành uỷ	409	
dapan	đáp án	409	
duongloi	đường lối	409	
binhlinh	binh lính	408	
ben	bèn	408	
dutinh	dự tính	408	
giasu	gia sư	408	
khoso	khổ sở	408	
lucdia	lục địa	408	
phongcanh	phong cảnh	408	
rang	rang	408	
tinhdau	tinh dầu	408	
changle	chẳng lẽ	407	
catra	cá tra	407	
khe	khẽ	407	
quadang	quá đáng	407	
ran	rán	407	
thienvan	thiên văn	407	
thinhvuong	thịnh vượng	407	
tiectung	tiệc tùng	406	
cangoi	ca ngợi	405	
chuchot	chủ chốt	405	
coc	cóc	405	
cap	cắp	405	
duongchat	dưỡng chất	405	
ngo	ngộ	405	
phanbo	phân bố	405	
tudien	từ điển	405	
vuongmien	vương miện	405	
ykhoa	y khoa	405	
giangsinh	Giáng sinh	404	
chauau	châu Âu	404	
chiukho	chịu khó	404	
pho	phở	404	
rai	rải	404	
tantinh	tán tỉnh	404	
vucong	vũ công	404	
caoboi	cao bồi	403	
giaicap	giai cấp	403	
nga	ngả	403	
quanhnam	quanh năm	403	
sanh	sánh	403	
thau	thấu	403	
tat	tật	403	
vay	vẫy	403	
votay	vỗ tay	403	
dao	đao	403	
be	bè	402	
bandia	bản địa	402	
bucminh	bực mình	402	
hatgiong	hạt giống	402	
kip	kíp	402	
ren	ren	402	
uon	uốn	402	
chung	Chung	401	
chucai	chữ cái	401	
hauve	hậu vệ	401	
moho	mơ hồ	401	
budap	bù đắp	400	
phankhich	phấn khích	400	
tiengiang	Tiền Giang	399	
bangcap	bằng cấp	399	
dutkhoat	dứt khoát	399	
hong	hòng	399	
lichtrinh	lịch trình	399	
nay	nảy	399	
thu	thù	399	
thubay	thứ bảy	399	
tuthan	tử thần	399	
dang	Đặng	399	
dennoi	đến nơi	399	
cahat	ca hát	398	
chiemdoat	chiếm đoạt	398	
phanbo	phân bổ	398	
ao	Áo	398	
doam	độ ẩm	398	
bucxa	bức xạ	397	
chutit	chút ít	397	
cantrong	cẩn trọng	397	
lunglinh	lung linh	397	
nhieu	nhiễu	397	
thichung	thích ứng	397	
trongdai	trọng đại	397	
itnhieu	ít nhiều	397	
dotquy	đột quỵ	397	
trieu	Triệu	396	
giamao	giả mạo	396	
khoai	khoai	396	
nghiemngat	nghiêm ngặt	396	
ngucoc	ngũ cốc	396	
sapnhap	sáp nhập	396	
tutruong	từ trường	396	
huyen	Huyền	395	
ngo	ngó	395	
quanthe	quần thể	395	
rong	rong	395	
sinhly	sinh lý	395	
vattu	vật tư	395	
beboi	bể bơi	394	
giaohoi	giáo hội	394	
khonkho	khốn khổ	394	
lungtung	lúng túng	394	
rem	rèm	394	
trunggian	trung gian	394	
daidoi	đại đội	394	
trungdong	Trung Đông	393	
bancong	ban công	393	
bontam	bồn tắm	393	
duocpham	dược phẩm	393	
giaotrinh	giáo trình	393	
ro	rô	393	
thitham	thì thầm	393	
gialai	Gia Lai	392	
thao	Thảo	392	
chonloc	chọn lọc	392	
kheo	khéo	392	
nhung	nhung	392	
nhap	nhấp	392	
phanxa	phản xạ	392	
tiensu	tiền sử	392	
tuanle	tuần lễ	392	
vantoc	vận tốc	392	
buonlau	buôn lậu	391	
suachua	sữa chua	391	
thucthu	thực thụ	391	
tiengdong	tiếng động	391	
van	vặn	391	
lam	Lâm	390	
vu	Vũ	390	
gioi	giời	390	
mang	mắng	390	
men	mến	390	
quyenhan	quyền hạn	390	
thanhnien	thành niên	390	
tho	thọ	390	
xuoi	xuôi	390	
banan	bản án	389	
dang	dang	389	
gaysu	gây sự	389	
dieukhac	điêu khắc	389	
doluong	đo lường	389	
tien	Tiên	388	
yen	Yến	388	
bongma	bóng ma	388	
carot	cà rốt	388	
hienvat	hiện vật	388	
lieuphap	liệu pháp	388	
mo	mò	388	
sansinh	sản sinh	388	
tieuchay	tiêu chảy	388	
van	vần	388	
khaigiang	khai giảng	387	
khinh	khinh	387	
tichthu	tịch thu	387	
votu	vô tư	387	
dongnama	Đông Nam Á	387	
daubuon	đau buồn	387	
dom	đốm	387	
xoa	xoa	386	
epbuoc	ép buộc	386	
bodaonha	Bồ Đào Nha	385	
hien	Hiền	385	
nong	Nông	385	
hoathinh	hoạt hình	385	
lungtung	lung tung	385	
suyyeu	suy yếu	385	
em	êm	385	
daitruyenhinh	đài truyền hình	385	
decao	đề cao	385	
cay	cày	384	
phithuyen	phi thuyền	384	
trainguoc	trái ngược	384	
aothuat	ảo thuật	384	
khanh	Khánh	383	
cuakhau	cửa khẩu	383	
maidam	mại dâm	383	
mucsu	mục sư	383	
nhu	nhu	383	
rac	rắc	383	
thieusot	thiếu sót	383	
thauhieu	thấu hiểu	383	
daichung	đại chúng	383	
binhsi	binh sĩ	382	
chinhquy	chính quy	382	
rong	rỗng	382	
trieudai	triều đại	382	
vuinhon	vui nhộn	382	
bacgiang	Bắc Giang	381	
batdong	bất đồng	381	
chongdoi	chống đối	381	
nang	nang	381	
quandoan	quân đoàn	381	
saochep	sao chép	381	
thuthuat	thủ thuật	381	
trang	tràng	381	
diencuong	điên cuồng	381	
cotich	cổ tích	380	
gu	gu	380	
hoangtuong	hoang tưởng	380	
he	hé	380	
khoito	khởi tố	380	
phuongdien	phương diện	380	
sachvo	sách vở	380	
baochua	bào chữa	379	
thieuhut	thiếu hụt	379	
cuchi	cử chỉ	378	
ren	rèn	378	
thuongnghisi	thượng nghị sĩ	378	
taohinh	tạo hình	378	
tuc	tục	378	
choi	chói	377	
hanhdien	hãnh diện	377	
bi	Bỉ	376	
na	Na	376	
ty	Tý	376	
cheo	chéo	376	
coithuong	coi thường	376	
khuan	khuẩn	376	
muivi	mùi vị	376	
phatthanh	phát thanh	376	
thuongvu	thương vụ	376	
ut	út	376	
ai	AI	375	
kiengiang	Kiên Giang	375	
chucdanh	chức danh	375	
cavoi	cá voi	375	
khien	khiên	375	
phet	phết	375	
sanduoi	săn đuổi	375	
se	sẻ	375	
thanhxuan	thanh xuân	375	
timi	tỉ mỉ	375	
vodanh	vô danh	375	
dientap	diễn tập	374	
giacong	gia công	374	
naygio	nãy giờ	374	
quybau	quý báu	374	
tuongthich	tương thích	374	
vungvang	vững vàng	374	
baiban	bài bản	373	
chetduoi	chết đuối	373	
huyhieu	huy hiệu	373	
khoac	khoác	373	
thamhai	thảm hại	373	
chandong	chấn động	372	
daydo	dạy dỗ	372	
hoanghon	hoàng hôn	372	
khotinh	khó tính	372	
sinhmang	sinh mạng	372	
thanthanh	thần thánh	372	
xin	xịn	372	
duongdan	đường dẫn	372	
tung	Tùng	371	
binhon	bình ổn	371	
chot	chót	371	
congtac	cộng tác	371	
kekhai	kê khai	371	
kem	kẽm	371	
mau	mầu	371	
mut	mứt	371	
nhucnhich	nhúc nhích	371	
test	test	371	
thudoan	thủ đoạn	371	
diadanh	địa danh	371	
hang	Hằng	370	
ansinh	an sinh	370	
bantan	bàn tán	370	
hut	hụt	370	
lantoa	lan toả	370	
nuocnha	nước nhà	370	
them	thềm	370	
tacnhan	tác nhân	370	
daibang	đại bàng	370	
ban	Bản	369	
chidoan	chi đoàn	369	
chamtre	chậm trễ	369	
connuoi	con nuôi	369	
hiepdam	hiếp dâm	369	
tau	tẩu	369	
vom	vòm	369	
xucxich	xúc xích	369	
banhquy	bánh quy	368	
cuopbien	cướp biển	368	
canba	cặn bã	368	
duthuyen	du thuyền	368	
khuon	khuôn	368	
phang	phẳng	368	
thanhthan	thanh thản	368	
typhu	tỷ phú	368	
phutho	Phú Thọ	367	
bao	bào	367	
bebong	bé bỏng	367	
chuctrach	chức trách	367	
hoavan	hoa văn	367	
khaibao	khai báo	367	
thamlam	tham lam	367	
to	Tô	366	
bienche	biên chế	366	
cuviec	cứ việc	366	
cuuchienbinh	cựu chiến binh	366	
gat	gật	366	
ngau	ngầu	366	
nhanhnhen	nhanh nhẹn	366	
trituongtuong	trí tưởng tượng	366	
tubinh	tù binh	366	
vang	văng	366	
amlich	âm lịch	366	
baclieu	Bạc Liêu	365	
bocau	bồ câu	365	
cuutro	cứu trợ	365	
lylich	lý lịch	365	
thamhiem	thám hiểm	365	
thutruong	thủ trưởng	365	
truyduoi	truy đuổi	365	
amchi	ám chỉ	365	
amtham	âm thầm	365	
damnhiem	đảm nhiệm	365	
chom	chôm	364	
choncat	chôn cất	364	
theu	thêu	364	
tinhkhiet	tinh khiết	364	
xiec	xiếc	364	
cohong	cổ họng	363	
giaokhoa	giáo khoa	363	
no	nơ	363	
tanvo	tan vỡ	363	
batnat	bắt nạt	362	
checho	che chở	362	
gangtay	găng tay	362	
hiepuoc	hiệp ước	362	
hoahoc	hoá học	362	
lansong	làn sóng	362	
no	nô	362	
truyentai	truyền tải	362	
viengtham	viếng thăm	362	
buonnon	buồn nôn	361	
congdoan	công đoạn	361	
nganngui	ngắn ngủi	361	
thon	thon	361	
baophu	bao phủ	360	
cai	cai	360	
giahan	gia hạn	360	
kiem	kiểm	360	
kycuc	kỳ cục	360	
kybinh	kỵ binh	360	
luoi	lười	360	
latdo	lật đổ	360	
matme	mát mẻ	360	
dongthap	Đồng Tháp	360	
bot	bọt	359	
conhoang	con hoang	359	
cotay	cổ tay	359	
cungdau	cứng đầu	359	
mai	mài	359	
phanquyet	phán quyết	359	
quasuc	quá sức	359	
the	thê	359	
thuongyeu	thương yêu	359	
thoico	thời cơ	359	
tinhthanh	tỉnh thành	359	
xuc	xúc	359	
aochoang	áo choàng	359	
dam	đẫm	359	
dobo	đổ bộ	359	
bo	bo	358	
bay	bậy	358	
mauma	mẫu mã	358	
duongcong	đường cong	358	
dinhdang	dính dáng	357	
hienlanh	hiền lành	357	
langgieng	láng giềng	357	
quannhan	quân nhân	357	
sanho	san hô	357	
tantinh	tận tình	357	
diep	Diệp	356	
bongbong	bong bóng	356	
bon	bốn	356	
channan	chán nản	356	
cotsong	cột sống	356	
huyet	huyệt	356	
khoinghia	khởi nghĩa	356	
loihai	lợi hại	356	
nhin	nhịn	356	
phaichang	phải chăng	356	
xuatthan	xuất thân	356	
dongcam	đồng cảm	356	
hoa	Hoà	355	
cathe	cá thể	355	
gap	gập	355	
hien	hiên	355	
ngaylaptuc	ngay lập tức	355	
phaohoa	pháo hoa	355	
boluat	bộ luật	354	
chaodoi	chào đời	354	
le	lẹ	354	
nhaymua	nhảy múa	354	
thiendang	thiên đàng	354	
dauthau	đấu thầu	354	
canhtac	canh tác	353	
congchung	công chứng	353	
cam	cằm	353	
dichuc	di chúc	353	
nghiemkhac	nghiêm khắc	353	
ngan	ngần	353	
nhapcu	nhập cư	353	
quyhiem	quý hiếm	353	
vientro	viện trợ	353	
vot	vớt	353	
ungpho	ứng phó	353	
menhdanh	mệnh danh	352	
nghiluc	nghị lực	352	
trungta	trung tá	352	
trinhtu	trình tự	352	
tuongdong	tương đồng	352	
ich	ích	352	
diem	điềm	352	
anhdao	anh đào	351	
chaydua	chạy đua	351	
camdau	cầm đầu	351	
mynhan	mỹ nhân	351	
thieuthon	thiếu thốn	351	
tanthanh	tán thành	351	
vot	vọt	351	
hai	hải	350	
net	net	350	
trichdan	trích dẫn	350	
xuathuyet	xuất huyết	350	
danmach	Đan Mạch	350	
dongloat	đồng loạt	350	
hoahop	hoà hợp	349	
khoangchat	khoáng chất	349	
ngoitu	ngồi tù	349	
xacthuc	xác thực	349	
quynhon	Quy Nhơn	348	
ketnap	kết nạp	348	
nganngai	ngần ngại	348	
nhuy	như ý	348	
phai	phai	348	
phatno	phát nổ	348	
trang	tráng	348	
tachai	tác hại	348	
xa	xà	348	
thuy	Thuý	347	
canhgac	canh gác	347	
congtruong	công trường	347	
di	di	347	
hen	hèn	347	
khiquyen	khí quyển	347	
kinhdi	kinh dị	347	
luoc	lược	347	
nhantai	nhân tài	347	
nem	nêm	347	
trontranh	trốn tránh	347	
vuaphai	vừa phải	347	
dat	Đạt	347	
choi	chọi	346	
hu	hử	346	
na	na	346	
nhansac	nhan sắc	346	
theluc	thể lực	346	
truan	trú ẩn	346	
taynam	tây nam	346	
ly	Ly	345	
bum	bùm	345	
chieuhuong	chiều hướng	345	
maquy	ma quỷ	345	
mauchot	mấu chốt	345	
macdinh	mặc định	345	
nhiemkhuan	nhiễm khuẩn	345	
quoctich	quốc tịch	345	
trantro	trăn trở	345	
tin	tín	345	
dongduong	Đông Dương	345	
bieuduong	biểu dương	344	
dienvan	diễn văn	344	
hu	hù	344	
khatkhe	khắt khe	344	
phang	phang	344	
rungdong	rung động	344	
sieumau	siêu mẫu	344	
songcon	sống còn	344	
taisinh	tái sinh	344	
apdat	áp đặt	344	
ang	ang	343	
cheday	che đậy	343	
giethai	giết hại	343	
hoptacxa	hợp tác xã	343	
quamat	qua mặt	343	
truc	trúc	343	
tuthi	tử thi	343	
xaphong	xà phòng	343	
up	úp	343	
domau	đổ máu	343	
la	La	342	
cuongvi	cương vị	342	
dia	dĩa	342	
hoang	hoảng	342	
mieu	miếu	342	
pha	phà	342	
thugom	thu gom	342	
thongthoang	thông thoáng	342	
thao	thảo	342	
thodai	thở dài	342	
congtovien	công tố viên	341	
canhtuong	cảnh tượng	341	
cut	cụt	341	
dienmao	diện mạo	341	
dongdien	dòng điện	341	
huyenbi	huyền bí	341	
khanhthanh	khánh thành	341	
kethua	kế thừa	341	
le	lề	341	
loc	lốc	341	
lut	lụt	341	
maylanh	máy lạnh	341	
nhuyen	nhuyễn	341	
sapsua	sắp sửa	341	
taihoa	tai hoạ	341	
thoaihoa	thoái hoá	341	
traoluu	trào lưu	341	
tansat	tàn sát	341	
danhbong	đánh bóng	341	
dongduc	đông đúc	341	
dandon	đần độn	341	
dongbon	đồng bọn	341	
bia	bịa	340	
chode	chó đẻ	340	
sangto	sáng tỏ	340	
thuocphien	thuốc phiện	340	
trucxuat	trục xuất	340	
vothuat	võ thuật	340	
an	ân	340	
bongnhien	bỗng nhiên	339	
colap	cô lập	339	
capbach	cấp bách	339	
tua	tua	339	
ap	ập	339	
hoainghi	hoài nghi	338	
luudan	lựu đạn	338	
ngua	ngừa	338	
quayray	quấy rầy	338	
sobo	sơ bộ	338	
vinhphuc	Vĩnh Phúc	337	
camquyen	cầm quyền	337	
ngoaitruong	ngoại trưởng	337	
nhonnhip	nhộn nhịp	337	
nung	nung	337	
noitro	nội trợ	337	
ranh	rãnh	337	
xengua	xe ngựa	337	
donglanh	đông lạnh	337	
giang	Giang	336	
conghuong	cộng hưởng	336	
hungphan	hưng phấn	336	
maugiao	mẫu giáo	336	
sucluc	sức lực	336	
tracnghiem	trắc nghiệm	336	
vesi	vệ sĩ	336	
xung	xung	336	
am	ám	336	
huy	Huy	335	
caonguyen	cao nguyên	335	
chamcham	chằm chằm	335	
dantri	dân trí	335	
dep	dép	335	
giang	giáng	335	
loet	loét	335	
langquen	lãng quên	335	
sao	sáo	335	
soc	sọc	335	
tieudoan	tiểu đoàn	335	
ankieng	ăn kiêng	335	
op	ốp	335	
tang	Tăng	334	
danhba	danh bạ	334	
duhocsinh	du học sinh	334	
daydac	dày đặc	334	
heso	hệ số	334	
mang	măng	334	
ngan	ngân	334	
nuthan	nữ thần	334	
qua	quạ	334	
sam	sắm	334	
kinh	Kinh	333	
benxe	bến xe	333	
chihoi	chi hội	333	
cansa	cần sa	333	
dieuhanh	diễu hành	333	
gan	gân	333	
khieudam	khiêu dâm	333	
saurong	sâu rộng	333	
sodi	sở dĩ	333	
truyenngan	truyện ngắn	333	
xoang	xoang	333	
hagiang	Hà Giang	332	
trung	Trưng	332	
bauduc	bầu dục	332	
giaingan	giải ngân	332	
lenlop	lên lớp	332	
annoi	ăn nói	332	
hondon	hỗn độn	331	
khay	khay	331	
ketban	kết bạn	331	
linhcam	linh cảm	331	
lang	lắng	331	
mu	mủ	331	
thuocdia	thuộc địa	331	
tongbithu	tổng bí thư	331	
damda	đậm đà	331	
betac	bế tắc	330	
caohoc	cao học	330	
nguyenly	nguyên lý	330	
so	sò	330	
thanchu	thần chú	330	
tri	trĩ	330	
xonxao	xôn xao	330	
daquy	đá quý	330	
docto	độc tố	330	
cuong	cưỡng	329	
ketlieu	kết liễu	329	
kythuatso	kỹ thuật số	329	
ngoanngoan	ngoan ngoãn	329	
satcanh	sát cánh	329	
tinhcanh	tình cảnh	329	
docnhat	độc nhất	329	
bandao	bán đảo	328	
bon	bón	328	
chai	chải	328	
cuong	cuồng	328	
casau	cá sấu	328	
dicu	di cư	328	
lanhleo	lạnh lẽo	328	
mongmanh	mong manh	328	
mi	mí	328	
ngua	ngửa	328	
rong	ròng	328	
tuvien	tu viện	328	
tuoitac	tuổi tác	328	
uu	ưu	328	
aibao	ai bảo	327	
giai	giai	327	
gia	giã	327	
honnhien	hồn nhiên	327	
nay	nấy	327	
quayroi	quấy rối	327	
thoa	thoả	327	
trieudinh	triều đình	327	
tao	tảo	327	
tuy	tự ý	327	
yen	yến	327	
giaosi	giáo sĩ	326	
huongthu	hưởng thụ	326	
muoi	mười	326	
nhuc	nhục	326	
ne	né	326	
tongtien	tống tiền	326	
caycoi	cây cối	325	
huyhoang	huy hoàng	325	
lau	lẩu	325	
man	mãn	325	
nin	nín	325	
thietthoi	thiệt thòi	325	
thongdung	thông dụng	325	
daunanh	đậu nành	325	
chan	chan	324	
lenlut	lén lút	324	
nugioi	nữ giới	324	
phechuan	phê chuẩn	324	
ydo	ý đồ	324	
dongbac	đông bắc	324	
chen	chèn	323	
ditan	di tản	323	
hiemhoi	hiếm hoi	323	
luuluong	lưu lượng	323	
matduong	mặt đường	323	
phongbenh	phòng bệnh	323	
phomai	phô mai	323	
votan	vô tận	323	
chuluc	chủ lực	322	
camthong	cảm thông	322	
lapdi	lập dị	322	
monguoc	mong ước	322	
nhuvay	như vậy	322	
thangcha	thằng cha	322	
thexac	thể xác	322	
thu	thụ	322	
tiensinh	tiên sinh	322	
xuongcap	xuống cấp	322	
xuong	xuồng	322	
chuyensau	chuyên sâu	321	
dam	dâm	321	
haophong	hào phóng	321	
huou	hươu	321	
khoinghiep	khởi nghiệp	321	
lantruyen	lan truyền	321	
loc	lộc	321	
thuattoan	thuật toán	321	
thanhthao	thành thạo	321	
vieng	viếng	321	
xapxi	xấp xỉ	321	
chetchoc	chết chóc	320	
goa	goá	320	
khocliet	khốc liệt	320	
lonmanh	lớn mạnh	320	
mayvitinh	máy vi tính	320	
reo	reo	320	
duongnet	đường nét	320	
mac	Mạc	319	
chon	chồn	319	
giaothua	giao thừa	319	
lachau	lạc hậu	319	
my	mỹ	319	
xuattinh	xuất tinh	319	
dieutiet	điều tiết	319	
bit	bít	318	
canhac	ca nhạc	318	
chanthat	chân thật	318	
maygiat	máy giặt	318	
nguyento	nguyên tố	318	
phongbi	phong bì	318	
toat	toát	318	
truphi	trừ phi	318	
tuongnho	tưởng nhớ	318	
bach	bách	317	
bongdung	bỗng dưng	317	
gaidiem	gái điếm	317	
muot	mượt	317	
thach	thách	317	
thoc	thóc	317	
thuc	thúc	317	
tiepdien	tiếp diễn	317	
namphi	Nam Phi	316	
baoxa	bao xa	316	
guitar	guitar	316	
ngongang	ngỡ ngàng	316	
sinhuc	sỉ nhục	316	
xop	xốp	316	
dam	đắm	316	
doichieu	đối chiếu	316	
anthan	an thần	315	
bietmay	biết mấy	315	
bankinh	bán kính	315	
buuchinh	bưu chính	315	
baynhieu	bấy nhiêu	315	
bonphan	bổn phận	315	
chuyendung	chuyên dụng	315	
khuynhhuong	khuynh hướng	315	
lieumang	liều mạng	315	
ngoanmuc	ngoạn mục	315	
raocan	rào cản	315	
si	si	315	
taylai	tay lái	315	
truyto	truy tố	315	
chanchinh	chân chính	314	
cao	cào	314	
nhon	nhờn	314	
sayxin	say xỉn	314	
sinhton	sinh tồn	314	
sec	séc	314	
then	then	314	
chuatroi	Chúa Trời	313	
caoca	cao cả	313	
chat	chật	313	
container	container	313	
giacquan	giác quan	313	
mo	mợ	313	
nghivan	nghi vấn	313	
nup	núp	313	
phancong	phản công	313	
tho	Thổ	312	
chungquanh	chung quanh	312	
congtu	công tử	312	
dandung	dàn dựng	312	
giaochu	giáo chủ	312	
khuyenhoc	khuyến học	312	
nguyenchat	nguyên chất	312	
ngoi	ngói	312	
phantu	phần tử	312	
thet	thét	312	
tuot	tuột	312	
vu	vu	312	
valai	vả lại	312	
nambo	Nam Bộ	311	
batcong	bất công	311	
cau	cau	311	
caudo	câu đố	311	
dodu	do dự	311	
sotret	sốt rét	311	
tinhvi	tinh vi	311	
truyendat	truyền đạt	311	
tayninh	Tây Ninh	310	
chatlong	chất lỏng	310	
cove	có vẻ	310	
duongxi	dương xỉ	310	
hac	hắc	310	
ninh	ninh	310	
noitru	nội trú	310	
phathai	phá thai	310	
sung	sung	310	
thattinh	thật tình	310	
thot	thốt	310	
cayghep	cấy ghép	309	
dohoi	dở hơi	309	
nguxuan	ngu xuẩn	309	
xaxua	xa xưa	309	
sonla	Sơn La	308	
thuong	Thương	308	
camdo	cám dỗ	308	
nai	nai	308	
nhoxiu	nhỏ xíu	308	
nuoclanh	nước lạnh	308	
phaidep	phái đẹp	308	
quathuc	quả thực	308	
ru	ru	308	
san	sắn	308	
thanphan	thân phận	308	
do	đố	308	
tayson	Tây Sơn	307	
yenbai	Yên Bái	307	
bantho	bàn thờ	307	
kinhnguyet	kinh nguyệt	307	
lenan	lên án	307	
muonnam	muôn năm	307	
mut	mút	307	
moman	mở màn	307	
nghi	nghị	307	
rat	rát	307	
trangtrong	trang trọng	307	
tam	tẩm	307	
xahoihoa	xã hội hoá	307	
yeuquai	yêu quái	307	
dam	đàm	307	
bieuquyet	biểu quyết	306	
ba	bã	306	
cainghien	cai nghiện	306	
conmot	con một	306	
hopmat	họp mặt	306	
phude	phụ đề	306	
thamhoi	thăm hỏi	306	
xoi	xôi	306	
dinhdam	đình đám	306	
ngan	Ngân	305	
vinhlong	Vĩnh Long	305	
bai	bại	305	
chuyentiep	chuyển tiếp	305	
num	núm	305	
pho	pho	305	
thung	thừng	305	
toancanh	toàn cảnh	305	
taolao	tào lao	305	
tanbinh	tân binh	305	
bongro	bóng rổ	304	
bung	bừng	304	
bucboi	bực bội	304	
chungloai	chủng loại	304	
danxep	dàn xếp	304	
hanghai	hăng hái	304	
hongngoai	hồng ngoại	304	
inan	in ấn	304	
linh	lĩnh	304	
nap	nấp	304	
phat	phật	304	
suthuc	sự thực	304	
thuvui	thú vui	304	
thua	thửa	304	
bung	bùng	303	
chungthuc	chứng thực	303	
engai	e ngại	303	
maluc	mã lực	303	
nhao	nhào	303	
nhai	nhái	303	
phapy	pháp y	303	
sang	sàng	303	
thoiluong	thời lượng	303	
vanh	vành	303	
luandon	Luân Đôn	302	
chay	chay	302	
liem	liếm	302	
lo	lờ	302	
ngocnghech	ngốc nghếch	302	
thoahiep	thoả hiệp	302	
thaiqua	thái quá	302	
thongthai	thông thái	302	
vung	vung	302	
anchoi	ăn chơi	302	
binhnhi	binh nhì	301	
chinhtrigia	chính trị gia	301	
cucdoan	cực đoan	301	
kiemdiem	kiểm điểm	301	
linhtinh	linh tinh	301	
suhuynh	sư huynh	301	
thoi	thói	301	
tancung	tận cùng	301	
do	đò	301	
nghia	Nghĩa	300	
baohieu	báo hiệu	300	
bolac	bộ lạc	300	
choidua	chơi đùa	300	
giaonop	giao nộp	300	
hoachdinh	hoạch định	300	
loi	lội	300	
nhapngu	nhập ngũ	300	
ranh	rành	300	
thanhthi	thành thị	300	
thuvat	thú vật	300	
u	ủ	300	
khang	Khang	299	
caycanh	cây cảnh	299	
live	live	299	
manh	mánh	299	
miamai	mỉa mai	299	
nham	nhảm	299	
thithoang	thi thoảng	299	
taobon	táo bón	299	
tanthe	tận thế	299	
xuoc	xước	299	
cuacai	của cải	298	
dong	dong	298	
hocgia	học giả	298	
phongkien	phong kiến	298	
tannat	tan nát	298	
thutu	thứ tự	298	
treu	trêu	298	
vet	vét	298	
nhi	Nhi	297	
chamchap	chậm chạp	297	
cavat	cà vạt	297	
dukich	du kích	297	
khoanh	khoanh	297	
lay	lầy	297	
phattan	phát tán	297	
bienhoa	Biên Hoà	296	
danquan	dân quân	296	
haumon	hậu môn	296	
mam	mắm	296	
ngang	ngẩng	296	
ri	rỉ	296	
xe	xẻ	296	
duongthang	đường thẳng	296	
hang	Hàng	295	
chuviet	chữ viết	295	
ngu	ngũ	295	
nhi	nhí	295	
phuongtrinh	phương trình	295	
quan	quản	295	
sinhtruong	sinh trưởng	295	
songthan	sóng thần	295	
tret	trệt	295	
tenan	tệ nạn	295	
amhieu	am hiểu	294	
baoboc	bao bọc	294	
banluan	bàn luận	294	
khanh	khanh	294	
phan	phán	294	
thomong	thơ mộng	294	
thuongxot	thương xót	294	
traigiam	trại giam	294	
tuban	tư bản	294	
top	tốp	294	
dao	Dao	293	
kontum	Kon Tum	293	
congnghiephoa	công nghiệp hoá	293	
hiem	hiểm	293	
nguytrang	nguỵ trang	293	
team	team	293	
thuongtich	thương tích	293	
thay	thảy	293	
yeuot	yếu ớt	293	
day	đậy	293	
hue	Huệ	292	
balo	ba lô	292	
bobinh	bộ binh	292	
congvu	công vụ	292	
da	dã	292	
lytri	lý trí	292	
menhmong	mênh mông	292	
oan	oan	292	
thaoduoc	thảo dược	292	
trungca	trứng cá	292	
vanmenh	vận mệnh	292	
vungve	vụng về	292	
day	đày	292	
bieu	biếu	291	
buonngu	buồn ngủ	291	
khamphuc	khâm phục	291	
loau	lo âu	291	
mehoac	mê hoặc	291	
nghiemthu	nghiệm thu	291	
ngaycang	ngày càng	291	
tapquan	tập quán	291	
doantu	đoàn tụ	291	
loang	loãng	290	
lacdau	lắc đầu	290	
maychieu	máy chiếu	290	
nguyhai	nguy hại	290	
thuongdan	thường dân	290	
tuyetchung	tuyệt chủng	290	
apdao	áp đảo	290	
dangquang	đăng quang	290	
thuathienhue	Thừa Thiên Huế	289	
baotrum	bao trùm	289	
banthao	bản thảo	289	
dungtich	dung tích	289	
giophut	giờ phút	289	
hasi	hạ sĩ	289	
khoandung	khoan dung	289	
ngonghinh	ngộ nghĩnh	289	
nhieu	nhiêu	289	
thudon	thu dọn	289	
thangtien	thăng tiến	289	
thuctai	thực tại	289	
daoluat	đạo luật	289	
doan	đồ án	289	
bienco	biến cố	288	
bong	bong	288	
bachcau	bạch cầu	288	
giathiet	giả thiết	288	
hientrang	hiện trạng	288	
kyhieu	ký hiệu	288	
lanh	lanh	288	
trongtrot	trồng trọt	288	
vinhcuu	vĩnh cửu	288	
vayha	vậy hả	288	
dongda	Đống Đa	288	
can	Cần	287	
chantroi	chân trời	287	
chongcu	chống cự	287	
camtinh	cảm tình	287	
giaiphau	giải phẫu	287	
kiemchung	kiểm chứng	287	
lanhdia	lãnh địa	287	
mecung	mê cung	287	
xung	xưng	287	
dienbienphu	Điện Biên Phủ	287	
duongdau	đương đầu	287	
boong	boong	286	
dua	dứa	286	
mongmanh	mỏng manh	286	
ngoctrai	ngọc trai	286	
noi	nôi	286	
quat	quất	286	
sinhthiet	sinh thiết	286	
ty	tỳ	286	
yeudau	yêu dấu	286	
ong	Ông	286	
san	San	285	
chidiem	chỉ điểm	285	
giuchan	giữ chân	285	
phatxit	phát xít	285	
phuta	phụ tá	285	
daonguoc	đảo ngược	285	
hau	Hậu	284	
chiacat	chia cắt	284	
chuso	chữ số	284	
congtac	công tắc	284	
kyhan	kỳ hạn	284	
nhaccu	nhạc cụ	284	
trongoi	trọn gói	284	
vu	vũ	284	
thich	Thích	283	
butchi	bút chì	283	
choi	chổi	283	
chungtu	chứng từ	283	
cucbo	cục bộ	283	
doi	dội	283	
phantan	phân tán	283	
sommuon	sớm muộn	283	
thieng	thiêng	283	
dotkich	đột kích	283	
hungyen	Hưng Yên	282	
cong	cóng	282	
conglao	công lao	282	
gio	giò	282	
khaiquat	khai quật	282	
lamnghiep	lâm nghiệp	282	
luagat	lừa gạt	282	
thuongnhan	thương nhân	282	
thuongvien	thượng viện	282	
thoisu	thời sự	282	
taigioi	tài giỏi	282	
tat	tạt	282	
vien	viễn	282	
votuyen	vô tuyến	282	
xungphong	xung phong	282	
daumo	dầu mỏ	281	
havien	hạ viện	281	
lun	lún	281	
nghiepdu	nghiệp dư	281	
quang	quặng	281	
thuonghai	thương hại	281	
tiepvien	tiếp viên	281	
trangmieng	tráng miệng	281	
tit	tít	281	
danhlua	đánh lừa	281	
dauco	đầu cơ	281	
banchay	bán chạy	280	
bam	băm	280	
hanhoan	hân hoan	280	
muquang	mù quáng	280	
manhkhoe	mạnh khoẻ	280	
nhidong	nhi đồng	280	
rasuc	ra sức	280	
suonse	suôn sẻ	280	
thoibuoi	thời buổi	280	
vuituoi	vui tươi	280	
duongdai	đương đại	280	
hanam	Hà Nam	279	
ninhthuan	Ninh Thuận	279	
tien	Tiến	279	
kali	kali	279	
khaisinh	khai sinh	279	
khepkin	khép kín	279	
nhucnha	nhục nhã	279	
quantriet	quán triệt	279	
ruong	rương	279	
tiende	tiền đề	279	
xoe	xoè	279	
dinh	Đinh	279	
doa	đoá	279	
phuong	Phượng	278	
botoc	bộ tộc	278	
chuyendich	chuyển dịch	278	
chamrai	chậm rãi	278	
catco	cắt cổ	278	
giankho	gian khổ	278	
giabo	giả bộ	278	
mo	mồ	278	
ngam	ngấm	278	
thanghoa	thăng hoa	278	
tuongphan	tương phản	278	
taon	tạ ơn	278	
toidanh	tội danh	278	
oi	ói	278	
dovo	đổ vỡ	278	
bu	bu	277	
batdong	bất động	277	
hach	hạch	277	
hanh	hạnh	277	
khangcu	kháng cự	277	
kienco	kiên cố	277	
lach	lách	277	
phucloi	phúc lợi	277	
theche	thể chế	277	
timtoi	tìm tòi	277	
xelan	xe lăn	277	
dong	đọng	277	
buonba	buồn bã	276	
dotham	do thám	276	
giantiep	gián tiếp	276	
he	hễ	276	
kiencuong	kiên cường	276	
santhuong	sân thượng	276	
songgio	sóng gió	276	
tuongxung	tương xứng	276	
tantam	tận tâm	276	
diaphan	địa phận	276	
diendat	diễn đạt	275	
gathai	gặt hái	275	
me	mẻ	275	
tongthuky	tổng thư ký	275	
vinhbiet	vĩnh biệt	275	
vap	vấp	275	
dacquyen	đặc quyền	275	
bienho	biện hộ	274	
huyetthanh	huyết thanh	274	
ngoi	ngời	274	
nong	nòng	274	
ro	rổ	274	
thanxac	thân xác	274	
trinhlang	trình làng	274	
tum	túm	274	
tunhu	tự nhủ	274	
visao	vì sao	274	
dieuuoc	điều ước	274	
amuot	ẩm ướt	274	
ainay	ai nấy	273	
luy	luỹ	273	
nhenhom	nhẹ nhõm	273	
phannua	phân nửa	273	
thienthach	thiên thạch	273	
thukhoa	thủ khoa	273	
dekhang	đề kháng	273	
dinhhinh	định hình	273	
baccuc	Bắc cực	272	
banglong	bằng lòng	272	
chuyentrach	chuyên trách	272	
chankhong	chân không	272	
chuong	chưởng	272	
chungbenh	chứng bệnh	272	
danca	dân ca	272	
giamsut	giảm sút	272	
kyquac	kỳ quặc	272	
thichdang	thích đáng	272	
hoankiem	Hoàn Kiếm	271	
ton	Tôn	271	
choang	choáng	271	
caunoi	cầu nối	271	
hokhau	hộ khẩu	271	
quang	quẳng	271	
ruot	rượt	271	
ta	tã	271	
xalo	xa lộ	271	
xeco	xe cộ	271	
detam	để tâm	271	
cankiet	cạn kiệt	270	
duc	dục	270	
ghe	ghe	270	
kytu	ký tự	270	
muong	mương	270	
taibien	tai biến	270	
troi	trỗi	270	
vatlon	vật lộn	270	
xui	xui	270	
dendo	đèn đỏ	270	
uuai	ưu ái	270	
cop	cốp	269	
daman	dã man	269	
hoinuoc	hơi nước	269	
linhthieng	linh thiêng	269	
trieuphu	triệu phú	269	
tusi	tu sĩ	269	
tungbung	tưng bừng	269	
tuoitan	tươi tắn	269	
deu	đểu	269	
ungy	ưng ý	269	
kim	kìm	268	
kyten	ký tên	268	
moi	mỏi	268	
nhuong	nhượng	268	
nennguoi	nên người	268	
phomat	pho mát	268	
somenh	số mệnh	268	
thamsat	thảm sát	268	
thantien	thần tiên	268	
xoan	xoăn	268	
dan	đán	268	
dungdo	đụng độ	268	
soctrang	Sóc Trăng	267	
batchot	bất chợt	267	
hamrang	hàm răng	267	
lua	lựa	267	
trongluc	trọng lực	267	
tuccuoi	tức cười	267	
xekhach	xe khách	267	
bienca	biển cả	266	
bai	bái	266	
do	dơ	266	
hetlong	hết lòng	266	
kientao	kiến tạo	266	
nha	nhả	266	
noitiep	nối tiếp	266	
sieunhan	siêu nhân	266	
thugiu	thu giữ	266	
danhbac	đánh bạc	266	
doithay	đổi thay	266	
tu	Tú	265	
bungphat	bùng phát	265	
chu	chư	265	
doanhtrai	doanh trại	265	
dandung	dân dụng	265	
giaitrinh	giải trình	265	
hothen	hổ thẹn	265	
kichtinh	kịch tính	265	
nhiemdoc	nhiễm độc	265	
naunuong	nấu nướng	265	
phong	phồng	265	
thanthoai	thần thoại	265	
tieuhao	tiêu hao	265	
trucot	trụ cột	265	
taitu	tài tử	265	
voi	vơi	265	
bachkhoa	Bách Khoa	264	
bienthai	biến thái	264	
cuong	cuống	264	
gayme	gây mê	264	
het	hệt	264	
noichien	nội chiến	264	
phutung	phụ tùng	264	
ram	rằm	264	
trat	trát	264	
tamlyhoc	tâm lý học	264	
teliet	tê liệt	264	
xaclap	xác lập	264	
xeo	xéo	264	
caotoc	cao tốc	263	
cahoi	cá hồi	263	
namnu	nam nữ	263	
phuckich	phục kích	263	
saysua	say sưa	263	
thoadang	thoả đáng	263	
thangcanh	thắng cảnh	263	
vogia	vô giá	263	
xoadiu	xoa dịu	263	
duongbang	đường băng	263	
daylui	đẩy lùi	263	
ung	ưng	263	
langson	Lạng Sơn	262	
anhdung	anh dũng	262	
banghuu	bằng hữu	262	
doban	dơ bẩn	262	
giadinh	giả định	262	
nghiaden	nghĩa đen	262	
nhapcanh	nhập cảnh	262	
rao	rào	262	
rao	ráo	262	
rui	rụi	262	
sosach	sổ sách	262	
tamrua	tắm rửa	262	
voilai	với lại	262	
doithuong	đời thường	262	
tan	Tân	261	
cam	cám	261	
cottruyen	cốt truyện	261	
kimtuthap	kim tự tháp	261	
keo	kẻo	261	
nghiphep	nghỉ phép	261	
thaitu	thái tử	261	
thudam	thủ dâm	261	
dotxuat	đột xuất	261	
boi	bồi	260	
chiare	chia rẽ	260	
diem	diêm	260	
kho	khờ	260	
loile	lời lẽ	260	
nuccuoi	nực cười	260	
phimanh	phim ảnh	260	
phanhuy	phân huỷ	260	
phohieutruong	phó hiệu trưởng	260	
quankhu	quân khu	260	
ruc	rực	260	
thu	Thư	259	
chiencong	chiến công	259	
dam	dầm	259	
gieng	giêng	259	
ham	hâm	259	
khungthanh	khung thành	259	
kycang	kỹ càng	259	
lyle	lý lẽ	259	
nghimat	nghỉ mát	259	
ngan	ngàn	259	
ngaysinh	ngày sinh	259	
ngaptran	ngập tràn	259	
phungsu	phụng sự	259	
ram	rậm	259	
tracuu	tra cứu	259	
tram	tràm	259	
va	vá	259	
xoai	xoài	259	
chu	chu	258	
lulut	lũ lụt	258	
phuctung	phục tùng	258	
sungtruong	súng trường	258	
thuoctinh	thuộc tính	258	
tivi	ti vi	258	
titan	titan	258	
tiepquan	tiếp quản	258	
mac	Mác	257	
caodo	cao độ	257	
lieuluong	liều lượng	257	
luom	lượm	257	
lapluan	lập luận	257	
ngo	ngỏ	257	
nhamaydien	nhà máy điện	257	
phihanhdoan	phi hành đoàn	257	
trongdoi	trông đợi	257	
truong	trương	257	
tanh	tánh	257	
xaxi	xa xỉ	257	
xaotron	xáo trộn	257	
chinhthong	chính thống	256	
cuonghiep	cưỡng hiếp	256	
khieukhich	khiêu khích	256	
khaoco	khảo cổ	256	
lanhtu	lãnh tụ	256	
tammat	tầm mắt	256	
vung	vũng	256	
danhdoi	đánh đổi	256	
binhphuoc	Bình Phước	255	
bung	bung	255	
bi	bì	255	
caothu	cao thủ	255	
chamchu	chăm chú	255	
chua	chừa	255	
gon	gôn	255	
hot	hót	255	
mac	mác	255	
riu	rìu	255	
sotruong	sở trường	255	
toanha	toà nhà	255	
tram	trâm	255	
tantuy	tận tuỵ	255	
tudung	tự dưng	255	
xe	xê	255	
itoi	ít ỏi	255	
phan	Phan	254	
khoe	khoé	254	
liec	liếc	254	
nhatquan	nhất quán	254	
nong	nồng	254	
quatang	quả tang	254	
tacchien	tác chiến	254	
vuisuong	vui sướng	254	
vet	vệt	254	
danhoi	đàn hồi	254	
kien	Kiên	253	
buabai	bừa bãi	253	
hen	hen	253	
hangngu	hàng ngũ	253	
khocloc	khóc lóc	253	
khongtuong	không tưởng	253	
namtinh	nam tính	253	
phache	pha chế	253	
quyettoan	quyết toán	253	
truottuyet	trượt tuyết	253	
voi	vôi	253	
dieudong	điều động	253	
bo	bô	252	
chodung	chỗ đứng	252	
dangve	dáng vẻ	252	
hoantra	hoàn trả	252	
khangtrang	khang trang	252	
nonglong	nóng lòng	252	
phephan	phê phán	252	
sangkhoai	sảng khoái	252	
thannhan	thân nhân	252	
thechien	thế chiến	252	
tinhxao	tinh xảo	252	
tenhi	tế nhị	252	
dao	Đào	252	
laptruong	lập trường	251	
moto	mô tô	251	
noithanh	nội thành	251	
tho	thổ	251	
tranhgianh	tranh giành	251	
trantruong	trần truồng	251	
tuongdai	tượng đài	251	
totung	tố tụng	251	
tom	tởm	251	
au	Âu	251	
mongco	Mông Cổ	250	
truongson	Trường Sơn	250	
battien	bất tiện	250	
bot	bốt	250	
chochet	chó chết	250	
gayroi	gây rối	250	
hangdong	hang động	250	
khan	khan	250	
khieng	khiêng	250	
ngungban	ngừng bắn	250	
ne	nể	250	
noiquy	nội quy	250	
phaplenh	pháp lệnh	250	
taudienngam	tàu điện ngầm	250	
dondoc	đôn đốc	250	
ungcu	ứng cử	250	
thuy	Thuỷ	249	
thuathien	Thừa Thiên	249	
boiloi	bơi lội	249	
bacha	bạc hà	249	
gian	gián	249	
gom	gớm	249	
hung	hùng	249	
lam	lăm	249	
phatron	pha trộn	249	
phuhieu	phù hiệu	249	
runray	run rẩy	249	
thatlac	thất lạc	249	
tiecnuoi	tiếc nuối	249	
dienbien	Điện Biên	249	
loan	Loan	248	
chaohoi	chào hỏi	248	
chigai	chị gái	248	
dudo	dụ dỗ	248	
mach	mách	248	
nhu	nhử	248	
noinang	nói năng	248	
ramat	ra mặt	248	
sun	sun	248	
truong	trượng	248	
tinhtiet	tình tiết	248	
anhue	ân huệ	248	
bat	bạt	247	
chamtran	chạm trán	247	
condo	côn đồ	247	
duthua	dư thừa	247	
gang	gắng	247	
luudong	lưu động	247	
momong	mơ mộng	247	
rom	rơm	247	
sap	sáp	247	
sauxa	sâu xa	247	
thieutuong	thiếu tướng	247	
buocngoat	bước ngoặt	246	
doi	dối	246	
guongmau	gương mẫu	246	
ha	hà	246	
haphoi	hấp hối	246	
noisoi	nội soi	246	
thuyquan	thuỷ quân	246	
banchai	bàn chải	245	
bongchuyen	bóng chuyền	245	
chui	chùi	245	
giun	giun	245	
mantinh	mãn tính	245	
nguloi	ngư lôi	245	
phientoai	phiền toái	245	
phankhang	phản kháng	245	
songphuong	song phương	245	
sanban	săn bắn	245	
thucnghiem	thực nghiệm	245	
tuyy	tuỳ ý	245	
tan	Tần	244	
buongtrung	buồng trứng	244	
chuthich	chú thích	244	
changqua	chẳng qua	244	
duongtinh	dương tính	244	
go	gò	244	
hoihoa	hội hoạ	244	
khoisac	khởi sắc	244	
kytucxa	ký túc xá	244	
ky	kỵ	244	
lapnghiep	lập nghiệp	244	
loithoi	lỗi thời	244	
nghihe	nghỉ hè	244	
nhasi	nha sĩ	244	
nhay	nhạy	244	
phanbien	phản biện	244	
phocap	phổ cập	244	
suydoan	suy đoán	244	
sangsua	sáng sủa	244	
thanphien	than phiền	244	
trioc	trí óc	244	
trongcay	trông cậy	244	
tichtu	tích tụ	244	
tapnap	tấp nập	244	
vosinh	vô sinh	244	
xoso	xổ số	244	
amtinh	âm tính	244	
dadanghoa	đa dạng hoá	244	
chanly	chân lý	243	
catgiu	cất giữ	243	
mauchong	mau chóng	243	
namcham	nam châm	243	
nhanquyen	nhân quyền	243	
nongnan	nồng nàn	243	
phiendich	phiên dịch	243	
quytu	quy tụ	243	
sao	sào	243	
thaho	tha hồ	243	
trieu	triệu	243	
trailai	trái lại	243	
trinhchieu	trình chiếu	243	
ve	ve	243	
volam	võ lâm	243	
xuanay	xưa nay	243	
doso	đồ sộ	243	
dongnhat	đồng nhất	243	
banbuon	bán buôn	242	
camdoan	cam đoan	242	
check	check	242	
cuongche	cưỡng chế	242	
giang	giăng	242	
hinhtron	hình tròn	242	
luoibieng	lười biếng	242	
mietmai	miệt mài	242	
mananh	màn ảnh	242	
ngat	ngạt	242	
phe	phế	242	
sacsao	sắc sảo	242	
thuakem	thua kém	242	
thoithuc	thôi thúc	242	
tanghinh	tàng hình	242	
tauchien	tàu chiến	242	
tongquat	tổng quát	242	
van	vạn	242	
chu	Chu	241	
mattroi	Mặt Trời	241	
codong	cơ động	241	
haotam	hảo tâm	241	
khithai	khí thải	241	
lamkho	làm khó	241	
mui	mui	241	
matthiet	mật thiết	241	
nhanai	nhân ái	241	
nhaclai	nhắc lại	241	
pho	phò	241	
thaihau	thái hậu	241	
tuoitre	tươi trẻ	241	
yennghi	yên nghỉ	241	
congtuoc	công tước	240	
giadung	gia dụng	240	
giam	giấm	240	
giotro	giở trò	240	
kieungao	kiêu ngạo	240	
nghiemchinh	nghiêm chỉnh	240	
nghialy	nghĩa lý	240	
phao	phao	240	
phamphap	phạm pháp	240	
que	quế	240	
thangbang	thăng bằng	240	
toanquyen	toàn quyền	240	
tantat	tàn tật	240	
didoi	đi đôi	240	
uuviet	ưu việt	240	
govap	Gò Vấp	239	
bocuc	bố cục	239	
cau	cẩu	239	
khamxet	khám xét	239	
luuhanh	lưu hành	239	
lo	lở	239	
mong	mồng	239	
nhancong	nhân công	239	
phandoan	phán đoán	239	
xacach	xa cách	239	
dongco	đồng cỏ	239	
andinh	ấn định	239	
bachkhoa	bách khoa	238	
benbi	bền bỉ	238	
danhthiep	danh thiếp	238	
de	dế	238	
giaydep	giày dép	238	
ham	hãm	238	
longmay	lông mày	238	
nhatre	nhà trẻ	238	
nongnhiet	nồng nhiệt	238	
phatngon	phát ngôn	238	
sinhto	sinh tố	238	
vo	vò	238	
vovong	vô vọng	238	
xutu	xử tử	238	
amdam	ảm đạm	238	
boduong	bổ dưỡng	237	
chamchut	chăm chút	237	
chap	chấp	237	
cu	cừ	237	
gatay	gà tây	237	
lichlam	lịch lãm	237	
ngaykia	ngày kia	237	
thuytrieu	thuỷ triều	237	
tinhhoan	tinh hoàn	237	
taihien	tái hiện	237	
vovan	vô vàn	237	
danap	đàn áp	237	
oat	ồ ạt	237	
chanchu	chần chừ	236	
choi	chối	236	
cangu	cá ngừ	236	
cachbiet	cách biệt	236	
congto	công tố	236	
damau	da màu	236	
hequa	hệ quả	236	
nhutnhat	nhút nhát	236	
soit	số ít	236	
sun	sụn	236	
thaytu	thầy tu	236	
tontho	tôn thờ	236	
taphoa	tạp hoá	236	
daithaoduong	đái tháo đường	236	
annau	ẩn náu	236	
phanthiet	Phan Thiết	235	
sim	Sim	235	
gan	gán	235	
hoangso	hoang sơ	235	
ke	kẽ	235	
ngheokho	nghèo khổ	235	
ngan	ngán	235	
nem	nệm	235	
phuong	phượng	235	
sam	sẫm	235	
sugia	sứ giả	235	
thoo	thờ ơ	235	
thuahuong	thừa hưởng	235	
thu	thự	235	
tugiac	tự giác	235	
xiu	xíu	235	
yeuduong	yêu đương	235	
dieuduong	điều dưỡng	235	
baola	bao la	234	
chatno	chất nổ	234	
got	gọt	234	
hoaluc	hoả lực	234	
noilao	nói láo	234	
nac	nấc	234	
tiepsuc	tiếp sức	234	
tradua	trả đũa	234	
nghiem	Nghiêm	233	
baxa	bà xã	233	
bome	bỏ mẹ	233	
chanthuc	chân thực	233	
giaithe	giải thể	233	
lientuong	liên tưởng	233	
nghivien	nghị viện	233	
phabo	phá bỏ	233	
ru	rũ	233	
trongcoi	trông coi	233	
dongdeu	đồng đều	233	
bacbo	Bắc Bộ	232	
duy	Duy	232	
huynh	Huỳnh	232	
cuc	cúc	232	
ghim	ghim	232	
khituong	khí tượng	232	
kiemlam	kiểm lâm	232	
leothang	leo thang	232	
lang	lãng	232	
lanlon	lẫn lộn	232	
quanlinh	quân lính	232	
teo	teo	232	
thoimien	thôi miên	232	
tauthuyen	tàu thuyền	232	
tinhlang	tĩnh lặng	232	
tuket	tứ kết	232	
ontap	ôn tập	232	
daoly	đạo lý	232	
chau	chầu	231	
cauvong	cầu vồng	231	
cop	cọp	231	
nhakhoa	nha khoa	231	
nhatthoi	nhất thời	231	
phamnhan	phạm nhân	231	
queo	quẹo	231	
thongsuot	thông suốt	231	
trungnien	trung niên	231	
yenon	yên ổn	231	
duonghuyet	đường huyết	231	
dendap	đền đáp	231	
andu	ẩn dụ	231	
bentau	bến tàu	230	
caydang	cay đắng	230	
giaidoc	giải độc	230	
ganhchiu	gánh chịu	230	
haitac	hải tặc	230	
losuoi	lò sưởi	230	
muotma	mượt mà	230	
ngankeo	ngăn kéo	230	
noichung	nói chung	230	
nanni	năn nỉ	230	
nonan	nợ nần	230	
phoi	phôi	230	
ronrang	rộn ràng	230	
thuongtru	thường trú	230	
tranlan	tràn lan	230	
vuotbac	vượt bậc	230	
ve	vệ	230	
dauphong	đậu phộng	230	
tai	Tài	229	
chanchinh	chấn chỉnh	229	
dim	dìm	229	
giatao	giả tạo	229	
khaiquat	khái quát	229	
khangthe	kháng thể	229	
metro	metro	229	
nonghoi	nóng hổi	229	
phanchieu	phản chiếu	229	
phequan	phế quản	229	
ran	rạn	229	
rongmo	rộng mở	229	
thienha	thiên hà	229	
tihon	tí hon	229	
dut	đút	229	
duongmon	đường mòn	229	
ochuot	ổ chuột	229	
odia	ổ đĩa	229	
chutxiu	chút xíu	228	
dacam	da cam	228	
danhgia	danh giá	228	
honle	hôn lễ	228	
khieu	khiếu	228	
ken	kén	228	
luanvan	luận văn	228	
monphai	môn phái	228	
thenchot	then chốt	228	
tiencong	tiến công	228	
tuyethao	tuyệt hảo	228	
tannhang	tàn nhang	228	
tuitien	túi tiền	228	
toitam	tối tăm	228	
phanlan	Phần Lan	227	
batkha	bất khả	227	
conguoc	công ước	227	
giangduong	giảng đường	227	
haicot	hài cốt	227	
hom	hòm	227	
metin	mê tín	227	
mocmac	mộc mạc	227	
nhonhan	nhỏ nhắn	227	
noitam	nội tâm	227	
phongve	phòng vệ	227	
ria	ria	227	
satlo	sạt lở	227	
troc	trọc	227	
emai	êm ái	227	
datset	đất sét	227	
dacluc	đắc lực	227	
buc	bục	226	
cokinh	cổ kính	226	
cu	cự	226	
giailao	giải lao	226	
khauvi	khẩu vị	226	
ngoivi	ngôi vị	226	
thuankhiet	thuần khiết	226	
thuytien	thuỷ tiên	226	
trongtrach	trọng trách	226	
tuphat	tự phát	226	
xuatvien	xuất viện	226	
dauthuong	đau thương	226	
datcoc	đặt cọc	226	
cham	Chăm	225	
bantinh	bản tính	225	
boithe	bởi thế	225	
caooc	cao ốc	225	
hopdem	hộp đêm	225	
khuay	khuấy	225	
lung	lùng	225	
nguykich	nguy kịch	225	
nguphap	ngữ pháp	225	
niemphong	niêm phong	225	
phale	pha lê	225	
thigiac	thị giác	225	
taiche	tái chế	225	
dinh	Định	225	
tan	Tấn	224	
buot	buốt	224	
bican	bị can	224	
codongvien	cổ động viên	224	
dangoai	dã ngoại	224	
khiemkhuyet	khiếm khuyết	224	
luutru	lưu trú	224	
rua	rữa	224	
tieusu	tiểu sử	224	
tamtu	tâm tư	224	
xuixeo	xui xẻo	224	
yhet	y hệt	224	
boitham	bồi thẩm	223	
cuongnhiet	cuồng nhiệt	223	
caumong	cầu mong	223	
hamhiep	hãm hiếp	223	
haucan	hậu cần	223	
khutrung	khử trùng	223	
kythuatvien	kỹ thuật viên	223	
nhe	nhe	223	
quysu	quỷ sứ	223	
sotay	sổ tay	223	
sua	sủa	223	
thattha	thật thà	223	
thucgiac	thức giấc	223	
tubiet	từ biệt	223	
vaymuon	vay mượn	223	
vaiba	vài ba	223	
untac	ùn tắc	223	
dup	đúp	223	
donat	đổ nát	223	
luc	Lục	222	
tieu	Tiêu	222	
captinh	cấp tính	222	
ion	ion	222	
lythu	lý thú	222	
muachuoc	mua chuộc	222	
nguyendo	nguyên do	222	
nhaxac	nhà xác	222	
nhanban	nhân bản	222	
phihanhgia	phi hành gia	222	
pham	phàm	222	
tiendoan	tiên đoán	222	
tienphong	tiền phong	222	
ta	tà	222	
o	ố	222	
chumay	chú mày	221	
hoahoan	hoả hoạn	221	
khaihoa	khai hoả	221	
matca	mắt cá	221	
trinhnu	trinh nữ	221	
tuytien	tuỳ tiện	221	
tamdiem	tâm điểm	221	
tapket	tập kết	221	
choangvang	choáng váng	220	
chiit	chí ít	220	
cau	cáu	220	
khoekhoan	khoẻ khoắn	220	
manro	man rợ	220	
ngheokho	nghèo khó	220	
noigian	nội gián	220	
phanvan	phân vân	220	
rap	rập	220	
sam	sấm	220	
tulap	tự lập	220	
vohan	vô hạn	220	
anhoc	ăn học	220	
dieuche	điều chế	220	
tuyenquang	Tuyên Quang	219	
bandoi	bạn đời	219	
battan	bất tận	219	
chienhuu	chiến hữu	219	
hot	hột	219	
khanghi	khả nghi	219	
lauchui	lau chùi	219	
ngoaithuong	ngoại thương	219	
ngong	ngỗng	219	
na	nà	219	
netranh	né tránh	219	
phan	phận	219	
thudich	thù địch	219	
trangtrai	trang trải	219	
tuongthuat	tường thuật	219	
tauthoat	tẩu thoát	219	
condao	Côn Đảo	218	
boctham	bốc thăm	218	
duahau	dưa hấu	218	
hanhhung	hành hung	218	
mongmoi	mong mỏi	218	
mit	mít	218	
muc	múc	218	
mynghe	mỹ nghệ	218	
nha	nhã	218	
noitroi	nổi trội	218	
phanno	phẫn nộ	218	
renri	rên rỉ	218	
suyluan	suy luận	218	
say	sảy	218	
thigio	thì giờ	218	
vat	vạt	218	
nammy	Nam Mỹ	217	
benhdich	bệnh dịch	217	
chuoc	chuốc	217	
chopmat	chớp mắt	217	
con	côn	217	
dienthuyet	diễn thuyết	217	
gio	giỗ	217	
hopthu	hộp thư	217	
khoailang	khoai lang	217	
longtrong	long trọng	217	
lu	lu	217	
nhavanhoa	nhà văn hoá	217	
saydam	say đắm	217	
thoigio	thời giờ	217	
trangnha	trang nhã	217	
vantue	vạn tuế	217	
hiep	Hiệp	216	
binhphuc	bình phục	216	
duoclieu	dược liệu	216	
hopkim	hợp kim	216	
lan	lấn	216	
naonhiet	náo nhiệt	216	
pho	phổ	216	
ranhroi	rảnh rỗi	216	
thongcao	thông cáo	216	
tinhhoa	tinh hoa	216	
taiba	tài ba	216	
tuxung	tự xưng	216	
uyenuong	uyên ương	216	
ta	Tạ	215	
bienhoa	biến hoá	215	
bauvat	báu vật	215	
nhang	nhang	215	
rahieu	ra hiệu	215	
ran	ran	215	
thuocsung	thuốc súng	215	
tinhthe	tinh thể	215	
trang	trạng	215	
xeom	xe ôm	215	
anhan	ân hận	215	
daklak	Đắk Lắk	215	
ui	ủi	215	
u	ứ	215	
bangquang	bàng quang	214	
cuoc	cuốc	214	
giatoc	gia tốc	214	
giannan	gian nan	214	
men	mền	214	
thuthanh	thủ thành	214	
thucdia	thực địa	214	
nhung	Nhung	213	
ty	Tỵ	213	
chiemlinh	chiếm lĩnh	213	
chuyenphat	chuyển phát	213	
choibo	chối bỏ	213	
congnang	công năng	213	
hoc	hốc	213	
le	le	213	
leduong	lề đường	213	
muusinh	mưu sinh	213	
ngo	ngỡ	213	
thanhly	thanh lý	213	
thuyvan	thuỷ văn	213	
thucthe	thực thể	213	
toadam	toạ đàm	213	
tuvung	từ vựng	213	
i	ị	213	
oanh	Oanh	212	
tuyet	Tuyết	212	
bantang	ban tặng	212	
capbac	cấp bậc	212	
giamho	giám hộ	212	
giaoan	giáo án	212	
goi	gội	212	
khoidiem	khởi điểm	212	
nhayben	nhạy bén	212	
quaco	quá cố	212	
quanphuc	quân phục	212	
thoai	thoái	212	
toan	toan	212	
taihoa	tài hoa	212	
tucthi	tức thì	212	
vuluc	vũ lực	212	
be	bệ	211	
day	dầy	211	
hao	hảo	211	
noixau	nói xấu	211	
trucquan	trực quan	211	
tegiac	tê giác	211	
toroi	tờ rơi	211	
auyem	âu yếm	211	
laichau	Lai Châu	210	
bon	bổn	210	
duong	dượng	210	
day	dấy	210	
giacngo	giác ngộ	210	
hoamau	hoa màu	210	
ham	hăm	210	
lapphap	lập pháp	210	
nao	nao	210	
ngontu	ngôn từ	210	
trenduoi	trên dưới	210	
tuongquan	tương quan	210	
xien	xiên	210	
xamchiem	xâm chiếm	210	
ongxa	ông xã	210	
donga	Đông Á	210	
da	đả	210	
datdo	đắt đỏ	210	
badinh	Ba Đình	209	
caheo	cá heo	209	
giamthi	giám thị	209	
hocthuyet	học thuyết	209	
khaocohoc	khảo cổ học	209	
kiem	kiềm	209	
loanhquanh	loanh quanh	209	
nguvan	ngữ văn	209	
thamluan	tham luận	209	
thienchi	thiện chí	209	
tham	thắm	209	
tienboi	tiền bối	209	
tonkinh	tôn kính	209	
tinh	tịnh	209	
uy	uy	209	
vi	vĩ	209	
danhvan	đánh vần	209	
backan	Bắc Kạn	208	
co	Co	208	
cailuong	cải lương	208	
danthan	dấn thân	208	
giaohuu	giao hữu	208	
hanthu	hận thù	208	
hum	hừm	208	
khanhiem	khan hiếm	208	
tiemthuc	tiềm thức	208	
tiencua	tiền của	208	
vo	vờ	208	
daiviet	Đại Việt	208	
chai	chài	207	
chosan	chó săn	207	
duoi	duỗi	207	
hachtoan	hạch toán	207	
khotang	kho tàng	207	
kiendinh	kiên định	207	
tiemluc	tiềm lực	207	
trongnom	trông nom	207	
tac	tấc	207	
aoanh	ảo ảnh	207	
apu	ấp ủ	207	
haugiang	Hậu Giang	206	
namcuc	Nam cực	206	
di	dí	206	
giamcam	giam cầm	206	
giammuc	giám mục	206	
hac	hạc	206	
nach	nách	206	
quyt	quýt	206	
suyngam	suy ngẫm	206	
tuyp	tuýp	206	
totruong	tổ trưởng	206	
daolon	đảo lộn	206	
kieu	Kiều	205	
anlanh	an lành	205	
banhchung	bánh chưng	205	
cuky	cũ kỹ	205	
luongthien	lương thiện	205	
muon	mướn	205	
phinh	phình	205	
quyphai	quý phái	205	
suynhuoc	suy nhược	205	
thammyvien	thẩm mỹ viện	205	
travinh	Trà Vinh	204	
danhnghia	danh nghĩa	204	
gai	gãi	204	
hieukhach	hiếu khách	204	
hu	hú	204	
lop	lợp	204	
motchieu	một chiều	204	
songhanh	song hành	204	
soi	sởi	204	
thaiduong	thái dương	204	
tieuthuong	tiểu thương	204	
tacphong	tác phong	204	
tinhnguyenvien	tình nguyện viên	204	
tansuat	tần suất	204	
xe	xế	204	
chibao	chỉ bảo	203	
capthiet	cấp thiết	203	
duy	duy	203	
dong	dông	203	
ham	hạm	203	
kiettac	kiệt tác	203	
kysinhtrung	ký sinh trùng	203	
loayhoay	loay hoay	203	
quychuan	quy chuẩn	203	
quangia	quản gia	203	
sieusao	siêu sao	203	
sai	sải	203	
thiluc	thị lực	203	
tru	trữ	203	
tacnghen	tắc nghẽn	203	
toam	tổ ấm	203	
xotxa	xót xa	203	
ben	bén	202	
banxu	bản xứ	202	
cabiet	cá biệt	202	
cohan	có hạn	202	
congkich	công kích	202	
canve	cận vệ	202	
hen	hên	202	
hocvan	học vấn	202	
luon	luồn	202	
lamvuon	làm vườn	202	
maccam	mặc cảm	202	
nghichngom	nghịch ngợm	202	
ngum	ngụm	202	
noiluc	nội lực	202	
phen	phen	202	
thuy	thuỳ	202	
thuongtiec	thương tiếc	202	
traudoi	trau dồi	202	
tantay	tận tay	202	
any	ăn ý	202	
dauxanh	đậu xanh	202	
bandung	bán đứng	201	
gao	gào	201	
laban	la bàn	201	
nhasu	nhà sư	201	
nhonhat	nhỏ nhặt	201	
noicac	nội các	201	
photlo	phớt lờ	201	
quanngai	quan ngại	201	
ria	rìa	201	
songsinh	song sinh	201	
thoau	thơ ấu	201	
thuonggia	thương gia	201	
thanky	thần kỳ	201	
thetich	thể tích	201	
vanbang	văn bằng	201	
vondi	vốn dĩ	201	
xoi	xơi	201	
acliet	ác liệt	201	
ami	ầm ĩ	201	
chungcuoc	chung cuộc	200	
chongchoi	chống chọi	200	
giadoi	giả dối	200	
ke	ke	200	
mang	máng	200	
macca	mặc cả	200	
ngheonan	nghèo nàn	200	
quocvuong	quốc vương	200	
sut	sụt	200	
thatthuong	thất thường	200	
thusau	thứ sáu	200	
trinhbao	trình báo	200	
vit	vít	200	
vankien	văn kiện	200	
don	đốn	200	
bach	Bạch	199	
capuy	cấp uỷ	199	
canke	cận kề	199	
gaprut	gấp rút	199	
khoekhoang	khoe khoang	199	
kiemnghiem	kiểm nghiệm	199	
ngayngay	ngày ngày	199	
nammo	nằm mơ	199	
thamvan	tham vấn	199	
thangngay	tháng ngày	199	
thoi	thỏi	199	
tiengtam	tiếng tăm	199	
trong	tròng	199	
tuyenngon	tuyên ngôn	199	
detien	đê tiện	199	
autrung	ấu trùng	199	
nauy	Na Uy	198	
quach	Quách	198	
thy	Thy	198	
chop	chộp	198	
dannhac	dàn nhạc	198	
lalam	lạ lẫm	198	
phatngonvien	phát ngôn viên	198	
ruatien	rửa tiền	198	
sieutoc	siêu tốc	198	
tienle	tiền lẻ	198	
tiennhiem	tiền nhiệm	198	
triet	triệt	198	
tam	tăm	198	
xu	xù	198	
dungmuc	đúng mức	198	
manh	Mạnh	197	
phuoc	Phước	197	
canhgiu	canh giữ	197	
cokhi	có khi	197	
cuahieu	cửa hiệu	197	
hieunang	hiệu năng	197	
lan	lận	197	
nghiencuusinh	nghiên cứu sinh	197	
thau	thầu	197	
tuyetdieu	tuyệt diệu	197	
vot	vợt	197	
ut	Út	197	
dientoan	điện toán	197	
daibac	đại bác	197	
dautay	đầu tay	197	
do	đọ	197	
doctai	độc tài	197	
loc	Lộc	196	
baothu	bảo thủ	196	
caulong	cầu lông	196	
hoathuong	hoà thượng	196	
hat	hất	196	
khongtrung	không trung	196	
luanan	luận án	196	
ngoaithanh	ngoại thành	196	
sieunhien	siêu nhiên	196	
thamtra	thẩm tra	196	
tao	Táo	195	
chieuthuc	chiêu thức	195	
chutam	chú tâm	195	
hoatan	hoà tan	195	
kynguyen	kỷ nguyên	195	
nhe	nhẽ	195	
niemmac	niêm mạc	195	
quat	quát	195	
riengle	riêng lẻ	195	
thaotung	thao túng	195	
tia	tía	195	
ton	tồn	195	
xoayxo	xoay xở	195	
ancan	ân cần	195	
nguyet	Nguyệt	194	
thuong	Thường	194	
baoquat	bao quát	194	
bon	bon	194	
banh	bảnh	194	
covat	cổ vật	194	
gioichuc	giới chức	194	
khodau	khổ đau	194	
lolung	lơ lửng	194	
nhatbao	nhật báo	194	
sacto	sắc tố	194	
tho	thò	194	
thatthoat	thất thoát	194	
thanlan	thằn lằn	194	
tholo	thổ lộ	194	
trat	trật	194	
dieuphoi	điều phối	194	
duoc	đuốc	194	
dit	địt	194	
donghuong	đồng hương	194	
su	Su	193	
aouoc	ao ước	193	
bienthe	biến thể	193	
botay	bó tay	193	
caiva	cãi vã	193	
cotuc	cổ tức	193	
culy	cự ly	193	
hanh	hanh	193	
huongnghiep	hướng nghiệp	193	
hocduong	học đường	193	
khuyennghi	khuyến nghị	193	
khit	khít	193	
keocaosu	kẹo cao su	193	
longnguc	lồng ngực	193	
ramro	rầm rộ	193	
sup	sụp	193	
thim	thím	193	
tung	tưng	193	
xathu	xạ thủ	193	
diemtam	điểm tâm	193	
dinhcong	đình công	193	
at	ắt	193	
baoan	bảo an	192	
giongdieu	giọng điệu	192	
hiemnguy	hiểm nguy	192	
huybo	huỷ bỏ	192	
hinhthai	hình thái	192	
kieng	kiêng	192	
metvuong	mét vuông	192	
matxanh	mắt xanh	192	
nguong	ngượng	192	
nhansam	nhân sâm	192	
nhot	nhớt	192	
panh	panh	192	
phaichi	phải chi	192	
sucvat	súc vật	192	
thunhan	thu nhận	192	
thulao	thù lao	192	
trungtuong	trung tướng	192	
xemthuong	xem thường	192	
baotoan	bảo toàn	191	
choang	choàng	191	
chong	chóng	191	
chiuthua	chịu thua	191	
daidot	dại dột	191	
haoquang	hào quang	191	
hocthuat	học thuật	191	
kiemdich	kiểm dịch	191	
luu	lựu	191	
matran	ma trận	191	
thathiet	tha thiết	191	
toancauhoa	toàn cầu hoá	191	
trungdoi	trung đội	191	
dientin	điện tín	191	
than	Thân	190	
bieulo	biểu lộ	190	
baibo	bãi bỏ	190	
bemac	bế mạc	190	
chunhat	chữ nhật	190	
conroi	con rối	190	
daugoi	dầu gội	190	
khandai	khán đài	190	
lamtron	làm tròn	190	
ngamngui	ngậm ngùi	190	
nhaan	nhà ăn	190	
phukhoa	phụ khoa	190	
quaquyet	quả quyết	190	
rap	ráp	190	
thayma	thây ma	190	
xuongsong	xương sống	190	
xin	xỉn	190	
dai	Đài	190	
dauthu	đầu thú	190	
annap	ẩn nấp	190	
bacmy	Bắc Mỹ	189	
luan	Luân	189	
cuopboc	cướp bóc	189	
ganhvac	gánh vác	189	
hinhthe	hình thể	189	
nhole	nhỏ lẻ	189	
sanco	sân cỏ	189	
truongphai	trường phái	189	
tutri	tự trị	189	
vocam	vô cảm	189	
vut	vụt	189	
xiet	xiết	189	
xua	xua	189	
xahoiden	xã hội đen	189	
don	độn	189	
bientapvien	biên tập viên	188	
binhdi	bình dị	188	
camnang	cẩm nang	188	
cothu	cổ thụ	188	
cuutinh	cứu tinh	188	
duyenhai	duyên hải	188	
lom	lõm	188	
man	mận	188	
nho	nhô	188	
nuocbot	nước bọt	188	
oa	oà	188	
phoibay	phơi bày	188	
quanvot	quần vợt	188	
rinhrap	rình rập	188	
samuat	sầm uất	188	
sungsot	sửng sốt	188	
tongbientap	tổng biên tập	188	
voan	voan	188	
dam	Đàm	188	
lan	Lân	187	
truong	Trường	187	
batcan	bất cẩn	187	
bong	bồng	187	
bua	bừa	187	
hieuhoc	hiếu học	187	
haicau	hải cẩu	187	
mong	mọng	187	
nen	nện	187	
sangloc	sàng lọc	187	
suatuoi	sữa tươi	187	
xi	xí	187	
itnhat	ít nhất	187	
baitiet	bài tiết	186	
banghoang	bàng hoàng	186	
bodang	bộ dạng	186	
chiet	chiết	186	
cancuoc	căn cước	186	
cuongquoc	cường quốc	186	
camcu	cầm cự	186	
dungkhi	dũng khí	186	
ghentuong	ghen tuông	186	
hamnong	hâm nóng	186	
hinhhoc	hình học	186	
khangkhang	khăng khăng	186	
luudien	lưu diễn	186	
muu	mưu	186	
mot	một	186	
ray	rẫy	186	
suvat	sự vật	186	
thuocdo	thước đo	186	
thudong	thụ động	186	
truong	trướng	186	
trau	trầu	186	
truluong	trữ lượng	186	
tuon	tuôn	186	
tung	tụng	186	
xinchao	xin chào	186	
danduoc	đạn dược	186	
daulong	đầu lòng	186	
arap	Ả Rập	186	
bet	bét	185	
bao	bạo	185	
batkhathi	bất khả thi	185	
chungchung	chung chung	185	
cuongquyet	cương quyết	185	
com	cốm	185	
hiemhoa	hiểm hoạ	185	
kieu	kiệu	185	
luon	lươn	185	
nhipdieu	nhịp điệu	185	
nongcot	nòng cốt	185	
phongthich	phóng thích	185	
taitieng	tai tiếng	185	
thancan	thân cận	185	
vangbac	vàng bạc	185	
daothai	đào thải	185	
thien	Thiện	184	
batmi	bật mí	184	
chechan	che chắn	184	
cuuchua	cứu chữa	184	
duong	dường	184	
giuong	giương	184	
hautruong	hậu trường	184	
hacam	hắc ám	184	
khuatphuc	khuất phục	184	
ke	kè	184	
soat	soát	184	
thamchien	tham chiến	184	
thicu	thi cử	184	
thaudao	thấu đáo	184	
taohoa	tạo hoá	184	
diacau	địa cầu	184	
uc	ức	184	
boiban	bồi bàn	183	
cap	cap	183	
chaubau	châu báu	183	
comment	comment	183	
cauthanh	cấu thành	183	
nhakinh	nhà kính	183	
nhoccon	nhóc con	183	
reu	rêu	183	
sinhtu	sinh tử	183	
thisi	thi sĩ	183	
thietnghi	thiết nghĩ	183	
thangtram	thăng trầm	183	
taidien	tái diễn	183	
taisao	tại sao	183	
tenhat	tẻ nhạt	183	
xahoa	xa hoa	183	
danhhoi	đánh hơi	183	
thong	Thông	182	
baitri	bài trí	182	
bidong	bị động	182	
dahoi	dạ hội	182	
danvat	dằn vặt	182	
khoixuong	khởi xướng	182	
kyquan	kỳ quan	182	
lim	lim	182	
lang	láng	182	
mecon	mẹ con	182	
nan	nặn	182	
quai	quai	182	
thamhut	thâm hụt	182	
thamnien	thâm niên	182	
trian	tri ân	182	
tuot	tuốt	182	
tinhtinh	tính tình	182	
vuotve	vuốt ve	182	
anxa	ân xá	182	
danhmay	đánh máy	182	
doixung	đối xứng	182	
dongkinh	động kinh	182	
e	ế	182	
baco	bà cô	181	
chuanxac	chuẩn xác	181	
caucuu	cầu cứu	181	
hinhmau	hình mẫu	181	
lang	lạng	181	
nhaynhot	nhảy nhót	181	
quyetdoan	quyết đoán	181	
thanhpham	thành phẩm	181	
tuong	tuồng	181	
toingay	tối ngày	181	
vinh	vinh	181	
vang	vầng	181	
yduoc	y dược	181	
dienmay	điện máy	181	
dodau	đỡ đầu	181	
uom	ươm	181	
youtube	YouTube	180	
bangphang	bằng phẳng	180	
chat	chát	180	
cucai	củ cải	180	
cungnhac	cứng nhắc	180	
gietmo	giết mổ	180	
ga	gả	180	
khuyu	khuỷu	180	
khagia	khá giả	180	
kientoan	kiện toàn	180	
lachan	lá chắn	180	
lethuoc	lệ thuộc	180	
mot	mọt	180	
ngannap	ngăn nắp	180	
niu	níu	180	
thihieu	thị hiếu	180	
thutieu	thủ tiêu	180	
toanven	toàn vẹn	180	
taolap	tạo lập	180	
visong	vi sóng	180	
vet	vẹt	180	
xoabop	xoa bóp	180	
denpin	đèn pin	180	
quang	Quảng	179	
binhdoan	binh đoàn	179	
cham	chàm	179	
khobac	kho bạc	179	
langmo	lăng mộ	179	
letan	lễ tân	179	
nghen	nghẹn	179	
no	nỡ	179	
nutrang	nữ trang	179	
phagia	phá giá	179	
phong	phỏng	179	
phuchop	phức hợp	179	
sacthai	sắc thái	179	
tanh	tanh	179	
thinhno	thịnh nộ	179	
tiepte	tiếp tế	179	
tranhdau	tranh đấu	179	
tran	trăn	179	
trangian	trần gian	179	
tauhoa	tàu hoả	179	
tatbat	tất bật	179	
dudu	đu đủ	179	
dinhdiem	đỉnh điểm	179	
dongloai	đồng loại	179	
tho	Thọ	178	
banhnuong	bánh nướng	178	
bangoc	bản gốc	178	
chip	chíp	178	
cuuvan	cứu vãn	178	
ghidanh	ghi danh	178	
hanhquyet	hành quyết	178	
haidang	hải đăng	178	
khiepso	khiếp sợ	178	
kholong	khó lòng	178	
kyquai	kỳ quái	178	
ngatxiu	ngất xỉu	178	
phuluc	phụ lục	178	
ruoubia	rượu bia	178	
suhoc	sử học	178	
thutinh	thụ tinh	178	
trinao	trí não	178	
tuyenduong	tuyên dương	178	
taixuat	tái xuất	178	
xungkich	xung kích	178	
dientrai	điển trai	178	
dan	Dần	177	
tong	Tống	177	
biendo	biên độ	177	
blu	blu	177	
banhtrang	bánh tráng	177	
bocbach	bộc bạch	177	
chongdo	chống đỡ	177	
choi	chồi	177	
cachdieu	cách điệu	177	
cong	cõng	177	
cong	cọng	177	
gut	gút	177	
hoanvu	hoàn vũ	177	
hanhan	hạn hán	177	
lathuong	lạ thường	177	
nguyenban	nguyên bản	177	
ngoi	ngòi	177	
nguoc	ngước	177	
ngo	ngố	177	
ren	rên	177	
suong	suông	177	
thuocmen	thuốc men	177	
tap	tấp	177	
tac	tặc	177	
veso	vé số	177	
vung	vừng	177	
xeng	xẻng	177	
donchao	đón chào	177	
daikhai	đại khái	177	
dayap	đầy ắp	177	
kinhthanh	Kinh Thánh	176	
lienhopquoc	Liên Hợp Quốc	176	
quynh	Quỳnh	176	
gonnhe	gọn nhẹ	176	
kiemsat	kiểm sát	176	
lia	lìa	176	
ludoan	lữ đoàn	176	
ngotngat	ngột ngạt	176	
nayno	này nọ	176	
nongnay	nóng nảy	176	
phat	phất	176	
sanh	sành	176	
thuocha	thuộc hạ	176	
tuyenthu	tuyển thủ	176	
dieuhoa	điều hoà	176	
sapa	Sa Pa	175	
nem	nem	175	
nhachua	nhà chứa	175	
nhamchuc	nhậm chức	175	
phugia	phụ gia	175	
thonglinh	thống lĩnh	175	
tochat	tố chất	175	
vanvat	vạn vật	175	
cogioi	cơ giới	174	
cancau	cần câu	174	
gat	gặt	174	
hiep	hiếp	174	
hoanghot	hoảng hốt	174	
lua	lùa	174	
nhai	nhãi	174	
que	què	174	
sanggia	sáng giá	174	
thanthuong	thân thương	174	
thuctinh	thức tỉnh	174	
tac	tạc	174	
vong	võng	174	
ua	ừa	174	
beboi	bê bối	173	
baodong	bạo động	173	
caiquan	cai quản	173	
hoangkim	hoàng kim	173	
haily	hải lý	173	
ngoaidao	ngoại đạo	173	
quangcanh	quang cảnh	173	
sotham	sơ thẩm	173	
thui	thúi	173	
trien	triển	173	
tomhum	tôm hùm	173	
tubi	từ bi	173	
sec	Séc	172	
te	Tề	172	
biettay	biết tay	172	
bongban	bóng bàn	172	
chinchan	chín chắn	172	
covua	cờ vua	172	
dalieu	da liễu	172	
gap	gắp	172	
khoihai	khôi hài	172	
matmay	mặt mày	172	
ngancach	ngăn cách	172	
thoithuong	thời thượng	172	
tamtru	tạm trú	172	
toc	tốc	172	
tongquan	tổng quan	172	
tucngu	tục ngữ	172	
xuctac	xúc tác	172	
dienkinh	điền kinh	172	
ditme	địt mẹ	172	
lyson	Lý Sơn	171	
phung	Phụng	171	
camthu	căm thù	171	
cohoc	cơ học	171	
danda	dân dã	171	
gop	gộp	171	
lo	lơ	171	
nguyenmau	nguyên mẫu	171	
nhietdien	nhiệt điện	171	
nhim	nhím	171	
na	nã	171	
nac	nạc	171	
taysai	tay sai	171	
thau	thâu	171	
thoca	thơ ca	171	
trivi	trị vì	171	
tanac	tàn ác	171	
vay	vảy	171	
xamhai	xâm hại	171	
xungtoi	xưng tội	171	
dacan	đặc ân	171	
du	đụ	171	
binhchanh	Bình Chánh	170	
chim	Chim	170	
xoviet	Xô viết	170	
bui	bùi	170	
chungthan	chung thân	170	
hangan	hàn gắn	170	
lamat	lạ mắt	170	
noiy	nội y	170	
rit	rít	170	
rang	rặng	170	
thautom	thâu tóm	170	
trungtu	trùng tu	170	
trongkhong	trống không	170	
tap	tạp	170	
xacsuat	xác suất	170	
xao	xạo	170	
du	đu	170	
donphuong	đơn phương	170	
daichien	đại chiến	170	
batu	Ba Tư	169	
taytang	Tây Tạng	169	
biquan	bi quan	169	
caothuong	cao thượng	169	
chenhao	chế nhạo	169	
hanhhuong	hành hương	169	
hinhnhu	hình như	169	
hongy	hồng y	169	
moigoi	mời gọi	169	
natri	natri	169	
nhatquyet	nhất quyết	169	
phongsu	phóng sự	169	
suytu	suy tư	169	
thangmot	tháng một	169	
trunglap	trung lập	169	
trucgiac	trực giác	169	
diemdanh	điểm danh	169	
daihoidong	đại hội đồng	169	
bienminh	biện minh	168	
beo	bèo	168	
bui	búi	168	
bich	bịch	168	
chivien	chi viện	168	
chop	chợp	168	
cui	cùi	168	
cannhan	cằn nhằn	168	
can	cặn	168	
danhdum	dành dụm	168	
hoaitu	hoại tử	168	
haluu	hạ lưu	168	
hoisuc	hồi sức	168	
loangxuong	loãng xương	168	
mo	mo	168	
ngoaihoi	ngoại hối	168	
nhankhau	nhân khẩu	168	
noitiet	nội tiết	168	
phongkhoang	phóng khoáng	168	
socap	sơ cấp	168	
taitrong	tải trọng	168	
volai	vô lại	168	
dothi	đồ thị	168	
dungcham	đụng chạm	168	
cuchi	Củ Chi	167	
chephu	che phủ	167	
chongtra	chống trả	167	
can	càn	167	
cay	cậy	167	
dedai	dễ dãi	167	
hanhhinh	hành hình	167	
khoet	khoét	167	
laytruyen	lây truyền	167	
let	lết	167	
matphang	mặt phẳng	167	
tanra	tan rã	167	
thamdo	thảm đỏ	167	
truutuong	trừu tượng	167	
tructrang	trực tràng	167	
tuhop	tụ họp	167	
eo	éo	167	
anthua	ăn thua	167	
daihoc	Đại Học	167	
daudau	đâu đâu	167	
bang	bàng	166	
chauluc	châu lục	166	
choctuc	chọc tức	166	
danvan	dân vận	166	
giaothuong	giao thương	166	
hoaibao	hoài bão	166	
hinhvuong	hình vuông	166	
heolanh	hẻo lánh	166	
matlong	mất lòng	166	
ngaoman	ngạo mạn	166	
taonha	tao nhã	166	
thamchieu	tham chiếu	166	
tienthan	tiền thân	166	
trotreu	trớ trêu	166	
tinchi	tín chỉ	166	
visinhvat	vi sinh vật	166	
emdem	êm đềm	166	
buonmathuot	Buôn Ma Thuột	165	
chiemdong	chiếm đóng	165	
choi	chòi	165	
che	chẻ	165	
dautay	dâu tây	165	
giaopho	giao phó	165	
khe	khế	165	
muarao	mưa rào	165	
nhasan	nhà sàn	165	
nangdo	nâng đỡ	165	
noinho	nói nhỏ	165	
noidanh	nổi danh	165	
rungminh	rùng mình	165	
san	sán	165	
thantho	than thở	165	
thanhdoan	thành đoàn	165	
thanhgia	thánh giá	165	
thamlang	thầm lặng	165	
tintac	tin tặc	165	
aoquan	áo quần	165	
dienap	điện áp	165	
baoche	bao che	164	
baybong	bay bổng	164	
chuyenkhoan	chuyển khoản	164	
danhvong	danh vọng	164	
didan	di dân	164	
gio	giở	164	
hanhnhan	hạnh nhân	164	
hoihan	hỏi han	164	
lala	là lạ	164	
lamthit	làm thịt	164	
laptrinhvien	lập trình viên	164	
maudon	mẫu đơn	164	
nhantam	nhẫn tâm	164	
quayquan	quây quần	164	
soho	sơ hở	164	
soi	sồi	164	
thanhngu	thành ngữ	164	
troibuoc	trói buộc	164	
tau	tâu	164	
tuthuc	tư thục	164	
uyhiep	uy hiếp	164	
dodac	đo đạc	164	
dondieu	đơn điệu	164	
daitrang	đại tràng	164	
doi	đới	164	
ductinh	đức tính	164	
cuc	Cúc	163	
cam	Cầm	163	
lienhiepquoc	Liên Hiệp Quốc	163	
napoli	Napoli	163	
binhthan	bình thản	163	
bongdang	bóng dáng	163	
bachtuoc	bạch tuộc	163	
chuong	chuộng	163	
gie	giẻ	163	
hoatchat	hoạt chất	163	
huutri	hưu trí	163	
nghichly	nghịch lý	163	
phutro	phụ trợ	163	
quanho	quan họ	163	
soai	soái	163	
sachbao	sách báo	163	
thuphap	thư pháp	163	
tapsu	tập sự	163	
yniem	ý niệm	163	
daoboi	đào bới	163	
dongianhoa	đơn giản hoá	163	
daidoanket	đại đoàn kết	163	
benh	bênh	162	
codo	cố đô	162	
goi	gỏi	162	
khoacao	khoác áo	162	
kemcoi	kém cỏi	162	
lotoan	lo toan	162	
loe	loé	162	
luuvuc	lưu vực	162	
maymac	may mặc	162	
photruong	phô trương	162	
saubo	sâu bọ	162	
thuongta	thượng tá	162	
thucluc	thực lực	162	
trungco	trung cổ	162	
vevang	vẻ vang	162	
vi	vỉ	162	
xalanh	xa lánh	162	
uocmuon	ước muốn	162	
quangchau	Quảng Châu	161	
boa	boa	161	
bonchon	bồn chồn	161	
chungco	chứng cớ	161	
dondap	dồn dập	161	
hun	hun	161	
khachsao	khách sáo	161	
kieubao	kiều bào	161	
luutruyen	lưu truyền	161	
lacda	lạc đà	161	
miencuong	miễn cưỡng	161	
matmat	mất mặt	161	
maumuc	mẫu mực	161	
monhat	mờ nhạt	161	
nhantinh	nhân tính	161	
nonnong	nôn nóng	161	
phacthao	phác thảo	161	
phaobinh	pháo binh	161	
phuctham	phúc thẩm	161	
phugiup	phụ giúp	161	
quenlang	quên lãng	161	
sam	sạm	161	
tung	tùng	161	
dan	Đan	161	
dieutran	điều trần	161	
aiai	ai ai	160	
chieng	chiêng	160	
choiboi	chơi bời	160	
chich	chịch	160	
cogian	co giãn	160	
do	dó	160	
khuaydong	khuấy động	160	
kera	kể ra	160	
muusat	mưu sát	160	
nangniu	nâng niu	160	
ranh	ranh	160	
socola	sôcôla	160	
trung	trưng	160	
tuyenan	tuyên án	160	
diemnong	điểm nóng	160	
donbay	đòn bẩy	160	
bachdang	Bạch Đằng	159	
chuyencho	chuyên chở	159	
dando	dặn dò	159	
gi	gỉ	159	
hieunghiem	hiệu nghiệm	159	
hu	hũ	159	
hongcau	hồng cầu	159	
khithe	khí thế	159	
laulau	lâu lâu	159	
loxo	lò xo	159	
nan	nan	159	
nhavuon	nhà vườn	159	
phelieu	phế liệu	159	
sinhsoi	sinh sôi	159	
suc	súc	159	
thoathich	thoả thích	159	
thuongpham	thương phẩm	159	
thuongluu	thượng lưu	159	
troichay	trôi chảy	159	
truocsau	trước sau	159	
vuavan	vừa vặn	159	
dongque	đồng quê	159	
huong	Hường	158	
ban	bần	158	
chinhnghia	chính nghĩa	158	
chatchoi	chật chội	158	
cuango	cửa ngõ	158	
hoanmy	hoàn mỹ	158	
matcong	mất công	158	
nghenngao	nghẹn ngào	158	
quay	quẩy	158	
thobao	thô bạo	158	
thuongdinh	thượng đỉnh	158	
trongyeu	trọng yếu	158	
trui	trụi	158	
canh	Canh	157	
loi	Lợi	157	
quyen	Quyên	157	
tri	Trí	157	
bieutrung	biểu trưng	157	
benhnhi	bệnh nhi	157	
choclat	chốc lát	157	
coi	cối	157	
coinguon	cội nguồn	157	
goccanh	góc cạnh	157	
hungkhi	hung khí	157	
haudue	hậu duệ	157	
hang	hẵng	157	
lan	lân	157	
macarong	ma cà rồng	157	
niendai	niên đại	157	
pao	pao	157	
quyen	quyện	157	
thanhlong	thanh long	157	
thuantuy	thuần tuý	157	
thoc	thọc	157	
thocung	thờ cúng	157	
tieukhien	tiêu khiển	157	
tamtoi	tăm tối	157	
vitha	vị tha	157	
decuong	đề cương	157	
thuc	Thục	156	
chomsao	chòm sao	156	
cuongbuc	cưỡng bức	156	
heo	héo	156	
khorao	khô ráo	156	
luanphien	luân phiên	156	
nghen	nghẽn	156	
thamkich	thảm kịch	156	
thithuc	thị thực	156	
trangtron	trăng tròn	156	
tranan	trấn an	156	
taigia	tại gia	156	
tusach	tủ sách	156	
vuongtrieu	vương triều	156	
xat	xắt	156	
daphuongtien	đa phương tiện	156	
danxen	đan xen	156	
dongruong	đồng ruộng	156	
tho	Thơ	155	
ad	ad	155	
buonte	buồn tẻ	155	
caitrang	cải trang	155	
cucdai	cực đại	155	
dangdo	dang dở	155	
hung	hung	155	
huyen	huyền	155	
hungkhoi	hứng khởi	155	
lamlanh	làm lành	155	
lenmen	lên men	155	
nuocloc	nước lọc	155	
noro	nở rộ	155	
quytrong	quý trọng	155	
roi	rọi	155	
sacso	sặc sỡ	155	
thuongnhat	thường nhật	155	
thamthau	thẩm thấu	155	
tiepgiap	tiếp giáp	155	
trucdien	trực diện	155	
apbuc	áp bức	155	
auda	ẩu đả	155	
bo	Bồ	154	
sontay	Sơn Tây	154	
cadao	ca dao	154	
caotrang	cáo trạng	154	
haidao	hải đảo	154	
hoiha	hối hả	154	
luutam	lưu tâm	154	
luongtu	lượng tử	154	
nhapcuoc	nhập cuộc	154	
phancam	phản cảm	154	
quanlieu	quan liêu	154	
rot	rốt	154	
saudam	sâu đậm	154	
sacben	sắc bén	154	
trieuhoi	triệu hồi	154	
troc	tróc	154	
truongquay	trường quay	154	
tamthuc	tâm thức	154	
vachtran	vạch trần	154	
xalim	xà lim	154	
at	át	154	
dong	đong	154	
giadinh	Gia Định	153	
bung	bưng	153	
bapcai	bắp cải	153	
bemat	bẽ mặt	153	
chuyenbiet	chuyên biệt	153	
hoi	hói	153	
hangsay	hăng say	153	
hoidam	hội đàm	153	
hoi	hời	153	
lamnhuc	làm nhục	153	
loi	lồi	153	
mavach	mã vạch	153	
ngoaithat	ngoại thất	153	
nhonhoi	nhỏ nhoi	153	
noilien	nối liền	153	
phanquoc	phản quốc	153	
quagiang	quá giang	153	
quay	quấy	153	
rongluong	rộng lượng	153	
tayao	tay áo	153	
thamtam	thâm tâm	153	
thoso	thô sơ	153	
thaomoc	thảo mộc	153	
tray	trầy	153	
tusan	tư sản	153	
xo	xỏ	153	
ach	ách	153	
ichloi	ích lợi	153	
diep	điệp	153	
duoi	đuối	153	
dayray	đầy rẫy	153	
gia	Gia	152	
baodung	bao dung	152	
batbinh	bất bình	152	
batlua	bật lửa	152	
chenh	chênh	152	
chinhta	chính tả	152	
cui	cũi	152	
duachuot	dưa chuột	152	
hoanhhanh	hoành hành	152	
ho	hờ	152	
khettieng	khét tiếng	152	
luotsong	lướt sóng	152	
mai	mải	152	
phongdai	phóng đại	152	
quaidan	quái đản	152	
re	rê	152	
sanphu	sản phụ	152	
tinhdich	tinh dịch	152	
tretho	trẻ thơ	152	
tep	tệp	152	
doikhang	đối kháng	152	
botui	bỏ túi	151	
boi	bới	151	
changhan	chẳng hạn	151	
chuy	chủ ý	151	
cancan	cán cân	151	
hienthan	hiện thân	151	
hoi	hoi	151	
hoaquyen	hoà quyện	151	
khidot	khí đốt	151	
loi	lòi	151	
lanchiem	lấn chiếm	151	
nhagiam	nhà giam	151	
quockhanh	quốc khánh	151	
thoivu	thời vụ	151	
tinhnghia	tình nghĩa	151	
todiem	tô điểm	151	
tutuc	tự túc	151	
xot	xót	151	
anmay	ăn mày	151	
ducket	đúc kết	151	
dauvat	đấu vật	151	
quangdong	Quảng Đông	150	
bip	bíp	150	
chungsinh	chúng sinh	150	
chathep	chật hẹp	150	
giaugiem	giấu giếm	150	
gang	găng	150	
hungdu	hung dữ	150	
hunghang	hung hăng	150	
hot	hốt	150	
khieukien	khiếu kiện	150	
khientrach	khiển trách	150	
khuyet	khuyết	150	
lontieng	lớn tiếng	150	
nuoinang	nuôi nấng	150	
nangnhoc	nặng nhọc	150	
thinhhanh	thịnh hành	150	
vualong	vừa lòng	150	
xem	xém	150	
ua	ùa	150	
dam	đảm	150	
dungdan	đứng đắn	150	
mui	Mùi	149	
phung	Phùng	149	
sieunhan	Siêu Nhân	149	
thin	Thìn	149	
biendich	biên dịch	149	
boclot	bóc lột	149	
chienham	chiến hạm	149	
chetai	chế tài	149	
caito	cải tổ	149	
catgiau	cất giấu	149	
deodai	dẻo dai	149	
hao	hao	149	
hau	hàu	149	
henha	hèn hạ	149	
lotxac	lột xác	149	
muavu	mùa vụ	149	
quanghoc	quang học	149	
thao	thạo	149	
tieptan	tiếp tân	149	
vohieu	vô hiệu	149	
vay	vấy	149	
xenke	xen kẽ	149	
duongkim	đương kim	149	
duongsu	đương sự	149	
uocluong	ước lượng	149	
an	Ấn	149	
quyen	Quyền	148	
boncau	bồn cầu	148	
chietkhau	chiết khấu	148	
chantinh	chân tình	148	
chinhhinh	chỉnh hình	148	
cayco	cây cỏ	148	
hucau	hư cấu	148	
khongluu	không lưu	148	
nguocdai	ngược đãi	148	
tiet	tiệt	148	
trahoi	tra hỏi	148	
voi	vời	148	
xagiao	xã giao	148	
lo	Lỗ	147	
nho	Nho	147	
nom	Nôm	147	
baothai	bào thai	147	
boi	bội	147	
daidang	dai dẳng	147	
dietvong	diệt vong	147	
goma	gò má	147	
lanloi	lặn lội	147	
lung	lửng	147	
nguoidoi	người đời	147	
nhay	nháy	147	
neo	nẻo	147	
phatdat	phát đạt	147	
truyenba	truyền bá	147	
truyengiao	truyền giáo	147	
manila	Manila	146	
ngoquyen	Ngô Quyền	146	
sang	Sáng	146	
buctuc	bực tức	146	
danchoi	dân chơi	146	
hoathuan	hoà thuận	146	
hoangtoc	hoàng tộc	146	
ho	hò	146	
han	hằn	146	
kieng	kiếng	146	
minhman	minh mẫn	146	
nghiadia	nghĩa địa	146	
nguhanh	ngũ hành	146	
nhanhau	nhân hậu	146	
noiniem	nỗi niềm	146	
samset	sấm sét	146	
sohieu	số hiệu	146	
sodo	số đo	146	
thaonguyen	thảo nguyên	146	
thuphu	thủ phủ	146	
tran	trân	146	
tuoisong	tươi sống	146	
vay	vầy	146	
ve	vế	146	
dangcai	đăng cai	146	
damnet	đậm nét	146	
am	ầm	146	
gialam	Gia Lâm	145	
chung	chưng	145	
chuongngaivat	chướng ngại vật	145	
giaophai	giáo phái	145	
hatde	hạt dẻ	145	
hattieu	hạt tiêu	145	
linhdong	linh động	145	
longlanh	long lanh	145	
lanhgia	lạnh giá	145	
meo	méo	145	
nhapsieu	nhập siêu	145	
phandinh	phân định	145	
phongdoan	phỏng đoán	145	
saclenh	sắc lệnh	145	
thiencam	thiện cảm	145	
trinhtham	trinh thám	145	
trung	trũng	145	
tragop	trả góp	145	
vua	vữa	145	
davoi	đá vôi	145	
denpha	đèn pha	145	
duongtron	đường tròn	145	
damam	đầm ấm	145	
lap	Lập	144	
bancai	bàn cãi	144	
banggia	băng giá	144	
benhan	bệnh án	144	
buibam	bụi bặm	144	
bua	bựa	144	
chamkhac	chạm khắc	144	
cuckho	cực khổ	144	
danlap	dân lập	144	
giaco	gia cố	144	
khuyennong	khuyến nông	144	
lanhnghe	lành nghề	144	
maiphuc	mai phục	144	
mao	mạo	144	
matmui	mặt mũi	144	
phienha	phiền hà	144	
thuyetminh	thuyết minh	144	
thucgiuc	thúc giục	144	
thodan	thổ dân	144	
tieptay	tiếp tay	144	
tong	tong	144	
dienha	điện hạ	144	
doncu	đơn cử	144	
dungten	đứng tên	144	
binhnhuong	Bình Nhưỡng	143	
muong	Mường	143	
tp	TP	143	
antang	an táng	143	
baotu	bao tử	143	
camquan	cầm quân	143	
daumo	dầu mỡ	143	
hiemngheo	hiểm nghèo	143	
hang	háng	143	
hauthuan	hậu thuẫn	143	
hoingo	hội ngộ	143	
ngheodoi	nghèo đói	143	
nhamnhi	nhâm nhi	143	
nuocdung	nước dùng	143	
phiphap	phi pháp	143	
phich	phịch	143	
thetham	thê thảm	143	
tuhanh	tu hành	143	
totinh	tỏ tình	143	
amluong	âm lượng	143	
duongthoi	đương thời	143	
dinhluat	định luật	143	
nxb	NXB	142	
nham	Nhâm	142	
thinh	Thịnh	142	
bandam	bán dâm	142	
bitmat	bịt mắt	142	
bongbenh	bồng bềnh	142	
chiemhuu	chiếm hữu	142	
channgat	chán ngắt	142	
chuno	chủ nợ	142	
cuthehoa	cụ thể hoá	142	
danchung	dẫn chứng	142	
khuyen	khuyến	142	
khuonmau	khuôn mẫu	142	
manh	manh	142	
oi	oi	142	
ongchua	ong chúa	142	
oxi	oxi	142	
quanhien	quả nhiên	142	
que	quẻ	142	
ro	rộ	142	
thanhthoat	thanh thoát	142	
tondong	tồn đọng	142	
aiquoc	ái quốc	142	
ancuop	ăn cướp	142	
annan	ăn năn	142	
dinhkien	định kiến	142	
ia	ỉa	142	
triet	Triết	141	
baoche	bào chế	141	
baitran	bại trận	141	
batdacdi	bất đắc dĩ	141	
cohau	có hậu	141	
gaycan	gay cấn	141	
gautruc	gấu trúc	141	
habe	hạ bệ	141	
khiemthi	khiếm thị	141	
kieman	kiếm ăn	141	
lienluy	liên luỵ	141	
lunglay	lung lay	141	
meman	mê mẩn	141	
ngay	ngáy	141	
ngoncai	ngón cái	141	
phipham	phí phạm	141	
sin	sin	141	
sa	sả	141	
thiec	thiếc	141	
thannhien	thản nhiên	141	
thangdung	thẳng đứng	141	
tietnieu	tiết niệu	141	
tro	trơ	141	
trongtrai	trống trải	141	
tailap	tái lập	141	
angian	ăn gian	141	
anxin	ăn xin	141	
doxo	đổ xô	141	
giaotranh	giao tranh	140	
gac	gạc	140	
hi	hí	140	
hohoi	hồ hởi	140	
hongquan	hồng quân	140	
kichliet	kịch liệt	140	
kylan	kỳ lân	140	
lixi	lì xì	140	
mangtieng	mang tiếng	140	
namdam	nắm đấm	140	
sangnam	sang năm	140	
tich	tịch	140	
tra	Trà	139	
batman	bất mãn	139	
biadat	bịa đặt	139	
capphat	cấp phát	139	
cautha	cẩu thả	139	
giandon	giản đơn	139	
hieu	hiếu	139	
luumanh	lưu manh	139	
maitang	mai táng	139	
nuoitiec	nuối tiếc	139	
nuocda	nước đá	139	
phongthinghiem	phòng thí nghiệm	139	
ruomra	rườm rà	139	
thui	thui	139	
thanhduong	thánh đường	139	
thinhgia	thính giả	139	
thonghanh	thông hành	139	
tuquan	tự quản	139	
vongmac	võng mạc	139	
xamlang	xâm lăng	139	
xatri	xạ trị	139	
dothihoa	đô thị hoá	139	
do	đơ	139	
kiet	Kiệt	138	
sen	Sen	138	
sontra	Sơn Trà	138	
tho	Thỏ	138	
bayba	bậy bạ	138	
choangngop	choáng ngợp	138	
capquang	cáp quang	138	
diep	diệp	138	
giaochien	giao chiến	138	
huyetthong	huyết thống	138	
heluy	hệ luỵ	138	
hoituong	hồi tưởng	138	
khicau	khí cầu	138	
latvat	lặt vặt	138	
levat	lễ vật	138	
maysay	máy sấy	138	
nghingoi	nghĩ ngợi	138	
nhathuoc	nhà thuốc	138	
phaan	phá án	138	
quay	quây	138	
sungluc	súng lục	138	
thuocbo	thuốc bổ	138	
themmuon	thèm muốn	138	
traigai	trai gái	138	
tuckhac	tức khắc	138	
tukhoa	từ khoá	138	
vangdoi	vang dội	138	
vitrung	vi trùng	138	
vo	vo	138	
xenlan	xen lẫn	138	
onhoa	ôn hoà	138	
daitra	đại trà	138	
kiem	Kiếm	137	
camdo	cầm đồ	137	
gang	gang	137	
hinhhai	hình hài	137	
khom	khóm	137	
nangiai	nan giải	137	
nghiemcam	nghiêm cấm	137	
nghiaquan	nghĩa quân	137	
ngauhung	ngẫu hứng	137	
nhanqua	nhân quả	137	
nhaydu	nhảy dù	137	
phaiyeu	phái yếu	137	
phan	phắn	137	
ran	rặn	137	
thoi	thoi	137	
thinhlinh	thình lình	137	
thomay	thợ máy	137	
thucquan	thực quản	137	
tindung	tin dùng	137	
tanhon	tân hôn	137	
tuocdoat	tước đoạt	137	
teo	tẹo	137	
uyenchuyen	uyển chuyển	137	
uonluon	uốn lượn	137	
vienphi	viện phí	137	
omap	ôm ấp	137	
daongu	đào ngũ	137	
daydan	đầy đặn	137	
ung	ủng	137	
la	Lã	136	
thuy	Thuỳ	136	
bongo	bỡ ngỡ	136	
chatvat	chật vật	136	
chengu	chế ngự	136	
hinhthu	hình thù	136	
kythu	kỳ thú	136	
lanat	lấn át	136	
nghet	nghẹt	136	
nan	nắn	136	
oan	oán	136	
phanhoa	phân hoá	136	
thiensu	thiền sư	136	
thongtha	thong thả	136	
thanhthien	thánh thiện	136	
thot	thớt	136	
tiengvang	tiếng vang	136	
toannang	toàn năng	136	
tranghoang	trang hoàng	136	
tichtru	tích trữ	136	
tongtulenh	tổng tư lệnh	136	
vientuong	viễn tưởng	136	
xuaduoi	xua đuổi	136	
yeutinh	yêu tinh	136	
ahau	á hậu	136	
u	ù	136	
danhdau	đánh đầu	136	
donso	đơn sơ	136	
dongtam	đồng tâm	136	
doicho	đợi chờ	136	
lai	Lại	135	
vanminh	Văn Minh	135	
bip	bịp	135	
coibo	coi bộ	135	
camchan	cầm chân	135	
daocao	dao cạo	135	
giaohuong	giao hưởng	135	
gat	gắt	135	
khangcao	kháng cáo	135	
manhdong	manh động	135	
nhandante	nhân dân tệ	135	
songca	song ca	135	
thieuvang	thiếu vắng	135	
thuyenvien	thuyền viên	135	
thinhcau	thỉnh cầu	135	
thucdung	thực dụng	135	
tienthe	tiện thể	135	
tro	trổ	135	
taitinh	tài tình	135	
ve	vê	135	
votam	vô tâm	135	
vanmieu	văn miếu	135	
au	âu	135	
ankhach	ăn khách	135	
dom	đờm	135	
uong	ương	135	
meo	Mèo	134	
mattrang	Mặt Trăng	134	
au	au	134	
cachchuc	cách chức	134	
congduc	công đức	134	
canhvat	cảnh vật	134	
cancu	cần cù	134	
dichthuat	dịch thuật	134	
hanhtay	hành tây	134	
nhietliet	nhiệt liệt	134	
nhaque	nhà quê	134	
nhetay	nhẹ tay	134	
nanlong	nản lòng	134	
phannhieu	phần nhiều	134	
ruongdat	ruộng đất	134	
sungngan	súng ngắn	134	
sua	sứa	134	
thanphuc	thán phục	134	
thanhdia	thánh địa	134	
trutinh	trữ tình	134	
tuyrang	tuy rằng	134	
va	vả	134	
dieuluyen	điêu luyện	134	
damthoai	đàm thoại	134	
denxanh	đèn xanh	134	
dauphu	đậu phụ	134	
donglong	đồng lòng	134	
xuyen	Xuyên	133	
axit	axít	133	
chientran	chiến trận	133	
chandung	chặn đứng	133	
eobien	eo biển	133	
gangsuc	gắng sức	133	
khacnao	khác nào	133	
kenken	kền kền	133	
longleo	lỏng lẻo	133	
nguoinguoi	người người	133	
nhanhlen	nhanh lên	133	
nhao	nhạo	133	
nhan	nhẵn	133	
quythan	quỷ thần	133	
ronra	rộn rã	133	
sotai	sở tại	133	
thongtan	thông tấn	133	
thangdu	thặng dư	133	
thuhai	thứ hai	133	
tienle	tiền lệ	133	
tuongtruyen	tương truyền	133	
uam	u ám	133	
vanhien	văn hiến	133	
vuay	vừa ý	133	
xexac	xé xác	133	
actinh	ác tính	133	
donghoi	Đồng Hới	133	
daccu	đắc cử	133	
du	Du	132	
khuong	Khương	132	
bientau	biến tấu	132	
buonphien	buồn phiền	132	
benhvuc	bênh vực	132	
baylau	bấy lâu	132	
chao	chao	132	
chinhkhach	chính khách	132	
giomua	gió mùa	132	
giong	giông	132	
hoiam	hồi âm	132	
honghao	hồng hào	132	
khong	khống	132	
lamnham	lảm nhảm	132	
muondoi	muôn đời	132	
ngangnhien	ngang nhiên	132	
ngaingung	ngại ngùng	132	
phungphi	phung phí	132	
thatthu	thất thủ	132	
tusua	tu sửa	132	
tuonglinh	tướng lĩnh	132	
va	vã	132	
xaxa	xa xa	132	
xuatan	xua tan	132	
xahoihoc	xã hội học	132	
aophong	áo phông	132	
aothuatgia	ảo thuật gia	132	
hocmon	Hóc Môn	131	
hao	Hạo	131	
bode	bồ đề	131	
butpha	bứt phá	131	
chiemgiu	chiếm giữ	131	
chala	chả là	131	
cayxang	cây xăng	131	
codong	cổ động	131	
ganda	gan dạ	131	
hoiky	hồi ký	131	
khongkich	không kích	131	
kysinh	ký sinh	131	
luong	luống	131	
lamthoi	lâm thời	131	
mayxay	máy xay	131	
mannguyen	mãn nguyện	131	
mauvat	mẫu vật	131	
macdau	mặc dầu	131	
ngay	ngấy	131	
nhong	nhộng	131	
quymen	quý mến	131	
ruoi	rưỡi	131	
ro	rồ	131	
suasoan	sửa soạn	131	
thanthuoc	thân thuộc	131	
thuongsi	thượng sĩ	131	
trangnghiem	trang nghiêm	131	
vido	vĩ độ	131	
vangve	vắng vẻ	131	
xa	xá	131	
chungmuc	chừng mực	130	
caukinh	cáu kỉnh	130	
cattieng	cất tiếng	130	
danhlam	danh lam	130	
haikich	hài kịch	130	
haohung	hào hùng	130	
huongduong	hướng dương	130	
khoaicam	khoái cảm	130	
nenep	nề nếp	130	
phongtuyen	phòng tuyến	130	
rutre	rụt rè	130	
sap	sấp	130	
thama	tha ma	130	
thanhtinh	thanh tịnh	130	
thuyenchuyen	thuyên chuyển	130	
thuthat	thú thật	130	
thaukinh	thấu kính	130	
thanbi	thần bí	130	
thoren	thợ rèn	130	
tritre	trì trệ	130	
trandia	trận địa	130	
taynao	tẩy não	130	
vonven	vỏn vẹn	130	
vo	vồ	130	
xau	xâu	130	
donle	đơn lẻ	130	
daigiadinh	đại gia đình	130	
dang	đẳng	130	
bi	Bi	129	
si	Sĩ	129	
tay	Tày	129	
chuyentro	chuyện trò	129	
cungcap	cứng cáp	129	
huuhan	hữu hạn	129	
khonkheo	khôn khéo	129	
longmi	lông mi	129	
lui	lụi	129	
momang	mở mang	129	
ngaythang	ngay thẳng	129	
nhoa	nhoà	129	
phienmuon	phiền muộn	129	
tantanh	tan tành	129	
thanvan	than vãn	129	
thanggieng	tháng giêng	129	
thannhiet	thân nhiệt	129	
thungxe	thùng xe	129	
thuthai	thư thái	129	
thayboi	thầy bói	129	
trungtri	trừng trị	129	
taubay	tàu bay	129	
xat	xát	129	
xe	xệ	129	
dingoai	đi ngoài	129	
pleiku	Pleiku	128	
thach	Thạch	128	
uyen	Uyên	128	
yen	Yên	128	
banhran	bánh rán	128	
buongbinh	bướng bỉnh	128	
bathoa	bất hoà	128	
buabon	bừa bộn	128	
chade	cha đẻ	128	
chap	chập	128	
didom	dí dỏm	128	
gioinghiem	giới nghiêm	128	
giogiac	giờ giấc	128	
khokhan	khô khan	128	
kinhdo	kinh đô	128	
me	mè	128	
ngongac	ngơ ngác	128	
nhanhnhay	nhanh nhạy	128	
nhich	nhích	128	
nua	nứa	128	
om	om	128	
phudau	phù dâu	128	
phanchan	phấn chấn	128	
phandong	phần đông	128	
ra	rã	128	
rande	răn đe	128	
ray	rầy	128	
sungtuc	sung túc	128	
sotruot	sốt ruột	128	
taimat	tai mắt	128	
thanhthuc	thành thực	128	
thoichien	thời chiến	128	
tieudoi	tiểu đội	128	
xamlan	xâm lấn	128	
xautinh	xấu tính	128	
ongcha	ông cha	128	
doingheo	đói nghèo	128	
hoai	Hoài	127	
bangiay	bàn giấy	127	
benhtinh	bệnh tình	127	
bothi	bố thí	127	
ducvong	dục vọng	127	
gianua	già nua	127	
gam	găm	127	
hoangdao	hoàng đạo	127	
hanhep	hạn hẹp	127	
les	les	127	
liendoi	liên đội	127	
lambo	làm bộ	127	
lanhlan	lành lặn	127	
lichthiep	lịch thiệp	127	
nguy	ngụ ý	127	
nhaccong	nhạc công	127	
nuotchung	nuốt chửng	127	
nuocrut	nước rút	127	
nao	nạo	127	
rim	rim	127	
sasut	sa sút	127	
sangten	sang tên	127	
sokhai	sơ khai	127	
thongthao	thông thạo	127	
truongchinh	trường chinh	127	
tangau	tán gẫu	127	
tinhca	tình ca	127	
xocung	xơ cứng	127	
yem	yếm	127	
mau	Mậu	126	
tuyhoa	Tuy Hoà	126	
bangbo	báng bổ	126	
banhbao	bảnh bao	126	
chiensu	chiến sự	126	
chexuat	chế xuất	126	
chocgian	chọc giận	126	
dansinh	dân sinh	126	
giaohop	giao hợp	126	
giausang	giàu sang	126	
gioigiang	giỏi giang	126	
langnhang	lăng nhăng	126	
moctui	móc túi	126	
ngocngach	ngóc ngách	126	
nayno	nảy nở	126	
nacdanh	nặc danh	126	
quantrac	quan trắc	126	
quanhco	quanh co	126	
thien	thiến	126	
trangtay	trắng tay	126	
tangtru	tàng trữ	126	
tayphuong	tây phương	126	
tuoicuoi	tươi cười	126	
tuongtrinh	tường trình	126	
xoi	xới	126	
yeusach	yêu sách	126	
dongkich	đóng kịch	126	
dando	đắn đo	126	
annghi	an nghỉ	125	
bienkich	biên kịch	125	
bachhuyet	bạch huyết	125	
chieudai	chiêu đãi	125	
chientuyen	chiến tuyến	125	
cado	cá độ	125	
daidong	dài dòng	125	
giuachung	giữa chừng	125	
hoangvu	hoang vu	125	
hoandoi	hoán đổi	125	
han	hán	125	
khaipha	khai phá	125	
kinhyeu	kính yêu	125	
kycuong	kỷ cương	125	
luami	lúa mì	125	
maime	mải mê	125	
nhi	nhĩ	125	
noitietto	nội tiết tố	125	
phily	phi lý	125	
quat	quật	125	
thanhtrung	thanh trừng	125	
thanquen	thân quen	125	
trangmat	trăng mật	125	
trungcau	trưng cầu	125	
tep	tép	125	
tapkich	tập kích	125	
tocnguoi	tộc người	125	
vothuc	vô thức	125	
yeudoi	yêu đời	125	
dieu	điêu	125	
dauthai	đầu thai	125	
don	đờn	125	
o	ợ	125	
lieu	Liễu	124	
ngua	Ngựa	124	
tuong	Tưởng	124	
bieng	biếng	124	
booc	bộ óc	124	
chuyenan	chuyên án	124	
giacmac	giác mạc	124	
giaoly	giáo lý	124	
giut	giựt	124	
kham	khảm	124	
loan	loan	124	
nganphieu	ngân phiếu	124	
nocdoc	nọc độc	124	
nucno	nức nở	124	
quang	quầng	124	
thienvi	thiên vị	124	
thuocme	thuốc mê	124	
thuongle	thường lệ	124	
tan	tản	124	
toimat	tối mật	124	
xuongrong	xương rồng	124	
diatrunghai	Địa Trung Hải	124	
do	Đỗ	124	
du	đù	124	
dailuc	đại lục	124	
sam	Sâm	123	
chumuu	chủ mưu	123	
duocsi	dược sĩ	123	
dat	dạt	123	
homthu	hòm thư	123	
huutinh	hữu tình	123	
khaivi	khai vị	123	
kydi	kỳ dị	123	
langvang	lảng vảng	123	
mien	miến	123	
ngot	ngớt	123	
nhannai	nhẫn nại	123	
ran	rận	123	
sanbat	săn bắt	123	
thomay	thợ may	123	
thuly	thụ lý	123	
trien	triền	123	
trontru	trơn tru	123	
teo	tèo	123	
tucle	tục lệ	123	
demhom	đêm hôm	123	
daitien	đại tiện	123	
daochinh	đảo chính	123	
thaison	Thái Sơn	122	
bieuthi	biểu thị	122	
beban	bè bạn	122	
bosat	bò sát	122	
bangbo	băng bó	122	
baoloan	bạo loạn	122	
caloc	cá lóc	122	
daydut	day dứt	122	
giang	giang	122	
kytich	kỳ tích	122	
nghien	nghiến	122	
ngon	ngôn	122	
nuocda	nước da	122	
noc	nốc	122	
phadam	phá đám	122	
phusa	phù sa	122	
rui	rủi	122	
sandien	sàn diễn	122	
sosuat	sơ suất	122	
sodu	số dư	122	
suasang	sửa sang	122	
thienvanhoc	thiên văn học	122	
tieuban	tiểu ban	122	
trangle	tráng lệ	122	
treuchoc	trêu chọc	122	
daingo	đãi ngộ	122	
dangkiem	đăng kiểm	122	
daidich	đại dịch	122	
doc	đốc	122	
ua	ủa	122	
vien	Viên	121	
baocap	bao cấp	121	
cacbon	cacbon	121	
gie	giê	121	
gon	gợn	121	
hoangde	hoàng đế	121	
hoihop	hội họp	121	
khidot	khỉ đột	121	
lamnguy	lâm nguy	121	
laclu	lắc lư	121	
manma	mặn mà	121	
mucnat	mục nát	121	
nhatgan	nhát gan	121	
nonnot	non nớt	121	
pha	phả	121	
quangvinh	quang vinh	121	
rong	rông	121	
siengnang	siêng năng	121	
thuyengiam	thuyên giảm	121	
thaodo	tháo dỡ	121	
thachanh	thạch anh	121	
trinhtiet	trinh tiết	121	
vat	vất	121	
daitayduong	Đại Tây Dương	121	
dondai	đồn đại	121	
bidanh	bí danh	120	
baoke	bảo kê	120	
batbai	bất bại	120	
bodo	bộ đồ	120	
caotrao	cao trào	120	
chongchat	chồng chất	120	
gatgao	gắt gao	120	
hoara	hoá ra	120	
haguc	hạ gục	120	
haptap	hấp tấp	120	
khan	khấn	120	
kieucang	kiêu căng	120	
langlo	lẳng lơ	120	
lephai	lẽ phải	120	
lodit	lỗ đít	120	
nhangiong	nhân giống	120	
nonggian	nóng giận	120	
quakhich	quá khích	120	
quach	quách	120	
rum	rum	120	
sieuvi	siêu vi	120	
tro	trỏ	120	
trutri	trụ trì	120	
vannan	vấn nạn	120	
xanhtuoi	xanh tươi	120	
xuong	xướng	120	
antoi	ăn tối	120	
dung	đùng	120	
au	ấu	120	
oi	ổi	120	
on	ớn	120	
bo	Bo	119	
luc	Lực	119	
chaxu	cha xứ	119	
chienbai	chiến bại	119	
chuvi	chu vi	119	
camco	cầm cố	119	
can	cẩn	119	
gom	gờm	119	
hoithao	hội thao	119	
khuhoi	khứ hồi	119	
lanhvuc	lãnh vực	119	
langma	lăng mạ	119	
lon	lọn	119	
mun	mun	119	
muot	mướt	119	
phaimanh	phái mạnh	119	
phaidoan	phái đoàn	119	
quang	quàng	119	
thieudot	thiêu đốt	119	
thiettha	thiết tha	119	
thuclong	thực lòng	119	
tieucau	tiểu cầu	119	
trunghoa	trung hoà	119	
tramtro	trầm trồ	119	
tuyenchien	tuyên chiến	119	
tang	táng	119	
tinhlo	tỉnh lộ	119	
vuon	vượn	119	
xogan	xơ gan	119	
xutri	xử trí	119	
aomua	áo mưa	119	
denlong	đèn lồng	119	
daihiep	đại hiệp	119	
dauquan	đầu quân	119	
thien	Thiên	118	
thuongde	Thượng Đế	118	
chanhan	chánh án	118	
cungcach	cung cách	118	
dieuky	diệu kỳ	118	
giatruyen	gia truyền	118	
hoatiet	hoạ tiết	118	
haonhoang	hào nhoáng	118	
hoithoai	hội thoại	118	
kimham	kìm hãm	118	
lieu	liễu	118	
loe	loè	118	
laclong	lạc lõng	118	
ngay	ngậy	118	
ngonngang	ngổn ngang	118	
nit	nịt	118	
oai	oải	118	
phophuong	phố phường	118	
rungchuyen	rung chuyển	118	
ram	rám	118	
thanhtri	thành trì	118	
thethuc	thể thức	118	
tamniem	tâm niệm	118	
tamtinh	tâm tình	118	
tinhkhi	tính khí	118	
vuonggoc	vuông góc	118	
dien	điển	118	
khai	Khải	117	
catung	ca tụng	117	
chanh	chảnh	117	
chuquan	chủ quản	117	
canke	cặn kẽ	117	
giaylat	giây lát	117	
hue	huệ	117	
khiemnha	khiếm nhã	117	
khuy	khuy	117	
khai	khải	117	
kieumau	kiểu mẫu	117	
masat	ma sát	117	
metnhoc	mệt nhọc	117	
nghiemminh	nghiêm minh	117	
ngheu	nghêu	117	
nguyensinh	nguyên sinh	117	
ngoino	ngòi nổ	117	
nhan	nhằn	117	
nhu	nhừ	117	
raoriet	ráo riết	117	
ruouche	rượu chè	117	
rep	rệp	117	
si	sỉ	117	
soset	sợ sệt	117	
thuongtam	thương tâm	117	
thuonghang	thượng hạng	117	
taychay	tẩy chay	117	
tuai	tự ái	117	
uyluc	uy lực	117	
diachan	địa chấn	117	
bahoa	ba hoa	116	
bienbao	biển báo	116	
banhbao	bánh bao	116	
bup	búp	116	
bong	bổng	116	
chenep	chèn ép	116	
chebai	chê bai	116	
canquet	càn quét	116	
hen	hến	116	
honghoc	hỏng hóc	116	
kiemduyet	kiểm duyệt	116	
kettinh	kết tinh	116	
luanquan	luẩn quẩn	116	
lanhsu	lãnh sự	116	
noitai	nội tại	116	
quequan	quê quán	116	
ra	rà	116	
sattrung	sát trùng	116	
thanai	thân ái	116	
thachcao	thạch cao	116	
thamkhoc	thảm khốc	116	
thehinh	thể hình	116	
trongtreo	trong trẻo	116	
traubo	trâu bò	116	
tungtang	tung tăng	116	
toithuong	tối thượng	116	
ungdung	ung dung	116	
voduong	võ đường	116	
yenmach	yến mạch	116	
damdang	đảm đang	116	
diagioi	địa giới	116	
dotsong	đốt sống	116	
dot	đột	116	
buongxuoi	buông xuôi	115	
baothuc	báo thức	115	
binhphong	bình phong	115	
chung	chùng	115	
congich	công ích	115	
candan	căn dặn	115	
camtuong	cảm tưởng	115	
diengiai	diễn giải	115	
doi	doi	115	
khautrang	khẩu trang	115	
nguoi	nguôi	115	
ngang	ngáng	115	
nhuom	nhuốm	115	
nan	nản	115	
phachoa	phác hoạ	115	
rungron	rùng rợn	115	
ran	răn	115	
thuyetgiao	thuyết giáo	115	
thamvieng	thăm viếng	115	
tinyeu	tin yêu	115	
trac	trắc	115	
taichuc	tại chức	115	
toitan	tối tân	115	
danhduoi	đánh đuổi	115	
dongtinh	động tĩnh	115	
ai	ải	115	
mytho	Mỹ Tho	114	
bancau	bán cầu	114	
baotuyet	bão tuyết	114	
camthao	cam thảo	114	
chucap	chu cấp	114	
chinhhieu	chính hiệu	114	
captoc	cấp tốc	114	
cucdien	cục diện	114	
dungmanh	dũng mãnh	114	
giam	giẫm	114	
hango	hang ổ	114	
hanhphap	hành pháp	114	
kichung	kích ứng	114	
lienhoan	liên hoàn	114	
muagio	mưa gió	114	
ngocut	ngõ cụt	114	
rutgon	rút gọn	114	
thuydau	thuỷ đậu	114	
tinhnhue	tinh nhuệ	114	
tinhchuyen	tính chuyện	114	
vo	vơ	114	
xuatchung	xuất chúng	114	
anai	ân ái	114	
emdiu	êm dịu	114	
bitham	bi thảm	113	
baochua	bạo chúa	113	
bangkhen	bằng khen	113	
chop	chóp	113	
cari	cà ri	113	
culao	cù lao	113	
cuasong	cửa sông	113	
dichung	di chứng	113	
dungsi	dũng sĩ	113	
daybao	dạy bảo	113	
dithuong	dị thường	113	
gayte	gây tê	113	
huongdaosinh	hướng đạo sinh	113	
haohang	hảo hạng	113	
khongchung	không chừng	113	
luonglu	lưỡng lự	113	
lephep	lễ phép	113	
maume	màu mè	113	
nghienngap	nghiện ngập	113	
ngoanco	ngoan cố	113	
ngam	ngẫm	113	
nhoe	nhoè	113	
nhova	nhờ vả	113	
naovet	nạo vét	113	
oai	oai	113	
quet	quẹt	113	
ruotthit	ruột thịt	113	
rinh	rình	113	
roi	rỗi	113	
songphang	sòng phẳng	113	
sucsinh	súc sinh	113	
thiennga	thiên nga	113	
thongkho	thống khổ	113	
tinhtinh	tinh tinh	113	
tienquan	tiến quân	113	
toantinh	toan tính	113	
toe	toé	113	
troinoi	trôi nổi	113	
tuyentap	tuyển tập	113	
toitan	tồi tàn	113	
tosu	tổ sư	113	
xuatcanh	xuất cảnh	113	
xue	xuể	113	
data	đa tạ	113	
duchanh	đức hạnh	113	
bietkich	biệt kích	112	
buuthiep	bưu thiếp	112	
buocduong	bước đường	112	
bapbenh	bấp bênh	112	
batchuyen	bắt chuyện	112	
chuyenthe	chuyển thể	112	
chuong	chướng	112	
chamcham	chầm chậm	112	
chua	chửa	112	
cuopgiat	cướp giật	112	
dungdung	dựng đứng	112	
giaodan	giáo dân	112	
hoan	hoạn	112	
kybi	kỳ bí	112	
lay	lay	112	
maume	máu me	112	
ngugat	ngủ gật	112	
nhasach	nhà sách	112	
no	nỏ	112	
phuongdong	phương Đông	112	
phe	phệ	112	
quandan	quân dân	112	
sieupham	siêu phàm	112	
sap	sạp	112	
susach	sử sách	112	
thanhminh	thanh minh	112	
thica	thi ca	112	
thuhuong	thụ hưởng	112	
tamdac	tâm đắc	112	
tangboc	tâng bốc	112	
tichsu	tích sự	112	
ven	vén	112	
vapnga	vấp ngã	112	
xoan	xoan	112	
xaoquyet	xảo quyệt	112	
dondau	đón đầu	112	
dachieu	đặc hiệu	112	
haichau	Hải Châu	111	
khongtu	Khổng Tử	111	
ampli	ampli	111	
bietdong	biệt động	111	
buocsong	bước sóng	111	
buou	bướu	111	
baoluu	bảo lưu	111	
boibo	bồi bổ	111	
camvan	cấm vận	111	
catluc	cật lực	111	
cuuvot	cứu vớt	111	
giaophoi	giao phối	111	
ho	hơ	111	
hove	hộ vệ	111	
linhduong	linh dương	111	
laylong	lấy lòng	111	
lucquan	lục quân	111	
muonvan	muôn vàn	111	
nhe	nhể	111	
nhoinhet	nhồi nhét	111	
nongvoi	nóng vội	111	
nuockhoang	nước khoáng	111	
phonghoa	phóng hoả	111	
quyuoc	quy ước	111	
suyxet	suy xét	111	
sathach	sát hạch	111	
sactoc	sắc tộc	111	
suthi	sử thi	111	
thuongtat	thương tật	111	
thoiphong	thổi phồng	111	
tinhnghich	tinh nghịch	111	
triet	triết	111	
yphuc	y phục	111	
dienthe	điện thế	111	
daohoa	đào hoa	111	
dungmuc	đúng mực	111	
hoangde	Hoàng Đế	110	
bachoc	bác học	110	
chidoi	chi đội	110	
camthach	cẩm thạch	110	
dam	dăm	110	
dualeo	dưa leo	110	
giaothoa	giao thoa	110	
gu	gù	110	
gamnham	gặm nhấm	110	
gocre	gốc rễ	110	
hauphuong	hậu phương	110	
khiemnhuong	khiêm nhường	110	
longdo	lòng đỏ	110	
longtieng	lồng tiếng	110	
may	mầy	110	
motsach	mọt sách	110	
nga	ngà	110	
nhantinh	nhân tình	110	
nhapnhay	nhấp nháy	110	
nhipnhang	nhịp nhàng	110	
nito	nitơ	110	
nienhieu	niên hiệu	110	
nongchay	nóng chảy	110	
qualoa	qua loa	110	
quaycuong	quay cuồng	110	
quadoi	quá đỗi	110	
quansu	quân sư	110	
quocdoanh	quốc doanh	110	
saochoi	sao chổi	110	
samhoi	sám hối	110	
sungso	sững sờ	110	
taihai	tai hại	110	
thietgiap	thiết giáp	110	
trienmien	triền miên	110	
tratron	trà trộn	110	
tichtac	tích tắc	110	
tuvan	tự vẫn	110	
vuot	vuột	110	
vut	vút	110	
veo	vẹo	110	
anhang	ăn hàng	110	
bich	Bích	109	
bangha	băng hà	109	
chubien	chủ biên	109	
dui	dùi	109	
giuc	giục	109	
gam	gặm	109	
hoatri	hoá trị	109	
hong	hổng	109	
khinhbi	khinh bỉ	109	
lo	lố	109	
maumu	máu mủ	109	
ngonnguhoc	ngôn ngữ học	109	
phuonghoang	phượng hoàng	109	
quantu	quân tử	109	
saobang	sao băng	109	
sotxuathuyet	sốt xuất huyết	109	
thanhquan	thanh quản	109	
thoang	thoảng	109	
thamthia	thấm thía	109	
tramtich	trầm tích	109	
nhu	Như	108	
tamquoc	Tam Quốc	108	
banhlai	bánh lái	108	
batthanh	bất thành	108	
bohung	bọ hung	108	
canngan	can ngăn	108	
chuom	chườm	108	
chinhdon	chỉnh đốn	108	
camtinh	cảm tính	108	
camta	cảm tạ	108	
coxat	cọ xát	108	
dunhap	du nhập	108	
dodang	dở dang	108	
hec	héc	108	
hocluc	học lực	108	
hy	hỷ	108	
kycuu	kỳ cựu	108	
kythi	kỳ thị	108	
kyvat	kỷ vật	108	
lainhai	lải nhải	108	
mui	múi	108	
man	mẩn	108	
mauso	mẫu số	108	
nhaxe	nhà xe	108	
nhatthuc	nhật thực	108	
phacdo	phác đồ	108	
phanloan	phản loạn	108	
quado	quá độ	108	
raumuong	rau muống	108	
sam	sậm	108	
sen	sến	108	
thophao	thở phào	108	
trohe	trò hề	108	
trungu	trú ngụ	108	
tamung	tạm ứng	108	
tuthu	tự thú	108	
vebinh	vệ binh	108	
xiengxich	xiềng xích	108	
diemtinh	điềm tĩnh	108	
dienbao	điện báo	108	
dondien	đồn điền	108	
banghieu	bảng hiệu	107	
choicai	chối cãi	107	
ducon	du côn	107	
damdang	dâm đãng	107	
dom	dỏm	107	
dot	dốt	107	
giainhiet	giải nhiệt	107	
han	hãn	107	
kiemnhiem	kiêm nhiệm	107	
langtranh	lảng tránh	107	
muavui	mua vui	107	
muudo	mưu đồ	107	
nhanhan	nhã nhặn	107	
nuinon	núi non	107	
nuoccham	nước chấm	107	
quanchu	quân chủ	107	
roirac	rời rạc	107	
sui	sủi	107	
thuanhoa	thuần hoá	107	
thinhgiac	thính giác	107	
toanthang	toàn thắng	107	
trongdung	trọng dụng	107	
vudao	vũ đạo	107	
xoaso	xoá sổ	107	
oue	ô uế	107	
daibac	Đài Bắc	107	
didung	đi đứng	107	
dieudo	điều độ	107	
dongtu	đồng tử	107	
nguhanhson	Ngũ Hành Sơn	106	
bienchuyen	biến chuyển	106	
boinho	bôi nhọ	106	
banle	bản lề	106	
banbiu	bận bịu	106	
chinhte	chỉnh tề	106	
chudich	chủ đích	106	
cotyeu	cốt yếu	106	
do	dỗ	106	
gialanh	giá lạnh	106	
hiendang	hiến dâng	106	
khoinguon	khởi nguồn	106	
luitoi	lui tới	106	
lo	ló	106	
ngoanh	ngoảnh	106	
phanphat	phân phát	106	
phanvung	phân vùng	106	
quyenhanh	quyền hành	106	
sinhde	sinh đẻ	106	
sosai	sơ sài	106	
thucep	thúc ép	106	
thapthoang	thấp thoáng	106	
thapphuong	thập phương	106	
tieutan	tiêu tan	106	
acdoc	ác độc	106	
dinhchien	đình chiến	106	
daulau	đầu lâu	106	
chieuchuong	chiều chuộng	105	
chuonchuon	chuồn chuồn	105	
chun	chùn	105	
cuhanh	cử hành	105	
duonglao	dưỡng lão	105	
go	gô	105	
huc	húc	105	
keuca	kêu ca	105	
lamphep	làm phép	105	
lungsuc	lùng sục	105	
lola	lơ là	105	
mic	mic	105	
nhoi	nhói	105	
nhannhu	nhắn nhủ	105	
nhocnhan	nhọc nhằn	105	
phapche	pháp chế	105	
phapquyen	pháp quyền	105	
phaibiet	phải biết	105	
quoctruong	quốc trưởng	105	
sui	sùi	105	
thoatthan	thoát thân	105	
thuongnguon	thượng nguồn	105	
trietgia	triết gia	105	
truongton	trường tồn	105	
tolua	tơ lụa	105	
vatchu	vật chủ	105	
xuatgia	xuất gia	105	
u	ú	105	
daiphatthanh	đài phát thanh	105	
benthanh	Bến Thành	104	
duyen	Duyên	104	
kimnguu	Kim Ngưu	104	
melinh	Mê Linh	104	
bongbay	bóng bay	104	
bangthong	băng thông	104	
chutrinh	chu trình	104	
chay	chày	104	
chemgiet	chém giết	104	
canhquat	cánh quạt	104	
caudoi	câu đối	104	
cu	cù	104	
dedat	dè dặt	104	
giandoi	gian dối	104	
ganxa	gần xa	104	
hieulenh	hiệu lệnh	104	
khinhthuong	khinh thường	104	
khiquan	khí quản	104	
khanquang	khăn quàng	104	
kieucach	kiểu cách	104	
longhi	lo nghĩ	104	
la	lả	104	
mayra	may ra	104	
mattrai	mặt trái	104	
nhatnheo	nhạt nhẽo	104	
niukeo	níu kéo	104	
phongho	phòng hộ	104	
po	pô	104	
rongruoi	rong ruổi	104	
rinhmo	rình mò	104	
ro	rò	104	
tienquyet	tiên quyết	104	
trongtai	trọng tải	104	
tomsu	tôm sú	104	
vietlach	viết lách	104	
vosan	vô sản	104	
voy	vô ý	104	
o	ó	104	
danhso	đánh số	104	
danhdam	đánh đấm	104	
damtham	đằm thắm	104	
dote	đồ tể	104	
hien	Hiển	103	
han	Hân	103	
hua	Hứa	103	
miendien	Miến Điện	103	
aingo	ai ngờ	103	
bienlai	biên lai	103	
batdiet	bất diệt	103	
betren	bề trên	103	
chopnhoang	chớp nhoáng	103	
chuthap	chữ thập	103	
congchuyen	công chuyện	103	
cuctim	cực tím	103	
hetthay	hết thảy	103	
khuechdai	khuếch đại	103	
luatrai	lửa trại	103	
maimot	mai một	103	
namtuoc	nam tước	103	
nganghang	ngang hàng	103	
nguyenthuy	nguyên thuỷ	103	
nongtruong	nông trường	103	
phongthai	phong thái	103	
phach	phách	103	
phuot	phượt	103	
phanbac	phản bác	103	
quydoi	quy đổi	103	
quynhan	quý nhân	103	
thammuutruong	tham mưu trưởng	103	
thuongnho	thương nhớ	103	
trongtrang	trong trắng	103	
trot	trót	103	
trantrui	trần trụi	103	
trothu	trợ thủ	103	
tomlai	tóm lại	103	
tonsung	tôn sùng	103	
tuvi	tử vi	103	
ung	ung	103	
vang	váng	103	
xanhxao	xanh xao	103	
debat	đề bạt	103	
buoi	Bưởi	102	
hao	Hảo	102	
khong	Khổng	102	
vannam	Vân Nam	102	
battrac	bất trắc	102	
bo	bở	102	
candu	can dự	102	
chinhtrang	chỉnh trang	102	
chuiboi	chửi bới	102	
cang	cáng	102	
cam	căm	102	
duongcam	dương cầm	102	
giangmai	giang mai	102	
gaonep	gạo nếp	102	
go	gờ	102	
hoangduong	hoang đường	102	
hamhai	hãm hại	102	
khoanh	khoảnh	102	
luuluyen	lưu luyến	102	
loitieu	lợi tiểu	102	
maumo	màu mỡ	102	
mucsong	mức sống	102	
ngudan	ngu đần	102	
nguycap	nguy cấp	102	
nguy	nguỵ	102	
nhuan	nhuận	102	
naoloan	náo loạn	102	
rannut	rạn nứt	102	
sung	sùng	102	
thangtam	tháng tám	102	
thinh	thịnh	102	
tieutu	tiểu tử	102	
trungchuyen	trung chuyển	102	
triumen	trìu mến	102	
trangtron	trắng trợn	102	
troidanh	trời đánh	102	
tuanloc	tuần lộc	102	
tanphe	tàn phế	102	
voduyen	vô duyên	102	
van	vằn	102	
xalach	xà lách	102	
xiu	xỉu	102	
anh	Ánh	102	
en	én	102	
ongkhoi	ống khói	102	
ongnghiem	ống nghiệm	102	
hathanh	Hà thành	101	
anlac	an lạc	101	
bienchat	biến chất	101	
bihai	bị hại	101	
camchiu	cam chịu	101	
chanmay	chân mày	101	
chuhau	chư hầu	101	
chinchu	chỉn chu	101	
cagan	cả gan	101	
cothu	cố thủ	101	
diu	dìu	101	
dukien	dữ kiện	101	
hensuyen	hen suyễn	101	
kham	kham	101	
khac	khạc	101	
khoisu	khởi sự	101	
lancan	lan can	101	
matday	mất dạy	101	
matgia	mất giá	101	
ngai	ngải	101	
ngon	ngốn	101	
nguangay	ngứa ngáy	101	
nhayvot	nhảy vọt	101	
nhamnhap	nhấm nháp	101	
phiem	phiếm	101	
phankhoi	phân khối	101	
phong	phông	101	
quyen	quyên	101	
sungdan	súng đạn	101	
soluoc	sơ lược	101	
thuongcam	thương cảm	101	
tieunhan	tiểu nhân	101	
tro	trờ	101	
vuotbien	vượt biên	101	
ynguyen	ý nguyện	101	
dongxuan	Đồng Xuân	101	
dauom	đau ốm	101	
doidoi	đời đời	101	
amam	ầm ầm	101	
hatien	Hà Tiên	100	
hao	Hào	100	
vanhoa	Văn Hoá	100	
but	bứt	100	
catru	ca trù	100	
dadiet	da diết	100	
diettru	diệt trừ	100	
dayxich	dây xích	100	
daodau	dạo đầu	100	
hotay	hồ Tây	100	
khoigoi	khơi gợi	100	
kieu	kiều	100	
kettua	kết tủa	100	
liencan	liên can	100	
lanhhai	lãnh hải	100	
muamang	mùa màng	100	
nguongngung	ngượng ngùng	100	
nhot	nhột	100	
noichoi	nói chơi	100	
nemtrai	nếm trải	100	
noc	nọc	100	
phivatthe	phi vật thể	100	
phamtru	phạm trù	100	
phananh	phản ảnh	100	
thomoc	thợ mộc	100	
tiennong	tiền nong	100	
tientuyen	tiền tuyến	100	
trachmoc	trách móc	100	
trungdung	trưng dụng	100	
taithiet	tái thiết	100	
toi	tơi	100	
tan	tẩn	100	
xia	xía	100	
xauso	xấu số	100	
xep	xẹp	100	
anbam	ăn bám	100	
doidoi	đổi đời	100	
u	ụ	100	
namky	Nam Kỳ	99	
tiep	Tiệp	99	
baoham	bao hàm	99	
bietlap	biệt lập	99	
bongbay	bóng bẩy	99	
baoboi	bảo bối	99	
benhxa	bệnh xá	99	
chimdam	chìm đắm	99	
chegieu	chế giễu	99	
daydan	dày dặn	99	
dai	dãi	99	
dichgia	dịch giả	99	
gong	gồng	99	
hoatieu	hoa tiêu	99	
hetrong	hệ trọng	99	
hoi	hối	99	
hoc	hộc	99	
khonluong	khôn lường	99	
kythu	kỳ thủ	99	
mau	mâu	99	
nhactruong	nhạc trưởng	99	
nhucnhoi	nhức nhối	99	
nongnuc	nóng nực	99	
nongtinh	nóng tính	99	
phich	phích	99	
phongkhong	phòng không	99	
ralo	ra lò	99	
rangnanh	răng nanh	99	
sutich	sự tích	99	
thotuc	thô tục	99	
thenao	thể nào	99	
trungdu	trung du	99	
truon	trườn	99	
trongthuong	trọng thương	99	
tam	tằm	99	
togiac	tố giác	99	
vutruong	vũ trường	99	
achtac	ách tắc	99	
doson	Đồ Sơn	99	
am	ẵm	99	
ace	ACE	98	
ha	Hạ	98	
latinh	Latinh	98	
vietminh	Việt Minh	98	
battai	bất tài	98	
botu	bỏ tù	98	
chanvit	chân vịt	98	
congkenh	cồng kềnh	98	
daogam	dao găm	98	
giaouoc	giao ước	98	
giainghe	giải nghệ	98	
lumo	lu mờ	98	
lauca	láu cá	98	
matkinh	mắt kính	98	
nghietnga	nghiệt ngã	98	
ngoaixam	ngoại xâm	98	
nep	nẹp	98	
phure	phù rể	98	
quetdon	quét dọn	98	
sot	sọt	98	
thao	thao	98	
thuanthuc	thuần thục	98	
triettieu	triệt tiêu	98	
tru	tru	98	
truotbang	trượt băng	98	
tungtich	tung tích	98	
tinhdien	tĩnh điện	98	
xoc	xóc	98	
ducme	Đức Mẹ	98	
duongsa	đường sá	98	
daptan	đập tan	98	
diachinh	địa chính	98	
bien	biện	97	
batchinh	bất chính	97	
chau	chau	97	
chambiem	châm biếm	97	
chutdinh	chút đỉnh	97	
chap	chạp	97	
chapchon	chập chờn	97	
chat	chắt	97	
chan	chẵn	97	
cansu	cán sự	97	
cucnhoc	cực nhọc	97	
divang	dĩ vãng	97	
duonglich	dương lịch	97	
gayhan	gây hấn	97	
hamy	hàm ý	97	
hang	hăng	97	
hoiy	hội ý	97	
kaki	kaki	97	
luanhoi	luân hồi	97	
lamsan	lâm sản	97	
maco	ma cô	97	
maquai	ma quái	97	
maudich	mậu dịch	97	
ngoay	ngoáy	97	
nhanroi	nhàn rỗi	97	
nhap	nháp	97	
nhun	nhún	97	
quemua	quê mùa	97	
suydoi	suy đồi	97	
thamso	tham số	97	
thieunang	thiểu năng	97	
thatthu	thất thu	97	
toantap	toàn tập	97	
trungtuan	trung tuần	97	
trongmong	trông mong	97	
tron	trợn	97	
ve	vè	97	
diendai	điên dại	97	
dautuong	đậu tương	97	
ocsen	ốc sên	97	
bacha	Bắc Hà	96	
chuthapdo	Chữ thập đỏ	96	
namkinh	Nam Kinh	96	
nhabe	Nhà Bè	96	
thi	Thị	96	
binhchung	binh chủng	96	
bocap	bò cạp	96	
baovat	bảo vật	96	
buanay	bữa nay	96	
chaodao	chao đảo	96	
chekhuat	che khuất	96	
chienkhu	chiến khu	96	
choma	chó má	96	
cachep	cá chép	96	
cachtan	cách tân	96	
cungcoi	cứng cỏi	96	
danhnhan	danh nhân	96	
divat	di vật	96	
hoitham	hội thẩm	96	
khode	khó dễ	96	
khongphan	không phận	96	
liti	li ti	96	
longtrang	lòng trắng	96	
luuvong	lưu vong	96	
ngayngan	ngay ngắn	96	
nhinh	nhỉnh	96	
nhipdo	nhịp độ	96	
notruoi	nốt ruồi	96	
phimtruong	phim trường	96	
phangphat	phảng phất	96	
quao	quào	96	
quacam	quả cảm	96	
rop	rộp	96	
sansoc	săn sóc	96	
thieuuy	thiếu uý	96	
thoat	thoạt	96	
tieupham	tiểu phẩm	96	
tram	trám	96	
taudien	tàu điện	96	
tatrang	tá tràng	96	
taingo	tái ngộ	96	
tungtrai	từng trải	96	
vantu	văn tự	96	
vatchung	vật chứng	96	
xo	xó	96	
xoday	xô đẩy	96	
domdom	đom đóm	96	
dongluong	đồng lương	96	
buongtha	buông tha	95	
bopmeo	bóp méo	95	
bongtai	bông tai	95	
binh	bịnh	95	
chamcuu	châm cứu	95	
changchit	chằng chịt	95	
cungcuc	cùng cực	95	
cotuong	cờ tướng	95	
dican	di căn	95	
dieuhau	diều hâu	95	
dat	dát	95	
ede	e dè	95	
hieuky	hiếu kỳ	95	
huyettuong	huyết tương	95	
huongdao	hướng đạo	95	
kientung	kiện tụng	95	
lailich	lai lịch	95	
lao	láo	95	
longduong	lòng đường	95	
lolieu	lộ liễu	95	
moclan	mộc lan	95	
nho	nhơ	95	
nieudao	niệu đạo	95	
nay	nẩy	95	
namvung	nằm vùng	95	
phandong	phản động	95	
quanham	quân hàm	95	
saurieng	sầu riêng	95	
tuyenmo	tuyển mộ	95	
tuyetchieu	tuyệt chiêu	95	
tau	tậu	95	
vole	vô lễ	95	
xichmich	xích mích	95	
yensao	yến sào	95	
dam	đam	95	
dia	đỉa	95	
pho	Phổ	94	
bieumau	biểu mẫu	94	
congbinh	công binh	94	
camnghi	cảm nghĩ	94	
camphuc	cảm phục	94	
canman	cần mẫn	94	
cauchuc	cầu chúc	94	
congchieng	cồng chiêng	94	
cung	cụng	94	
hiemtro	hiểm trở	94	
khapkhieng	khập khiễng	94	
kimnen	kìm nén	94	
luyen	luyến	94	
lykhai	ly khai	94	
lantan	lăn tăn	94	
lephuc	lễ phục	94	
mom	mõm	94	
meke	mẹ kế	94	
nongnoi	nông nổi	94	
thanda	than đá	94	
thontha	thon thả	94	
thi	thí	94	
thaonao	thảo nào	94	
thedien	thể diện	94	
trietpha	triệt phá	94	
tranap	trấn áp	94	
taptuc	tập tục	94	
tuithan	tủi thân	94	
vonlieng	vốn liếng	94	
xacdang	xác đáng	94	
aophao	áo phao	94	
amho	âm hộ	94	
damduong	đảm đương	94	
eola	ẻo lả	94	
bachtuyet	Bạch Tuyết	93	
banhtruong	bành trướng	93	
bathu	bất hủ	93	
bodo	bỏ dở	93	
boihoi	bồi hồi	93	
chum	chum	93	
conno	con nợ	93	
diudat	dìu dắt	93	
dauhoa	dầu hoả	93	
giankho	gian khó	93	
giadu	giả dụ	93	
hienngang	hiên ngang	93	
hoainiem	hoài niệm	93	
hoiham	hôi hám	93	
hunghon	hùng hồn	93	
huthang	hụt hẫng	93	
kinhtehoc	kinh tế học	93	
lanhtinh	lành tính	93	
nhanha	nhà nhà	93	
nhanong	nhà nông	93	
ruotthua	ruột thừa	93	
saythai	sẩy thai	93	
thamo	tham ô	93	
thiennienky	thiên niên kỷ	93	
thanhkien	thành kiến	93	
thaochay	tháo chạy	93	
thay	thây	93	
aynay	áy náy	93	
dongson	Đông Sơn	93	
dainam	Đại Nam	93	
diendam	điện đàm	93	
daudoc	đầu đọc	93	
boithu	bội thu	92	
chenlan	chen lấn	92	
chinhtruc	chính trực	92	
choc	chốc	92	
chom	chớm	92	
canhga	cánh gà	92	
cuonglinh	cương lĩnh	92	
canhngo	cảnh ngộ	92	
dung	dũng	92	
datiec	dạ tiệc	92	
giaikhat	giải khát	92	
gobo	gò bó	92	
kheotay	khéo tay	92	
kinhhai	kinh hãi	92	
lienmien	liên miên	92	
landieu	làn điệu	92	
lan	lẩn	92	
langnhang	lằng nhằng	92	
meomo	méo mó	92	
macco	mắc cỡ	92	
mongdu	mộng du	92	
ngao	ngạo	92	
nhao	nhão	92	
nan	nán	92	
nucong	nữ công	92	
phodien	phô diễn	92	
rop	rợp	92	
thankhoc	than khóc	92	
thungan	thu ngân	92	
thanhdanh	thành danh	92	
tieuxai	tiêu xài	92	
troi	trồi	92	
troi	trội	92	
trogiang	trợ giảng	92	
tuongot	tương ớt	92	
tuloai	từ loại	92	
tutinh	từ tính	92	
tucao	tự cao	92	
vevan	ve vãn	92	
vobien	vô biên	92	
vigiac	vị giác	92	
doantrang	đoan trang	92	
diadao	địa đạo	92	
ungcuu	ứng cứu	92	
hien	Hiến	91	
hoigiao	Hồi giáo	91	
thu	Thú	91	
buonrau	buồn rầu	91	
bunhin	bù nhìn	91	
bailiet	bại liệt	91	
bonphuong	bốn phương	91	
botngot	bột ngọt	91	
chieutro	chiêu trò	91	
camdia	cấm địa	91	
capke	cặp kè	91	
gianhgiat	giành giật	91	
hong	hong	91	
hoannan	hoạn nạn	91	
hoihot	hời hợt	91	
luuhuynh	lưu huỳnh	91	
lach	lạch	91	
lambam	lẩm bẩm	91	
lapghep	lắp ghép	91	
mienman	miên man	91	
motmuc	một mực	91	
ngocthach	ngọc thạch	91	
nhuannhuyen	nhuần nhuyễn	91	
nuou	nướu	91	
phandien	phản diện	91	
rongtuech	rỗng tuếch	91	
sua	sưa	91	
thanhthoi	thảnh thơi	91	
tieuluan	tiểu luận	91	
tramngam	trầm ngâm	91	
vothan	vô thần	91	
xacthit	xác thịt	91	
daicuong	đại cương	91	
diathe	địa thế	91	
botat	Bồ Tát	90	
hung	Hung	90	
huongson	Hương Sơn	90	
bongo	bỏ ngỏ	90	
chuc	chực	90	
congto	công tơ	90	
ghetbo	ghét bỏ	90	
giayeu	già yếu	90	
giong	gióng	90	
hoala	hoa lá	90	
hatru	hát ru	90	
hich	hích	90	
huonglieu	hương liệu	90	
khoathan	khoả thân	90	
lan	lán	90	
luonlo	lượn lờ	90	
lapphuong	lập phương	90	
loilac	lỗi lạc	90	
momang	mơ màng	90	
nghien	nghiên	90	
ngovuc	ngờ vực	90	
nhacvien	nhạc viện	90	
thanhtam	thành tâm	90	
tientai	tiền tài	90	
tacke	tắc kè	90	
uong	uổng	90	
vovi	vô vị	90	
xoimon	xói mòn	90	
uocao	ước ao	90	
amno	ấm no	90	
au	ẩu	90	
bachan	Bắc Hàn	89	
sing	Sing	89	
tinh	Tĩnh	89	
tetnguyendan	Tết Nguyên Đán	89	
bailam	bài làm	89	
binhan	bình an	89	
buachu	bùa chú	89	
bung	búng	89	
batkhuat	bất khuất	89	
benchat	bền chặt	89	
bephong	bệ phóng	89	
bocdong	bốc đồng	89	
codia	cơ địa	89	
giatgiu	giặt giũ	89	
gaigoi	gái gọi	89	
hieuthao	hiếu thảo	89	
huynhquang	huỳnh quang	89	
hoihuong	hồi hương	89	
honho	hớn hở	89	
khonhoc	khó nhọc	89	
maychoc	mấy chốc	89	
nga	nga	89	
nhenhe	nhè nhẹ	89	
nuongchieu	nuông chiều	89	
nuocman	nước mặn	89	
phen	phèn	89	
phuchung	phục hưng	89	
quyen	quyến	89	
sanga	sa ngã	89	
tiencu	tiến cử	89	
totuong	to tướng	89	
tracan	trắc ẩn	89	
tugia	từ giã	89	
vietquat	việt quất	89	
xabong	xà bông	89	
xap	xấp	89	
xot	xốt	89	
ao	ào	89	
ua	úa	89	
danhbat	đánh bật	89	
quangtay	Quảng Tây	88	
bandan	bán dẫn	88	
bangkeo	băng keo	88	
choctroi	chọc trời	88	
dangdap	dáng dấp	88	
giaithoai	giai thoại	88	
hong	hóng	88	
hopxuong	hợp xướng	88	
kimngan	kim ngân	88	
lep	lép	88	
lonrung	lợn rừng	88	
moimet	mỏi mệt	88	
ngach	ngách	88	
nentho	nên thơ	88	
nongnoi	nông nỗi	88	
sungsuc	sung sức	88	
thainghen	thai nghén	88	
thinh	thính	88	
thuathot	thưa thớt	88	
thamnhuan	thấm nhuần	88	
toainguyen	toại nguyện	88	
tram	trăm	88	
tramxa	trạm xá	88	
trongthe	trọng thể	88	
trongdong	trống đồng	88	
trung	trừng	88	
tunghoanh	tung hoành	88	
tutai	tú tài	88	
tuongtro	tương trợ	88	
tuoitieu	tưới tiêu	88	
tuongtan	tường tận	88	
vuithu	vui thú	88	
xaxam	xa xăm	88	
xekeo	xe kéo	88	
dacam	đa cảm	88	
daitu	đại từ	88	
daocu	đạo cụ	88	
phatgiao	Phật giáo	87	
trungcong	Trung Cộng	87	
vui	Vui	87	
boi	bói	87	
bangron	băng rôn	87	
bom	bờm	87	
chiuchoi	chịu chơi	87	
cungcau	cung cầu	87	
cuphap	cú pháp	87	
cap	cạp	87	
cau	cấu	87	
daydua	dây dưa	87	
giaodu	giao du	87	
giaret	giá rét	87	
gao	gáo	87	
hienchuong	hiến chương	87	
hamso	hàm số	87	
halenh	hạ lệnh	87	
haucung	hậu cung	87	
hetmuc	hết mực	87	
hoden	hố đen	87	
hu	hủ	87	
khoannhuong	khoan nhượng	87	
kichduc	kích dục	87	
loang	loang	87	
luanuoc	lúa nước	87	
langdong	lắng đọng	87	
lenghi	lễ nghi	87	
mom	mom	87	
moao	mờ ảo	87	
ngo	ngò	87	
nhunhuoc	nhu nhược	87	
nhay	nhầy	87	
nhotnhat	nhợt nhạt	87	
quangpho	quang phổ	87	
quanchung	quân chủng	87	
quocngu	quốc ngữ	87	
sac	sặc	87	
taiuong	tai ương	87	
thuequan	thuế quan	87	
thaicuc	thái cực	87	
thuongtuong	thượng tướng	87	
thandong	thần đồng	87	
thoinat	thối nát	87	
tiemkich	tiêm kích	87	
tranglua	trang lứa	87	
trantre	tràn trề	87	
tankhoc	tàn khốc	87	
tantrang	tân trang	87	
uonnan	uốn nắn	87	
vundap	vun đắp	87	
vanxuoi	văn xuôi	87	
xoxat	xô xát	87	
deu	đếu	87	
dongbac	đồng bạc	87	
bovo	bơ vơ	86	
chuotchui	chuột chũi	86	
coi	cói	86	
canthi	cận thị	86	
cuucanh	cứu cánh	86	
daga	da gà	86	
de	dè	86	
dam	dậm	86	
huongchi	huống chi	86	
hi	hỉ	86	
hocvi	học vị	86	
khadi	khả dĩ	86	
ke	ké	86	
lanhnhat	lạnh nhạt	86	
maisau	mai sau	86	
moiro	mọi rợ	86	
ngoai	ngoái	86	
nguavan	ngựa vằn	86	
quy	quỵ	86	
runso	run sợ	86	
saikhien	sai khiến	86	
saiso	sai số	86	
sambanh	sâm banh	86	
san	sạn	86	
thanhhoang	thành hoàng	86	
thanhto	thành tố	86	
tiensu	tiên sư	86	
trau	trấu	86	
tuduong	tu dưỡng	86	
taihop	tái hợp	86	
tanduong	tán dương	86	
tuluc	tự lực	86	
tuphu	tự phụ	86	
xelua	xe lửa	86	
dacap	đa cấp	86	
donthan	đơn thân	86	
damdac	đậm đặc	86	
anso	ẩn số	86	
cualo	Cửa Lò	85	
hylap	Hy Lạp	85	
hainam	Hải Nam	85	
khang	Kháng	85	
rachgia	Rạch Giá	85	
songtu	Song Tử	85	
trinh	Trình	85	
acc	acc	85	
baba	ba ba	85	
bet	bết	85	
bochet	bọ chét	85	
camgo	cam go	85	
caonien	cao niên	85	
chinhkien	chính kiến	85	
curich	cũ rích	85	
cohu	cổ hủ	85	
dando	dẫn độ	85	
det	dẹt	85	
hoatbat	hoạt bát	85	
hathoi	hắt hơi	85	
hanhoi	hẳn hoi	85	
hocthuc	học thức	85	
hoicung	hỏi cung	85	
hongngoc	hồng ngọc	85	
khui	khui	85	
khich	khích	85	
lantran	lan tràn	85	
lietduong	liệt dương	85	
luatdinh	luật định	85	
mong	mòng	85	
mutat	mù tạt	85	
moitoanh	mới toanh	85	
nguyensoai	nguyên soái	85	
ngoi	ngơi	85	
nhangian	nhân gian	85	
nep	nép	85	
nutne	nứt nẻ	85	
oanhliet	oanh liệt	85	
sieudang	siêu đẳng	85	
sub	sub	85	
thaibinh	thái bình	85	
thongdong	thông đồng	85	
thuongky	thường kỳ	85	
thamkin	thầm kín	85	
thaptu	thập tự	85	
tiettau	tiết tấu	85	
tieutien	tiểu tiện	85	
trukhu	trừ khử	85	
tuy	tuỵ	85	
tutruong	tù trưởng	85	
tambo	tạm bợ	85	
vove	vỗ về	85	
xichlo	xích lô	85	
xuc	xức	85	
arap	Á rập	85	
daphuong	đa phương	85	
dinhhuong	đinh hương	85	
daccong	đặc công	85	
em	ẻm	85	
binh	Bính	84	
chinh	Chinh	84	
dau	Dậu	84	
bipbom	bịp bợm	84	
chenchuc	chen chúc	84	
chit	chít	84	
chatxam	chất xám	84	
chap	chắp	84	
chunghia	chữ nghĩa	84	
cambay	cạm bẫy	84	
camphien	cảm phiền	84	
duton	dữ tợn	84	
guoc	guốc	84	
go	gơ	84	
hiemmuon	hiếm muộn	84	
hung	húng	84	
khao	khao	84	
khoanhong	khoan hồng	84	
ketnghia	kết nghĩa	84	
lenhdenh	lênh đênh	84	
mapmo	mập mờ	84	
meday	mề đay	84	
mom	mỏm	84	
ngapngung	ngập ngừng	84	
nhai	nhại	84	
nongnac	nồng nặc	84	
riet	riết	84	
ron	rốn	84	
sumhop	sum họp	84	
subien	sự biến	84	
thoatvi	thoát vị	84	
thuanchung	thuần chủng	84	
thughet	thù ghét	84	
tieucu	tiêu cự	84	
trungluu	trung lưu	84	
tungho	tung hô	84	
tantien	tân tiến	84	
tuctruc	túc trực	84	
tutu	tử tù	84	
vosu	vô sự	84	
voon	vô ơn	84	
xuigiuc	xúi giục	84	
thieu	Thiệu	83	
tinlanh	Tin Lành	83	
bihiem	bí hiểm	83	
bep	bẹp	83	
chiemdung	chiếm dụng	83	
chinhtruong	chính trường	83	
chungchac	chững chạc	83	
catin	cả tin	83	
dumuc	du mục	83	
dan	dãn	83	
dom	dòm	83	
ghien	ghiền	83	
giaibay	giãi bày	83	
gianggiai	giảng giải	83	
goimo	gợi mở	83	
haicang	hải cảng	83	
khoimao	khơi mào	83	
kiem	kiệm	83	
lu	lư	83	
loden	lỗ đen	83	
muop	mướp	83	
machlac	mạch lạc	83	
maodanh	mạo danh	83	
memdeo	mềm dẻo	83	
mynu	mỹ nữ	83	
ngan	ngan	83	
nguyenvan	nguyên văn	83	
noikhoa	nội khoa	83	
phimtruyen	phim truyện	83	
phanve	phản vệ	83	
phudinh	phủ định	83	
quen	quèn	83	
thonglong	thòng lọng	83	
tinhtuy	tinh tuý	83	
viluong	vi lượng	83	
via	vía	83	
vosong	vô song	83	
xaoxuyen	xao xuyến	83	
xoa	xoã	83	
yenlong	yên lòng	83	
acy	ác ý	83	
dachieu	đa chiều	83	
doan	đoan	83	
dinhtre	đình trệ	83	
hoguom	Hồ Gươm	82	
vanlang	Văn Lang	82	
ankhang	an khang	82	
bim	bím	82	
bepnuc	bếp núc	82	
boichi	bội chi	82	
chaohang	chào hàng	82	
chammat	chạm mặt	82	
daychang	dây chằng	82	
digiao	dị giáo	82	
ghe	ghẻ	82	
giaingu	giải ngũ	82	
guong	gượng	82	
hic	hic	82	
hoakhoi	hoa khôi	82	
hue	huề	82	
khapnoi	khắp nơi	82	
kieusa	kiêu sa	82	
lomo	lò mổ	82	
lan	lằn	82	
miennhiem	miễn nhiễm	82	
ngay	ngây	82	
nhaolon	nhào lộn	82	
nennep	nền nếp	82	
phamgia	phẩm giá	82	
quay	quày	82	
quanluc	quân lực	82	
riengre	riêng rẽ	82	
suc	sục	82	
thau	thau	82	
thuphuc	thu phục	82	
thongquan	thông quan	82	
trichlap	trích lập	82	
trunglap	trùng lặp	82	
vukhong	vu khống	82	
venh	vênh	82	
amhuong	âm hưởng	82	
dia	Địa	82	
dientich	điện tích	82	
dovat	đô vật	82	
dangphai	đảng phái	82	
dauthu	đấu thủ	82	
anbai	an bài	81	
bienchung	biện chứng	81	
banco	bàn cờ	81	
banthao	bàn thảo	81	
botuc	bổ túc	81	
chuotrut	chuột rút	81	
chauchau	châu chấu	81	
clo	clo	81	
congsu	công sự	81	
cuongtrang	cường tráng	81	
cac	cặc	81	
cocay	cỏ cây	81	
do	dô	81	
gomghiec	gớm ghiếc	81	
hienbinh	hiến binh	81	
hoatang	hoả táng	81	
hauhinh	hậu hĩnh	81	
khan	khàn	81	
khet	khét	81	
khocuc	khổ cực	81	
kyxao	kỹ xảo	81	
loituc	lợi tức	81	
mamxoi	mâm xôi	81	
mancam	mẫn cảm	81	
ngao	ngao	81	
ngayngo	ngây ngô	81	
ngoibut	ngòi bút	81	
nham	nhẩm	81	
nia	nĩa	81	
thihai	thi hài	81	
trongvat	trong vắt	81	
taiban	tái bản	81	
tup	túp	81	
ueoai	uể oải	81	
vac	vạc	81	
vettich	vết tích	81	
xoong	xoong	81	
ang	áng	81	
amu	âm u	81	
danghi	đa nghi	81	
diepkhuc	điệp khúc	81	
doidai	đối đãi	81	
nguy	Nguỵ	80	
trungthu	Trung thu	80	
baotay	bao tay	80	
banhtet	bánh tét	80	
chiemnghiem	chiêm nghiệm	80	
chientranhlanh	chiến tranh lạnh	80	
chungkhao	chung khảo	80	
chautho	châu thổ	80	
conbac	con bạc	80	
conghieu	công hiệu	80	
ganhdua	ganh đua	80	
giau	giầu	80	
gapgap	gấp gáp	80	
hieudong	hiếu động	80	
hoagiai	hoà giải	80	
henchi	hèn chi	80	
khucmac	khúc mắc	80	
lythan	ly thân	80	
langtu	lãng tử	80	
lamlan	lầm lẫn	80	
lomo	lờ mờ	80	
maoga	mào gà	80	
ma	mả	80	
nhinhanh	nhí nhảnh	80	
phatquang	phát quang	80	
quycach	quy cách	80	
quacanh	quá cảnh	80	
roiboi	rối bời	80	
sonmai	sơn mài	80	
thahoa	tha hoá	80	
tanthuong	tán thưởng	80	
tumlum	tùm lum	80	
vu	vù	80	
xuatnhapkhau	xuất nhập khẩu	80	
xuongchau	xương chậu	80	
day	đay	80	
dadieu	đà điểu	80	
dongvi	đồng vị	80	
andat	ẩn dật	80	
ungtuyen	ứng tuyển	80	
bennghe	Bến Nghé	79	
hoi	Hợi	79	
lac	Lạc	79	
nhulai	Như Lai	79	
bidat	bi đát	79	
bienhieu	biển hiệu	79	
baivo	bài vở	79	
binhtam	bình tâm	79	
butdanh	bút danh	79	
bam	bằm	79	
bim	bỉm	79	
chinhchien	chinh chiến	79	
chong	chong	79	
choichu	chơi chữ	79	
chuongngai	chướng ngại	79	
divat	dị vật	79	
dudan	dữ dằn	79	
hieuchien	hiếu chiến	79	
huyetmach	huyết mạch	79	
honhen	hổn hển	79	
huuquan	hữu quan	79	
khaihoang	khai hoang	79	
lucbat	lục bát	79	
maicheo	mái chèo	79	
ngancam	ngăn cấm	79	
ru	rú	79	
ro	rơ	79	
sau	sấu	79	
songmui	sống mũi	79	
thiendinh	thiền định	79	
thut	thụt	79	
truycuu	truy cứu	79	
tuimat	túi mật	79	
teu	tếu	79	
xuyentac	xuyên tạc	79	
aotam	áo tắm	79	
apphich	áp phích	79	
diencuc	điện cực	79	
daiso	đại số	79	
autho	ấu thơ	79	
namtrungbo	Nam Trung Bộ	78	
nung	Nùng	78	
tuy	Tuỳ	78	
bim	bim	78	
biencuong	biên cương	78	
bieudat	biểu đạt	78	
bocap	bọ cạp	78	
bongchoc	bỗng chốc	78	
chuotcong	chuột cống	78	
chom	chòm	78	
chosoi	chó sói	78	
cua	cứa	78	
ditruyenhoc	di truyền học	78	
giaoduong	giáo đường	78	
gaygo	gầy gò	78	
hoatrang	hoá trang	78	
hai	hãi	78	
hohet	hò hét	78	
hannhien	hẳn nhiên	78	
khoat	khoát	78	
khocthan	khóc than	78	
khao	khảo	78	
khodai	khờ dại	78	
laydong	lay động	78	
landuong	làn đường	78	
lac	lác	78	
mesang	mê sảng	78	
mittinh	mít tinh	78	
mat	mạt	78	
nguyenso	nguyên sơ	78	
nhietke	nhiệt kế	78	
nhanthan	nhân thân	78	
nhutu	nhừ tử	78	
noan	noãn	78	
phuphang	phũ phàng	78	
sanse	san sẻ	78	
suytinh	suy tính	78	
sungsung	sừng sững	78	
tulip	tulip	78	
xungho	xưng hô	78	
adong	Á Đông	78	
duom	đượm	78	
doruc	đỏ rực	78	
angiau	ẩn giấu	78	
bin	Bin	77	
jakarta	Jakarta	77	
banhrang	bánh răng	77	
baodanh	báo danh	77	
bapchan	bắp chân	77	
bong	bọng	77	
caorao	cao ráo	77	
chuyentam	chuyên tâm	77	
chihuong	chí hướng	77	
chatran	chất rắn	77	
chan	chẩn	77	
cuoncuon	cuồn cuộn	77	
congdanh	công danh	77	
camtu	cảm tử	77	
catcong	cất công	77	
coixay	cối xay	77	
dauhoi	dấu hỏi	77	
didoan	dị đoan	77	
dodanh	dỗ dành	77	
giacoi	già cỗi	77	
gamgu	gầm gừ	77	
huyetquan	huyết quản	77	
huthon	hút hồn	77	
khoailac	khoái lạc	77	
kinhnien	kinh niên	77	
kinhram	kính râm	77	
kycong	kỳ công	77	
lum	lùm	77	
miennhiem	miễn nhiệm	77	
ngucanh	ngữ cảnh	77	
nhanpham	nhân phẩm	77	
nhu	nhú	77	
nuocmui	nước mũi	77	
sungdao	sùng đạo	77	
thiensu	thiên sứ	77	
tanbo	tản bộ	77	
tutruyen	tự truyện	77	
vohon	vô hồn	77	
xan	xắn	77	
aoam	áo ấm	77	
dongduc	Đông Đức	77	
doidap	đối đáp	77	
lieu	Liệu	76	
sutu	Sư Tử	76	
suu	Sửu	76	
thanhlong	Thanh Long	76	
tuxuyen	Tứ Xuyên	76	
xiem	Xiêm	76	
biennhan	biên nhận	76	
buongtha	buông thả	76	
chonoi	chợ nổi	76	
cavang	cá vàng	76	
congluc	công lực	76	
canhsac	cảnh sắc	76	
eso	e sợ	76	
huyethoc	huyết học	76	
hungbien	hùng biện	76	
hutieu	hủ tiếu	76	
khoaclac	khoác lác	76	
khuyennhu	khuyên nhủ	76	
kinhdo	kinh độ	76	
laocong	lao công	76	
laophoi	lao phổi	76	
lanh	lánh	76	
muchu	mù chữ	76	
moichao	mời chào	76	
munnhot	mụn nhọt	76	
ngonluan	ngôn luận	76	
ngunghiep	ngư nghiệp	76	
ngamnghia	ngắm nghía	76	
nhakhach	nhà khách	76	
nhan	nhạn	76	
oibuc	oi bức	76	
phienam	phiên âm	76	
quyetchien	quyết chiến	76	
rongra	ròng rã	76	
somo	sờ mó	76	
taytrang	tay trắng	76	
thanhmanh	thanh mảnh	76	
thuongthan	thượng thận	76	
thangthung	thẳng thừng	76	
tienluong	tiên lượng	76	
trietha	triệt hạ	76	
truyenmieng	truyền miệng	76	
truyenthanh	truyền thanh	76	
trontria	tròn trịa	76	
tram	trảm	76	
tinhtu	tình tứ	76	
vungvay	vùng vẫy	76	
vuonggia	vương gia	76	
xuatquan	xuất quân	76	
xuctu	xúc tu	76	
yenang	yên ắng	76	
ducba	Đức Bà	76	
daccach	đặc cách	76	
dien	Diễn	75	
giang	Giàng	75	
hoavang	Hoà Vang	75	
ky	Kỷ	75	
baotu	bào tử	75	
batluan	bất luận	75	
boidap	bồi đắp	75	
caosieu	cao siêu	75	
chialy	chia ly	75	
chanhlong	chạnh lòng	75	
camchung	cầm chừng	75	
concao	cồn cào	75	
dechung	dè chừng	75	
dacon	dạ con	75	
ghe	ghẹ	75	
hoangtan	hoang tàn	75	
hangquan	hàng quán	75	
homkia	hôm kia	75	
khucxa	khúc xạ	75	
keoco	kéo co	75	
lat	lạt	75	
langlang	lẳng lặng	75	
minhoan	minh oan	75	
miet	miết	75	
muaphun	mưa phùn	75	
matcap	mất cắp	75	
macnhien	mặc nhiên	75	
nhanguyen	nhà nguyện	75	
nienthieu	niên thiếu	75	
nangno	năng nổ	75	
oanhtac	oanh tạc	75	
phonglan	phong lan	75	
phui	phủi	75	
rauthom	rau thơm	75	
rinh	rinh	75	
rang	ràng	75	
suc	sực	75	
thattinh	thất tình	75	
thele	thể lệ	75	
thoibinh	thời bình	75	
toanvan	toàn văn	75	
tau	tấu	75	
vai	vái	75	
vua	vựa	75	
xudung	xử dụng	75	
dienban	Điện Bàn	75	
dailoc	Đại Lộc	75	
danhlon	đánh lộn	75	
debung	để bụng	75	
dohop	đồ hộp	75	
hongbang	Hồng Bàng	74	
kimlien	Kim Liên	74	
le	Lệ	74	
phuxuan	Phú Xuân	74	
banhcanh	bánh canh	74	
baoto	bão tố	74	
botat	bồ tát	74	
chaxat	chà xát	74	
chinmuoi	chín muồi	74	
duam	dư âm	74	
giaoxu	giáo xứ	74	
gam	gấm	74	
homang	hổ mang	74	
ho	hỗ	74	
huahon	hứa hôn	74	
khuckhich	khúc khích	74	
kietxuat	kiệt xuất	74	
kinh	kình	74	
kyyeu	kỷ yếu	74	
lanhsuquan	lãnh sự quán	74	
luongy	lương y	74	
muongtuong	mường tượng	74	
nail	nail	74	
ngangngua	ngang ngửa	74	
nghisu	nghị sự	74	
nhannhan	nhan nhản	74	
nhannho	nhăn nhó	74	
nanchi	nản chí	74	
phitang	phi tang	74	
phitieu	phi tiêu	74	
phi	phỉ	74	
sieuviet	siêu việt	74	
suydien	suy diễn	74	
soisuc	sôi sục	74	
sandon	săn đón	74	
sa	sạ	74	
tiensanh	tiền sảnh	74	
tret	trét	74	
trantroc	trằn trọc	74	
tuythe	tuy thế	74	
tamnguyen	tâm nguyện	74	
tuthau	tụt hậu	74	
tutran	tử trận	74	
vungchai	vững chãi	74	
xichdao	xích đạo	74	
antreo	án treo	74	
anhiep	ăn hiếp	74	
dangcay	đắng cay	74	
ongnhom	ống nhòm	74	
baoloc	Bảo Lộc	73	
khuc	Khúc	73	
linh	Lĩnh	73	
thom	Thơm	73	
bang	báng	73	
chimse	chim sẻ	73	
chinhtrivien	chính trị viên	73	
congchungvien	công chứng viên	73	
cungduong	cùng đường	73	
cuumang	cưu mang	73	
cuom	cườm	73	
daydan	dày dạn	73	
giandoi	giận dỗi	73	
hoangvang	hoang vắng	73	
haohuyen	hão huyền	73	
hanhkiem	hạnh kiểm	73	
hahe	hả hê	73	
hotieu	hồ tiêu	73	
ketuc	kế tục	73	
langxom	làng xóm	73	
lon	lồn	73	
minhtinh	minh tinh	73	
nham	nhám	73	
nhum	nhúm	73	
nongam	nồng ấm	73	
ranchac	rắn chắc	73	
ro	rọ	73	
suyen	suyễn	73	
sai	sài	73	
thanhbai	thành bại	73	
trao	tráo	73	
truphu	trù phú	73	
tromat	trở mặt	73	
tunghung	tung hứng	73	
tuomtat	tươm tất	73	
tamphao	tầm phào	73	
vanphongpham	văn phòng phẩm	73	
xoc	xốc	73	
duongbien	đường biên	73	
dichthu	địch thủ	73	
ung	ửng	73	
battrang	Bát Tràng	72	
bactrungbo	Bắc Trung Bộ	72	
codoc	Cơ Đốc	72	
myson	Mỹ Sơn	72	
nghetinh	Nghệ Tĩnh	72	
tue	Tuệ	72	
taynambo	Tây Nam Bộ	72	
baybien	bày biện	72	
batgiac	bất giác	72	
batkhakhang	bất khả kháng	72	
bauban	bầu bạn	72	
ben	bện	72	
chamngon	châm ngôn	72	
choidep	chơi đẹp	72	
chunggiam	chứng giám	72	
camdoan	cấm đoán	72	
dungnham	dung nham	72	
doday	dơ dáy	72	
detinh	dễ tính	72	
giatgan	giật gân	72	
hethon	hết hồn	72	
hotich	hộ tịch	72	
hopthanh	hợp thành	72	
khanh	khánh	72	
khackhoai	khắc khoải	72	
lip	líp	72	
luamach	lúa mạch	72	
lucbinh	lục bình	72	
ly	lỳ	72	
moidau	mới đầu	72	
nhavesinh	nhà vệ sinh	72	
phanhphui	phanh phui	72	
ro	rỗ	72	
sinhmenh	sinh mệnh	72	
suthay	sư thầy	72	
thuocthang	thuốc thang	72	
thomlung	thơm lừng	72	
thua	thủa	72	
tieudiem	tiêu điểm	72	
tinhduyen	tình duyên	72	
toigian	tối giản	72	
tunan	tử nạn	72	
vodinh	vô định	72	
von	vờn	72	
xo	xổ	72	
yem	yểm	72	
aoao	ào ào	72	
dienluoi	điện lưới	72	
dientu	điện từ	72	
dinhchinh	đính chính	72	
don	đôn	72	
dumboc	đùm bọc	72	
diacung	đĩa cứng	72	
dailuong	đại lượng	72	
doky	đố kỵ	72	
doinghich	đối nghịch	72	
eam	ế ẩm	72	
uru	ủ rũ	72	
nhan	Nhàn	71	
buonbuc	buồn bực	71	
batluong	bất lương	71	
batnhip	bắt nhịp	71	
chieutuong	chiếu tướng	71	
chuyenda	chuyển dạ	71	
chonggai	chông gai	71	
chiunhiet	chịu nhiệt	71	
contro	con trỏ	71	
congon	công ơn	71	
cumeo	cú mèo	71	
dungmoi	dung môi	71	
eohep	eo hẹp	71	
giamtoc	giảm tốc	71	
guong	guồng	71	
gong	gọng	71	
hoaico	hoài cổ	71	
he	hẹ	71	
hohang	hở hang	71	
keokiet	keo kiệt	71	
kho	khố	71	
kenchon	kén chọn	71	
lalach	lá lách	71	
laothanh	lão thành	71	
loithoi	lôi thôi	71	
motuong	mơ tưởng	71	
mede	mẹ đẻ	71	
ngoailai	ngoại lai	71	
nhanghe	nhà nghề	71	
nhiu	nhíu	71	
nhot	nhọt	71	
niemno	niềm nở	71	
phienlong	phiền lòng	71	
phatgiac	phát giác	71	
phiton	phí tổn	71	
phuquy	phú quý	71	
phucan	phụ cận	71	
quatron	quá trớn	71	
ramrap	rậm rạp	71	
sen	sên	71	
sutinh	sự tình	71	
thanhliem	thanh liêm	71	
thiu	thiu	71	
thaptung	tháp tùng	71	
thop	thóp	71	
thung	thúng	71	
thuchu	thực hư	71	
tranchau	trân châu	71	
trungdoc	trúng độc	71	
tractro	trắc trở	71	
tuyetnhien	tuyệt nhiên	71	
xichdu	xích đu	71	
yeukieu	yêu kiều	71	
dau	Đậu	71	
daosi	đạo sĩ	71	
dume	đụ mẹ	71	
ocam	ổ cắm	71	
lieu	Liêu	70	
mao	Mão	70	
phucsinh	Phục sinh	70	
bem	bem	70	
bido	bí đỏ	70	
buukien	bưu kiện	70	
chienxa	chiến xa	70	
chuathuong	chúa thượng	70	
choixo	chơi xỏ	70	
chay	chấy	70	
cachdien	cách điện	70	
caico	cãi cọ	70	
cam	cẩm	70	
dutru	dự trù	70	
hienhien	hiển hiện	70	
khua	khua	70	
khanan	khăn ăn	70	
laliet	la liệt	70	
longla	lông lá	70	
laylung	lẫy lừng	70	
lattay	lật tẩy	70	
mummim	mũm mĩm	70	
motminh	một mình	70	
nghingut	nghi ngút	70	
ngong	ngóng	70	
ngoclan	ngọc lan	70	
nhan	nhàn	70	
nhe	nhè	70	
nhacpham	nhạc phẩm	70	
nhonhung	nhớ nhung	70	
phudu	phù du	70	
ship	ship	70	
soimoi	soi mói	70	
sangmat	sáng mắt	70	
sangngoi	sáng ngời	70	
sanvat	sản vật	70	
thivi	thi vị	70	
thienly	thiên lý	70	
thienthe	thiên thể	70	
thuthu	thủ thư	70	
tieutung	tiêu tùng	70	
triky	tri kỷ	70	
trongveo	trong veo	70	
tochanh	tốc hành	70	
toitap	tới tấp	70	
vo	vó	70	
daudau	đau đáu	70	
dauda	đấu đá	70	
daumua	đậu mùa	70	
de	đễ	70	
dobe	đổ bể	70	
ongtiem	ống tiêm	70	
phuquy	Phú Quý	69	
samson	Sầm Sơn	69	
vietkieu	Việt kiều	69	
binhnhat	binh nhất	69	
baivi	bài vị	69	
bangkhuang	bâng khuâng	69	
bay	bẩy	69	
choikham	chơi khăm	69	
chungcat	chưng cất	69	
chang	chằng	69	
catim	cà tím	69	
congtrang	công trạng	69	
cancau	cần cẩu	69	
cay	cầy	69	
cochap	cố chấp	69	
dichi	di chỉ	69	
gaygo	gay go	69	
giaothiep	giao thiệp	69	
hon	hỗn	69	
khom	khom	69	
khuyenbao	khuyên bảo	69	
khongsao	không sao	69	
khondon	khốn đốn	69	
laodao	lao đao	69	
langlang	lâng lâng	69	
linhhoi	lĩnh hội	69	
ngam	ngăm	69	
nhai	nhài	69	
ninh	nịnh	69	
noicom	nổi cộm	69	
phanso	phân số	69	
pe	pê	69	
raroi	rã rời	69	
ruc	rúc	69	
rungrung	rưng rưng	69	
silic	silic	69	
thuyetgiang	thuyết giảng	69	
thanthe	thân thế	69	
trieucuong	triều cường	69	
tivet	tì vết	69	
taingoai	tại ngoại	69	
tonghanhdinh	tổng hành dinh	69	
tongtuyencu	tổng tuyển cử	69	
tugiac	tứ giác	69	
tutran	từ trần	69	
tusu	tự sự	69	
vayham	vây hãm	69	
vocuc	vô cực	69	
van	vẩn	69	
xitrum	xì trum	69	
aingai	ái ngại	69	
dongtrinh	đồng trinh	69	
dongcham	động chạm	69	
y	ỷ	69	
camxuyen	Cẩm Xuyên	68	
dien	Diên	68	
gioi	Giỏi	68	
que	Quế	68	
banthan	bán thân	68	
bantru	bán trú	68	
beobo	béo bở	68	
batcan	bất cần	68	
chungthuy	chung thuỷ	68	
chetrach	chê trách	68	
chinhuy	chính uỷ	68	
chatkhi	chất khí	68	
caro	cá rô	68	
comnuoc	cơm nước	68	
camdau	cắm đầu	68	
cutuyet	cự tuyệt	68	
donnen	dồn nén	68	
gau	gàu	68	
khoiphat	khởi phát	68	
kinhvienvong	kính viễn vọng	68	
lai	lài	68	
mumit	mù mịt	68	
muigio	múi giờ	68	
mamtom	mắm tôm	68	
mungro	mừng rỡ	68	
nany	nan y	68	
ngap	ngáp	68	
nhanh	nhành	68	
nong	nong	68	
ruotgia	ruột già	68	
saohoa	sao Hoả	68	
sungbai	sùng bái	68	
somui	sổ mũi	68	
theo	thẹo	68	
thoxay	thợ xây	68	
trungdai	trung đại	68	
trongtoi	trọng tội	68	
trudanh	trứ danh	68	
tonggiammuc	tổng giám mục	68	
tuctiu	tục tĩu	68	
tui	tủi	68	
xotthuong	xót thương	68	
danh	đanh	68	
dom	đơm	68	
daunao	đầu não	68	
dinhdanh	định danh	68	
doichung	đối chứng	68	
can	Cấn	67	
biendao	biên đạo	67	
buoi	buồi	67	
binhlang	bình lặng	67	
botot	bò tót	67	
bon	bộn	67	
chadap	chà đạp	67	
cay	cáy	67	
cocuc	cơ cực	67	
cuoixin	cưới xin	67	
cochan	cổ chân	67	
cukhoi	cừ khôi	67	
duicui	dùi cui	67	
duvi	dư vị	67	
davang	dạ vâng	67	
dibiet	dị biệt	67	
duadam	dựa dẫm	67	
dungchuyen	dựng chuyện	67	
elip	elip	67	
giatruong	gia trưởng	67	
giu	giũ	67	
hoc	hóc	67	
hocbua	hóc búa	67	
jun	jun	67	
khaithong	khai thông	67	
khaitu	khai tử	67	
leotreo	leo trèo	67	
luanluu	luân lưu	67	
longvu	lông vũ	67	
lungchung	lưng chừng	67	
leloi	lẻ loi	67	
ly	lỵ	67	
muoi	mươi	67	
mammong	mầm mống	67	
matcat	mặt cắt	67	
mo	mỗ	67	
ngonhan	ngộ nhận	67	
naodong	náo động	67	
net	nết	67	
quaigo	quái gở	67	
quanthu	quân thù	67	
quanquat	quần quật	67	
sinhthoi	sinh thời	67	
samsoi	săm soi	67	
tamquan	tam quan	67	
thusinh	thư sinh	67	
thapphan	thập phân	67	
tientieu	tiền tiêu	67	
trac	trạc	67	
troi	trối	67	
toiboi	tơi bời	67	
tanh	tạnh	67	
vangvong	vang vọng	67	
vuongvan	vuông vắn	67	
vai	vại	67	
donghoa	đồng hoá	67	
doan	Doãn	66	
haivan	Hải Vân	66	
sat	Sát	66	
truonggiang	Trường Giang	66	
truongthanh	Trường Thành	66	
biethieu	biệt hiệu	66	
banhda	bánh đa	66	
chinhyeu	chính yếu	66	
chongvanh	chóng vánh	66	
chinhly	chỉnh lý	66	
camthu	cảm thụ	66	
cantay	cần tây	66	
hat	hắt	66	
hottoc	hớt tóc	66	
hohung	hờ hững	66	
hunghuc	hừng hực	66	
lienhoi	liên hồi	66	
langkinh	lăng kính	66	
lothien	lộ thiên	66	
maimoi	mai mối	66	
ngong	ngọng	66	
nhon	nhơn	66	
nungnau	nung nấu	66	
nat	nạt	66	
phuphiem	phù phiếm	66	
phansu	phận sự	66	
phuc	phức	66	
quabao	quả báo	66	
rangham	răng hàm	66	
ron	rợn	66	
songngu	song ngữ	66	
thiendinh	thiên đình	66	
thuytinhthe	thuỷ tinh thể	66	
thuongtinh	thường tình	66	
thapthom	thấp thỏm	66	
thamthiet	thắm thiết	66	
thoigianbieu	thời gian biểu	66	
truong	truồng	66	
tutai	tự tại	66	
van	vãn	66	
vanphong	văn phong	66	
vuonquocgia	vườn quốc gia	66	
xaycat	xây cất	66	
yduc	y đức	66	
dongnambo	Đông Nam Bộ	66	
deo	đẽo	66	
ylai	ỷ lại	66	
lolem	Lọ Lem	65	
nama	Nam Á	65	
namdan	Nam Đàn	65	
phi	Phí	65	
bonchen	bon chen	65	
baomon	bào mòn	65	
bacai	bác ái	65	
baodap	báo đáp	65	
batkinh	bất kính	65	
changhet	chán ghét	65	
cuom	cuỗm	65	
cathu	cá thu	65	
catam	cá tầm	65	
cun	cùn	65	
cuocphi	cước phí	65	
cat	cật	65	
coc	cộc	65	
dihom	dị hợm	65	
giasan	gia sản	65	
gieorac	gieo rắc	65	
goghe	gồ ghề	65	
hinhtru	hình trụ	65	
hop	hớp	65	
khinhmiet	khinh miệt	65	
khongkheo	không khéo	65	
khuugiac	khứu giác	65	
kenhrach	kênh rạch	65	
loanbao	loan báo	65	
lonvon	lởn vởn	65	
me	mé	65	
muada	mưa đá	65	
man	mần	65	
nghiluan	nghị luận	65	
ngoac	ngoặc	65	
nganngam	ngán ngẩm	65	
ngatngay	ngất ngây	65	
nhande	nhan đề	65	
nhonnho	nhởn nhơ	65	
quanghop	quang hợp	65	
quanquai	quằn quại	65	
quocca	quốc ca	65	
ra	rạ	65	
sinhhoa	sinh hoá	65	
sa	sà	65	
thanhnha	thanh nhã	65	
thongtanxa	thông tấn xã	65	
thiphi	thị phi	65	
tieuvung	tiểu vùng	65	
tinhdo	tịnh độ	65	
tuton	từ tốn	65	
vimo	vi mô	65	
vimach	vi mạch	65	
vienchinh	viễn chinh	65	
duongnhiem	đương nhiệm	65	
donglong	động lòng	65	
uanhin	ưa nhìn	65	
cu	Cù	64	
thanhdo	Thành Đô	64	
trangan	Tràng An	64	
xunu	Xử Nữ	64	
binhkhi	binh khí	64	
buonglong	buông lỏng	64	
batquai	bát quái	64	
baocat	bão cát	64	
canhphong	canh phòng	64	
cauco	cau có	64	
chin	chin	64	
chapchung	chập chững	64	
catre	cá trê	64	
cay	cạy	64	
camhoa	cảm hoá	64	
can	cấn	64	
cua	cựa	64	
da	dà	64	
ganh	ganh	64	
ghenh	ghềnh	64	
hohao	hô hào	64	
hoiloi	hối lỗi	64	
hoidoai	hối đoái	64	
holy	hồ ly	64	
kieuhoi	kiều hối	64	
kele	kể lể	64	
loantri	loạn trí	64	
luuloat	lưu loát	64	
lung	lủng	64	
meo	meo	64	
mientru	miễn trừ	64	
mangtrinh	màng trinh	64	
maykeo	máy kéo	64	
montron	mơn trớn	64	
me	mẽ	64	
menhde	mệnh đề	64	
myman	mỹ mãn	64	
naonung	nao núng	64	
ngoaitru	ngoại trú	64	
ngusi	ngu si	64	
ngankho	ngân khố	64	
nguphu	ngư phủ	64	
nhietluong	nhiệt lượng	64	
nhuanbut	nhuận bút	64	
nongcan	nông cạn	64	
nom	nộm	64	
phuckhao	phúc khảo	64	
phuongtay	phương Tây	64	
phetich	phế tích	64	
quantinh	quán tính	64	
sinhnhai	sinh nhai	64	
sonca	sơn ca	64	
sonha	sơn hà	64	
thuottha	thướt tha	64	
thantho	thẫn thờ	64	
thichinh	thị chính	64	
trotlot	trót lọt	64	
tamcan	tâm can	64	
tut	tút	64	
taptanh	tập tành	64	
vienvong	viển vông	64	
vuvo	vu vơ	64	
annhau	ăn nhậu	64	
dieubo	điệu bộ	64	
dun	đùn	64	
dangay	đằng ấy	64	
hoanghai	Hoàng Hải	63	
thienbinh	Thiên Bình	63	
bienthien	biến thiên	63	
bandoanh	bản doanh	63	
baokiem	bảo kiếm	63	
bucthiet	bức thiết	63	
chanchuong	chán chường	63	
chui	chúi	63	
cuuquoc	cứu quốc	63	
danhhai	danh hài	63	
dany	dân ý	63	
dayleo	dây leo	63	
dandien	dẫn điện	63	
gapghenh	gập ghềnh	63	
hamme	ham mê	63	
haohut	hao hụt	63	
khaitruong	khai trường	63	
khiemthinh	khiếm thính	63	
liendoi	liên đới	63	
luy	luỵ	63	
lanluot	lấn lướt	63	
matau	mã tấu	63	
muumeo	mưu mẹo	63	
moitinh	mới tinh	63	
ngat	ngát	63	
nhuy	nhuỵ	63	
nhanduyen	nhân duyên	63	
naonuc	náo nức	63	
phanhieu	phân hiệu	63	
phongbi	phòng bị	63	
quycu	quy củ	63	
ruotnon	ruột non	63	
ruoi	rưới	63	
runggia	rừng già	63	
sidien	sĩ diện	63	
sut	sứt	63	
thuyenbuom	thuyền buồm	63	
tinhcau	tinh cầu	63	
tramlang	trầm lặng	63	
tatnien	tất niên	63	
votri	vô tri	63	
votoiva	vô tội vạ	63	
vuonuom	vườn ươm	63	
vantat	vắn tắt	63	
xamxit	xám xịt	63	
xomlang	xóm làng	63	
annam	ăn nằm	63	
ductho	Đức Thọ	63	
dientiet	điên tiết	63	
diendao	điên đảo	63	
dichthi	đích thị	63	
dongdieu	đồng điệu	63	
uutu	ưu tư	63	
odiacung	ổ đĩa cứng	63	
khue	Khuê	62	
tham	Thắm	62	
tochau	Tô Châu	62	
banla	bàn là	62	
binhthuy	bình thuỷ	62	
buupham	bưu phẩm	62	
chienthuyen	chiến thuyền	62	
chieuco	chiếu cố	62	
chomchom	chôm chôm	62	
cuongep	cưỡng ép	62	
daylung	dây lưng	62	
dohoi	dò hỏi	62	
daulua	dầu lửa	62	
giatuong	giả tưởng	62	
info	info	62	
khai	khái	62	
khaocuu	khảo cứu	62	
kimtuyen	kim tuyến	62	
kiemhiep	kiếm hiệp	62	
laca	la cà	62	
loanlac	loạn lạc	62	
luatgia	luật gia	62	
langmac	làng mạc	62	
luquet	lũ quét	62	
luoicau	lưỡi câu	62	
lim	lịm	62	
mannong	mặn nồng	62	
memmong	mềm mỏng	62	
nghienngam	nghiền ngẫm	62	
ngonan	ngon ăn	62	
ngongcuong	ngông cuồng	62	
nhapnho	nhấp nhô	62	
noigiong	nòi giống	62	
phoithai	phôi thai	62	
phucche	phục chế	62	
ramran	râm ran	62	
rangdong	rạng đông	62	
raoruc	rạo rực	62	
songngoi	sông ngòi	62	
seu	sếu	62	
sotsang	sốt sắng	62	
thothien	thô thiển	62	
thatthe	thất thế	62	
thuphap	thủ pháp	62	
thuquy	thủ quỹ	62	
truat	truất	62	
tap	táp	62	
tuonghinh	tượng hình	62	
tapduot	tập dượt	62	
uynghi	uy nghi	62	
von	vón	62	
votrung	vô trùng	62	
xechieu	xế chiều	62	
accam	ác cảm	62	
apgiai	áp giải	62	
annhan	ân nhân	62	
antinh	ân tình	62	
ema	êm ả	62	
ui	úi	62	
dum	đùm	62	
doiung	đối ứng	62	
amuc	ấm ức	62	
trungmy	Trung Mỹ	61	
bachi	ba chỉ	61	
baongu	bào ngư	61	
bidao	bí đao	61	
chuotnhat	chuột nhắt	61	
cuongluc	cường lực	61	
captien	cấp tiến	61	
cang	cẳng	61	
duda	dư dả	61	
gio	gio	61	
giadan	già dặn	61	
hoatai	hoa tai	61	
hatho	hát hò	61	
hinhcau	hình cầu	61	
hocba	học bạ	61	
hophach	hổ phách	61	
imang	im ắng	61	
khaai	khả ái	61	
kietque	kiệt quệ	61	
lung	lung	61	
mangtay	măng tây	61	
memlong	mềm lòng	61	
moi	mội	61	
nghen	nghen	61	
ngoi	ngoi	61	
nhabuon	nhà buôn	61	
nhannhuong	nhân nhượng	61	
nieng	niềng	61	
nuoicay	nuôi cấy	61	
phaphach	phá phách	61	
phuongphapluan	phương pháp luận	61	
quyenuy	quyền uy	61	
ruoc	ruốc	61	
sat	sất	61	
thaothuc	thao thức	61	
thanhnhan	thánh nhân	61	
thomngat	thơm ngát	61	
thuongthuyet	thương thuyết	61	
thuphan	thụ phấn	61	
tinmung	tin mừng	61	
tinhvan	tinh vân	61	
trikhon	trí khôn	61	
truongca	trường ca	61	
tuton	tự tôn	61	
dientro	điện trở	61	
dauhu	đậu hũ	61	
daudo	đậu đỏ	61	
uotat	ướt át	61	
bachduong	Bạch Dương	60	
quoctugiam	Quốc tử giám	60	
toan	Toản	60	
bethe	bề thế	60	
bobe	bỏ bê	60	
bucdoc	bực dọc	60	
caosang	cao sang	60	
chaooi	chao ôi	60	
che	ché	60	
chong	chông	60	
chom	chồm	60	
chucvi	chức vị	60	
cungte	cúng tế	60	
cac	cắc	60	
camcui	cặm cụi	60	
com	cộm	60	
duongsinh	dưỡng sinh	60	
dot	dột	60	
giongbao	giông bão	60	
gianhon	giận hờn	60	
gui	gùi	60	
gatgong	gắt gỏng	60	
hopphaphoa	hợp pháp hoá	60	
khoilua	khói lửa	60	
kinhso	kinh sợ	60	
kiemsatvien	kiểm sát viên	60	
kinhne	kính nể	60	
kyvi	kỳ vĩ	60	
luulac	lưu lạc	60	
lay	lẫy	60	
mangxa	mãng xà	60	
mom	móm	60	
manphep	mạn phép	60	
mangnhen	mạng nhện	60	
nghe	nghé	60	
ngoaikhoa	ngoại khoa	60	
nguynga	nguy nga	60	
ngamnghi	ngẫm nghĩ	60	
nhaxi	nhà xí	60	
nhancau	nhãn cầu	60	
nhocay	nhờ cậy	60	
nonuc	nô nức	60	
nonnao	nôn nao	60	
quaila	quái lạ	60	
quanbo	quần bò	60	
quan	quẩn	60	
rua	rứa	60	
say	sẩy	60	
sutme	sứt mẻ	60	
sung	sững	60	
thanhtao	thanh tao	60	
thiencan	thiển cận	60	
thaovat	tháo vát	60	
trinhtrong	trịnh trọng	60	
tocmach	tọc mạch	60	
toitrang	tội trạng	60	
voco	vô cơ	60	
vubao	vũ bão	60	
yenbinh	yên bình	60	
antien	ăn tiền	60	
diep	Điệp	60	
duoc	đước	60	
dambop	đấm bóp	60	
dauden	đậu đen	60	
chiem	Chiêm	59	
chipheo	Chí Phèo	59	
cong	Cống	59	
phongthan	Phong Thần	59	
thienhau	Thiên Hậu	59	
trungbo	Trung Bộ	59	
baitru	bài trừ	59	
banhcuon	bánh cuốn	59	
chuot	chuốt	59	
chaomoi	chào mời	59	
changvang	chạng vạng	59	
chech	chếch	59	
chetcha	chết cha	59	
chucsac	chức sắc	59	
dade	da dẻ	59	
dam	dam	59	
dai	dái	59	
gioi	giòi	59	
hoathieu	hoả thiêu	59	
huyendieu	huyền diệu	59	
khaukhinh	kháu khỉnh	59	
laychuyen	lay chuyển	59	
lotlong	lọt lòng	59	
lunglang	lủng lẳng	59	
miengluoi	miệng lưỡi	59	
menmo	mến mộ	59	
nana	na ná	59	
ngongiac	ngon giấc	59	
nguyendan	nguyên đán	59	
nheo	nheo	59	
nhikhoa	nhi khoa	59	
nhuaduong	nhựa đường	59	
nietban	niết bàn	59	
nonsong	non sông	59	
nang	nạng	59	
nuadoi	nửa đời	59	
ragi	ra gì	59	
romra	rôm rả	59	
rong	rống	59	
rom	rởm	59	
thitho	thi thố	59	
tha	thá	59	
thomtho	thơm tho	59	
thutin	thư tín	59	
thuonghan	thương hàn	59	
thangbai	thắng bại	59	
tiepdai	tiếp đãi	59	
togan	to gan	59	
tanloan	tán loạn	59	
uyenbac	uyên bác	59	
uy	uý	59	
vobo	vô bổ	59	
ytu	ý tứ	59	
dungdua	đung đưa	59	
dangtri	đãng trí	59	
dathiem	đất hiếm	59	
dinhly	định lý	59	
do	đờ	59	
udong	ứ đọng	59	
annam	An Nam	58	
tancuong	Tân Cương	58	
binhpham	bình phẩm	58	
batbo	bắt bớ	58	
bet	bệt	58	
botbien	bọt biển	58	
bom	bợm	58	
chanoi	cha nội	58	
chandat	chân đất	58	
chapva	chắp vá	58	
chatchiu	chắt chiu	58	
chocgheo	chọc ghẹo	58	
duyvat	duy vật	58	
daucham	dấu chấm	58	
hoathach	hoá thạch	58	
hun	hùn	58	
khuan	khuân	58	
khachkhua	khách khứa	58	
lanhloi	lanh lợi	58	
linhcau	linh cẩu	58	
liendanh	liên danh	58	
locot	lô cốt	58	
langim	lặng im	58	
nghihoac	nghi hoặc	58	
ngoaicanh	ngoại cảnh	58	
ngunghia	ngữ nghĩa	58	
nhuantrang	nhuận tràng	58	
nuocla	nước lã	58	
nam	nạm	58	
noido	nội đô	58	
phay	phẩy	58	
quanbinh	quân bình	58	
ray	ráy	58	
ram	rầm	58	
rucrich	rục rịch	58	
sungman	sung mãn	58	
sai	sái	58	
saorong	sáo rỗng	58	
sinh	sình	58	
songam	sóng âm	58	
sam	săm	58	
tambao	tam bảo	58	
thiendia	thiên địa	58	
thorap	thô ráp	58	
thomphuc	thơm phức	58	
tiennu	tiên nữ	58	
tramtu	trầm tư	58	
tinhtu	tính từ	58	
tong	tòng	58	
tuctoi	tức tối	58	
tuutruong	tựu trường	58	
votuyendien	vô tuyến điện	58	
von	vôn	58	
vuongvan	vương vấn	58	
vunvat	vụn vặt	58	
xoanoc	xoắn ốc	58	
xao	xảo	58	
xoixa	xối xả	58	
aoat	ào ạt	58	
ong	óng	58	
ung	úng	58	
dongphuong	Đông phương	58	
dendui	đen đủi	58	
dat	đát	58	
demdem	đêm đêm	58	
dainoi	đại nội	58	
dackhu	đặc khu	58	
dongbong	đồng bóng	58	
dutgay	đứt gãy	58	
hungvuong	Hùng Vương	57	
tuat	Tuất	57	
binhluc	binh lực	57	
buotmieng	buột miệng	57	
bachu	bá chủ	57	
belu	bè lũ	57	
bonggio	bóng gió	57	
bongnuoc	bóng nước	57	
bo	bõ	57	
ba	bạ	57	
bapthit	bắp thịt	57	
chibang	chi bằng	57	
chienhao	chiến hào	57	
channgan	chán ngán	57	
chatdeo	chất dẻo	57	
cungkinh	cung kính	57	
caocao	cào cào	57	
codong	cô đọng	57	
congoi	cơ ngơi	57	
cuonghoa	cường hoá	57	
cancoi	cằn cỗi	57	
ghi	ghì	57	
hum	hùm	57	
hamho	hăm hở	57	
khoqua	khổ qua	57	
luyenkim	luyện kim	57	
luoiliem	lưỡi liềm	57	
maykhoan	máy khoan	57	
maymay	mảy may	57	
mapmap	mập mạp	57	
nghenh	nghênh	57	
nguoncoi	nguồn cội	57	
nhannhin	nhẫn nhịn	57	
nua	nua	57	
nai	nái	57	
pheptac	phép tắc	57	
quan	quặn	57	
quocky	quốc kỳ	57	
rauma	rau má	57	
saohuyet	sào huyệt	57	
samsua	sắm sửa	57	
thienmenh	thiên mệnh	57	
thientu	thiên tử	57	
thoai	thoải	57	
thanhthuc	thành thục	57	
thanthich	thân thích	57	
thinhsoan	thịnh soạn	57	
thon	thốn	57	
thoicuoc	thời cuộc	57	
tinhanh	tinh anh	57	
tinhquai	tinh quái	57	
truythu	truy thu	57	
tinhdich	tình địch	57	
tonchi	tôn chỉ	57	
tuoitot	tươi tốt	57	
uat	uất	57	
uongphi	uổng phí	57	
vophuong	vô phương	57	
votinh	vô tính	57	
xidau	xì dầu	57	
xaotra	xảo trá	57	
yenthan	yên thân	57	
amtiet	âm tiết	57	
amvat	âm vật	57	
doanthang	đoạn thẳng	57	
duaday	đưa đẩy	57	
diahat	địa hạt	57	
oga	ổ gà	57	
nga	Ngà	56	
uongbi	Uông Bí	56	
bale	ba lê	56	
bannga	bản ngã	56	
be	bẹ	56	
bocphet	bốc phét	56	
boihoan	bồi hoàn	56	
bongbot	bồng bột	56	
chuachap	chứa chấp	56	
congiap	con giáp	56	
cuongoi	cuốn gói	56	
cuongdieu	cường điệu	56	
camsung	cắm sừng	56	
canrang	cắn răng	56	
cangchan	cẳng chân	56	
dantochoc	dân tộc học	56	
gangtac	gang tấc	56	
giatu	giã từ	56	
gomgop	gom góp	56	
gan	gàn	56	
hoangmac	hoang mạc	56	
hoe	hoè	56	
hutuc	hủ tục	56	
kythuc	kỳ thực	56	
luanly	luân lý	56	
longsong	lòng sông	56	
laodao	lảo đảo	56	
lansan	lấn sân	56	
lamchuyen	lắm chuyện	56	
leloi	lề lối	56	
lomang	lỗ mãng	56	
longhanh	lộng hành	56	
muonthuo	muôn thuở	56	
metkhoi	mét khối	56	
machnha	mạch nha	56	
me	mệ	56	
mocnhi	mộc nhĩ	56	
myhoc	mỹ học	56	
nhieuloan	nhiễu loạn	56	
nomna	nôm na	56	
nangnac	nằng nặc	56	
phudieu	phù điêu	56	
phailong	phải lòng	56	
phetruat	phế truất	56	
phonthinh	phồn thịnh	56	
phuphi	phụ phí	56	
ronren	rón rén	56	
samso	sàm sỡ	56	
satnut	sát nút	56	
sansui	sần sùi	56	
thanhca	thánh ca	56	
thuathai	thừa thãi	56	
tieutiet	tiểu tiết	56	
trauchuot	trau chuốt	56	
tuyentinh	tuyến tính	56	
tutien	tự tiện	56	
vechai	ve chai	56	
omai	ô mai	56	
andien	ăn diện	56	
duatranh	đua tranh	56	
dotpha	đốt phá	56	
dongtroi	động trời	56	
ocdao	ốc đảo	56	
hoangha	Hoàng Hà	55	
phanrang	Phan Rang	55	
vandon	Vân Đồn	55	
anhvu	anh vũ	55	
chacnich	chắc nịch	55	
chum	chụm	55	
chucong	chủ công	55	
camthu	cầm thú	55	
cong	cồng	55	
cucdo	cực độ	55	
duduong	du dương	55	
gaigoc	gai góc	55	
ghebanh	ghế bành	55	
giam	giậm	55	
gaote	gạo tẻ	55	
hamho	hầm hố	55	
hosinh	hộ sinh	55	
khoo	khó ở	55	
khancau	khẩn cầu	55	
kyao	kỳ ảo	55	
lepve	lép vế	55	
longthanh	lòng thành	55	
layloi	lầy lội	55	
lang	lẵng	55	
lomchom	lởm chởm	55	
maomach	mao mạch	55	
meman	mê man	55	
nanh	nanh	55	
ngoaivu	ngoại vụ	55	
ngontro	ngón trỏ	55	
ngaunghien	ngấu nghiến	55	
nuocmieng	nước miếng	55	
noidoi	nối dõi	55	
phongoc	phòng ốc	55	
phobay	phô bày	55	
phonvinh	phồn vinh	55	
ret	rết	55	
ren	rền	55	
sinhvathoc	sinh vật học	55	
sieuthoat	siêu thoát	55	
suykiet	suy kiệt	55	
suctich	súc tích	55	
soy	sơ ý	55	
thuemuon	thuê mướn	55	
thontinh	thôn tính	55	
thamtham	thăm thẳm	55	
thatra	thật ra	55	
tieuphau	tiểu phẫu	55	
toang	toáng	55	
truytang	truy tặng	55	
tranthe	trần thế	55	
tandu	tàn dư	55	
totdo	tột độ	55	
tuquy	tứ quý	55	
vobo	vô bờ	55	
via	vỉa	55	
voi	vối	55	
xanhbiec	xanh biếc	55	
xixao	xì xào	55	
ysi	y sĩ	55	
eole	éo le	55	
dongxoai	Đồng Xoài	55	
dieutieng	điều tiếng	55	
daidam	đái dầm	55	
duongthuy	đường thuỷ	55	
daiduc	đại đức	55	
doluong	độ lượng	55	
conggiao	Công giáo	54	
hannom	Hán Nôm	54	
huongkhe	Hương Khê	54	
malai	Mã Lai	54	
nghixuan	Nghi Xuân	54	
bieuthuc	biểu thức	54	
bachdan	bạch đàn	54	
bailo	bại lộ	54	
batbien	bất biến	54	
cathay	cả thảy	54	
cautoan	cầu toàn	54	
cuclac	cực lạc	54	
dung	dưng	54	
dan	dấn	54	
dichte	dịch tễ	54	
gac	gấc	54	
haomon	hao mòn	54	
hoangphi	hoang phí	54	
hoatau	hoà tấu	54	
haohoa	hào hoa	54	
haily	hải ly	54	
hangso	hằng số	54	
imlim	im lìm	54	
khua	khựa	54	
lamlu	lam lũ	54	
lacdac	lác đác	54	
lete	lẻ tẻ	54	
manhmun	manh mún	54	
muonmang	muộn màng	54	
muonphien	muộn phiền	54	
maysaytoc	máy sấy tóc	54	
mo	mõ	54	
mucluc	mục lục	54	
myle	mỹ lệ	54	
naymai	nay mai	54	
nghibinh	nghi binh	54	
nguyetthuc	nguyệt thực	54	
nganxua	ngàn xưa	54	
ngong	ngông	54	
nodua	nô đùa	54	
nuocmay	nước máy	54	
phattac	phát tác	54	
phanly	phân ly	54	
rangcua	răng cửa	54	
siso	sĩ số	54	
suvu	sự vụ	54	
thinhphong	thính phòng	54	
tho	thó	54	
thodien	thợ điện	54	
trigiac	tri giác	54	
trungdiem	trung điểm	54	
tangni	tăng ni	54	
tapsan	tập san	54	
tinhly	tỉnh lỵ	54	
vivu	vi vu	54	
xanhlam	xanh lam	54	
xemmat	xem mặt	54	
xedich	xê dịch	54	
xobo	xô bồ	54	
xum	xúm	54	
xeo	xẻo	54	
yena	yên ả	54	
aicha	ái chà	54	
dongkhung	đóng khung	54	
dakich	đả kích	54	
daoquoc	đảo quốc	54	
aicap	Ai Cập	53	
namhan	Nam Hàn	53	
uminh	U Minh	53	
baotieu	bao tiêu	53	
baydat	bày đặt	53	
butrut	bứt rứt	53	
caotay	cao tay	53	
caovut	cao vút	53	
chatloc	chắt lọc	53	
chongpha	chống phá	53	
canoc	cá nóc	53	
cu	cữ	53	
domngo	dòm ngó	53	
giangson	giang sơn	53	
hohen	hò hẹn	53	
huhi	hú hí	53	
huvo	hư vô	53	
hoihe	hội hè	53	
khat	khất	53	
ledo	lễ độ	53	
long	lộng	53	
lucsi	lực sĩ	53	
mot	mót	53	
monmon	mơn mởn	53	
matmua	mất mùa	53	
nghiemtrang	nghiêm trang	53	
ngan	ngẩn	53	
ngoixom	ngồi xổm	53	
nhep	nhép	53	
nhangui	nhắn gửi	53	
nhiphan	nhị phân	53	
nhoc	nhọc	53	
nhu	nhủ	53	
naongo	nào ngờ	53	
nuocxot	nước xốt	53	
nonghau	nồng hậu	53	
phatro	pha trò	53	
suytan	suy tàn	53	
thuyngan	thuỷ ngân	53	
thokech	thô kệch	53	
thuthi	thủ thỉ	53	
tinhthong	tinh thông	53	
tuyetky	tuyệt kỹ	53	
toihauthu	tối hậu thư	53	
tuhoi	tụ hội	53	
tungoai	tử ngoại	53	
viecgi	việc gì	53	
xongpha	xông pha	53	
xepdat	xếp đặt	53	
anhai	ăn hại	53	
ankhop	ăn khớp	53	
danhdon	đánh đòn	53	
dichdanh	đích danh	53	
duongdot	đường đột	53	
daithang	đại thắng	53	
datcat	đất cát	53	
dondau	đớn đau	53	
anduong	An Dương	52	
hoadong	Hoa Đông	52	
songngu	Song Ngư	52	
vi	Vĩ	52	
anhminh	anh minh	52	
binhphuong	bình phương	52	
bac	bấc	52	
benbo	bến bờ	52	
chuirua	chửi rủa	52	
capduong	cấp dưỡng	52	
canrut	cắn rứt	52	
cuchinh	cực hình	52	
danhthu	danh thủ	52	
dan	dằn	52	
giaodieu	giáo điều	52	
giadanh	giả danh	52	
giacmo	giấc mơ	52	
gagam	gạ gẫm	52	
haohiep	hào hiệp	52	
hodo	hồ đồ	52	
khuechtan	khuếch tán	52	
khangnguyen	kháng nguyên	52	
kiengky	kiêng kỵ	52	
kinhcan	kính cẩn	52	
kinhmen	kính mến	52	
luantoi	luận tội	52	
lamlung	làm lụng	52	
logioi	lộ giới	52	
mavuong	ma vương	52	
mong	mống	52	
nghichcanh	nghịch cảnh	52	
ngonngot	ngon ngọt	52	
ngavoi	ngà voi	52	
phet	phét	52	
quac	quắc	52	
raica	rái cá	52	
ranroi	rắn rỏi	52	
say	sậy	52	
so	sớ	52	
thieugi	thiếu gì	52	
thode	thỏ đế	52	
tinhbinh	tinh binh	52	
triso	trị số	52	
tinhtrang	tính trạng	52	
tinhngo	tỉnh ngộ	52	
vanglai	vãng lai	52	
anhduong	ánh dương	52	
dieuphoivien	điều phối viên	52	
diemxuyet	điểm xuyết	52	
diahat	đĩa hát	52	
dot	đọt	52	
docthoai	độc thoại	52	
docton	độc tôn	52	
dop	đớp	52	
cho	Chó	51	
maket	Ma Kết	51	
tranchaucang	Trân Châu Cảng	51	
buoclong	buộc lòng	51	
batngat	bát ngát	51	
butru	bù trừ	51	
banglang	bằng lăng	51	
bongua	bọ ngựa	51	
caycu	cay cú	51	
chutoan	chu toàn	51	
chai	chái	51	
channhu	chân như	51	
chaychua	chạy chữa	51	
chau	chấu	51	
chatcung	chật cứng	51	
congtam	công tâm	51	
cusi	cư sĩ	51	
dantinh	dân tình	51	
datdao	dạt dào	51	
danda	dần dà	51	
giaocau	giao cấu	51	
giontan	giòn tan	51	
hoac	hoắc	51	
haiduonghoc	hải dương học	51	
haiau	hải âu	51	
khia	khía	51	
kiemkhach	kiếm khách	51	
kemcap	kèm cặp	51	
lencan	lên cân	51	
lilom	lì lợm	51	
loi	lơi	51	
namhuong	nấm hương	51	
ninhbo	nịnh bợ	51	
phin	phin	51	
phongmach	phòng mạch	51	
phomac	phó mặc	51	
quacap	quà cáp	51	
ron	rộn	51	
ro	rờ	51	
sangda	sáng dạ	51	
satkhuan	sát khuẩn	51	
saunang	sâu nặng	51	
taytrong	tay trong	51	
thienchuc	thiên chức	51	
thuyloi	thuỷ lôi	51	
thutinh	thú tính	51	
thanghang	thăng hạng	51	
thathua	thất hứa	51	
thanhoc	thần học	51	
trotroi	trơ trọi	51	
trian	trị an	51	
tuantu	tuần tự	51	
tuchi	tứ chi	51	
vuidap	vùi dập	51	
vanglang	vắng lặng	51	
xemboi	xem bói	51	
xahuong	xạ hương	51	
yenlanh	yên lành	51	
acquy	ác quỷ	51	
amhieu	ám hiệu	51	
amdieu	âm điệu	51	
damma	đám ma	51	
dadanh	đã đành	51	
dendien	đèn điện	51	
daugau	đầu gấu	51	
doichac	đổi chác	51	
dun	đụn	51	
andoduong	Ấn Độ Dương	51	
canloc	Can Lộc	50	
cairang	Cái Răng	50	
diemvuong	Diêm Vương	50	
luan	Luận	50	
lacviet	Lạc Việt	50	
vuong	Vượng	50	
banphat	ban phát	50	
bongloang	bóng loáng	50	
bay	bấy	50	
ben	bẹn	50	
chekin	che kín	50	
chuachat	chua chát	50	
chantuong	chân tướng	50	
chintoi	chín tới	50	
choivoi	chơi vơi	50	
chuimang	chửi mắng	50	
cabong	cá bống	50	
caune	câu nệ	50	
camphan	căm phẫn	50	
cangtay	cẳng tay	50	
dame	dame	50	
duhanh	du hành	50	
dathu	dã thú	50	
dui	dúi	50	
giong	giong	50	
gacxep	gác xép	50	
haimuoi	hai mươi	50	
hacap	hạ cấp	50	
hoitruong	hội trưởng	50	
hon	hờn	50	
homhinh	hợm hĩnh	50	
khichat	khí chất	50	
nghedanh	nghệ danh	50	
ngoat	ngoặt	50	
ngop	ngộp	50	
nhunnhuong	nhún nhường	50	
nhech	nhếch	50	
none	no nê	50	
nuoclo	nước lợ	50	
phongsinh	phóng sinh	50	
phune	phù nề	50	
phat	phắt	50	
phoxa	phố xá	50	
review	review	50	
rutruot	rút ruột	50	
rao	rảo	50	
salay	sa lầy	50	
sankhoa	sản khoa	50	
tau	tau	50	
thanhcao	thanh cao	50	
thico	thì có	50	
thonghieu	thông hiểu	50	
thanthai	thần thái	50	
thegioiquan	thế giới quan	50	
tinhkhoi	tinh khôi	50	
trangthietbi	trang thiết bị	50	
trang	trảng	50	
trantinh	trấn tĩnh	50	
tachbach	tách bạch	50	
utoi	u tối	50	
umtum	um tùm	50	
vam	vàm	50	
xuatthan	xuất thần	50	
xohoa	xơ hoá	50	
dangdoi	đáng đời	50	
danhdong	đánh đồng	50	
dutlot	đút lót	50	
donca	đơn ca	50	
hangchau	Hàng Châu	49	
macao	Ma Cao	49	
man	Mẫn	49	
sahuynh	Sa Huỳnh	49	
sondong	Sơn Đông	49	
thientan	Thiên Tân	49	
thuy	Thuỵ	49	
thanhthan	Thánh Thần	49	
tran	Trân	49	
tram	Trầm	49	
teo	Tèo	49	
biec	biếc	49	
bachhoa	bách hoá	49	
butbi	bút bi	49	
bohanh	bộ hành	49	
chamchoc	châm chọc	49	
choichang	chói chang	49	
chigiao	chỉ giáo	49	
chom	chỏm	49	
credit	credit	49	
cuongphong	cuồng phong	49	
cauket	câu kết	49	
cac	cạc	49	
caibap	cải bắp	49	
doi	dôi	49	
duochoc	dược học	49	
dantruyen	dẫn truyền	49	
hoanhy	hoan hỷ	49	
hinhnon	hình nón	49	
hinhnom	hình nộm	49	
honghi	hồ nghi	49	
hopthoi	hợp thời	49	
khoatruong	khoa trương	49	
khoang	khoáng	49	
khamkha	khấm khá	49	
ketgioi	kết giới	49	
linhcuu	linh cữu	49	
loanluan	loạn luân	49	
lucduc	lục đục	49	
mongngong	mong ngóng	49	
ngaongan	ngao ngán	49	
nghiemnhien	nghiễm nhiên	49	
ngum	ngủm	49	
nhietthanh	nhiệt thành	49	
nhuongnhin	nhường nhịn	49	
nhonhen	nhỏ nhen	49	
nodu	no đủ	49	
na	ná	49	
phiennhieu	phiền nhiễu	49	
quypham	quy phạm	49	
rauram	rau răm	49	
rachnat	rách nát	49	
sanhvai	sánh vai	49	
thung	thung	49	
thanhkhan	thành khẩn	49	
thangchap	tháng chạp	49	
thenhthang	thênh thang	49	
thatthiet	thất thiệt	49	
thapcam	thập cẩm	49	
tinhy	tinh ý	49	
tonho	to nhỏ	49	
trangvien	trang viên	49	
tranhra	tránh ra	49	
trammac	trầm mặc	49	
tamthat	tâm thất	49	
tinchap	tín chấp	49	
toctai	tóc tai	49	
tongduyet	tổng duyệt	49	
vatlyhoc	vật lý học	49	
ventoan	vẹn toàn	49	
xen	xén	49	
xungdoi	xứng đôi	49	
ondoi	ôn đới	49	
dongho	Đông Hồ	49	
dinhninh	đinh ninh	49	
dieudung	điêu đứng	49	
doinoi	đối nội	49	
dongluchoc	động lực học	49	
baobinh	Bảo Bình	48	
habac	Hà Bắc	48	
laclongquan	Lạc Long Quân	48	
ngochoang	Ngọc Hoàng	48	
phuvang	Phú Vang	48	
thienchuagiao	Thiên Chúa giáo	48	
thieu	Thiều	48	
thotnot	Thốt Nốt	48	
trieu	Triều	48	
banhbeo	bánh bèo	48	
bobuoc	bó buộc	48	
chichit	chi chít	48	
chiembao	chiêm bao	48	
chiemtinh	chiêm tinh	48	
chuyencan	chuyên cần	48	
chenhvenh	chênh vênh	48	
chaichuot	chải chuốt	48	
chan	chần	48	
chedinh	chế định	48	
chong	chổng	48	
caumay	cầu may	48	
cohuu	cố hữu	48	
cottru	cột trụ	48	
duytu	duy tu	48	
eap	e ấp	48	
ganhghet	ganh ghét	48	
gheo	ghẹo	48	
giang	giằng	48	
giong	giồng	48	
gau	gầu	48	
gatgu	gật gù	48	
hoanhac	hoà nhạc	48	
hanhkinh	hành kinh	48	
haisam	hải sâm	48	
hautuoc	hầu tước	48	
khucongnghiep	khu công nghiệp	48	
khanhkiet	khánh kiệt	48	
khokhe	khò khè	48	
loanxa	loạn xạ	48	
linhthuy	lính thuỷ	48	
lacde	lạc đề	48	
mietvuon	miệt vườn	48	
muadam	mua dâm	48	
momit	mờ mịt	48	
mua	mửa	48	
ngangnguoc	ngang ngược	48	
nghiemnghi	nghiêm nghị	48	
nguyenkhi	nguyên khí	48	
nguyentrang	nguyên trạng	48	
nguqua	ngũ quả	48	
ngutruong	ngư trường	48	
ne	nẻ	48	
oan	oằn	48	
phaobong	pháo bông	48	
phongtung	phóng túng	48	
phucdung	phục dựng	48	
quyenthe	quyền thế	48	
qualoi	quá lời	48	
ray	rây	48	
rapkhuon	rập khuôn	48	
sime	si mê	48	
suphu	sư phụ	48	
songuyento	số nguyên tố	48	
tantac	tan tác	48	
than	thăn	48	
thuongnghivien	thượng nghị viện	48	
thuonguy	thượng uý	48	
trap	tráp	48	
tru	trù	48	
trotren	trơ trẽn	48	
tuanduyen	tuần duyên	48	
veo	vèo	48	
vituyen	vĩ tuyến	48	
vamvo	vạm vỡ	48	
xacu	xà cừ	48	
xuxi	xù xì	48	
xui	xúi	48	
datai	đa tài	48	
daohan	đáo hạn	48	
ducrut	đúc rút	48	
damdia	đầm đìa	48	
dauduoi	đầu đuôi	48	
dangthuc	đẳng thức	48	
doilot	đội lốt	48	
vulan	Vu Lan	47	
annhan	an nhàn	47	
bomachchu	bo mạch chủ	47	
banhuu	bạn hữu	47	
bathieu	bất hiếu	47	
bua	bửa	47	
chimchoc	chim chóc	47	
chimcut	chim cút	47	
chungu	chủ ngữ	47	
chungtich	chứng tích	47	
clgt	clgt	47	
congnong	công nông	47	
combua	cơm bữa	47	
catxen	cắt xén	47	
concon	cỏn con	47	
dungy	dụng ý	47	
giabao	gia bảo	47	
giainghia	giải nghĩa	47	
hama	hà mã	47	
hasiquan	hạ sĩ quan	47	
khiepdam	khiếp đảm	47	
khitai	khí tài	47	
kiemthuat	kiếm thuật	47	
linhdinh	linh đình	47	
luancu	luận cứ	47	
lanhcam	lãnh cảm	47	
lam	lấm	47	
mienxuoi	miền xuôi	47	
menhmang	mênh mang	47	
mim	mím	47	
monglung	mông lung	47	
mam	măm	47	
muopdang	mướp đắng	47	
matdanh	mật danh	47	
macxac	mặc xác	47	
nammo	nam mô	47	
nhamnho	nham nhở	47	
nhietnang	nhiệt năng	47	
nhon	nhón	47	
nhodoi	nhớ đời	47	
nenchang	nên chăng	47	
nuachung	nửa chừng	47	
phac	phác	47	
pheu	phễu	47	
phungduong	phụng dưỡng	47	
phuquyet	phủ quyết	47	
quatthao	quát tháo	47	
rauria	râu ria	47	
riurit	ríu rít	47	
soncuoc	sơn cước	47	
thieugia	thiếu gia	47	
thuathiet	thua thiệt	47	
thuocnam	thuốc nam	47	
tienthoai	tiến thoái	47	
tieulien	tiểu liên	47	
trahinh	trá hình	47	
tuongtu	tương tư	47	
tongdoc	tổng đốc	47	
tuvan	tự vấn	47	
vonglinh	vong linh	47	
vanghoe	vàng hoe	47	
xeday	xe đẩy	47	
xauchuoi	xâu chuỗi	47	
em	ém	47	
diemdam	điềm đạm	47	
doai	đoài	47	
danhram	đánh rắm	47	
diabay	đĩa bay	47	
dampha	đầm phá	47	
dothua	đổ thừa	47	
autri	ấu trĩ	47	
bachma	Bạch Mã	46	
backy	Bắc Kỳ	46	
bencat	Bến Cát	46	
but	Bụt	46	
namtu	Nam Tư	46	
ngoclinh	Ngọc Linh	46	
nhue	Nhuệ	46	
phuc	Phục	46	
amoniac	amoniac	46	
banbo	ban bố	46	
bietchung	biết chừng	46	
bieungu	biểu ngữ	46	
bantinh	bàn tính	46	
boitoan	bói toán	46	
boxit	bọ xít	46	
bocphat	bộc phát	46	
caocuong	cao cường	46	
chanchua	chan chứa	46	
chieubai	chiêu bài	46	
chongchong	chong chóng	46	
chudu	chu du	46	
chinhdien	chính diện	46	
chamnom	chăm nom	46	
congdien	công điện	46	
cangtin	căng tin	46	
cungchieu	cưng chiều	46	
cauchi	cầu chì	46	
caudao	cầu dao	46	
cup	cụp	46	
damba	dăm ba	46	
davu	dạ vũ	46	
doi	dỗi	46	
dulieu	dự liệu	46	
giaodiem	giao điểm	46	
giathu	giá thú	46	
guom	gượm	46	
haychu	hay chữ	46	
huenhhoang	huênh hoang	46	
hyhuu	hy hữu	46	
hao	háo	46	
honhit	hôn hít	46	
khaicuoc	khai cuộc	46	
khukhu	khư khư	46	
khohanh	khổ hạnh	46	
khung	khựng	46	
lem	lem	46	
long	lóng	46	
minhquan	minh quân	46	
mao	mào	46	
maucam	máu cam	46	
mangcut	măng cụt	46	
modao	mộ đạo	46	
motoang	mở toang	46	
mungtuoi	mừng tuổi	46	
nghiet	nghiệt	46	
nghiabong	nghĩa bóng	46	
nguyetque	nguyệt quế	46	
nguechngoac	nguệch ngoạc	46	
nguybien	nguỵ biện	46	
ngao	ngáo	46	
ngau	ngẫu	46	
nhip	nhíp	46	
nheda	nhẹ dạ	46	
nhica	nhị ca	46	
nuocdai	nước dãi	46	
phom	phom	46	
quaibi	quai bị	46	
quangiao	quản giáo	46	
quyquyet	quỷ quyệt	46	
ram	râm	46	
rua	rủa	46	
sungcoi	súng cối	46	
suplo	súp lơ	46	
sonthuy	sơn thuỷ	46	
sude	sư đệ	46	
son	sởn	46	
thienhoang	thiên hoàng	46	
thoaivi	thoái vị	46	
thuthuy	thu thuỷ	46	
thamthinh	thám thính	46	
thinhthich	thình thịch	46	
thobi	thô bỉ	46	
thachtin	thạch tín	46	
truyenkiep	truyền kiếp	46	
traxanh	trà xanh	46	
tuyetthuc	tuyệt thực	46	
tuytheo	tuỳ theo	46	
taiphiet	tài phiệt	46	
tatuc	tá túc	46	
tixiu	tí xíu	46	
tungtung	tưng tưng	46	
tapde	tạp dề	46	
uonvan	uốn ván	46	
viendan	viện dẫn	46	
vochu	vô chủ	46	
voke	vô kể	46	
vandap	vấn đáp	46	
xuatsieu	xuất siêu	46	
xup	xúp	46	
aitinh	ái tình	46	
anhkim	ánh kim	46	
amvang	âm vang	46	
datinh	đa tình	46	
duongquy	đương quy	46	
dongthanh	đồng thanh	46	
honam	Hồ Nam	45	
khuat	Khuất	45	
kienan	Kiến An	45	
mekong	Mê Kông	45	
thamquyen	Thâm Quyến	45	
binhphap	binh pháp	45	
biettai	biệt tài	45	
buyt	buýt	45	
buingui	bùi ngùi	45	
buonchai	bươn chải	45	
bebon	bề bộn	45	
bucboi	bức bối	45	
cano	ca nô	45	
chuy	chuỳ	45	
chatphac	chất phác	45	
chetyeu	chết yểu	45	
cuongno	cuồng nộ	45	
cangua	cá ngựa	45	
coso	cơ số	45	
canhtinh	cảnh tỉnh	45	
danhhoa	danh hoạ	45	
duytam	duy tâm	45	
daiphancach	dải phân cách	45	
dichta	dịch tả	45	
doi	dồi	45	
ghentuc	ghen tức	45	
hiemkhich	hiềm khích	45	
hinhchieu	hình chiếu	45	
hethonghoa	hệ thống hoá	45	
holon	hổ lốn	45	
khuonphep	khuôn phép	45	
khangkhit	khăng khít	45	
kieng	kiềng	45	
lairai	lai rai	45	
loanglo	loang lổ	45	
lamchung	lâm chung	45	
lamtran	lâm trận	45	
lomo	lơ mơ	45	
minhchung	minh chứng	45	
matruoi	mát rượi	45	
medam	mê đắm	45	
moma	mồ mả	45	
ngamngam	ngấm ngầm	45	
nhomngo	nhòm ngó	45	
nhoban	nhơ bẩn	45	
organ	organ	45	
phucam	phúc âm	45	
quathe	quá thể	45	
ranhcon	ranh con	45	
rau	rầu	45	
roiren	rối ren	45	
sachluoc	sách lược	45	
tanhoang	tan hoang	45	
thieuso	thiểu số	45	
thuoctay	thuốc tây	45	
thuycung	thuỷ cung	45	
thithao	thì thào	45	
tiendo	tiền đồ	45	
tuva	tù và	45	
tuchat	tư chất	45	
toong	tổ ong	45	
uatuc	uất ức	45	
vietvi	việt vị	45	
viu	víu	45	
voc	vóc	45	
vusua	vú sữa	45	
vuonminh	vươn mình	45	
vannang	vạn năng	45	
vuloi	vụ lợi	45	
vuamieng	vừa miệng	45	
xieulong	xiêu lòng	45	
xuytxoa	xuýt xoa	45	
xalang	xả láng	45	
emam	êm ấm	45	
iach	ì ạch	45	
anhoi	ăn hỏi	45	
daihan	Đại hãn	45	
doimuoi	đôi mươi	45	
duongcao	đường cao	45	
duoccai	được cái	45	
demxia	đếm xỉa	45	
doiluu	đối lưu	45	
dongnang	động năng	45	
ua	ứa	45	
tayduc	Tây Đức	44	
anphan	an phận	44	
asen	asen	44	
bienso	biến số	44	
bachua	bà chúa	44	
baohieu	báo hiếu	44	
caongat	cao ngất	44	
choan	choán	44	
chuyenche	chuyên chế	44	
chotvot	chót vót	44	
changtrach	chẳng trách	44	
chungthu	chứng thư	44	
cuocbo	cuốc bộ	44	
congchinh	công chính	44	
coixaygio	cối xay gió	44	
cotcach	cốt cách	44	
day	dẫy	44	
ghe	ghệ	44	
gianxao	gian xảo	44	
giayvo	giày vò	44	
giaophan	giáo phận	44	
gocgac	gốc gác	44	
hoancau	hoàn cầu	44	
huongho	huống hồ	44	
hagioi	hạ giới	44	
holo	hồ lô	44	
khoankhoai	khoan khoái	44	
khothan	khổ thân	44	
loa	loà	44	
lanhngat	lạnh ngắt	44	
longlong	lồng lộng	44	
magie	magie	44	
nguyenhinh	nguyên hình	44	
ngaongat	ngào ngạt	44	
ngannga	ngân nga	44	
ngan	ngấn	44	
nho	nhọ	44	
nai	nài	44	
nangtho	nàng thơ	44	
nuocdai	nước đái	44	
nenang	nể nang	44	
nuavoi	nửa vời	44	
phinhieu	phì nhiêu	44	
quyy	quy y	44	
quyenluyen	quyến luyến	44	
quatay	quá tay	44	
quytu	quý tử	44	
quo	quơ	44	
rieng	riềng	44	
remat	rẻ mạt	44	
sansat	san sát	44	
suon	suôn	44	
suotmuot	sướt mướt	44	
thuongtinh	thương tình	44	
thaylang	thầy lang	44	
treogio	treo giò	44	
trangmuot	trắng muốt	44	
tro	trớ	44	
tip	típ	44	
tove	tô vẽ	44	
tangvien	tăng viện	44	
tutung	tứ tung	44	
tudonghoa	tự động hoá	44	
vosidao	võ sĩ đạo	44	
vunvut	vùn vụt	44	
vuphu	vũ phu	44	
vuonggia	vương giả	44	
xanhngat	xanh ngắt	44	
xia	xỉa	44	
aimo	ái mộ	44	
ducquocxa	Đức Quốc Xã	44	
duquay	đu quay	44	
uotsung	ướt sũng	44	
bacdau	Bắc Đẩu	43	
conminh	Côn Minh	43	
amidan	amidan	43	
anhtuc	anh túc	43	
bonggon	bông gòn	43	
bangden	bảng đen	43	
caisua	cai sữa	43	
caohung	cao hứng	43	
changio	chân giò	43	
chuctung	chúc tụng	43	
chatdot	chất đốt	43	
chot	chột	43	
chomong	chờ mong	43	
caunhau	càu nhàu	43	
cacom	cá cơm	43	
cactong	các tông	43	
cailon	cãi lộn	43	
canco	căn cơ	43	
cuongdoat	cưỡng đoạt	43	
daydoi	dạy đời	43	
flex	flex	43	
gaioc	gai ốc	43	
giangxe	giằng xé	43	
gau	gâu	43	
gattan	gạt tàn	43	
huyenly	huyện lỵ	43	
hinhnhan	hình nhân	43	
hot	hớt	43	
longvuong	long vương	43	
landan	lận đận	43	
lapbap	lắp bắp	43	
mandi	man di	43	
mohang	mở hàng	43	
nhanhtri	nhanh trí	43	
nhapmon	nhập môn	43	
oach	oách	43	
phoquat	phổ quát	43	
phucthu	phục thù	43	
quanh	quánh	43	
rachruoi	rách rưới	43	
rongroc	ròng rọc	43	
rauri	rầu rĩ	43	
sinh	sính	43	
thinh	thinh	43	
thuon	thuôn	43	
thuoclao	thuốc lào	43	
thothan	thơ thẩn	43	
then	thẹn	43	
thophi	thổ phỉ	43	
tinhthandongdoi	tinh thần đồng đội	43	
tro	trố	43	
tungthieu	túng thiếu	43	
tuoiroi	tươi rói	43	
toiom	tối om	43	
tonglanhsuquan	tổng lãnh sự quán	43	
veo	véo	43	
vinhan	vĩ nhân	43	
ven	vẹn	43	
vobeo	vỗ béo	43	
xoang	xoàng	43	
onganh	óng ánh	43	
dm	ĐM	43	
dicau	đi cầu	43	
duongcheo	đường chéo	43	
damduoi	đắm đuối	43	
dongang	đồng áng	43	
dodan	đỡ đần	43	
at	Ất	43	
aluoi	A Lưới	42	
bon	Bon	42	
hieu	Hiệu	42	
bientuong	biến tướng	42	
bennguyen	bên nguyên	42	
bonba	bôn ba	42	
butphap	bút pháp	42	
botgiat	bột giặt	42	
bubam	bụ bẫm	42	
caongao	cao ngạo	42	
chanhung	chấn hưng	42	
coro	co ro	42	
congxuong	công xưởng	42	
danhloi	danh lợi	42	
dungthu	dung thứ	42	
damo	dâm ô	42	
este	este	42	
ghim	ghìm	42	
giongnoi	giống nòi	42	
gainhay	gái nhảy	42	
hoagiay	hoa giấy	42	
hanhuyen	hàn huyên	42	
haudau	hậu đậu	42	
hacin	hắc ín	42	
hephoi	hẹp hòi	42	
hoikien	hội kiến	42	
hondoi	hờn dỗi	42	
hung	hửng	42	
khuechtruong	khuếch trương	42	
khicong	khí công	42	
khanthiet	khẩn thiết	42	
kinhchuc	kính chúc	42	
loangchoang	loạng choạng	42	
lanhdam	lãnh đạm	42	
laoluyen	lão luyện	42	
liulo	líu lo	42	
longngong	lóng ngóng	42	
made	mã đề	42	
muucau	mưu cầu	42	
matday	mặt dày	42	
mo	mố	42	
ngangbuong	ngang bướng	42	
ngoa	ngoa	42	
ngoam	ngoạm	42	
ngungtre	ngưng trệ	42	
nganngu	ngạn ngữ	42	
ngo	ngớ	42	
nguam	ngữ âm	42	
nhamthach	nham thạch	42	
nhen	nhen	42	
nhau	nhàu	42	
nhonhe	nhỏ nhẹ	42	
nuomnuop	nườm nượp	42	
noinghiep	nối nghiệp	42	
nung	nứng	42	
omsom	om sòm	42	
phongthan	phòng thân	42	
phucuong	phú cường	42	
quyphuc	quy phục	42	
quet	quết	42	
rachroi	rạch ròi	42	
set	sệt	42	
songuyen	số nguyên	42	
sudoi	sự đời	42	
thieuphu	thiếu phụ	42	
thinhluc	thính lực	42	
tienthan	tiến thân	42	
trangtreo	trắng trẻo	42	
tetuu	tề tựu	42	
uynhiem	uỷ nhiệm	42	
vangson	vàng son	42	
xeo	xèo	42	
yengiac	yên giấc	42	
dongloc	Đồng Lộc	42	
dagiac	đa giác	42	
dichxac	đích xác	42	
duongphen	đường phèn	42	
daiy	đại ý	42	
ona	ồn ã	42	
cathai	Cát Hải	41	
honglinh	Hồng Lĩnh	41	
lechan	Lê Chân	41	
phusi	Phú Sĩ	41	
sadec	Sa Đéc	41	
thanhhai	Thanh Hải	41	
thanhminh	Thanh minh	41	
thachha	Thạch Hà	41	
trunga	Trung Á	41	
baba	bà ba	41	
buncha	bún chả	41	
bangtai	băng tải	41	
batqua	bất quá	41	
batdinh	bất định	41	
begiang	bế giảng	41	
chuoi	chuôi	41	
chaumy	châu Mỹ	41	
chetdung	chết đứng	41	
cachon	cà chớn	41	
caopho	cáo phó	41	
conang	cơ năng	41	
danhtanh	danh tánh	41	
dieu	diễu	41	
daidai	dài dài	41	
datam	dã tâm	41	
duchan	dư chấn	41	
giaca	già cả	41	
hamthich	ham thích	41	
hienhau	hiền hậu	41	
haosac	háo sắc	41	
hua	hùa	41	
haiduong	hải dương	41	
hay	hầy	41	
hohenh	hớ hênh	41	
inhoi	inh ỏi	41	
kho	khò	41	
kimkhi	kim khí	41	
kiemchac	kiếm chác	41	
kiet	kiết	41	
kechxu	kếch xù	41	
leo	lèo	41	
luongbong	lương bổng	41	
luoile	lưỡi lê	41	
machleo	mách lẻo	41	
michinh	mì chính	41	
mop	móp	41	
nanhvuot	nanh vuốt	41	
nguyenam	nguyên âm	41	
nham	nhàm	41	
nuocleo	nước lèo	41	
oaioam	oái oăm	41	
phaivien	phái viên	41	
phongdang	phóng đãng	41	
phot	phớt	41	
quet	quệt	41	
rut	rụt	41	
saibao	sai bảo	41	
sinhke	sinh kế	41	
sodang	sơ đẳng	41	
suu	sưu	41	
sohoc	số học	41	
thanhthu	thành thử	41	
themanh	thế mạnh	41	
thetuc	thế tục	41	
thep	thếp	41	
tho	thớ	41	
thu	thừ	41	
truyencam	truyền cảm	41	
truyendon	truyền đơn	41	
triluc	trí lực	41	
tranlot	trấn lột	41	
tahoa	tá hoả	41	
tamgui	tầm gửi	41	
taptinh	tập tính	41	
tuctoc	tức tốc	41	
voirong	vòi rồng	41	
vonghe	võ nghệ	41	
vanbia	văn bia	41	
voc	vọc	41	
xongxao	xông xáo	41	
eouot	èo uột	41	
dongau	Đông Âu	41	
dehen	đê hèn	41	
daukhau	đậu khấu	41	
dacphaivien	đặc phái viên	41	
baccarolina	Bắc Carolina	40	
tayan	Tây An	40	
tayduky	Tây du ký	40	
banmai	ban mai	40	
bis	bis	40	
bachtang	bạch tạng	40	
bavai	bả vai	40	
batmach	bắt mạch	40	
benhsu	bệnh sử	40	
bithit	bị thịt	40	
caynghiet	cay nghiệt	40	
cho	chõ	40	
chuachien	chùa chiền	40	
chocchoc	chốc chốc	40	
chu	chử	40	
coiam	cõi âm	40	
cungbai	cúng bái	40	
conghiep	cơ nghiệp	40	
caibien	cải biến	40	
colo	cổ lỗ	40	
duyenso	duyên số	40	
danmat	dằn mặt	40	
dichhach	dịch hạch	40	
duanuoc	dừa nước	40	
giaumanh	giàu mạnh	40	
gay	gảy	40	
goila	gọi là	40	
hieuso	hiệu số	40	
hoadang	hoa đăng	40	
hoanlac	hoan lạc	40	
hoakhi	hoà khí	40	
hoai	hoại	40	
hihung	hí hửng	40	
hongtam	hồng tâm	40	
kieu	kiêu	40	
keng	kẻng	40	
leloi	le lói	40	
loaken	loa kèn	40	
luomthuom	luộm thuộm	40	
lay	láy	40	
lupxup	lụp xụp	40	
lucluong	lực lưỡng	40	
mangan	mangan	40	
mom	mớm	40	
nguocxuoi	ngược xuôi	40	
noingoi	nối ngôi	40	
phaimo	phai mờ	40	
phainhat	phai nhạt	40	
phanxu	phân xử	40	
phucduc	phúc đức	40	
queo	queo	40	
quoctehoa	quốc tế hoá	40	
re	ré	40	
rirao	rì rào	40	
thoangkhi	thoáng khí	40	
thunhat	thu nhặt	40	
thuocbac	thuốc bắc	40	
thangthot	thảng thốt	40	
tietcanh	tiết canh	40	
tieuho	tiểu hổ	40	
trungquan	trung quân	40	
truydieu	truy điệu	40	
trun	trùn	40	
tramhuong	trầm hương	40	
tiato	tía tô	40	
toctien	tóc tiên	40	
vun	vun	40	
vin	vịn	40	
xam	xàm	40	
xaclao	xấc láo	40	
xacxuoc	xấc xược	40	
anphi	án phí	40	
doho	đô hộ	40	
dadao	đả đảo	40	
dangdang	đằng đẵng	40	
iachay	ỉa chảy	40	
ongnghe	ống nghe	40	
chiemthanh	Chiêm Thành	39	
gianh	Gianh	39	
giau	Giàu	39	
nganha	Ngân Hà	39	
thannong	Thần Nông	39	
vanhoc	Văn Học	39	
biemhoa	biếm hoạ	39	
bienthu	biển thủ	39	
butlong	bút lông	39	
buombuom	bươm bướm	39	
coisoc	coi sóc	39	
cachinh	cá chình	39	
comat	cơ mật	39	
caukhan	cầu khẩn	39	
catnghia	cắt nghĩa	39	
capbo	cặp bồ	39	
dudang	du đãng	39	
dungtung	dung túng	39	
dangiai	dẫn giải	39	
flo	flo	39	
giaioan	giải oan	39	
go	gở	39	
hup	húp	39	
hadang	hạ đẳng	39	
haima	hải mã	39	
hui	hủi	39	
khuay	khuây	39	
khadung	khả dụng	39	
kyda	kỳ đà	39	
langxang	lăng xăng	39	
lamlem	lấm lem	39	
mao	mão	39	
muutri	mưu trí	39	
manhkhanh	mảnh khảnh	39	
mau	mấu	39	
mitmu	mịt mù	39	
mynhanke	mỹ nhân kế	39	
ngumuoi	ngu muội	39	
ngangu	ngã ngũ	39	
ngutngan	ngút ngàn	39	
nhongnheo	nhõng nhẽo	39	
nhannhuc	nhẫn nhục	39	
phongluu	phong lưu	39	
phatthanhvien	phát thanh viên	39	
pheo	phèo	39	
phepham	phế phẩm	39	
phot	phọt	39	
phuam	phụ âm	39	
phudau	phủ đầu	39	
quanxa	quán xá	39	
raogiang	rao giảng	39	
rieu	riêu	39	
ranhranh	rành rành	39	
ruoi	rươi	39	
ria	rỉa	39	
sotruong	sở trưởng	39	
thuocmo	thuốc mỡ	39	
thongdichvien	thông dịch viên	39	
thonggia	thông gia	39	
thutich	thư tịch	39	
thamte	thậm tệ	39	
thitoc	thị tộc	39	
thunam	thứ năm	39	
tinhtuong	tinh tường	39	
tiendinh	tiền đình	39	
tinhso	tính sổ	39	
tomluoc	tóm lược	39	
tonglanhsu	tổng lãnh sự	39	
tuaho	tựa hồ	39	
vanvo	vẩn vơ	39	
xuy	xuỳ	39	
dienphan	điện phân	39	
dientruong	điện trường	39	
danhdo	đánh đố	39	
dautri	đấu trí	39	
doan	đồ ăn	39	
docchiem	độc chiếm	39	
amthap	ẩm thấp	39	
y	ỳ	39	
man	Mãn	38	
manchau	Mãn Châu	38	
phuocson	Phước Sơn	38	
sonduong	Sơn Dương	38	
tamhoang	Tam Hoàng	38	
thubon	Thu Bồn	38	
tiepkhac	Tiệp Khắc	38	
tat	Tất	38	
banh	bành	38	
bongbong	bòng bong	38	
bunlay	bùn lầy	38	
bancung	bần cùng	38	
bioi	bỉ ổi	38	
chieuta	chiều tà	38	
chikhi	chí khí	38	
chac	chậc	38	
cuoi	cuội	38	
catrich	cá trích	38	
canhtayphai	cánh tay phải	38	
ca	cạ	38	
giatien	gia tiên	38	
giangiao	giàn giáo	38	
giaitich	giải tích	38	
giap	giập	38	
ga	gạ	38	
hanhtung	hành tung	38	
hau	háu	38	
hinhthang	hình thang	38	
huao	hư ảo	38	
hailuu	hải lưu	38	
holy	hộ lý	38	
kimchi	kim chi	38	
kiengkhem	kiêng khem	38	
liem	liệm	38	
lambenh	lâm bệnh	38	
loren	lò rèn	38	
loidinh	lôi đình	38	
lapxuong	lạp xưởng	38	
lot	lốt	38	
monmot	mồn một	38	
nemchua	nem chua	38	
neon	neon	38	
nguoidung	người dưng	38	
ngat	ngặt	38	
niken	niken	38	
nieu	niêu	38	
pheptoan	phép toán	38	
phonhoa	phồn hoa	38	
pang	pằng	38	
quan	quăn	38	
rungcam	rung cảm	38	
rungrinh	rung rinh	38	
randay	răn dạy	38	
rotrao	rốt ráo	38	
sole	so le	38	
soangia	soạn giả	38	
song	sổng	38	
thanhthieunien	thanh thiếu niên	38	
thuy	thuỵ	38	
thuyquai	thuỷ quái	38	
thongdich	thông dịch	38	
thucvathoc	thực vật học	38	
tienglong	tiếng lóng	38	
triu	trĩu	38	
taube	tàu bè	38	
tongdo	tông đồ	38	
tuloi	tư lợi	38	
te	tẻ	38	
ubuon	u buồn	38	
uynghiem	uy nghiêm	38	
vecto	vectơ	38	
vienkiemsat	viện kiểm sát	38	
vanhmongngua	vành móng ngựa	38	
volo	vỡ lở	38	
yeudieu	yểu điệu	38	
et	ét	38	
duoiuoi	đười ươi	38	
dachuu	đặc hữu	38	
dongdao	đồng dao	38	
crum	Crưm	37	
camle	Cẩm Lệ	37	
meo	Mẽo	37	
nhatle	Nhật Lệ	37	
thiennga	Thiên Nga	37	
vietcong	Việt Cộng	37	
vuquang	Vũ Quang	37	
beo	beo	37	
banui	bàn ủi	37	
buouco	bướu cổ	37	
choideu	chơi đểu	37	
chot	chọt	37	
chudinh	chủ định	37	
cobac	cô bác	37	
congtubot	công tử bột	37	
duyenphan	duyên phận	37	
de	dẻ	37	
ghenghet	ghen ghét	37	
giaoduong	giáo dưỡng	37	
ga	gá	37	
gangguong	gắng gượng	37	
gang	gặng	37	
hiemhoc	hiểm hóc	37	
hienhach	hiển hách	37	
huyennao	huyên náo	37	
hoichan	hội chẩn	37	
hophon	hớp hồn	37	
hopam	hợp âm	37	
khubiet	khu biệt	37	
lanman	lan man	37	
laoxao	lao xao	37	
lalot	lá lốt	37	
leolai	lèo lái	37	
lacloai	lạc loài	37	
lamthan	lầm than	37	
maluc	ma lực	37	
mangnhi	màng nhĩ	37	
maunong	máu nóng	37	
menyeu	mến yêu	37	
nghia	nghía	37	
nguyentac	nguyên tác	37	
ngusac	ngũ sắc	37	
ngonnguon	ngọn nguồn	37	
ngotlim	ngọt lịm	37	
nhon	nhộn	37	
nom	nom	37	
nomnop	nơm nớp	37	
oe	oẹ	37	
phay	phay	37	
phaisinh	phái sinh	37	
phoicanh	phối cảnh	37	
phut	phụt	37	
quachen	quá chén	37	
quaithai	quái thai	37	
ranhmach	rành mạch	37	
reo	réo	37	
sitinh	si tình	37	
sungso	sừng sỏ	37	
sulieu	sử liệu	37	
thuyenbe	thuyền bè	37	
thuongphuc	thường phục	37	
thuaco	thừa cơ	37	
tieutho	tiểu thơ	37	
treunguoi	trêu ngươi	37	
tuanbao	tuần báo	37	
tue	tuế	37	
tathuat	tà thuật	37	
taisac	tài sắc	37	
tang	tâng	37	
tamta	tầm tã	37	
tum	tụm	37	
vungben	vững bền	37	
xaoxac	xào xạc	37	
xi	xị	37	
aptai	áp tải	37	
doan	Đoan	37	
doantuyet	đoạn tuyệt	37	
daomo	đào mỏ	37	
danhtrao	đánh tráo	37	
dia	đìa	37	
daidong	đại đồng	37	
doidich	đối địch	37	
dut	đụt	37	
apung	ấp úng	37	
onthoa	ổn thoả	37	
chietgiang	Chiết Giang	36	
congnguyen	Công Nguyên	36	
huan	Huân	36	
lieuninh	Liêu Ninh	36	
minhtri	Minh Trị	36	
uong	Uông	36	
bagac	ba gác	36	
bomach	bo mạch	36	
baotap	bão táp	36	
biu	bìu	36	
baodan	bạo dạn	36	
benlen	bẽn lẽn	36	
bunxin	bủn xỉn	36	
canhcanh	canh cánh	36	
chuyenco	chuyên cơ	36	
chuotdong	chuột đồng	36	
chucquyen	chức quyền	36	
crush	crush	36	
cach	cạch	36	
causieu	cầu siêu	36	
dungnhan	dung nhan	36	
duyenno	duyên nợ	36	
daikho	dại khờ	36	
dichtehoc	dịch tễ học	36	
dong	dộng	36	
enzim	enzim	36	
giantruan	gian truân	36	
giunsan	giun sán	36	
giay	giãy	36	
gayyeu	gầy yếu	36	
hoadong	hoà đồng	36	
hoanguc	hoả ngục	36	
hahoc	há hốc	36	
hengi	hèn gì	36	
hathui	hắt hủi	36	
honlao	hỗn láo	36	
khoabang	khoa bảng	36	
khoangdat	khoáng đạt	36	
khonxiet	khôn xiết	36	
kinhgioi	kinh giới	36	
kiencao	kiện cáo	36	
kinhngu	kình ngư	36	
ketduyen	kết duyên	36	
lia	lia	36	
lieng	liệng	36	
luongcuong	luống cuống	36	
luongtri	lương tri	36	
laplo	lấp ló	36	
latphat	lất phất	36	
lamloi	lầm lỗi	36	
leme	lề mề	36	
mangcung	màng cứng	36	
mayno	máy nổ	36	
menheo	mè nheo	36	
memet	mê mệt	36	
muncua	mùn cưa	36	
muutoan	mưu toan	36	
ngudieu	ngữ điệu	36	
nhanchunghoc	nhân chủng học	36	
nongnoc	nòng nọc	36	
ne	nề	36	
noisinh	nội sinh	36	
nung	nựng	36	
oaiphong	oai phong	36	
phanthan	phân thân	36	
phanvien	phân viện	36	
quaphu	quả phụ	36	
quanquyt	quấn quýt	36	
quaypha	quấy phá	36	
quynh	quỳnh	36	
rom	ròm	36	
roirung	rơi rụng	36	
rungrinh	rủng rỉnh	36	
sitsao	sít sao	36	
sam	sầm	36	
thabong	tha bổng	36	
thaicucquyen	thái cực quyền	36	
thathoc	thất học	36	
tieulam	tiếu lâm	36	
traitrang	trai tráng	36	
truongthanh	trường thành	36	
trangbech	trắng bệch	36	
tacgia	tác gia	36	
tichphan	tích phân	36	
tet	tẹt	36	
uyentham	uyên thâm	36	
voluong	vô lượng	36	
vungbien	vùng biên	36	
vung	vụng	36	
xike	xì ke	36	
ynguyen	y nguyên	36	
yetkien	yết kiến	36	
dui	đui	36	
dacxa	đặc xá	36	
cuoi	Cuội	35	
dieu	Diệu	35	
haian	Hải An	35	
meo	Mẹo	35	
pho	Phó	35	
thao	Thao	35	
tayphi	Tây Phi	35	
biendi	biến dị	35	
bau	bàu	35	
beu	bêu	35	
baonguoc	bạo ngược	35	
banngu	bản ngữ	35	
batbe	bắt bẻ	35	
chala	chà là	35	
chinhdang	chính đảng	35	
cho	chộ	35	
chophien	chợ phiên	35	
crom	crom	35	
cakiem	cá kiếm	35	
camoi	cá mòi	35	
cohon	cô hồn	35	
congsu	công sứ	35	
congxa	công xã	35	
catnhac	cất nhắc	35	
cauam	cậu ấm	35	
cosinhvathoc	cổ sinh vật học	35	
dieubinh	diễu binh	35	
giaquyen	gia quyến	35	
giavon	giá vốn	35	
giat	giắt	35	
guongmay	guồng máy	35	
gamo	gà mờ	35	
hamho	ham hố	35	
hoami	hoạ mi	35	
huy	huý	35	
hatboi	hát bội	35	
hoicai	hối cải	35	
hungho	hững hờ	35	
inbox	inbox	35	
khoangvat	khoáng vật	35	
khactinh	khắc tinh	35	
kinhqua	kinh qua	35	
kieuky	kiêu kỳ	35	
laoxuoc	láo xược	35	
lulan	lú lẫn	35	
latdat	lật đật	35	
lolang	lố lăng	35	
manmac	man mác	35	
mietthi	miệt thị	35	
maunhiem	mầu nhiệm	35	
memnhun	mềm nhũn	35	
moneo	mỏ neo	35	
muilong	mủi lòng	35	
nghe	nghê	35	
ngoc	ngóc	35	
ngonut	ngón út	35	
noam	no ấm	35	
nuot	nuột	35	
noitham	nói thầm	35	
nodich	nô dịch	35	
nangloi	nặng lời	35	
nenna	nền nã	35	
nuctieng	nức tiếng	35	
phanhthay	phanh thây	35	
phapphong	phập phồng	35	
phatlong	phật lòng	35	
quyket	quy kết	35	
quantri	quẫn trí	35	
ra	rá	35	
roirit	rối rít	35	
saukin	sâu kín	35	
sanphukhoa	sản phụ khoa	35	
sole	số lẻ	35	
tangthuong	tang thương	35	
thanhbach	thanh bạch	35	
thietgiapham	thiết giáp hạm	35	
thanhluy	thành luỹ	35	
thatnut	thắt nút	35	
tieuchuanhoa	tiêu chuẩn hoá	35	
trachmang	trách mắng	35	
tet	tét	35	
tung	túng	35	
tonghoa	tổng hoà	35	
toilui	tới lui	35	
tomo	tờ mờ	35	
vunven	vun vén	35	
vovet	vơ vét	35	
vanhanh	vạn hạnh	35	
xuiquay	xúi quẩy	35	
amphu	âm phủ	35	
eche	ê chề	35	
anva	ăn vạ	35	
duong	Đuống	35	
danhda	đanh đá	35	
ditu	đi tu	35	
dahoacuong	đá hoa cương	35	
danhghen	đánh ghen	35	
dinhuoc	đính ước	35	
dambac	đạm bạc	35	
dongdanh	đỏng đảnh	35	
dongdang	đồng dạng	35	
uon	ưỡn	35	
anlao	An Lão	34	
nguyen	Nguyện	34	
phuckien	Phúc Kiến	34	
thachthat	Thạch Thất	34	
baphai	ba phải	34	
bebet	bê bết	34	
bolao	bô lão	34	
bantien	bần tiện	34	
bapngo	bắp ngô	34	
caotang	cao tăng	34	
cheokeo	chèo kéo	34	
chayvay	chạy vạy	34	
chobua	chợ búa	34	
chotroi	chợ trời	34	
caukhuan	cầu khuẩn	34	
cautruot	cầu trượt	34	
dotnat	dột nát	34	
doec	dở ẹc	34	
dom	dởm	34	
gan	gạn	34	
haoton	hao tổn	34	
hiepdong	hiệp đồng	34	
huo	huơ	34	
hungque	húng quế	34	
haiphan	hải phận	34	
khinhsuat	khinh suất	34	
keomut	kẹo mút	34	
linhung	linh ứng	34	
liem	liềm	34	
luandieu	luận điệu	34	
loc	lóc	34	
maumat	máu mặt	34	
monmoi	mòn mỏi	34	
menh	mềnh	34	
ngoanngoeo	ngoằn ngoèo	34	
nguytao	nguỵ tạo	34	
ngaingu	ngái ngủ	34	
ngaonghe	ngạo nghễ	34	
nhannghia	nhân nghĩa	34	
nham	nhăm	34	
nuotloi	nuốt lời	34	
nit	nít	34	
non	nõn	34	
phongthap	phong thấp	34	
phothac	phó thác	34	
phau	phẫu	34	
quyetchi	quyết chí	34	
quaquat	quá quắt	34	
quay	quẫy	34	
raucan	rau cần	34	
sanhsoi	sành sỏi	34	
son	són	34	
songsanh	sóng sánh	34	
sangiat	sản giật	34	
soso	sờ sờ	34	
thongdong	thong dong	34	
thunap	thu nạp	34	
theluong	thê lương	34	
thungo	thư ngỏ	34	
thuongtoa	thượng toạ	34	
thechehoa	thể chế hoá	34	
thive	thị vệ	34	
tiepung	tiếp ứng	34	
tinhmich	tĩnh mịch	34	
tanluc	tận lực	34	
tuuluong	tửu lượng	34	
vangtuc	văng tục	34	
xetdoan	xét đoán	34	
xuongdon	xương đòn	34	
dongthung	đóng thùng	34	
day	đẫy	34	
dacy	đắc ý	34	
dedat	đề đạt	34	
diadau	địa đầu	34	
donmat	đốn mạt	34	
batxat	Bát Xát	33	
cam	Cẩm	33	
giangto	Giang Tô	33	
ky	Kỳ	33	
leminh	Lê Minh	33	
mc	MC	33	
metri	Mễ Trì	33	
phuchung	Phục Hưng	33	
anhlinh	anh linh	33	
banthang	bàn thắng	33	
buucuc	bưu cục	33	
bauviu	bấu víu	33	
bop	bốp	33	
bonhi	bồ nhí	33	
camtam	cam tâm	33	
chiaxe	chia xẻ	33	
chinhthe	chính thể	33	
choitroi	chơi trội	33	
chac	chặc	33	
chute	chủ tế	33	
cuicho	cùi chỏ	33	
capvon	cấp vốn	33	
candai	cận đại	33	
dandiu	dan díu	33	
dum	dúm	33	
gianac	gian ác	33	
galoi	gà lôi	33	
guonggao	gượng gạo	33	
gaocoi	gạo cội	33	
gayguoc	gầy guộc	33	
gonghe	gọn ghẽ	33	
huongthao	hương thảo	33	
khachkhi	khách khí	33	
kham	khắm	33	
kiengcu	kiêng cữ	33	
kietly	kiết lỵ	33	
kysu	ký sự	33	
lahan	la hán	33	
loe	loe	33	
logic	lôgic	33	
lu	lú	33	
luclac	lúc lắc	33	
lodenh	lơ đễnh	33	
malanh	ma lanh	33	
mooc	moóc	33	
maykhach	máy khách	33	
maymua	mây mưa	33	
mongtoi	mồng tơi	33	
nghen	nghén	33	
ngongang	ngó ngàng	33	
ngohem	ngõ hẻm	33	
nhamhiem	nham hiểm	33	
nhanhac	nhã nhạc	33	
nhotho	nhỏ thó	33	
nhonnhao	nhốn nháo	33	
nongruot	nóng ruột	33	
nutuong	nữ tướng	33	
oia	oi ả	33	
oanhan	oán hận	33	
phiendien	phiến diện	33	
phonghoa	phong hoá	33	
phongdien	phóng điện	33	
phot	phốt	33	
ranhmanh	ranh mãnh	33	
rich	rích	33	
rangsua	răng sữa	33	
suyton	suy tôn	33	
sat	sạt	33	
soi	sới	33	
tangchung	tang chứng	33	
thieuthan	thiêu thân	33	
thuongcang	thương cảng	33	
thuongtang	thượng tầng	33	
thachnhu	thạch nhũ	33	
thenthung	thẹn thùng	33	
trungtuyen	trung tuyến	33	
truongluc	trương lực	33	
tramtinh	trầm tĩnh	33	
taitri	tài trí	33	
tamsuc	tâm sức	33	
tete	tê tê	33	
tantao	tần tảo	33	
tuctuoi	tức tưởi	33	
vot	vót	33	
vodo	vô độ	33	
xuyt	xuýt	33	
xam	xẩm	33	
aoquan	áo quan	33	
denthui	đen thui	33	
dienquang	điện quang	33	
damtieu	đàm tiếu	33	
dongnghet	đông nghẹt	33	
dadong	đả động	33	
datnung	đất nung	33	
namviet	Nam Việt	32	
trangbang	Trảng Bàng	32	
vanchuong	Văn Chương	32	
bienho	biển hồ	32	
chiemcu	chiếm cứ	32	
chitro	chỉ trỏ	32	
chokin	chỗ kín	32	
cuongcuong	cuống cuồng	32	
coi	côi	32	
camgian	căm giận	32	
cohoanh	cơ hoành	32	
diec	diệc	32	
dauchamhoi	dấu chấm hỏi	32	
datmui	dắt mũi	32	
giamnguc	giám ngục	32	
giolua	gió lùa	32	
giaydep	giầy dép	32	
gon	gòn	32	
hin	hin	32	
hienke	hiến kế	32	
hoatcanh	hoạt cảnh	32	
haiduong	hải đường	32	
hausu	hậu sự	32	
hochac	hốc hác	32	
khoncung	khốn cùng	32	
kimtien	kim tiền	32	
liemsi	liêm sỉ	32	
lamcao	làm cao	32	
lamdau	làm dấu	32	
longda	lòng dạ	32	
langtam	lăng tẩm	32	
luithui	lủi thủi	32	
manhnha	manh nha	32	
man	mân	32	
man	mắn	32	
nghian	nghi án	32	
nguamat	ngứa mắt	32	
nieuquan	niệu quản	32	
natruou	nát rượu	32	
namrom	nấm rơm	32	
oanh	oanh	32	
oatcon	oắt con	32	
philao	phi lao	32	
phongba	phong ba	32	
phongtran	phong trần	32	
phicuoi	phì cười	32	
pho	phơ	32	
phuongngu	phương ngữ	32	
phubac	phụ bạc	32	
rangkhon	răng khôn	32	
ruaray	rửa ráy	32	
thoithop	thoi thóp	32	
thuanphuc	thuần phục	32	
thachdau	thách đấu	32	
thuathang	thừa thắng	32	
tradao	trà đạo	32	
treugheo	trêu ghẹo	32	
tronxoe	tròn xoe	32	
tamtinh	tâm tính	32	
tudohoa	tự do hoá	32	
ume	u mê	32	
vientham	viễn thám	32	
vucao	vu cáo	32	
vanvuong	vấn vương	32	
dathuc	đa thức	32	
duadoi	đua đòi	32	
danhtieng	đánh tiếng	32	
duongcat	đường cát	32	
duongduong	đường đường	32	
dauso	đầu sỏ	32	
diachi	địa chí	32	
doimoi	đồi mồi	32	
adida	A Di Đà	31	
dot	Dớt	31	
gao	Gạo	31	
huyen	Huyên	31	
hanhi	Hà Nhì	31	
muongthanh	Mường Thanh	31	
syp	Sýp	31	
vanphong	Văn Phong	31	
anduong	an dưỡng	31	
annhien	an nhiên	31	
bietduoc	biệt dược	31	
bando	bán độ	31	
banhtrai	bánh trái	31	
benmang	bén mảng	31	
bonrut	bòn rút	31	
boiden	bôi đen	31	
buata	búa tạ	31	
buu	bưu	31	
bachduong	bạch dương	31	
bathao	bất hảo	31	
bambao	bẩm báo	31	
benxebuyt	bến xe buýt	31	
chemo	che mờ	31	
chemgio	chém gió	31	
chuong	chường	31	
chan	chằn	31	
cuongdam	cuồng dâm	31	
cauban	cáu bẳn	31	
comchien	cơm chiên	31	
cauan	cầu an	31	
congsinh	cộng sinh	31	
dangdac	dằng dặc	31	
dinghi	dị nghị	31	
ducam	dự cảm	31	
ganghep	gán ghép	31	
hiuquanh	hiu quạnh	31	
hoanhphi	hoành phi	31	
hoatnao	hoạt náo	31	
hunduc	hun đúc	31	
huyenhoac	huyễn hoặc	31	
hadu	hạ du	31	
hatxi	hắt xì	31	
kinhlup	kính lúp	31	
lieuxieu	liêu xiêu	31	
liep	liếp	31	
le	lè	31	
lendoi	lên đời	31	
luluot	lũ lượt	31	
leduong	lễ đường	31	
lomdom	lốm đốm	31	
locho	lỗ chỗ	31	
manbac	màn bạc	31	
manhloi	mánh lới	31	
maymay	máy may	31	
mangcau	mãng cầu	31	
may	mẩy	31	
ngangtang	ngang tàng	31	
nghiahiep	nghĩa hiệp	31	
ngoac	ngoắc	31	
nguyenquan	nguyên quán	31	
ngo	ngơ	31	
nhansu	nhân sư	31	
nhungnhieu	nhũng nhiễu	31	
nanna	nấn ná	31	
phanglang	phẳng lặng	31	
phupham	phụ phẩm	31	
quaxa	quá xá	31	
raphet	ra phết	31	
rui	rui	31	
rumbeng	rùm beng	31	
rua	rựa	31	
sangchan	sang chấn	31	
sieuhinh	siêu hình	31	
su	sú	31	
thoanthoat	thoăn thoắt	31	
thanhhien	thánh hiền	31	
the	thè	31	
thuongmen	thương mến	31	
thamcanh	thảm cảnh	31	
thatthan	thất thần	31	
tinhmo	tinh mơ	31	
trungnghia	trung nghĩa	31	
treo	trẹo	31	
tenhieu	tên hiệu	31	
tach	tạch	31	
tapam	tạp âm	31	
tangan	tả ngạn	31	
tambo	tẩm bổ	31	
tong	tọng	31	
to	tộ	31	
xebo	xe bò	31	
xao	xáo	31	
xoxinh	xó xỉnh	31	
xucgiac	xúc giác	31	
un	ùn	31	
anchia	ăn chia	31	
damsen	Đầm Sen	31	
de	đe	31	
denkit	đen kịt	31	
donhau	đôn hậu	31	
diachinhtri	địa chính trị	31	
dongam	đồng âm	31	
dungtuoi	đứng tuổi	31	
bachho	Bạch Hổ	30	
bimson	Bỉm Sơn	30	
men	Mến	30	
namduong	Nam Dương	30	
tamdiep	Tam Điệp	30	
thanhgiong	Thánh Gióng	30	
trungkhanh	Trùng Khánh	30	
adua	a dua	30	
bro	bro	30	
baichoi	bài chòi	30	
binh	bĩnh	30	
bohong	bồ hóng	30	
bongloc	bổng lộc	30	
bucbach	bức bách	30	
camsanh	cam sành	30	
cheoleo	cheo leo	30	
checuoi	chê cười	30	
chambon	chăm bón	30	
chapmach	chập mạch	30	
chaptoi	chập tối	30	
chunoi	chữ nổi	30	
camu	cá mú	30	
comlam	cơm lam	30	
cungcua	cứng cựa	30	
dautam	dâu tằm	30	
giongia	giòn giã	30	
giamdap	giẫm đạp	30	
gieu	giễu	30	
haohao	hao hao	30	
hoanhon	hoàn hồn	30	
hanthe	hàn the	30	
hachdich	hách dịch	30	
hungho	hùng hổ	30	
huongngoai	hướng ngoại	30	
huongnoi	hướng nội	30	
hety	hết ý	30	
hoxi	hố xí	30	
khoncung	khôn cùng	30	
kinhcan	kính cận	30	
kynhong	kỳ nhông	30	
lalang	la làng	30	
limdim	lim dim	30	
loduc	lò đúc	30	
longto	lông tơ	30	
luom	lườm	30	
langthinh	lặng thinh	30	
long	lọng	30	
lucgiac	lục giác	30	
mituot	mít ướt	30	
matchuoc	mạt chược	30	
nghitruong	nghị trường	30	
nguyentieu	nguyên tiêu	30	
nguyetsan	nguyệt san	30	
ngangua	ngã ngửa	30	
ngongo	ngờ ngợ	30	
nhong	nhông	30	
nhatnhanh	nhặt nhạnh	30	
nom	nôm	30	
phecanh	phe cánh	30	
phomat	phó mát	30	
quatdien	quạt điện	30	
quochuy	quốc huy	30	
ranhrot	rành rọt	30	
rocrach	róc rách	30	
ratmuc	rất mực	30	
ran	rằn	30	
selen	selen	30	
susu	su su	30	
senh	sênh	30	
son	sờn	30	
thanoi	than ôi	30	
thuyphico	thuỷ phi cơ	30	
thutthit	thút thít	30	
thuocke	thước kẻ	30	
thotnot	thốt nốt	30	
thodia	thổ địa	30	
tinhranh	tinh ranh	30	
tiemnhiem	tiêm nhiễm	30	
tieuban	tiêu bản	30	
toet	toẹt	30	
traophung	trào phúng	30	
traixoan	trái xoan	30	
trotrong	trò trống	30	
troi	trọi	30	
tronthoat	trốn thoát	30	
trung	trụng	30	
tatthang	tất thắng	30	
tambay	tầm bậy	30	
ungnhot	ung nhọt	30	
vuoan	vu oan	30	
vatvanh	vặt vãnh	30	
vilai	vị lai	30	
volong	vỡ lòng	30	
xungkhac	xung khắc	30	
xauxe	xâu xé	30	
dakao	Đa Kao	30	
daynghien	đay nghiến	30	
dedieu	đê điều	30	
diuhiu	đìu hiu	30	
damdam	đăm đăm	30	
daitai	đại tài	30	
daukhau	đấu khẩu	30	
dohoe	đỏ hoe	30	
opep	ọp ẹp	30	
buu	Bửu	29	
fansipan	Fansipan	29	
hatrung	Hà Trung	29	
quancam	Quận Cam	29	
quelam	Quế Lâm	29	
thienson	Thiên Sơn	29	
thuanhoa	Thuận Hoá	29	
tolich	Tô Lịch	29	
bangquan	bàng quan	29	
banhche	bánh chè	29	
banhduc	bánh đúc	29	
bec	béc	29	
binhthuonghoa	bình thường hoá	29	
buttich	bút tích	29	
baymuoi	bảy mươi	29	
bobich	bồ bịch	29	
chuottui	chuột túi	29	
chinmuoi	chín mươi	29	
cho	chơ	29	
cham	chẩm	29	
chithien	chỉ thiên	29	
chutri	chủ trị	29	
chu	chừ	29	
carophi	cá rô phi	29	
camhong	câm họng	29	
cum	cùm	29	
cauvien	cầu viện	29	
camchuong	cẩm chướng	29	
danchuhoa	dân chủ hoá	29	
duongsuc	dưỡng sức	29	
dichvi	dịch vị	29	
gioiluat	giới luật	29	
hoale	hoa lệ	29	
hihuc	hì hục	29	
hanghisi	hạ nghị sĩ	29	
khoaimon	khoai môn	29	
khokhoc	khô khốc	29	
khoingo	khôi ngô	29	
khochu	khổ chủ	29	
khua	khứa	29	
kichnoi	kịch nói	29	
loxa	lo xa	29	
luyennguc	luyện ngục	29	
lamsao	làm sao	29	
lethe	lê thê	29	
linhi	lí nhí	29	
luonggiac	lượng giác	29	
lapliem	lấp liếm	29	
lutloi	lụt lội	29	
muoi	muôi	29	
maychem	máy chém	29	
mun	mùn	29	
met	mẹt	29	
menhhe	mệnh hệ	29	
muctau	mực tàu	29	
ngoaikhoa	ngoại khoá	29	
ngongiua	ngón giữa	29	
nia	nia	29	
nua	nưa	29	
ongmat	ong mật	29	
phuy	phuy	29	
quyt	quỵt	29	
suhao	su hào	29	
satphat	sát phạt	29	
sohoa	số hoá	29	
sola	số là	29	
thoaithac	thoái thác	29	
thungthinh	thùng thình	29	
thuongthuc	thường thức	29	
thucmang	thục mạng	29	
tienphuong	tiền phương	29	
tieuvuongquoc	tiểu vương quốc	29	
toancuc	toàn cục	29	
toac	toác	29	
tranthuat	trần thuật	29	
trong	trỏng	29	
tama	tà ma	29	
tamtam	tàm tạm	29	
taisanxuat	tái sản xuất	29	
tinhnet	tính nết	29	
tuongho	tương hỗ	29	
tactrach	tắc trách	29	
tumtim	tủm tỉm	29	
uankhuc	uẩn khúc	29	
voivinh	vòi vĩnh	29	
vohinhtrung	vô hình trung	29	
xabeng	xà beng	29	
xongdat	xông đất	29	
yenvui	yên vui	29	
amsac	âm sắc	29	
dinhba	đinh ba	29	
daong	đá ong	29	
ducrua	đực rựa	29	
caodai	Cao Đài	28	
gianghia	Gia Nghĩa	28	
het	Hết	28	
hottatliet	Hốt Tất Liệt	28	
hobac	Hồ Bắc	28	
linhnam	Lĩnh Nam	28	
muc	Mực	28	
aioan	ai oán	28	
amtuong	am tường	28	
bulong	bu lông	28	
baohoa	bão hoà	28	
baobenh	bạo bệnh	28	
bantang	bần tăng	28	
bung	bứng	28	
chieumo	chiêu mộ	28	
chieuxa	chiếu xạ	28	
chansong	chấn song	28	
chenhmang	chểnh mảng	28	
casa	cà sa	28	
calang	cá lăng	28	
caumay	cầu mây	28	
covan	cổ văn	28	
dauphay	dấu phẩy	28	
de	dẽ	28	
giua	giũa	28	
hieudinh	hiệu đính	28	
hoasinh	hoá sinh	28	
hinhchop	hình chóp	28	
honghach	hống hách	28	
khongtac	không tặc	28	
kilomet	kilômét	28	
langbam	lang băm	28	
lieuhon	liệu hồn	28	
luathoc	luật học	28	
lanla	lân la	28	
len	lèn	28	
lenhlang	lênh láng	28	
leulong	lêu lổng	28	
leo	lẻo	28	
leodeo	lẽo đẽo	28	
lenghia	lễ nghĩa	28	
machay	ma chay	28	
manme	mân mê	28	
matnet	mất nết	28	
mocban	mộc bản	28	
mongtuong	mộng tưởng	28	
ngapnghe	ngấp nghé	28	
ngop	ngợp	28	
nhiethach	nhiệt hạch	28	
nhaydung	nhảy dựng	28	
nham	nhấm	28	
nhaptam	nhập tâm	28	
nanglong	nặng lòng	28	
phongvi	phong vị	28	
phen	phên	28	
phaicai	phải cái	28	
phanphu	phần phụ	28	
phinh	phỉnh	28	
quangdang	quang đãng	28	
quau	quạu	28	
quanthat	quặn thắt	28	
reorat	réo rắt	28	
rat	rặt	28	
ro	rớ	28	
sinhbenh	sinh bệnh	28	
satsinh	sát sinh	28	
songda	sông Đà	28	
thuyenrong	thuyền rồng	28	
thuema	thuế má	28	
thongthuong	thông thương	28	
thaymo	thầy mo	28	
thechan	thế chân	28	
tienlieu	tiên liệu	28	
tiende	tiên đề	28	
tieuphi	tiêu phí	28	
trietsan	triệt sản	28	
trungdiep	trùng điệp	28	
tranghoa	trăng hoa	28	
tunghiep	tu nghiệp	28	
tadao	tà đạo	28	
tiutit	tíu tít	28	
tuongkhac	tương khắc	28	
tantien	tằn tiện	28	
tech	tếch	28	
tebac	tệ bạc	28	
tit	tịt	28	
toiky	tối kỵ	28	
viphan	vi phân	28	
vooc	voọc	28	
va	vạ	28	
vaivoc	vải vóc	28	
vatvuong	vất vưởng	28	
xuanson	xuân sơn	28	
xungxinh	xúng xính	28	
amhai	ám hại	28	
amthi	ám thị	28	
anngu	án ngữ	28	
anvung	ăn vụng	28	
dangngoai	Đàng Ngoài	28	
dientich	điển tích	28	
daicac	đài các	28	
day	đãy	28	
dencay	đèn cầy	28	
diamem	đĩa mềm	28	
deucang	đểu cáng	28	
docthuc	đốc thúc	28	
ungnghiem	ứng nghiệm	28	
khesanh	Khe Sanh	27	
kienthuy	Kiến Thuỵ	27	
laotu	Lão Tử	27	
songhong	Sông Hồng	27	
thienlong	Thiên Long	27	
bakich	ba kích	27	
bari	bari	27	
bavuong	bá vương	27	
buxu	bù xù	27	
bo	bớ	27	
chily	chí lý	27	
chatnich	chật ních	27	
chetdo	chết dở	27	
caocau	cào cấu	27	
caduoi	cá đuối	27	
caibien	cải biên	27	
caucong	cầu cống	27	
cohuong	cố hương	27	
cucquang	cực quang	27	
dungtuc	dung tục	27	
danquyen	dân quyền	27	
giempha	gièm pha	27	
gocnhon	góc nhọn	27	
gong	gông	27	
gan	gằn	27	
hanhxac	hành xác	27	
hinhthoi	hình thoi	27	
khoanthai	khoan thai	27	
khoaichi	khoái chí	27	
khonnguoi	khôn nguôi	27	
kieu	kiếu	27	
keke	kè kè	27	
kechcom	kệch cỡm	27	
lamlo	lầm lỡ	27	
lang	lằng	27	
manu	ma nữ	27	
maimot	mai mốt	27	
mec	méc	27	
muatuyet	mưa tuyết	27	
naonao	nao nao	27	
ngoaituyen	ngoại tuyến	27	
nguyenco	nguyên cớ	27	
ngunngut	ngùn ngụt	27	
nhalau	nhà lầu	27	
nongsot	nóng sốt	27	
nuongnau	nương náu	27	
nuoccat	nước cất	27	
noitiep	nội tiếp	27	
oanhon	oan hồn	27	
phihoai	phí hoài	27	
phut	phứt	27	
quao	quao	27	
quattran	quạt trần	27	
quochieu	quốc hiệu	27	
ray	rày	27	
riram	rì rầm	27	
romrom	rơm rớm	27	
salan	sà lan	27	
sanglang	sáng láng	27	
si	sì	27	
socapcuu	sơ cấp cứu	27	
thanhthe	thanh thế	27	
thoaithoai	thoai thoải	27	
theuthua	thêu thùa	27	
thutu	thư từ	27	
thuongco	thượng cổ	27	
thatthanh	thất thanh	27	
thamthi	thầm thì	27	
toang	toang	27	
trontrinh	tròn trĩnh	27	
truongky	trường kỷ	27	
tranbi	trần bì	27	
truckhuan	trực khuẩn	27	
tauthuy	tàu thuỷ	27	
tamnhi	tâm nhĩ	27	
tangia	tân gia	27	
tocmay	tóc mây	27	
tangtrong	tăng trọng	27	
tinhtai	tĩnh tại	27	
tunhanhoa	tư nhân hoá	27	
taotan	tảo tần	27	
vesau	ve sầu	27	
venh	vểnh	27	
vingu	vị ngữ	27	
xavang	xa vắng	27	
xungyeu	xung yếu	27	
xuonglo	xuống lỗ	27	
xeng	xèng	27	
xiu	xìu	27	
unun	ùn ùn	27	
dangghet	đáng ghét	27	
daihoa	đại hoạ	27	
doung	đỏ ửng	27	
doisach	đối sách	27	
docdao	độc đạo	27	
dutquang	đứt quãng	27	
bactrieu	Bắc triều	26	
hoahao	Hoà Hảo	26	
honghai	Hồng Hải	26	
ngocde	Ngọc Đế	26	
rut	Rút	26	
viengchan	Viêng Chăn	26	
biai	bi ai	26	
biahoi	bia hơi	26	
bienluan	biện luận	26	
buot	buột	26	
bachthao	bách thảo	26	
bainhiem	bãi nhiệm	26	
binhsinh	bình sinh	26	
bongdua	bông đùa	26	
bi	bĩ	26	
bangbieu	bảng biểu	26	
batnhan	bất nhân	26	
bapbe	bập bẹ	26	
bi	bỉ	26	
chimlon	chim lợn	26	
choang	choảng	26	
chan	chạn	26	
cangdang	cáng đáng	26	
catcu	cát cứ	26	
congquoc	công quốc	26	
camcua	cấm cửa	26	
dongdac	dõng dạc	26	
demen	dế mèn	26	
ehem	e hèm	26	
giaotu	giao tử	26	
heli	heli	26	
hoaminh	hoà mình	26	
hoadau	hoá dầu	26	
hauphau	hậu phẫu	26	
hech	hếch	26	
hophanh	họp hành	26	
hoitinh	hồi tỉnh	26	
kham	khăm	26	
khauchien	khẩu chiến	26	
liemkhiet	liêm khiết	26	
lytan	ly tán	26	
le	lé	26	
lamquyen	lạm quyền	26	
lamnham	lẩm nhẩm	26	
longlon	lồng lộn	26	
lon	lờn	26	
mamut	ma mút	26	
muoilam	mười lăm	26	
mapu	mập ú	26	
nguongnghiu	ngượng nghịu	26	
nganh	ngạnh	26	
nhachu	nha chu	26	
nico	ni cô	26	
nuisong	núi sông	26	
nuocnon	nước non	26	
nuc	nức	26	
oat	oắt	26	
phanconglaodong	phân công lao động	26	
phanuat	phẫn uất	26	
phinho	phỉ nhổ	26	
pho	phờ	26	
quatmay	quạt máy	26	
sucsao	sục sạo	26	
thaothao	thao thao	26	
thutay	thư tay	26	
thuocduoc	thược dược	26	
tho	thố	26	
tientram	tiền trạm	26	
tramnam	trăm năm	26	
trangtoat	trắng toát	26	
trac	trặc	26	
tanquan	tàn quân	26	
tera	té ra	26	
tomcangxanh	tôm càng xanh	26	
viensi	viện sĩ	26	
vatvo	vật vờ	26	
viky	vị kỷ	26	
xanhle	xanh lè	26	
yeu	yểu	26	
aothun	áo thun	26	
ay	áy	26	
dongdu	Đông Du	26	
daide	Đại Đế	26	
dieutan	điêu tàn	26	
doaihoai	đoái hoài	26	
dauphung	đậu phụng	26	
dacta	đặc tả	26	
dichnhan	địch nhân	26	
e	ẹ	26	
anhuy	An Huy	25	
mai	Mãi	25	
bakhia	ba khía	25	
banggiao	bang giao	25	
bazo	bazơ	25	
banhpho	bánh phở	25	
bathuong	bát hương	25	
bepxep	bép xép	25	
binhdia	bình địa	25	
boctem	bóc tem	25	
bungbit	bưng bít	25	
bebang	bẽ bàng	25	
boimoc	bới móc	25	
bungda	bụng dạ	25	
caokeu	cao kều	25	
chimmuong	chim muông	25	
chophep	cho phép	25	
chuotbach	chuột bạch	25	
chicot	chí cốt	25	
chinhdanh	chính danh	25	
chapnoi	chắp nối	25	
choivoi	chới với	25	
chungvien	chủng viện	25	
cuadong	cua đồng	25	
canhac	cà nhắc	25	
caobang	cào bằng	25	
cannao	cân não	25	
cot	cót	25	
camhon	căm hờn	25	
codo	cơ đồ	25	
cuute	cứu tế	25	
doadam	doạ dẫm	25	
dangdieu	dáng điệu	25	
dola	dò la	25	
diungot	dịu ngọt	25	
ghedau	ghế đẩu	25	
giandam	gian dâm	25	
giaocat	giao cắt	25	
gago	gà gô	25	
gocvuong	góc vuông	25	
gautrang	gấu trắng	25	
hoga	ho gà	25	
ham	hám	25	
hunghuc	hùng hục	25	
hathe	hạ thế	25	
handinh	hạn định	25	
hamhuc	hậm hực	25	
hauhoa	hậu hoạ	25	
hoidoan	hội đoàn	25	
keng	keng	25	
khoaiso	khoai sọ	25	
khanvai	khấn vái	25	
kimkep	kìm kẹp	25	
langbat	lang bạt	25	
lemnhem	lem nhem	25	
luanchung	luận chứng	25	
lamly	lâm ly	25	
long	lõng	25	
lucnhuc	lúc nhúc	25	
lungdoan	lũng đoạn	25	
lomo	lọ mọ	25	
moisinh	môi sinh	25	
muiman	mùi mẫn	25	
macniem	mặc niệm	25	
mia	mỉa	25	
nghenhngang	nghênh ngang	25	
ngoat	ngoắt	25	
nganga	ngà ngà	25	
nhieukhe	nhiêu khê	25	
nhanloaihoc	nhân loại học	25	
nheo	nhéo	25	
nhom	nhòm	25	
nhuda	nhũ đá	25	
nhaycau	nhảy cầu	25	
nongcu	nông cụ	25	
noinoi	nơi nơi	25	
neha	nề hà	25	
phanxu	phán xử	25	
phuchau	phúc hậu	25	
quan	quàn	25	
quocsach	quốc sách	25	
ruon	rướn	25	
soatxet	soát xét	25	
sohuyet	sò huyết	25	
suongmuoi	sương muối	25	
san	sẩn	25	
sutsit	sụt sịt	25	
thanham	thanh âm	25	
thiphai	thì phải	25	
thuongxa	thương xá	25	
thuongdang	thượng đẳng	25	
thaychua	thầy chùa	25	
thay	thẩy	25	
thothe	thỏ thẻ	25	
thongche	thống chế	25	
triam	tri âm	25	
trien	triện	25	
tagiao	tà giáo	25	
tandong	tán đồng	25	
tanthoi	tân thời	25	
tenchu	tên chữ	25	
tamtac	tấm tắc	25	
taptenh	tập tễnh	25	
tocky	tốc ký	25	
tuphia	tứ phía	25	
vantho	vạn thọ	25	
vobe	vợ bé	25	
xieng	xiềng	25	
xamthuc	xâm thực	25	
yeuchieu	yêu chiều	25	
acthu	ác thú	25	
aian	ái ân	25	
dinhlang	đinh lăng	25	
duong	đuông	25	
du	đú	25	
donnhat	đơn nhất	25	
daibi	đại bi	25	
dainao	đại não	25	
daubap	đậu bắp	25	
diu	địu	25	
baidu	Baidu	24	
lu	Lữ	24	
sontinh	Sơn Tinh	24	
thuytinh	Thuỷ Tinh	24	
xuanthu	Xuân Thu	24	
ampe	ampe	24	
ancol	ancol	24	
anhhungca	anh hùng ca	24	
bitrang	bi tráng	24	
baiphuc	bái phục	24	
beophi	béo phì	24	
betha	bê tha	24	
binhdien	bình điện	24	
bacpho	bạc phơ	24	
baubinh	bầu bĩnh	24	
cantruong	can trường	24	
caotrinh	cao trình	24	
chieule	chiếu lệ	24	
chieudai	chiều dài	24	
chanh	chành	24	
chaytui	cháy túi	24	
chamtien	chậm tiến	24	
cham	chằm	24	
cachtro	cách trở	24	
cungcom	cúng cơm	24	
comhop	cơm hộp	24	
cuoikhay	cười khẩy	24	
cuongdam	cưỡng dâm	24	
camcui	cắm cúi	24	
cotcan	cốt cán	24	
dongrieng	dong riềng	24	
giaoduchoc	giáo dục học	24	
giat	giạt	24	
giaydo	giấy dó	24	
hiemdoc	hiểm độc	24	
hoanglan	hoàng lan	24	
hoathoa	hoạt hoạ	24	
hatien	hà tiện	24	
hop	hóp	24	
hanguon	hạ nguồn	24	
honglau	hồng lâu	24	
khaichien	khai chiến	24	
khonhon	khôn hồn	24	
kinhlac	kinh lạc	24	
loang	loáng	24	
lela	lê la	24	
lotda	lót dạ	24	
luihui	lúi húi	24	
lebai	lễ bái	24	
maivang	mai vàng	24	
monmen	mon men	24	
muongthu	muông thú	24	
mattay	mát tay	24	
menh	mênh	24	
meumao	mếu máo	24	
mon	mọn	24	
mocmeo	mốc meo	24	
muctu	mục từ	24	
nghe	nghè	24	
ngheohen	nghèo hèn	24	
nganthu	ngàn thu	24	
ngonghe	ngô nghê	24	
ngoiyen	ngồi yên	24	
nhoen	nhoẻn	24	
nuy	nuy	24	
nuoctrang	nước trắng	24	
nonang	nở nang	24	
phile	phi lê	24	
phapthuat	pháp thuật	24	
phuonghai	phương hại	24	
phanphao	phản pháo	24	
phonthuc	phồn thực	24	
phuctaphoa	phức tạp hoá	24	
sahoang	sa hoàng	24	
sathach	sa thạch	24	
sauhet	sau hết	24	
sinhlyhoc	sinh lý học	24	
sinhthaihoc	sinh thái học	24	
sieng	siêng	24	
sucsac	súc sắc	24	
tamgiacvuong	tam giác vuông	24	
thiendich	thiên địch	24	
thamdoc	thâm độc	24	
thatbat	thất bát	24	
thoho	thợ hồ	24	
tinhkhon	tinh khôn	24	
tra	trá	24	
tuantieu	tuần tiễu	24	
taotau	táo tàu	24	
tohe	tò he	24	
tuba	tú bà	24	
tuongmao	tướng mạo	24	
vaive	vai vế	24	
voythuc	vô ý thức	24	
xoi	xối	24	
acon	ác ôn	24	
ydi	ý dĩ	24	
andut	ăn đứt	24	
danbau	đàn bầu	24	
danhdu	đánh đu	24	
dichdang	đích đáng	24	
dongchi	đông chí	24	
didiem	đĩ điếm	24	
dac	đạc	24	
denon	đẻ non	24	
diachathoc	địa chất học	24	
dungduong	đứng đường	24	
am	ảm	24	
catarina	Catarina	23	
cebu	Cebu	23	
caibe	Cái Bè	23	
maroc	Maroc	23	
tang	Tạng	23	
adrenalin	adrenalin	23	
biettong	biết tỏng	23	
bien	biền	23	
bugi	bugi	23	
buontui	buồn tủi	23	
baitho	bài thơ	23	
baocong	báo công	23	
biu	bĩu	23	
bacnhuoc	bạc nhược	23	
banhan	bần hàn	23	
bogo	bộ gõ	23	
boncot	bỡn cợt	23	
caydoc	cay độc	23	
chaisan	chai sạn	23	
chieusinh	chiêu sinh	23	
chanche	chán chê	23	
chinhcong	chính cống	23	
chuoc	chước	23	
chinhthe	chỉnh thể	23	
chotda	chột dạ	23	
cungphung	cung phụng	23	
cakheo	cà kheo	23	
camnang	cảm nắng	23	
cudau	củ đậu	23	
daythun	dây thun	23	
dongdai	dông dài	23	
dungdang	dùng dằng	23	
hungthan	hung thần	23	
hamech	hàm ếch	23	
hao	hão	23	
huongtam	hướng tâm	23	
khituonghoc	khí tượng học	23	
khangkhiu	khẳng khiu	23	
kheu	khều	23	
kute	kute	23	
keca	kẻ cả	23	
kichcam	kịch câm	23	
lamduyen	làm duyên	23	
langdang	lãng đãng	23	
lanhchua	lãnh chúa	23	
lytinh	lý tính	23	
latlong	lật lọng	23	
lodo	lờ đờ	23	
lungthung	lững thững	23	
mamen	ma men	23	
maydien	máy điện	23	
mumau	mù màu	23	
muaxuan	mùa xuân	23	
mangmo	mắng mỏ	23	
nghivien	nghị viên	23	
nhayday	nhảy dây	23	
nhon	nhớn	23	
nhuchinh	nhục hình	23	
noi	nòi	23	
nongnhan	nông nhàn	23	
noigot	nối gót	23	
quanphiet	quân phiệt	23	
ruc	rục	23	
satnach	sát nách	23	
sochan	số chẵn	23	
thaothiet	thao thiết	23	
thuychien	thuỷ chiến	23	
thanhquach	thành quách	23	
thiacanh	thìa canh	23	
thongthiet	thống thiết	23	
thoivan	thời vận	23	
truyendao	truyền đạo	23	
traodoi	tráo đổi	23	
tuenhtoang	tuềnh toàng	23	
taiphan	tài phán	23	
tay	tày	23	
tamkham	tâm khảm	23	
titi	tí ti	23	
tanggia	tăng gia	23	
tapvu	tạp vụ	23	
tanvan	tản văn	23	
tanngan	tần ngần	23	
tuvi	từ vị	23	
tutuoc	tử tước	23	
vevoi	vẽ vời	23	
xuyenkhung	xuyên khung	23	
ysinh	y sinh	23	
omdom	ôm đồm	23	
datdo	Đất Đỏ	23	
deme	đê mê	23	
dode	đồ đệ	23	
doi	đỗi	23	
dongluong	động lượng	23	
onap	ổn áp	23	
baoan	Bảo An	22	
cotu	Cơ Tu	22	
hoalo	Hoả Lò	22	
khaihuyen	Khải Huyền	22	
phutu	Phu Tử	22	
thanhmau	Thánh Mẫu	22	
thantai	Thần Tài	22	
thamquyen	Thẩm Quyến	22	
biettich	biệt tích	22	
baoung	báo ứng	22	
bichhoa	bích hoạ	22	
buinhui	bùi nhùi	22	
bachhau	bạch hầu	22	
bapbenh	bập bênh	22	
bantia	bắn tỉa	22	
bohon	bồ hòn	22	
boha	bộ hạ	22	
choe	choé	22	
chungtinh	chung tình	22	
chitu	chí tử	22	
chinhtong	chính tông	22	
chayso	chạy sô	22	
chautroi	chầu trời	22	
chay	chầy	22	
cho	chỏ	22	
cuongquyt	cuống quýt	22	
came	cá mè	22	
cavuoc	cá vược	22	
cungkho	cùng khổ	22	
caitang	cải táng	22	
camlong	cầm lòng	22	
cankiem	cần kiệm	22	
cautieu	cầu tiêu	22	
can	cằn	22	
cuuvan	cửu vạn	22	
danhtu	danh từ	22	
doc	dóc	22	
dat	dặt	22	
dungvo	dụng võ	22	
giundua	giun đũa	22	
giam	giâm	22	
gom	gôm	22	
gachngang	gạch ngang	22	
hiemac	hiểm ác	22	
hitha	hít hà	22	
huongtho	hưởng thọ	22	
honghac	hồng hạc	22	
hophap	hộ pháp	22	
hopquet	hộp quẹt	22	
khaitrien	khai triển	22	
khoaimi	khoai mì	22	
khaiquathoa	khái quát hoá	22	
khit	khịt	22	
lambieng	làm biếng	22	
lamco	làm cỏ	22	
lemlinh	lém lỉnh	22	
loto	lô tô	22	
lut	lút	22	
luathua	lưa thưa	22	
lang	lảng	22	
lovon	lỗ vốn	22	
minhtam	minh tâm	22	
muontrung	muôn trùng	22	
muong	muống	22	
maykhau	máy khâu	22	
mangnon	măng non	22	
muong	mường	22	
mut	mụt	22	
ngoaibang	ngoại bang	22	
ngugiac	ngũ giác	22	
nhanhnhau	nhanh nhảu	22	
nhaonhao	nháo nhào	22	
nhanhoa	nhân hoá	22	
nhun	nhũn	22	
nhacsong	nhạc sống	22	
nhapnhang	nhập nhằng	22	
nich	ních	22	
nai	nải	22	
oannghiet	oan nghiệt	22	
phatlo	phát lộ	22	
phanchien	phản chiến	22	
phamcach	phẩm cách	22	
quainon	quai nón	22	
quanvien	quan viên	22	
que	qué	22	
quenbang	quên bẵng	22	
quac	quạc	22	
quap	quặp	22	
quoquang	quờ quạng	22	
raucau	rau câu	22	
rep	rep	22	
ranhrang	rảnh rang	22	
roi	rổi	22	
sunghuyet	sung huyết	22	
sem	sém	22	
soi	sõi	22	
sonson	sồn sồn	22	
thudung	thu dung	22	
thuichot	thui chột	22	
thamsat	thám sát	22	
thuakien	thưa kiện	22	
tinhtuom	tinh tươm	22	
tieunao	tiểu não	22	
tieuxao	tiểu xảo	22	
tieude	tiểu đệ	22	
truyenkhau	truyền khẩu	22	
trongvong	trọng vọng	22	
taytroi	tày trời	22	
tamdia	tâm địa	22	
tapky	tạp kỹ	22	
tukhac	tự khắc	22	
tudac	tự đắc	22	
tuutrung	tựu trung	22	
vudai	vũ đài	22	
xuongxau	xương xẩu	22	
yethau	yết hầu	22	
apchot	áp chót	22	
ec	éc	22	
anbot	ăn bớt	22	
daihung	Đại Hùng	22	
danhthep	đanh thép	22	
diendien	điên điển	22	
danhvong	đánh võng	22	
dung	đũng	22	
daoham	đạo hàm	22	
dam	đằm	22	
diatang	địa tầng	22	
doi	đỏi	22	
dongthau	đồng thau	22	
dongduc	động dục	22	
dongvathoc	động vật học	22	
aomong	ảo mộng	22	
onhom	ổ nhóm	22	
bon	Bôn	21	
bacau	Bắc Âu	21	
chogao	Chợ Gạo	21	
giay	Giáy	21	
hoangphu	Hoàng Phủ	21	
kesach	Kế Sách	21	
manhtu	Mạnh Tử	21	
nghe	Nghê	21	
ngabay	Ngã Bảy	21	
trungky	Trung Kỳ	21	
aidoi	ai đời	21	
bonbon	bon bon	21	
bachhop	bách hợp	21	
batnhao	bát nháo	21	
buon	bươn	21	
banthan	bần thần	21	
bapbung	bập bùng	21	
caotan	cao tần	21	
chanhoa	chan hoà	21	
chungquy	chung quy	21	
chuyenkhao	chuyên khảo	21	
chuoitieu	chuối tiêu	21	
chimngap	chìm ngập	21	
chimxuong	chìm xuồng	21	
cho	chò	21	
chomxom	chòm xóm	21	
chungdien	chưng diện	21	
chagio	chả giò	21	
chetnon	chết non	21	
cabon	cá bơn	21	
cumem	cũ mèm	21	
coduyen	cơ duyên	21	
coyeu	cơ yếu	21	
coi	cơi	21	
cuongtruc	cương trực	21	
cuoiche	cười chê	21	
cuao	cửa ô	21	
dathuoc	da thuộc	21	
diemphuc	diễm phúc	21	
ghe	ghè	21	
gapkhuc	gấp khúc	21	
gaygoc	gậy gộc	21	
hieudung	hiệu dụng	21	
hoe	hoe	21	
hoanhthanh	hoành thánh	21	
hoamai	hoả mai	21	
huvia	hú vía	21	
hachi	hạ chí	21	
hada	hả dạ	21	
khaibut	khai bút	21	
khoaitaychien	khoai tây chiên	21	
khuattat	khuất tất	21	
kienlua	kiến lửa	21	
kyma	kỵ mã	21	
liu	líu	21	
langquang	lăng quăng	21	
luon	lườn	21	
matroi	ma trơi	21	
mautrang	máu trắng	21	
mo	mó	21	
ngheungao	nghêu ngao	21	
nhaycoc	nhảy cóc	21	
nhannha	nhẩn nha	21	
nhaptich	nhập tịch	21	
nui	nui	21	
nay	nây	21	
notron	nơtron	21	
nay	nạy	21	
nannot	nắn nót	21	
photpho	photpho	21	
phucmac	phúc mạc	21	
phangphiu	phẳng phiu	21	
phucsinh	phục sinh	21	
reurao	rêu rao	21	
reura	rệu rã	21	
roc	rọc	21	
ro	rợ	21	
rungru	rừng rú	21	
sobi	so bì	21	
sangtrung	sáng trưng	21	
sacsua	sặc sụa	21	
thinhan	thi nhân	21	
thuychung	thuỷ chung	21	
thongtuc	thông tục	21	
thuongsach	thượng sách	21	
thatduc	thất đức	21	
thenang	thế năng	21	
tinhgon	tinh gọn	21	
tieupha	tiêu pha	21	
trangnon	trăng non	21	
truongky	trường kỳ	21	
trech	trệch	21	
trongam	trọng âm	21	
tepriu	tép riu	21	
tote	tò te	21	
tuongtan	tương tàn	21	
tappham	tạp phẩm	21	
tinhxa	tịnh xá	21	
tucuong	tự cường	21	
vanve	văn vẻ	21	
vapvap	vấp váp	21	
vanmay	vận may	21	
voc	vốc	21	
vonva	vồn vã	21	
voivoi	vời vợi	21	
xalac	xa lắc	21	
yentri	yên trí	21	
aa	á à	21	
damchieu	đăm chiêu	21	
dehue	đề huề	21	
uon	ươn	21	
canvuong	Cần Vương	20	
codo	Cờ Đỏ	20	
fa	FA	20	
lamvien	Lâm Viên	20	
mang	Mảng	20	
mocay	Mỏ Cày	20	
namsach	Nam Sách	20	
nhatnam	Nhật Nam	20	
phnompenh	Phnôm Pênh	20	
saithanh	Sài thành	20	
sam	Sầm	20	
thienanmon	Thiên An Môn	20	
bachbo	bách bộ	20	
bau	bâu	20	
binhquyen	bình quyền	20	
bangca	băng ca	20	
batthanhvan	bất thành văn	20	
boctruc	bộc trực	20	
caokien	cao kiến	20	
caoluong	cao lương	20	
chill	chill	20	
chuvi	chư vị	20	
chem	chẽm	20	
caycay	cày cấy	20	
com	còm	20	
conuong	cô nương	20	
congham	công hàm	20	
coinoi	cơi nới	20	
cuoitru	cười trừ	20	
camthan	cảm thán	20	
conhan	cố nhân	20	
cuccan	cục cằn	20	
cuthung	cụt hứng	20	
daycop	dày cộp	20	
daytoc	dây tóc	20	
debiu	dè bỉu	20	
ghelanh	ghẻ lạnh	20	
ghelo	ghẻ lở	20	
giuoc	giuộc	20	
gia	giạ	20	
gioc	giốc	20	
gaynhom	gầy nhom	20	
hienhoa	hiền hoà	20	
hoalieu	hoa liễu	20	
hungtan	hung tàn	20	
hodiep	hồ điệp	20	
hon	hớn	20	
hothai	hớt hải	20	
huungan	hữu ngạn	20	
iot	iot	20	
khum	khum	20	
khicu	khí cụ	20	
kytai	kỳ tài	20	
lanhle	lanh lẹ	20	
lonton	lon ton	20	
lau	làu	20	
luoitrai	lưỡi trai	20	
luongthu	lượng thứ	20	
loo	lồ ô	20	
loinoidau	lời nói đầu	20	
mangmang	mang máng	20	
memai	mê mải	20	
muoibay	mười bảy	20	
muoimuoi	mười mươi	20	
ngoacdon	ngoặc đơn	20	
ngutang	ngũ tạng	20	
ngonguay	ngọ nguậy	20	
ngungon	ngụ ngôn	20	
nhungma	nhưng mà	20	
nhaycang	nhảy cẫng	20	
nhamnghien	nhắm nghiền	20	
nhenhai	nhễ nhại	20	
nicotin	nicotin	20	
parabol	parabol	20	
phitan	phi tần	20	
phanbua	phân bua	20	
phongue	phóng uế	20	
phuongvi	phượng vĩ	20	
phuhoa	phụ hoạ	20	
quancoc	quán cóc	20	
quotrach	quở trách	20	
quyvuong	quỷ vương	20	
rongrong	ròng ròng	20	
ramrap	rầm rập	20	
sinhlinh	sinh linh	20	
su	sụ	20	
tangtoc	tang tóc	20	
thangcuon	thang cuốn	20	
thuybinh	thuỷ binh	20	
thangtinh	thẳng tính	20	
theuthao	thều thào	20	
thung	thụng	20	
tiento	tiền tố	20	
travan	tra vấn	20	
tem	tém	20	
tedai	tê dại	20	
tuongquan	tướng quân	20	
tutu	từ từ	20	
uuat	u uất	20	
urani	urani	20	
vangtanh	vắng tanh	20	
xuatcang	xuất cảng	20	
xut	xút	20	
ammuoi	ám muội	20	
dongbacbo	Đông Bắc Bộ	20	
dendua	đen đúa	20	
dieng	điếng	20	
dantranh	đàn tranh	20	
dadam	đá dăm	20	
di	đì	20	
dinhdac	đĩnh đạc	20	
duongchuc	đương chức	20	
dailien	đại liên	20	
daomao	đạo mạo	20	
dacchi	đắc chí	20	
dacdao	đắc đạo	20	
dacset	đặc sệt	20	
dobung	đỏ bừng	20	
dohon	đỏ hỏn	20	
docdac	độc đắc	20	
anvinh	An Vĩnh	19	
bocap	Bọ Cạp	19	
chienquoc	Chiến Quốc	19	
catlam	Cát Lâm	19	
kieu	Kiêu	19	
phunam	Phù Nam	19	
thanhdao	Thanh Đảo	19	
thachhan	Thạch Hãn	19	
tonnu	Tôn Nữ	19	
vugia	Vu Gia	19	
bieukien	biểu kiến	19	
bamu	bà mụ	19	
baixich	bài xích	19	
banhngot	bánh ngọt	19	
bongnem	bóng ném	19	
baotan	bạo tàn	19	
batmang	bạt mạng	19	
bangvang	bảng vàng	19	
ban	bấn	19	
bangco	bằng cớ	19	
bekho	bể khổ	19	
ben	bển	19	
binrin	bịn rịn	19	
canhe	can hệ	19	
chaco	cha cố	19	
changchang	chang chang	19	
chaothua	chào thua	19	
chem	chêm	19	
chong	chõng	19	
chetnao	chết não	19	
cuongsat	cuồng sát	19	
cachien	cá chiên	19	
calinh	cá linh	19	
canham	cá nhám	19	
congcan	công cán	19	
congnghethongtin	công nghệ thông tin	19	
caichinh	cải chính	19	
cankip	cần kíp	19	
cocloc	cộc lốc	19	
cucaiduong	củ cải đường	19	
diemdua	diêm dúa	19	
dientau	diễn tấu	19	
dunghoa	dung hoà	19	
daitai	dái tai	19	
duonggian	dương gian	19	
daydac	dầy đặc	19	
daythi	dậy thì	19	
doi	dổi	19	
ele	e lệ	19	
gianlao	gian lao	19	
giundat	giun đất	19	
giado	giả đò	19	
giaigiap	giải giáp	19	
goaphu	goá phụ	19	
gongganh	gồng gánh	19	
hiu	hiu	19	
hua	hua	19	
huyetcau	huyết cầu	19	
hinhhoa	hình hoạ	19	
hip	híp	19	
habi	hạ bì	19	
hoi	hổi	19	
ib	ib	19	
laoluc	lao lực	19	
longdong	long đong	19	
lunglac	lung lạc	19	
lengpheng	léng phéng	19	
lu	lù	19	
loilong	lơi lỏng	19	
luuban	lưu ban	19	
loilai	lời lãi	19	
luclac	lục lạc	19	
mangnhay	màng nhầy	19	
manao	mã não	19	
mangto	măng tô	19	
nailung	nai lưng	19	
namkhoa	nam khoa	19	
nghiky	nghi kỵ	19	
nganngu	ngần ngừ	19	
ngocnu	ngọc nữ	19	
ngonnganh	ngọn ngành	19	
nhailai	nhai lại	19	
nhumi	nhu mì	19	
nhanguoi	nhà ngươi	19	
nhanthe	nhân thể	19	
nhay	nhã ý	19	
nhayxa	nhảy xa	19	
nhapnhom	nhấp nhổm	19	
nonghoc	nông học	19	
phinghia	phi nghĩa	19	
phithan	phi thân	19	
phongnha	phong nhã	19	
phatthu	phật thủ	19	
quanlenh	quân lệnh	19	
random	random	19	
roirot	rơi rớt	19	
ranluc	rắn lục	19	
sieuthuc	siêu thực	19	
suotdoi	suốt đời	19	
sangchoang	sáng choang	19	
sacphuc	sắc phục	19	
thuymac	thuỷ mặc	19	
thaoqua	thảo quả	19	
thota	thổ tả	19	
toet	toét	19	
tremang	trẻ măng	19	
trichthuong	trịch thượng	19	
tungtay	tung tẩy	19	
tuyencao	tuyên cáo	19	
tuyencu	tuyển cử	19	
tuanma	tuấn mã	19	
tadam	tà dâm	19	
tailuc	tài lực	19	
taymay	táy máy	19	
tantinh	tân tinh	19	
tom	tõm	19	
tumu	tù mù	19	
tua	túa	19	
tamxuan	tầm xuân	19	
viettat	viết tắt	19	
vuntrong	vun trồng	19	
vungvai	vung vãi	19	
vich	vích	19	
vommieng	vòm miệng	19	
xan	xan	19	
xanhron	xanh rờn	19	
xieu	xiêu	19	
e	é	19	
eam	ê ẩm	19	
diemnhien	điềm nhiên	19	
danhrang	đành rằng	19	
dalua	đá lửa	19	
dichton	đích tôn	19	
donchiec	đơn chiếc	19	
donthuc	đơn thức	19	
duatinh	đưa tình	19	
daithe	đại thể	19	
datvong	đặt vòng	19	
dongxu	đồng xu	19	
in	ỉn	19	
bachlongvi	Bạch Long Vĩ	18	
hre	Hrê	18	
ma	Mạ	18	
natra	Na Tra	18	
namhan	Nam Hán	18	
phutang	Phù Tang	18	
taoquan	Táo quân	18	
amoni	amoni	18	
batdien	bát diện	18	
bungbinh	bùng binh	18	
banghuyet	băng huyết	18	
buong	bướng	18	
bai	bải	18	
batbaodong	bất bạo động	18	
borua	bọ rùa	18	
bomoi	bỏ mối	18	
boithuc	bội thực	18	
bon	bỡn	18	
chinhtrihoc	chính trị học	18	
chonron	chộn rộn	18	
chutoa	chủ toạ	18	
comle	com lê	18	
cabot	cá bột	18	
caong	cá ông	18	
culan	cù lần	18	
caixoong	cải xoong	18	
canhtri	cảnh trí	18	
cauxe	cấu xé	18	
catcu	cắt cử	18	
co	cộ	18	
duale	dưa lê	18	
diban	dị bản	18	
hoangoanh	hoàng oanh	18	
hanhvan	hành văn	18	
hem	hèm	18	
huounai	hươu nai	18	
ionhoa	ion hoá	18	
keoson	keo sơn	18	
khaihoa	khai hoá	18	
khenh	khểnh	18	
kho	khỏ	18	
kinhky	kinh kỳ	18	
kinhtuyen	kinh tuyến	18	
lientay	liền tay	18	
longnao	long não	18	
ladoi	lạ đời	18	
lancan	lấn cấn	18	
laybay	lẩy bẩy	18	
lam	lẫm	18	
lomcom	lồm cồm	18	
mubaohiem	mũ bảo hiểm	18	
meu	mếu	18	
namsinh	nam sinh	18	
ngonmat	ngon mắt	18	
ngoackep	ngoặc kép	18	
ngotnghet	ngót nghét	18	
ngongo	ngồ ngộ	18	
nhankhauhoc	nhân khẩu học	18	
nhapcang	nhập cảng	18	
naubep	nấu bếp	18	
nangtrich	nặng trịch	18	
netna	nết na	18	
phipham	phi phàm	18	
phidoan	phi đoàn	18	
phaco	phá cỗ	18	
phododoc	phó đô đốc	18	
quaycop	quay cóp	18	
quythuan	quy thuận	18	
quynh	quýnh	18	
quat	quắt	18	
ruom	rướm	18	
ruoi	rưởi	18	
rac	rạc	18	
sangngang	sang ngang	18	
sui	sui	18	
sit	sít	18	
socchuot	sóc chuột	18	
songhau	sông Hậu	18	
sungkinh	sùng kính	18	
samvai	sắm vai	18	
tantam	tan tầm	18	
thanhdam	thanh đạm	18	
thieu	thiều	18	
thamnhiem	thâm nhiễm	18	
thanchinh	thân chinh	18	
thoi	thòi	18	
thausuot	thấu suốt	18	
thaudau	thầu dầu	18	
thethong	thể thống	18	
tieptuyen	tiếp tuyến	18	
traotro	tráo trở	18	
trutinh	trù tính	18	
tren	trển	18	
tuarua	tua rua	18	
taydinh	tày đình	18	
tittap	tít tắp	18	
tuongminh	tường minh	18	
tapquyen	tập quyền	18	
tulay	từ láy	18	
tyvi	tỳ vị	18	
uydanh	uy danh	18	
uathan	uất hận	18	
vithe	vi thể	18	
vichi	vị chi	18	
vittroi	vịt trời	18	
vovap	vồ vập	18	
voi	vợi	18	
vuamat	vừa mắt	18	
xoac	xoạc	18	
xap	xáp	18	
xola	xỏ lá	18	
xomui	xỏ mũi	18	
eu	êu	18	
odu	ô dù	18	
dongphi	Đông Phi	18	
diemhuyet	điểm huyệt	18	
dienco	điện cơ	18	
dinhdon	đình đốn	18	
doimeo	đói meo	18	
daphop	đập hộp	18	
dacmenh	đặc mệnh	18	
dactrach	đặc trách	18	
doi	đọi	18	
dontho	độn thổ	18	
uochen	ước hẹn	18	
omnhom	ốm nhom	18	
ore	ở rể	18	
bangcoc	Băng Cốc	17	
conhue	Cổ Nhuế	17	
hungno	Hung Nô	17	
quanam	Quan Âm	17	
quychau	Quý Châu	17	
quocxa	Quốc xã	17	
tv	TV	17	
thiencam	Thiên Cầm	17	
thanchau	Thần Châu	17	
vuhan	Vũ Hán	17	
aha	a ha	17	
andinh	an định	17	
bibo	bi bô	17	
bayve	bày vẽ	17	
banhdeo	bánh dẻo	17	
banhuot	bánh ướt	17	
baotuong	báo tường	17	
bangphien	băng phiến	17	
bopho	bơ phờ	17	
battai	bạt tai	17	
batkham	bất kham	17	
batlythan	bất ly thân	17	
bapchuoi	bắp chuối	17	
benchi	bền chí	17	
bogay	bọ gậy	17	
boket	bồ kết	17	
botphat	bột phát	17	
bua	bủa	17	
bunrun	bủn rủn	17	
cheo	cheo	17	
chieuhoi	chiêu hồi	17	
chienluy	chiến luỹ	17	
chungdung	chung đụng	17	
chepmieng	chép miệng	17	
chisi	chí sĩ	17	
chitinh	chí tình	17	
chinhquoc	chính quốc	17	
chambam	chăm bẵm	17	
chac	chạc	17	
chauvan	chầu văn	17	
coquanh	cô quạnh	17	
camcap	cầm cập	17	
camhoi	cầm hơi	17	
coquai	cổ quái	17	
daolam	dao lam	17	
diemdan	diêm dân	17	
giainhan	giai nhân	17	
giochap	giỗ chạp	17	
gaco	gà cồ	17	
gasao	gà sao	17	
hom	hõm	17	
huongnhu	hương nhu	17	
huonglac	hưởng lạc	17	
hatcang	hất cẳng	17	
hich	hịch	17	
hongian	hờn giận	17	
hopluu	hợp lưu	17	
imim	im ỉm	17	
khungcui	khung cửi	17	
khe	khê	17	
khumnum	khúm núm	17	
khuot	khướt	17	
kientap	kiến tập	17	
langcha	lang chạ	17	
linhmieu	linh miêu	17	
lienchi	liên chi	17	
lienthanh	liên thanh	17	
lientu	liên từ	17	
loangquang	loăng quăng	17	
lamphuc	làm phúc	17	
lamthinh	làm thinh	17	
luunien	lưu niên	17	
lanquan	lẩn quẩn	17	
lamliet	lẫm liệt	17	
lunglo	lững lờ	17	
mieu	miễu	17	
manhkhoe	mánh khoé	17	
minhmay	mình mẩy	17	
munoi	mũ nồi	17	
manhde	mảnh dẻ	17	
me	mề	17	
nghichdao	nghịch đảo	17	
nguyenxi	nguyên xi	17	
ngodong	ngô đồng	17	
nganngun	ngắn ngủn	17	
ngonghich	ngỗ nghịch	17	
nheonhoc	nheo nhóc	17	
nhabinh	nhà binh	17	
nhabe	nhà bè	17	
nhapchuot	nhấp chuột	17	
nhoiso	nhồi sọ	17	
nhot	nhợt	17	
noiphet	nói phét	17	
nui	nùi	17	
ninon	nỉ non	17	
noithuong	nội thương	17	
phikim	phi kim	17	
phankhoa	phân khoa	17	
phapphoi	phấp phới	17	
phi	phị	17	
phong	phỗng	17	
quangnang	quang năng	17	
quyencuoc	quyền cước	17	
quanhan	quả nhân	17	
quat	quặt	17	
rayrut	ray rứt	17	
roihoi	rỗi hơi	17	
sauhoam	sâu hoắm	17	
sun	sún	17	
sumau	sư mẫu	17	
so	sỏ	17	
sotsoat	sột soạt	17	
thethe	the thé	17	
thoaitrao	thoái trào	17	
thanhvan	thành văn	17	
thila	thì là	17	
thichkhach	thích khách	17	
thong	thòng	17	
thup	thụp	17	
tinhluc	tinh lực	17	
tieudieu	tiêu điều	17	
toantu	toán tử	17	
tra	trã	17	
traptrung	trập trùng	17	
tuantrang	tuần trăng	17	
taicu	tái cử	17	
taigia	tái giá	17	
tec	téc	17	
tinhduchoc	tình dục học	17	
top	tóp	17	
totuong	tơ tưởng	17	
tetnhat	tết nhất	17	
tinhtien	tịnh tiến	17	
tua	tủa	17	
tutuyet	tứ tuyệt	17	
tuhuyet	tử huyệt	17	
voloi	vô lối	17	
vothuong	vô thường	17	
vuongphi	vương phi	17	
vansu	vạn sự	17	
vatkinh	vật kính	17	
van	vắn	17	
xanhlo	xanh lơ	17	
xoi	xoi	17	
xoi	xói	17	
xam	xạm	17	
acla	ác là	17	
ondich	ôn dịch	17	
antap	ăn tạp	17	
daitrung	Đài Trung	17	
dailien	Đại Liên	17	
daikhituong	đài khí tượng	17	
dangdiem	đàng điếm	17	
dahoa	đá hoa	17	
daode	đáo để	17	
duadam	đưa đám	17	
dongloa	đồng loã	17	
dungday	đứng dậy	17	
amu	ậm ừ	17	
im	ỉm	17	
bienbac	Biển Bắc	16	
binhdong	Bình Đông	16	
caoly	Cao Ly	16	
giapthin	Giáp Thìn	16	
thuanthien	Thuận Thiên	16	
trakhuc	Trà Khúc	16	
tayau	Tây Âu	16	
binhbien	binh biến	16	
bienly	biện lý	16	
brom	brom	16	
bamviu	bám víu	16	
banhte	bánh tẻ	16	
batgiac	bát giác	16	
binhbau	bình bầu	16	
bongden	bóng đèn	16	
budau	bù đầu	16	
baihoai	bại hoại	16	
battin	bất tín	16	
boibac	bội bạc	16	
boiso	bội số	16	
boiuoc	bội ước	16	
bodo	bợ đỡ	16	
chuyenchinh	chuyên chính	16	
chuyenchu	chuyên chú	16	
chuyentri	chuyên trị	16	
channhan	chân nhân	16	
chinhbien	chính biến	16	
chongchoc	chòng chọc	16	
chongche	chống chế	16	
chongan	chống án	16	
calam	cà lăm	16	
caotu	cáo từ	16	
coho	cơ hồ	16	
cuongnghi	cương nghị	16	
caithao	cải thảo	16	
caukhien	cầu khiến	16	
coccach	cọc cạch	16	
cucmich	cục mịch	16	
cungco	cứng cổ	16	
cuphach	cự phách	16	
dodam	dò dẫm	16	
dop	dớp	16	
eng	eng	16	
giunchi	giun chỉ	16	
giaiphauhoc	giải phẫu học	16	
gaydung	gầy dựng	16	
hia	hia	16	
hiuhat	hiu hắt	16	
hoanvi	hoán vị	16	
hathuo	hà thủ ô	16	
inh	inh	16	
khuynhdao	khuynh đảo	16	
khepnep	khép nép	16	
khetlet	khét lẹt	16	
khocong	khổ công	16	
kech	kếch	16	
liti	liti	16	
loanthi	loạn thị	16	
laubau	làu bàu	16	
lacmat	lác mắt	16	
lonho	lô nhô	16	
lacloi	lạc lối	16	
lanhoi	lần hồi	16	
lapmuu	lập mưu	16	
linh	lỉnh	16	
loitua	lời tựa	16	
minhchu	minh chủ	16	
mieng	miểng	16	
mien	miện	16	
mayui	máy ủi	16	
mauhe	mẫu hệ	16	
manchat	mặn chát	16	
nghiemtri	nghiêm trị	16	
ngamnga	ngâm nga	16	
ngaydai	ngây dại	16	
ngongdoi	ngóng đợi	16	
ngac	ngắc	16	
ngucu	ngụ cư	16	
nhaho	nhà Hồ	16	
nhabat	nhà bạt	16	
nhatu	nhà tu	16	
noikhoac	nói khoác	16	
nuongtu	nương tử	16	
nuong	nường	16	
nam	nậm	16	
noiung	nội ứng	16	
oat	oát	16	
phongphanh	phong phanh	16	
phuquan	phu quân	16	
phophac	phờ phạc	16	
phucvien	phục viên	16	
pich	pích	16	
quap	quắp	16	
quocgiao	quốc giáo	16	
roivot	roi vọt	16	
ruoude	rượu đế	16	
ramram	rầm rầm	16	
rodai	rồ dại	16	
sanla	sán lá	16	
sosay	sơ sẩy	16	
sonduong	sơn dương	16	
sansat	sần sật	16	
sosang	sỗ sàng	16	
tamgiao	tam giáo	16	
thanhhuyen	thanh huyền	16	
thieny	thiển ý	16	
thuithui	thui thủi	16	
thuyennhan	thuyền nhân	16	
thangbay	tháng bảy	16	
thau	tháu	16	
thinh	thình	16	
thot	thót	16	
thuongthang	thượng thặng	16	
thatngon	thất ngôn	16	
thetdai	thết đãi	16	
thot	thọt	16	
thongu	thổ ngữ	16	
thuaso	thừa số	16	
tiepdiem	tiếp điểm	16	
trainghia	trái nghĩa	16	
trontuot	trơn tuột	16	
trangxoa	trắng xoá	16	
troluc	trở lực	16	
tuysong	tuỷ sống	16	
tocxanh	tóc xanh	16	
tot	tót	16	
tapnham	tạp nham	16	
tangsang	tảng sáng	16	
taohon	tảo hôn	16	
toiphamhoc	tội phạm học	16	
tyba	tỳ bà	16	
veo	veo	16	
vunvut	vun vút	16	
voivoi	vòi voi	16	
vanduc	vẩn đục	16	
vuc	vục	16	
xatit	xa tít	16	
xaquyen	xà quyền	16	
xadoan	xã đoàn	16	
xepbang	xếp bằng	16	
akhoi	á khôi	16	
ainu	ái nữ	16	
amduong	âm dương	16	
ansung	ân sủng	16	
ekip	êkip	16	
ot	ót	16	
ynhi	ý nhị	16	
yvi	ý vị	16	
daikim	Đại Kim	16	
diacau	Địa Cầu	16	
doanmenh	đoản mệnh	16	
diadon	đĩa đơn	16	
domdang	đỏm dáng	16	
duchongy	đức hồng y	16	
okhoa	ổ khoá	16	
uc	ực	16	
binhtrithien	Bình Trị Thiên	15	
cholon	Chợ Lớn	15	
cana	Cà Ná	15	
kinhdich	Kinh Dịch	15	
namha	Nam Hà	15	
nhathoang	Nhật hoàng	15	
nin	Nin	15	
pacnam	Pác Nặm	15	
thienma	Thiên Mã	15	
taybacbo	Tây Bắc Bộ	15	
tontu	Tôn Tử	15	
vietnamconghoa	Việt Nam Cộng hoà	15	
banhcom	bánh cốm	15	
bittat	bít tất	15	
bon	bòn	15	
boctran	bóc trần	15	
buuta	bưu tá	15	
bachchi	bạch chỉ	15	
batphuongtrinh	bất phương trình	15	
bet	bẹt	15	
boi	bổi	15	
cakich	ca kịch	15	
canchi	can chi	15	
chungcha	chung chạ	15	
chaolong	cháo lòng	15	
chauchat	cháu chắt	15	
chamchuoc	châm chước	15	
chet	chét	15	
chinhinh	chình ình	15	
chovo	chơ vơ	15	
chungnhan	chứng nhân	15	
caphao	cà pháo	15	
cachach	cá chạch	15	
congcoc	công cốc	15	
covan	cơ vân	15	
catbuoc	cất bước	15	
cauvai	cầu vai	15	
cuano	của nợ	15	
cuachop	cửa chớp	15	
danhngon	danh ngôn	15	
dihai	di hài	15	
duoi	duối	15	
dandi	dạn dĩ	15	
daugio	dầu gió	15	
datdeo	dặt dẹo	15	
giangiua	giàn giụa	15	
hidro	hiđro	15	
huthit	hút hít	15	
habo	hạ bộ	15	
haichien	hải chiến	15	
hu	hụ	15	
kienquoc	kiến quốc	15	
layon	lay ơn	15	
lialia	lia lịa	15	
luonthe	luôn thể	15	
luongtuoi	luống tuổi	15	
lammoi	làm mối	15	
lau	láu	15	
laula	lâu la	15	
lacha	lã chã	15	
longbong	lông bông	15	
lysu	lý sự	15	
langtru	lăng trụ	15	
lat	lặt	15	
leo	lẹo	15	
loinieu	lợi niệu	15	
lonloi	lợn lòi	15	
lunglo	lửng lơ	15	
mongvuot	móng vuốt	15	
muaroinuoc	múa rối nước	15	
mapmay	mấp máy	15	
mancan	mẫn cán	15	
midan	mị dân	15	
nguyngap	nguy ngập	15	
nguyendon	nguyên đơn	15	
nguyquyen	nguỵ quyền	15	
ngume	ngủ mê	15	
nhamon	nha môn	15	
nhogia	nho gia	15	
nhoang	nhoáng	15	
nhum	nhum	15	
nhatang	nhà táng	15	
nhaonhac	nháo nhác	15	
nhantho	nhân thọ	15	
nhattrinh	nhật trình	15	
nau	náu	15	
nenthan	nên thân	15	
no	nớ	15	
phaocau	phao câu	15	
phuongsach	phương sách	15	
phanphuc	phản phúc	15	
rongbien	rong biển	15	
ruruoi	rũ rượi	15	
ruong	rường	15	
ruongcot	rường cột	15	
raptam	rắp tâm	15	
saola	sao la	15	
sg.	sg.	15	
songbac	sòng bạc	15	
songhuong	sông Hương	15	
sucnuc	sực nức	15	
taytren	tay trên	15	
thanchi	than chì	15	
thuanhoa	thuận hoà	15	
thanhnu	thánh nữ	15	
thoinoi	thôi nôi	15	
thongthuoc	thông thuộc	15	
thangcanh	thẳng cánh	15	
thet	thết	15	
tienlen	tiến lên	15	
truiren	trui rèn	15	
trangtroi	trăng trối	15	
tramluan	trầm luân	15	
traytrat	trầy trật	15	
trolen	trở lên	15	
tem	têm	15	
tinhvat	tĩnh vật	15	
tuonglua	tường lửa	15	
taomo	tảo mộ	15	
tot	tọt	15	
totso	tốt số	15	
tongdongvien	tổng động viên	15	
tudien	tứ diện	15	
tuchien	tử chiến	15	
uuan	u uẩn	15	
xedo	xe đò	15	
xoan	xoàn	15	
xaodong	xáo động	15	
xetnet	xét nét	15	
anhtrang	ánh trăng	15	
amam	âm ấm	15	
ausau	âu sầu	15	
donghan	Đông Hán	15	
densi	đen sì	15	
dieucay	điếu cày	15	
dieukiencan	điều kiện cần	15	
dienhoa	điện hoá	15	
dadoi	đã đời	15	
dauphieu	đầu phiếu	15	
dauteu	đầu têu	15	
dacthang	đắc thắng	15	
dochot	đỏ chót	15	
banh	Bành	14	
bao	Bão	14	
chientranhlanh	Chiến tranh lạnh	14	
duongkinh	Dương Kinh	14	
giangtay	Giang Tây	14	
luoc	Luộc	14	
namtrieu	Nam triều	14	
thiemtay	Thiểm Tây	14	
trinhnu	Trinh Nữ	14	
taoi	Tà Ôi	14	
anhnuoi	anh nuôi	14	
baquan	ba quân	14	
bobo	bo bo	14	
banhgio	bánh giò	14	
binhbat	bình bát	14	
bobo	bô bô	14	
bacdai	bạc đãi	14	
banvi	bản vị	14	
bau	bấu	14	
boben	bờ bến	14	
bo	bợ	14	
chidung	chi dùng	14	
chiemtinhhoc	chiêm tinh học	14	
choichoi	choi choi	14	
chuangoa	chua ngoa	14	
chabong	chà bông	14	
chaomao	chào mào	14	
chihieu	chí hiếu	14	
chithien	chí thiện	14	
chithu	chí thú	14	
chinhgioi	chính giới	14	
chinhdao	chính đạo	14	
cha	chạ	14	
chaychot	chạy chọt	14	
chetdieng	chết điếng	14	
chigioi	chỉ giới	14	
chixac	chỉ xác	14	
choctiet	chọc tiết	14	
chuthau	chủ thầu	14	
cuonchieu	cuốn chiếu	14	
caqua	cá quả	14	
catram	cá trắm	14	
cochua	có chửa	14	
copho	cơ phó	14	
comrang	cơm rang	14	
covay	cờ vây	14	
cumai	củ mài	14	
culieu	cứ liệu	14	
cung	cửng	14	
diemtieu	diêm tiêu	14	
dongdoi	dòng dõi	14	
dan	dạn	14	
daucau	dấu câu	14	
dautich	dấu tích	14	
gamethu	game thủ	14	
giaothoi	giao thời	14	
giolua	giò lụa	14	
giau	giậu	14	
gieng	giềng	14	
giochung	giở chứng	14	
gokien	gõ kiến	14	
goctich	gốc tích	14	
hoang	hoẵng	14	
haco	hà cớ	14	
haiquy	hải quỳ	14	
hongvebinh	hồng vệ binh	14	
huutuyen	hữu tuyến	14	
khiap	khí áp	14	
khuckhuyu	khúc khuỷu	14	
khapkhoi	khấp khởi	14	
kilogam	kilôgam	14	
lamvien	lâm viên	14	
lon	lòn	14	
luongkho	lương khô	14	
lum	lụm	14	
maikhoi	mai khôi	14	
muontau	muôn tâu	14	
mang	mãng	14	
matsat	mạt sát	14	
molet	mỏ lết	14	
nghipham	nghi phạm	14	
nguoncon	nguồn cơn	14	
nguongngap	ngượng ngập	14	
nhoi	nhoi	14	
nhantrung	nhân trung	14	
nhinho	nhí nhố	14	
nhacly	nhạc lý	14	
nhang	nhặng	14	
nhangxi	nhặng xị	14	
nhoto	nhỏ to	14	
noileo	nói leo	14	
noty	nô tỳ	14	
oainghiem	oai nghiêm	14	
phuvan	phù vân	14	
phuctra	phúc tra	14	
phu	phũ	14	
phuon	phướn	14	
phutroi	phụ trội	14	
quangganh	quang gánh	14	
quangga	quáng gà	14	
ruoinhang	ruồi nhặng	14	
role	rơ le	14	
rarich	rả rích	14	
rut	rứt	14	
suysuyen	suy suyển	14	
sao	sảo	14	
thathan	tha thẩn	14	
theogot	theo gót	14	
thiennguyen	thiện nguyện	14	
thaigiam	thái giám	14	
thong	thõng	14	
thuongcap	thượng cấp	14	
thuongdu	thượng du	14	
thap	thạp	14	
thacua	thả cửa	14	
thamthap	thấm tháp	14	
thaucam	thấu cảm	14	
thanggoc	thẳng góc	14	
thecuoc	thế cuộc	14	
thiuy	thị uy	14	
tinhlinh	tinh linh	14	
tienthu	tiến thủ	14	
trinhbach	trinh bạch	14	
trada	trà đá	14	
trucdao	trúc đào	14	
truoctac	trước tác	14	
trau	trẩu	14	
trocphu	trọc phú	14	
trucnhat	trực nhật	14	
tathe	tạ thế	14	
tunguyen	từ nguyên	14	
tusi	tử sĩ	14	
vanvan	vân vân	14	
vanhoi	vãn hồi	14	
vove	vò vẽ	14	
valay	vạ lây	14	
xelam	xe lam	14	
xaxi	xá xị	14	
xanlan	xán lạn	14	
xech	xếch	14	
yeuthich	yêu thích	14	
acnghiet	ác nghiệt	14	
onton	ôn tồn	14	
ongeo	õng ẹo	14	
datmui	Đất Mũi	14	
dieukiendu	điều kiện đủ	14	
danhrang	đánh răng	14	
donganh	đòn gánh	14	
dongtrunghathao	đông trùng hạ thảo	14	
do	đõ	14	
ongchan	ống chân	14	
udot	ủ dột	14	
duongcuu	Dương Cưu	13	
hamon	Hạ Môn	13	
luongha	Lưỡng Hà	13	
mauthin	Mậu Thìn	13	
namtong	Nam Tống	13	
ny	Ny	13	
phaolo	Phaolô	13	
taya	Tây Á	13	
binhvan	binh vận	13	
biengiai	biện giải	13	
bietly	biệt ly	13	
buongloi	buông lơi	13	
buongthong	buông thõng	13	
bunthang	bún thang	13	
butmay	bút máy	13	
batnghia	bất nghĩa	13	
batthinhlinh	bất thình lình	13	
berac	bệ rạc	13	
beve	bệ vệ	13	
bonong	bồ nông	13	
bode	bổ đề	13	
chiluu	chi lưu	13	
chuotlang	chuột lang	13	
chanphuong	chân phương	13	
chimnoi	chìm nổi	13	
chituyen	chí tuyến	13	
chamngo	chạm ngõ	13	
chanh	chạnh	13	
chaycho	chạy chợ	13	
chatbop	chắt bóp	13	
chiulua	chịu lửa	13	
coban	coban	13	
caucu	câu cú	13	
congqua	công quả	13	
coman	cơ man	13	
camchi	cấm chỉ	13	
con	cọn	13	
comay	cỏ may	13	
cuaquyen	cửa quyền	13	
dungcong	dụng công	13	
gioang	gioăng	13	
gionrum	giòn rụm	13	
giam	giầm	13	
gaac	gà ác	13	
haicham	hai chấm	13	
hieuthuan	hiếu thuận	13	
hientuonghoc	hiện tượng học	13	
hiepkhach	hiệp khách	13	
hoatay	hoa tay	13	
hamnghia	hàm nghĩa	13	
hamsuc	hàm súc	13	
hoclom	học lỏm	13	
khinhkhi	khinh khi	13	
khene	khệ nệ	13	
khenhkhang	khệnh khạng	13	
kenhcang	kềnh càng	13	
laliem	la liếm	13	
lailang	lai láng	13	
langnuoc	làng nước	13	
longnheo	lông nheo	13	
lamle	lăm le	13	
lotho	lơ thơ	13	
lanlua	lần lữa	13	
luala	lụa là	13	
ludu	lừ đừ	13	
muoptay	mướp tây	13	
macmuu	mắc mưu	13	
mammuoi	mắm muối	13	
nemran	nem rán	13	
ngucung	ngũ cung	13	
nguoingom	người ngợm	13	
ngot	ngột	13	
nhieusu	nhiễu sự	13	
nhongnhong	nhong nhong	13	
nhaxuatban	nhà xuất bản	13	
nhantu	nhân từ	13	
nhatnhoa	nhạt nhoà	13	
nhetenh	nhẹ tênh	13	
nien	niền	13	
ninnhin	nín nhịn	13	
nac	nặc	13	
noitinh	nội tỉnh	13	
oaive	oai vệ	13	
ongong	ong ong	13	
phapdanh	pháp danh	13	
phandon	phản đòn	13	
quang	quáng	13	
rom	rớm	13	
samachoa	sa mạc hoá	13	
songhy	song hỷ	13	
sung	sũng	13	
san	sấn	13	
sat	sặt	13	
suadaunanh	sữa đậu nành	13	
tetua	te tua	13	
thanhdieu	thanh điệu	13	
thaodien	thao diễn	13	
thiettuong	thiết tưởng	13	
thuong	thuổng	13	
thuyta	thuỷ tạ	13	
tholo	thò lò	13	
thattheu	thất thểu	13	
thatluc	thật lực	13	
tinvit	tin vịt	13	
toalanhsu	toà lãnh sự	13	
truylac	truỵ lạc	13	
trungphung	trùng phùng	13	
tranh	trạnh	13	
tranai	trần ai	13	
tre	trề	13	
tromvia	trộm vía	13	
truche	trực hệ	13	
taican	tài cán	13	
taopho	tào phớ	13	
tamhoi	tăm hơi	13	
tulu	tư lự	13	
tanmat	tản mát	13	
tanglo	tảng lờ	13	
tamvong	tầm vông	13	
to	tợ	13	
uida	ui da	13	
uych	uỵch	13	
vanglung	vang lừng	13	
vovo	vo vo	13	
vanhkhuyen	vành khuyên	13	
vuongtu	vương tử	13	
vachang	vả chăng	13	
vanghoe	vắng hoe	13	
xanhri	xanh rì	13	
xinhan	xi nhan	13	
xaxiu	xá xíu	13	
xixup	xì xụp	13	
xamxi	xầm xì	13	
xapxinh	xập xình	13	
xuc	xực	13	
yemkhi	yếm khí	13	
angchung	áng chừng	13	
omoi	ô môi	13	
dangtrong	Đàng Trong	13	
dinhbang	Đình Bảng	13	
dongkinh	Đông Kinh	13	
doanmach	đoản mạch	13	
duaca	đũa cả	13	
daudinh	đầu đinh	13	
dauvan	đậu ván	13	
daudua	đậu đũa	13	
adidaphat	A Di Đà Phật	12	
bana	Ba Na	12	
balamon	Bà La Môn	12	
clb	CLB	12	
caohung	Cao Hùng	12	
che	Chế	12	
capnhitan	Cáp Nhĩ Tân	12	
giang	Giăng	12	
namchieu	Nam Chiếu	12	
quangda	Quảng Đà	12	
songsinh	Song Sinh	12	
sandiu	Sán Dìu	12	
thoan	Thoan	12	
trungphi	Trung Phi	12	
tayhan	Tây Hán	12	
tayan	Tây Ấn	12	
vinhdien	Vĩnh Điện	12	
xiemla	Xiêm La	12	
yennghia	Yên Nghĩa	12	
anhuong	an hưởng	12	
anhhungrom	anh hùng rơm	12	
antimon	antimon	12	
axetic	axetic	12	
baroi	ba rọi	12	
bannhac	ban nhạc	12	
banhbo	bánh bò	12	
banhhoi	bánh hỏi	12	
bangquo	bâng quơ	12	
baobung	bão bùng	12	
binhdinh	bình định	12	
bichquy	bích quy	12	
bacbeo	bạc bẽo	12	
batnhat	bất nhất	12	
batnhan	bất nhẫn	12	
battinnhiem	bất tín nhiệm	12	
batden	bắt đền	12	
bongdai	bọng đái	12	
bon	bợn	12	
chutat	chu tất	12	
chuoi	chuồi	12	
chumruot	chùm ruột	12	
chudan	chú dẫn	12	
chapchoang	chập choạng	12	
chet	chẹt	12	
chen	chẽn	12	
chemche	chễm chệ	12	
chinhhuan	chỉnh huấn	12	
cadoi	cá đối	12	
camcanh	cám cảnh	12	
colieu	cô liêu	12	
coicut	côi cút	12	
caugai	cầu gai	12	
cuau	củ ấu	12	
cui	cửi	12	
cucthinh	cực thịnh	12	
diepca	diếp cá	12	
dungtha	dung tha	12	
dakhuc	dạ khúc	12	
dam	dằm	12	
diuhien	dịu hiền	12	
duaxiem	dừa xiêm	12	
giaohoa	giao hoà	12	
giunkim	giun kim	12	
giecui	giẻ cùi	12	
huyetchien	huyết chiến	12	
hamho	hàm hồ	12	
hanvi	hàn vi	12	
hanhkhat	hành khất	12	
heo	hẻo	12	
hocvet	học vẹt	12	
honphach	hồn phách	12	
hopthuc	hợp thức	12	
kemque	kem que	12	
khiencuong	khiên cưỡng	12	
khacgi	khác gì	12	
khandong	khăn đóng	12	
keodua	kẹo dừa	12	
lienkhuc	liên khúc	12	
luancuong	luận cương	12	
laulinh	láu lỉnh	12	
lamram	lâm râm	12	
lembem	lèm bèm	12	
lepkep	lép kẹp	12	
lovisong	lò vi sóng	12	
longo	lơ ngơ	12	
maihoa	mai hoa	12	
man	mán	12	
muoitam	mười tám	12	
macphu	mạc phủ	12	
meno	mẹ nó	12	
mitmung	mịt mùng	12	
mommep	mồm mép	12	
ngayca	ngay cả	12	
nguyencao	nguyên cáo	12	
ngontay	ngón tay	12	
ngup	ngụp	12	
nhao	nhao	12	
nhanhoa	nhân hoà	12	
nhuhuong	nhũ hương	12	
nhatthech	nhạt thếch	12	
nhom	nhổm	12	
nonchoet	non choẹt	12	
naone	não nề	12	
noimoc	nói móc	12	
nuocdoi	nước đôi	12	
nacne	nắc nẻ	12	
noinieu	nồi niêu	12	
nuc	nực	12	
phephay	phe phẩy	12	
phongthan	phong thần	12	
phatduc	phát dục	12	
phoi	phòi	12	
phongtac	phóng tác	12	
phoipha	phôi pha	12	
phatpho	phất phơ	12	
rara	ra rả	12	
rausam	rau sam	12	
riu	riu	12	
ruotga	ruột gà	12	
ruoi	rượi	12	
sai	sãi	12	
sontra	sơn tra	12	
sonhieu	số nhiều	12	
suchut	sức hút	12	
tamgiaccan	tam giác cân	12	
thienthansanga	thiên thần sa ngã	12	
thuyenchai	thuyền chài	12	
thangtu	tháng tư	12	
thanhthuong	thánh thượng	12	
thanhtich	thánh tích	12	
thanglong	thăng long	12	
thamthoat	thấm thoát	12	
thaydo	thầy đồ	12	
thohuyet	thổ huyết	12	
tihi	ti hí	12	
tiethanh	tiết hạnh	12	
trungtrung	trùng trùng	12	
trunggio	trúng gió	12	
trangngu	trạng ngữ	12	
tram	trắm	12	
tuyn	tuyn	12	
titach	tí tách	12	
tuom	tươm	12	
tinhbo	tỉnh bơ	12	
tichmich	tịch mịch	12	
toitay	tỏi tây	12	
tuchuong	từ chương	12	
vientich	viên tịch	12	
viendu	viễn du	12	
vanhoapham	văn hoá phẩm	12	
xelu	xe lu	12	
ychang	y chang	12	
ylenh	y lệnh	12	
acba	ác bá	12	
aihuu	ái hữu	12	
auphuc	âu phục	12	
ongtao	ông Táo	12	
dainam	Đài Nam	12	
dongy	Đông y	12	
ducthanhcha	Đức Thánh Cha	12	
dienthoaivien	điện thoại viên	12	
daihocsi	đại học sĩ	12	
dauto	đấu tố	12	
det	đẹt	12	
dop	đốp	12	
dogom	đồ gốm	12	
dohang	đồ hàng	12	
dutruot	đứt ruột	12	
bacbangduong	Bắc Băng Dương	11	
bacnguy	Bắc Nguỵ	11	
camtuc	Cam Túc	11	
chanlap	Chân Lạp	11	
caugiay	Cầu Giấy	11	
cuuchan	Cửu Chân	11	
duongchau	Dương Châu	11	
hanviet	Hán Việt	11	
khanghy	Khang Hy	11	
lieuhanh	Liễu Hạnh	11	
lu	Lự	11	
mongcai	Móng Cái	11	
moctinh	Mộc Tinh	11	
tphcm	TPHCM	11	
thuongdinh	Thượng Đình	11	
tayha	Tây Hạ	11	
baolon	bao lơn	11	
binhthu	binh thư	11	
bienloan	biến loạn	11	
banhkep	bánh kếp	11	
buayeu	bùa yêu	11	
baochung	bảo chứng	11	
bau	bậu	11	
bamtron	bặm trợn	11	
bondia	bồn địa	11	
bocui	bổ củi	11	
bokhuyet	bổ khuyết	11	
boba	bỗ bã	11	
boiphan	bội phần	11	
bop	bớp	11	
buctu	bức tử	11	
chiendia	chiến địa	11	
chamchich	châm chích	11	
chapbut	chấp bút	11	
chonggiu	chống giữ	11	
chusu	chủ sự	11	
culi	cu li	11	
cacuong	cà cuống	11	
cota	cô ta	11	
cutdi	cút đi	11	
canquang	cản quang	11	
caukhi	cầu khỉ	11	
cotranh	cỏ tranh	11	
cuctieu	cực tiểu	11	
cuctri	cực trị	11	
dienngon	diễn ngôn	11	
danhdanh	dành dành	11	
don	dôn	11	
duocsu	dược sư	11	
do	dợ	11	
gali	gali	11	
giannguy	gian nguy	11	
giuntron	giun tròn	11	
giaychet	giãy chết	11	
gioloc	gió lốc	11	
gioi	giội	11	
giu	giừ	11	
gamvoc	gấm vóc	11	
hoado	hoá độ	11	
hoandu	hoán dụ	11	
hoatoc	hoả tốc	11	
hihoay	hí hoáy	11	
hachsach	hạch sách	11	
hauto	hậu tố	11	
hui	hửi	11	
khuynhdiep	khuynh diệp	11	
khuyetdanh	khuyết danh	11	
kheu	khêu	11	
khonghe	không hề	11	
khuou	khướu	11	
khac	khấc	11	
khonhucke	khổ nhục kế	11	
kienlap	kiến lập	11	
lemluoc	lem luốc	11	
lobuon	lo buồn	11	
luande	luận đề	11	
lachtach	lách tách	11	
leduong	lê dương	11	
layle	lấy lệ	11	
lelat	lễ lạt	11	
lotay	lộ tẩy	11	
longquyen	lộng quyền	11	
lopbop	lộp bộp	11	
lucphu	lục phủ	11	
lulu	lừ lừ	11	
muonman	muộn mằn	11	
mangset	măng sét	11	
mapme	mấp mé	11	
mongdinh	mỏng dính	11	
ngayngay	ngay ngáy	11	
ngoaisinh	ngoại sinh	11	
ngau	ngâu	11	
ngu	ngù	11	
ngugioi	ngũ giới	11	
nguatay	ngứa tay	11	
nguhe	ngữ hệ	11	
nhanhem	nhá nhem	11	
nhot	nhót	11	
nhuthe	như thế	11	
nhacdo	nhạc đỏ	11	
nang	náng	11	
nuocnang	nước nặng	11	
nammeo	nấm mèo	11	
nam	nầm	11	
ninhdam	nịnh đầm	11	
ooc	oóc	11	
phoi	phoi	11	
phongthanh	phong thánh	11	
phongxa	phòng xa	11	
quaquyt	qua quýt	11	
quay	quảy	11	
quocdan	quốc dân	11	
runrui	run rủi	11	
ruotra	ruột rà	11	
samari	samari	11	
saurom	sâu róm	11	
sinhle	sính lễ	11	
song	sõng	11	
sodoan	sở đoản	11	
thientue	thiên tuế	11	
thiendiahoi	thiên địa hội	11	
thoaty	thoát y	11	
thanhthot	thánh thót	11	
thoidoi	thói đời	11	
thuonthuot	thườn thượt	11	
tinhtuong	tinh tướng	11	
tiengthom	tiếng thơm	11	
tiennhan	tiền nhân	11	
traikhoay	trái khoáy	11	
tre	tré	11	
trongtranh	tròng trành	11	
tray	trảy	11	
tramminh	trầm mình	11	
trongcom	trống cơm	11	
tuhu	tu hú	11	
tuyettinh	tuyệt tình	11	
tuoita	tuổi ta	11	
tamluc	tâm lực	11	
tannien	tân niên	11	
tethap	tê thấp	11	
tentu	tên tự	11	
toi	tòi	11	
tumtum	túm tụm	11	
tot	tột	11	
tuky	tự kỷ	11	
uminh	u minh	11	
vevay	ve vẩy	11	
viphau	vi phẫu	11	
vanvu	vần vũ	11	
vau	vầu	11	
vanso	vận số	11	
xoangxinh	xoàng xĩnh	11	
xuongcan	xuống cân	11	
xuongtoc	xuống tóc	11	
xumxit	xúm xít	11	
xaubung	xấu bụng	11	
xong	xống	11	
ucchau	Úc Châu	11	
aquan	á quân	11	
ozon	ôzôn	11	
dangten	đăng ten	11	
daide	đại để	11	
dayto	đầy tớ	11	
dentho	đền thờ	11	
doiso	đối số	11	
don	đớn	11	
e	ẻ	11	
oc	ọc	11	
ocbuou	ốc bươu	11	
othiem	ớt hiểm	11	
canhtuat	Canh Tuất	10	
choang	Choang	10	
cuuuoc	Cựu Ước	10	
hoakieu	Hoa kiều	10	
honai	Hố Nai	10	
lolo	Lô Lô	10	
namxuong	Nam Xương	10	
ngoclan	Ngọc Lân	10	
phuyen	Phù Yên	10	
phatdan	Phật Đản	10	
vientay	Viễn Tây	10	
vantho	Vạn Thọ	10	
biengnhac	biếng nhác	10	
bietxu	biệt xứ	10	
baquyen	bá quyền	10	
banhkem	bánh kem	10	
banhphongtom	bánh phồng tôm	10	
bimbim	bìm bìm	10	
bimbip	bìm bịp	10	
bongde	bóng đè	10	
bachphien	bạch phiến	10	
bam	bặm	10	
boitinh	bội tinh	10	
bum	bụm	10	
caominh	cao minh	10	
chanhchua	chanh chua	10	
chialua	chia lửa	10	
chuonggio	chuông gió	10	
chanhniem	chánh niệm	10	
chao	chão	10	
chong	chòng	10	
chaylang	chạy làng	10	
chauchuc	chầu chực	10	
chococ	chợ cóc	10	
cuongbao	cuồng bạo	10	
cankhon	càn khôn	10	
caochung	cáo chung	10	
camtuc	căm tức	10	
caogio	cạo gió	10	
caithia	cải thìa	10	
camlanh	cảm lạnh	10	
coppha	cốp pha	10	
congu	cổ ngữ	10	
cotco	cột cờ	10	
debut	debut	10	
dicao	di cảo	10	
dily	di lý	10	
desen	dè sẻn	10	
dauchamthan	dấu chấm than	10	
doi	dọi	10	
do	dổ	10	
giayboi	giấy bồi	10	
giaynham	giấy nhám	10	
giaythan	giấy than	10	
glucozo	glucozơ	10	
gaibao	gái bao	10	
hidrocacbon	hiđrocacbon	10	
hiente	hiến tế	10	
hoen	hoen	10	
hoanha	hoà nhã	10	
hunghiem	hung hiểm	10	
huyt	huýt	10	
hahiep	hà hiếp	10	
hatat	hà tất	10	
hangcho	hàng chợ	10	
hattuong	hát tuồng	10	
hanhuu	hãn hữu	10	
heohat	héo hắt	10	
hoitanh	hôi tanh	10	
honhao	hỗn hào	10	
hom	hợm	10	
hubai	hủ bại	10	
huukhuynh	hữu khuynh	10	
khe	khè	10	
khucchiet	khúc chiết	10	
kimtiem	kim tiêm	10	
kisi	kị sĩ	10	
kygiong	kỳ giông	10	
lomkhom	lom khom	10	
lubu	lu bù	10	
luoncui	luồn cúi	10	
lamia	lá mía	10	
langon	lá ngón	10	
lete	lè tè	10	
loxe	lơ xe	10	
luocdich	lược dịch	10	
lactien	lạc tiên	10	
lam	lậm	10	
lopdop	lộp độp	10	
magiao	ma giáo	10	
moi	mòi	10	
muu	mù u	10	
mangda	măng đá	10	
mit	mịt	10	
nanhoa	nan hoa	10	
ngapngua	ngập ngụa	10	
ngukhi	ngữ khí	10	
ngulieu	ngữ liệu	10	
nhieunhuong	nhiễu nhương	10	
nhonha	nho nhã	10	
nhacau	nhà cầu	10	
nhuocco	nhược cơ	10	
nhacvang	nhạc vàng	10	
nhong	nhồng	10	
nhoi	nhời	10	
nom	nơm	10	
nuocnoi	nước nôi	10	
nau	nẫu	10	
nau	nậu	10	
oan	oản	10	
phachloi	phách lối	10	
photu	phó từ	10	
phungphiu	phụng phịu	10	
quanhque	quạnh quẽ	10	
quauquo	quạu quọ	10	
raucai	rau cải	10	
riuriu	riu riu	10	
rung	rùng	10	
sieuhinhhoc	siêu hình học	10	
sachbach	sạch bách	10	
satson	sắt son	10	
so	sồ	10	
sot	sớt	10	
tamgiacdeu	tam giác đều	10	
thientinh	thiên tính	10	
thachsung	thạch sùng	10	
thaptho	thập thò	10	
thangbang	thẳng băng	10	
toasen	toà sen	10	
trunglien	trung liên	10	
trungtien	trung tiện	10	
trangkien	tráng kiện	10	
trangsi	tráng sĩ	10	
trotdai	trót dại	10	
trungtruc	trùng trục	10	
trangnguyen	trạng nguyên	10	
tron	trớn	10	
truchoanh	trục hoành	10	
tuanphu	tuần phủ	10	
tonxung	tôn xưng	10	
tuibong	túi bóng	10	
tanso	tận số	10	
ton	tởn	10	
tuihon	tủi hờn	10	
vid	vid	10	
votienkhoanghau	vô tiền khoáng hậu	10	
vanchai	vạn chài	10	
vantho	vần thơ	10	
vangvac	vằng vặc	10	
xep	xép	10	
xuongcung	xương cùng	10	
annghia	ân nghĩa	10	
utim	ú tim	10	
dinhvit	đinh vít	10	
doang	đoảng	10	
daoduchoc	đạo đức học	10	
dangdang	đằng đằng	10	
dialyhoc	địa lý học	10	
dogay	đỏ gay	10	
doquach	đỏ quạch	10	
dodon	đổ đốn	10	
ungthi	ứng thí	10	
bachte	Bách Tế	9	
chut	Chứt	9	
duongtien	Dương Tiễn	9	
hoanhson	Hoành Sơn	9	
hanthanh	Hán Thành	9	
khaihoanmon	Khải Hoàn Môn	9	
nhu	Nhữ	9	
quyduong	Quý Dương	9	
ruc	Rục	9	
saothuy	Sao Thuỷ	9	
tama	Tam Á	9	
tieu	Tiều	9	
trangtu	Trang Tử	9	
xiengkhoang	Xiêng Khoảng	9	
antoankhu	an toàn khu	9	
baybuom	bay bướm	9	
bienniensu	biên niên sử	9	
biem	biếm	9	
beotay	bèo tây	9	
beurieu	bêu riếu	9	
boibac	bôi bác	9	
buthieu	bút hiệu	9	
bangvesinh	băng vệ sinh	9	
buoi	bươi	9	
buong	bương	9	
bangnhan	bảng nhãn	9	
batminh	bất minh	9	
baccuc	bắc cực	9	
bocao	bố cáo	9	
bophong	bố phòng	9	
bonbe	bốn bể	9	
bonglai	bồng lai	9	
chimchich	chim chích	9	
chieudaivien	chiêu đãi viên	9	
chien	chiền	9	
cheochong	chèo chống	9	
chiavoi	chìa vôi	9	
chinh	chĩnh	9	
chithuc	chỉ thực	9	
chuchua	chủ chứa	9	
cautiet	cáu tiết	9	
coca	côca	9	
camcam	căm căm	9	
cuncon	cũn cỡn	9	
cohan	cơ hàn	9	
catdat	cắt đặt	9	
coi	cỗi	9	
cuctac	cục tác	9	
cumtu	cụm từ	9	
cuaminh	cửa mình	9	
danhxung	danh xưng	9	
daonhip	dao nhíp	9	
dungduong	dung dưỡng	9	
duyenco	duyên cớ	9	
danbai	dàn bài	9	
duong	dướng	9	
damde	dầm dề	9	
dapdenh	dập dềnh	9	
dong	dỏng	9	
giaotuyen	giao tuyến	9	
giacay	giả cầy	9	
giaclai	giặc lái	9	
giuke	giữ kẽ	9	
gari	gà ri	9	
hohe	ho he	9	
hoanien	hoa niên	9	
homhem	hom hem	9	
huonggi	huống gì	9	
him	hĩm	9	
hongxiem	hồng xiêm	9	
hup	hụp	9	
hulau	hủ lậu	9	
huc	hức	9	
khoam	khoằm	9	
khuaykhoa	khuây khoả	9	
khuatbong	khuất bóng	9	
khichbac	khích bác	9	
khap	khạp	9	
khaukhi	khẩu khí	9	
khaungu	khẩu ngữ	9	
khonao	khổ não	9	
lada	la đà	9	
laulach	lau lách	9	
leolet	leo lét	9	
lubu	lu bu	9	
lohoi	lô hội	9	
lolo	lơ lớ	9	
lelang	lẹ làng	9	
lungkhung	lừng khừng	9	
mohan	mỏ hàn	9	
mun	mủn	9	
nghinthu	nghìn thu	9	
nghiasi	nghĩa sĩ	9	
nghengong	nghề ngỗng	9	
ngoai	ngoải	9	
ngacngoai	ngắc ngoải	9	
nhemnhuoc	nhem nhuốc	9	
nhuan	nhuần	9	
nhanchan	nhận chân	9	
nhanthucluan	nhận thức luận	9	
nhui	nhủi	9	
nuoi	nuối	9	
nangtien	nàng tiên	9	
noithach	nói thách	9	
nuoccung	nước cứng	9	
nich	nịch	9	
noisan	nội san	9	
noitang	nội tạng	9	
phay	phây	9	
phonhay	phó nháy	9	
phote	phó tế	9	
phuhe	phụ hệ	9	
quenthoi	quen thói	9	
quatkhoi	quật khởi	9	
quo	quở	9	
ruru	ru rú	9	
roi	rõi	9	
ranrat	rần rật	9	
roc	rộc	9	
sasam	sa sầm	9	
sinhquan	sinh quán	9	
sooc	soọc	9	
saucay	sâu cay	9	
sao	sạo	9	
satnghiep	sạt nghiệp	9	
sothuc	số thực	9	
taynai	tay nải	9	
thulu	thu lu	9	
thuoctim	thuốc tím	9	
thuocdo	thuốc đỏ	9	
thosan	thổ sản	9	
thuhien	thủ hiến	9	
tieutho	tiêu thổ	9	
tietkhi	tiết khí	9	
tieuhanhtinh	tiểu hành tinh	9	
toanbich	toàn bích	9	
truongdo	trường độ	9	
trochien	trợ chiến	9	
tructung	trục tung	9	
truu	trừu	9	
truutuonghoa	trừu tượng hoá	9	
tante	tàn tệ	9	
tomhe	tôm he	9	
tungxeo	tùng xẻo	9	
tatdien	tắt điện	9	
totom	tổ tôm	9	
uyenngu	uyển ngữ	9	
vaycanh	vây cánh	9	
vang	vằng	9	
vem	vẹm	9	
vot	vốt	9	
vovit	vờ vịt	9	
xoimoi	xoi mói	9	
xoanhxoach	xoành xoạch	9	
xuanthu	xuân thu	9	
xuoichieu	xuôi chiều	9	
xuongcut	xương cụt	9	
xung	xửng	9	
athan	á thần	9	
anhden	ánh đèn	9	
ehe	ê hề	9	
daovien	Đào Viên	9	
daithua	Đại thừa	9	
dolahoa	đô la hoá	9	
duongbe	đường bệ	9	
diay	địa y	9	
dongthuan	đồng thuận	9	
onnghia	ơn nghĩa	9	
uoi	ươi	9	
andanh	ẩn danh	9	
ong	ỏng	9	
ungkhau	ứng khẩu	9	
bongmieu	Bồng Miêu	8	
chutuoc	Chu Tước	8	
chucnu	Chức Nữ	8	
dilac	Di Lặc	8	
huyenvu	Huyền Vũ	8	
haikhau	Hải Khẩu	8	
lahu	La Hủ	8	
leso	Lê sơ	8	
lu	Lừ	8	
mautuat	Mậu Tuất	8	
namtao	Nam Tào	8	
namvang	Nam Vang	8	
nhaxanh	Nhà Xanh	8	
phattu	Phật tử	8	
thienloi	Thiên Lôi	8	
thongoc	Thỏ Ngọc	8	
trieuchau	Triều Châu	8	
tanuoc	Tân Ước	8	
vinhson	Vinh Sơn	8	
vanlang	Văn Lãng	8	
anthai	an thai	8	
anken	anken	8	
banoi	bà nội	8	
bavo	bá vơ	8	
banhchay	bánh chay	8	
banhgiay	bánh giầy	8	
banhu	bánh ú	8	
bongu	bổ ngữ	8	
boitin	bội tín	8	
bop	bộp	8	
boiloi	bời lời	8	
bung	bủng	8	
bua	bứa	8	
catu	ca từ	8	
chimchuot	chim chuột	8	
chuenhchoang	chuếnh choáng	8	
chuotchu	chuột chù	8	
chithanh	chí thành	8	
chiton	chí tôn	8	
chonvui	chôn vùi	8	
changoi	chăn gối	8	
chalua	chả lụa	8	
chupmu	chụp mũ	8	
cachuon	cá chuồn	8	
cauthuc	câu thúc	8	
cumgiacam	cúm gia cầm	8	
canhhuyen	cạnh huyền	8	
caihoa	cải hoá	8	
cot	cợt	8	
cunghong	cứng họng	8	
diep	diếp	8	
doa	doa	8	
duot	dượt	8	
dinguyen	dị nguyên	8	
dom	dợm	8	
ghen	ghèn	8	
giachu	gia chủ	8	
giaynay	giãy nảy	8	
giu	giú	8	
gianghoa	giảng hoà	8	
giacgia	giặc giã	8	
guomgiao	gươm giáo	8	
henmat	hèn mạt	8	
heo	hèo	8	
helo	hé lộ	8	
hinhthaihoc	hình thái học	8	
huousao	hươu sao	8	
hagia	hạ giá	8	
hasach	hạ sách	8	
hoclieu	học liệu	8	
hosu	hổ sư	8	
khoaitra	khoái trá	8	
khoinguyen	khôi nguyên	8	
khanpieu	khăn piêu	8	
kiengde	kiêng dè	8	
kiengne	kiêng nể	8	
kencua	kèn cựa	8	
kykhoi	kỳ khôi	8	
kykhi	kỵ khí	8	
lienthoang	liến thoắng	8	
loeloet	loè loẹt	8	
longdao	lòng đào	8	
letdet	lẹt đẹt	8	
lop	lọp	8	
lola	lỗ lã	8	
lung	lừng	8	
mandai	man dại	8	
mauman	mau mắn	8	
mangluoi	màng lưới	8	
maybodam	máy bộ đàm	8	
mulen	mũ len	8	
mactinh	mặc tình	8	
mocsung	mọc sừng	8	
mungquynh	mừng quýnh	8	
nainit	nai nịt	8	
namgiao	nam giao	8	
nguyquantu	nguỵ quân tử	8	
ngai	ngái	8	
ngotxot	ngọt xớt	8	
ngom	ngợm	8	
nhiepanhgia	nhiếp ảnh gia	8	
nhatte	nhất tề	8	
nhop	nhớp	8	
no	nõ	8	
nuala	nữa là	8	
oantrai	oan trái	8	
phongtinh	phong tình	8	
phantam	phân tâm	8	
phetlac	phét lác	8	
phia	phịa	8	
phoco	phố cổ	8	
phongphao	phổng phao	8	
plutoni	plutoni	8	
quyet	quyệt	8	
quanh	quành	8	
quydanh	quý danh	8	
quocphuc	quốc phục	8	
quynhhuong	quỳnh hương	8	
rarang	ra ràng	8	
rua	rũa	8	
ram	rạm	8	
ray	rảy	8	
sate	sa tế	8	
seng	seng	8	
sieuvitrung	siêu vi trùng	8	
suigia	sui gia	8	
satsat	sát sạt	8	
sophuc	số phức	8	
songmai	sống mái	8	
sum	sụm	8	
sucvoc	sức vóc	8	
tali	tali	8	
thuekhoa	thuế khoá	8	
thapnga	tháp ngà	8	
thuhoa	thư hoạ	8	
thuongthua	thượng thừa	8	
thipham	thị phạm	8	
thone	thợ nề	8	
traukhong	trầu không	8	
trithuy	trị thuỷ	8	
trocloc	trọc lốc	8	
tuyetpham	tuyệt phẩm	8	
tuoixanh	tuổi xanh	8	
tuybut	tuỳ bút	8	
tata	tà tà	8	
taucho	tàu chợ	8	
taotay	táo tây	8	
tuctac	túc tắc	8	
vienchi	viễn chí	8	
vienthi	viễn thị	8	
vanve	vân vê	8	
vungvang	vùng vằng	8	
vanvan	văn vần	8	
volon	vợ lớn	8	
xuue	xú uế	8	
xomui	xơ múi	8	
xocnoi	xốc nổi	8	
yeng	yểng	8	
anhsao	ánh sao	8	
oro	ô rô	8	
anban	ăn bận	8	
anthit	ăn thịt	8	
daminh	Đa Minh	8	
dongtan	Đông Tấn	8	
dangonngu	đa ngôn ngữ	8	
daphuonghoa	đa phương hoá	8	
dientuhoc	điện tử học	8	
duoisam	đuôi sam	8	
duy	đuỹ	8	
dendom	đèn đóm	8	
diaquang	đĩa quang	8	
duongsinh	đường sinh	8	
daihongthuy	đại hồng thuỷ	8	
daimach	đại mạch	8	
dangphi	đảng phí	8	
dauruoi	đầu ruồi	8	
diachanhoc	địa chấn học	8	
doau	đỏ au	8	
dolom	đỏ lòm	8	
doitruy	đồi truỵ	8	
dop	độp	8	
ungtac	ứng tác	8	
anhquoc	Anh Quốc	7	
brau	Brâu	7	
bacte	Bắc Tề	7	
bactong	Bắc Tống	7	
calo	Cà Lồ	7	
hopthanh	Hợp Thành	7	
kinhthi	Kinh Thi	7	
lachi	La Chí	7	
ngai	Ngái	7	
ngude	Ngũ Đế	7	
phucchau	Phúc Châu	7	
quanthoai	Quan thoại	7	
suky	Sử ký	7	
thanhlinh	Thánh Linh	7	
thanhthe	Thánh Thể	7	
tanthegioi	Tân Thế Giới	7	
viettan	Việt Tân	7	
ankin	ankin	7	
biaom	bia ôm	7	
binhlua	binh lửa	7	
biencach	biến cách	7	
bieuxen	biếu xén	7	
baoan	báo ân	7	
bonbon	bòn bon	7	
bongtuyet	bông tuyết	7	
beo	bẹo	7	
bepga	bếp ga	7	
bebe	bề bề	7	
bigay	bị gậy	7	
bomxom	bờm xờm	7	
chaili	chai lì	7	
choai	choãi	7	
choai	choại	7	
chuchoa	chu choa	7	
chusa	chu sa	7	
chaoco	chào cờ	7	
chonsong	chôn sống	7	
chiaba	chĩa ba	7	
champhay	chấm phẩy	7	
chenhchoang	chếnh choáng	7	
chethut	chết hụt	7	
chilenh	chỉ lệnh	7	
chuhon	chủ hôn	7	
cachngon	cách ngôn	7	
cannguyen	căn nguyên	7	
cothu	cơ thủ	7	
canhhuong	cảnh huống	7	
caprap	cập rập	7	
cunang	củ năng	7	
cuda	cự đà	7	
diudat	dìu dặt	7	
dongbao	dông bão	7	
damngo	dạm ngõ	7	
don	dợn	7	
freeship	freeship	7	
ghem	ghém	7	
giangha	giáng hạ	7	
giaohoat	giảo hoạt	7	
go	gọ	7	
goc	gộc	7	
hieupho	hiệu phó	7	
hoangthaitu	hoàng thái tử	7	
hoavien	hoạ viên	7	
huychtoet	huỵch toẹt	7	
hanghivien	hạ nghị viện	7	
haivi	hải vị	7	
hang	hắng	7	
hotnhien	hốt nhiên	7	
hocam	hồ cầm	7	
hongnhan	hồng nhan	7	
khaihoa	khai hoa	7	
khiepnhuoc	khiếp nhược	7	
khoeo	khoeo	7	
khachthe	khách thể	7	
khu	khư	7	
khacky	khắc kỷ	7	
khec	khẹc	7	
kythac	ký thác	7	
ken	kền	7	
kynam	kỳ nam	7	
kyngo	kỳ ngộ	7	
luythua	luỹ thừa	7	
lunphun	lún phún	7	
luoiga	lưỡi gà	7	
lem	lẹm	7	
locxoay	lốc xoáy	7	
lopbop	lốp bốp	7	
loduong	lỡ đường	7	
muong	muồng	7	
mangnhen	màng nhện	7	
mongmuoi	mông muội	7	
mup	múp	7	
matchudien	mặt chữ điền	7	
nghiaphu	nghĩa phụ	7	
nghe	nghẹ	7	
nguquan	ngũ quan	7	
ngacngu	ngắc ngứ	7	
nhudao	nhu đạo	7	
nhuom	nhuôm	7	
nhatho	nhà thổ	7	
nhach	nhách	7	
nhannho	nhăn nhở	7	
nhuon	nhướn	7	
nhay	nhẫy	7	
nhaunhet	nhậu nhẹt	7	
nac	nác	7	
naonung	não nùng	7	
nuc	núc	7	
phienche	phiên chế	7	
phagioi	phá giới	7	
phanuu	phân ưu	7	
phepnhan	phép nhân	7	
phanvatchat	phản vật chất	7	
phande	phản đế	7	
phoi	phới	7	
phucsuc	phục sức	7	
quynap	quy nạp	7	
quyenanh	quyền Anh	7	
quocthe	quốc thể	7	
ruoitrau	ruồi trâu	7	
ran	rân	7	
ray	rẩy	7	
ranmoi	rắn mối	7	
re	rế	7	
rit	rịt	7	
roibeng	rối beng	7	
rot	rột	7	
saurot	sau rốt	7	
sieupham	siêu phẩm	7	
tamcuong	tam cương	7	
tamtai	tam tai	7	
thamthuy	thâm thuý	7	
thoithuong	thói thường	7	
thua	thùa	7	
thung	thưng	7	
thuongnghiep	thương nghiệp	7	
thinhsuy	thịnh suy	7	
thubut	thủ bút	7	
thubac	thứ bậc	7	
timden	tim đen	7	
tinhsuong	tinh sương	7	
tiengioi	tiên giới	7	
tienhiep	tiên hiệp	7	
tonhot	ton hót	7	
tranhtai	tranh tài	7	
trihuyen	tri huyện	7	
truanchuyen	truân chuyên	7	
trigia	trí giả	7	
trutru	trù trừ	7	
truongnam	trưởng nam	7	
tramkha	trầm kha	7	
traucau	trầu cau	7	
traytrua	trầy trụa	7	
tuyduyen	tuỳ duyên	7	
tauhu	tàu hủ	7	
tau	táu	7	
tovo	tò vò	7	
tuongky	tương kỵ	7	
tapchung	tạp chủng	7	
tonggiaophan	tổng giáo phận	7	
tudien	tự điền	7	
uyphong	uy phong	7	
vienngoai	viên ngoại	7	
vienxu	viễn xứ	7	
voibien	voi biển	7	
vangtay	vàng tây	7	
vosi	vô sỉ	7	
votuong	võ tướng	7	
vanthan	vằn thắn	7	
xedien	xe điện	7	
onchau	Ôn Châu	7	
acchien	ác chiến	7	
ackhau	ác khẩu	7	
aobao	áo bào	7	
amty	âm ty	7	
amvi	âm vị	7	
ansu	ân sư	7	
ansang	ăn sáng	7	
dongkinhnghiathuc	Đông Kinh nghĩa thục	7	
diendong	điện động	7	
dieudang	điệu đàng	7	
dannguyet	đàn nguyệt	7	
danday	đàn đáy	7	
dinhban	đình bản	7	
daudang	đầu đảng	7	
daythang	đầy tháng	7	
dedoc	đề đốc	7	
dichhoa	địch hoạ	7	
dichvan	địch vận	7	
dochoi	đỏ chói	7	
dongphang	đồng phẳng	7	
dongthoai	đồng thoại	7	
duma	đụ má	7	
uotnhep	ướt nhẹp	7	
ap	ắp	7	
ich	ịch	7	
orieng	ở riêng	7	
utit	ụt ịt	7	
anphong	An Phong	6	
coho	Cơ Ho	6	
cukuin	Cư Kuin	6	
coco	Cổ Cò	6	
conghoasec	Cộng hoà Séc	6	
gato	GATO	6	
giarai	Gia Rai	6	
gietrieng	Giẻ Triêng	6	
hoalien	Hoa Liên	6	
hoannhan	Hoàn Nhan	6	
khomu	Khơ Mú	6	
khonggiao	Khổng giáo	6	
laman	Lâm An	6	
mauthuongngan	Mẫu Thượng Ngàn	6	
myquoc	Mỹ Quốc	6	
nghen	Nghèn	6	
nguulang	Ngưu Lang	6	
nau	Nẫu	6	
phula	Phù Lá	6	
phudongthienvuong	Phù Đổng Thiên Vương	6	
q	Q	6	
sida	SIDA	6	
tanla	Tân La	6	
xodang	Xơ Đăng	6	
ankan	ankan	6	
bangbang	bang bang	6	
bica	bi ca	6	
bive	bi ve	6	
bientro	biến trở	6	
bienbac	biện bác	6	
baibac	bài bác	6	
bachthanh	bách thanh	6	
banhve	bánh vẽ	6	
batam	bát âm	6	
baibien	bãi biển	6	
bep	bép	6	
biudai	bìu dái	6	
biu	bíu	6	
boica	bói cá	6	
bonphan	bón phân	6	
buom	bươm	6	
be	bễ	6	
bong	bộng	6	
caolon	cao lớn	6	
chanhleo	chanh leo	6	
chimsau	chim sâu	6	
chiendauco	chiến đấu cơ	6	
chuandoan	chuẩn đoán	6	
chinhcuong	chính cương	6	
chucphuc	chúc phúc	6	
chuongkhi	chướng khí	6	
chetac	chế tác	6	
chettuoi	chết tươi	6	
chinhluu	chỉnh lưu	6	
chut	chụt	6	
chuithe	chửi thề	6	
convat	con vật	6	
cungdinh	cung đình	6	
cahong	cá hồng	6	
caobach	cáo bạch	6	
catcanh	cát cánh	6	
catket	cát kết	6	
cang	câng	6	
cuvo	cú vọ	6	
comchao	cơm cháo	6	
canxe	cần xé	6	
cotat	cố tật	6	
dathit	da thịt	6	
diengia	diễn giả	6	
damdat	dâm dật	6	
danquoc	dân quốc	6	
datrang	dã tràng	6	
duagang	dưa gang	6	
duagop	dưa góp	6	
duc	dức	6	
ghet	ghệt	6	
giacanh	gia cảnh	6	
giaptrang	giáp trạng	6	
gangui	gần gụi	6	
gau	gẫu	6	
gatdau	gật đầu	6	
goita	gợi tả	6	
hoahao	hoà hảo	6	
hoamu	hoả mù	6	
huynhhuych	huỳnh huỵch	6	
huhoa	hú hoạ	6	
heo	hẹo	6	
huuthanh	hữu thanh	6	
khangan	khang an	6	
khinhbac	khinh bạc	6	
khoahoc	khoá học	6	
khoere	khoẻ re	6	
khikhai	khí khái	6	
khoxu	khó xử	6	
khapkhenh	khấp khểnh	6	
khekha	khề khà	6	
khonoi	khổ nỗi	6	
kinhvanhoa	kính vạn hoa	6	
kiukit	kĩu kịt	6	
kenh	kềnh	6	
kynuoc	kỵ nước	6	
lele	le le	6	
lienkieu	liên kiều	6	
liemlap	liếm láp	6	
longmao	lông mao	6	
lo	lõ	6	
lactuong	lạc tướng	6	
lolam	lỡ lầm	6	
meme	meme	6	
muom	muỗm	6	
men	mén	6	
mongtay	móng tay	6	
mote	mô tê	6	
muadong	mùa đông	6	
muangau	mưa ngâu	6	
mochi	mộ chí	6	
mui	mủi	6	
namcuc	nam cực	6	
ngaytucthi	ngay tức thì	6	
nghet	nghệt	6	
ngoenguay	ngoe nguẩy	6	
nguyenlao	nguyên lão	6	
ngamvinh	ngâm vịnh	6	
ngocpha	ngọc phả	6	
ngongnghiu	ngọng nghịu	6	
nhadam	nha đam	6	
nhiec	nhiếc	6	
nhieunhan	nhiều nhặn	6	
nhamac	nhà Mạc	6	
nhao	nháo	6	
nhatgung	nhát gừng	6	
nhuocthi	nhược thị	6	
nhech	nhệch	6	
nienbieu	niên biểu	6	
naobo	não bộ	6	
no	nò	6	
phicang	phi cảng	6	
phanhphach	phành phạch	6	
phephon	phè phỡn	6	
phia	phìa	6	
phaigio	phải gió	6	
phunghoang	phụng hoàng	6	
quanan	quán ăn	6	
quansi	quân sĩ	6	
queo	quéo	6	
quynhquang	quýnh quáng	6	
ren	rén	6	
run	rún	6	
sadoa	sa đoạ	6	
sungcong	sung công	6	
suyvi	suy vi	6	
susu	sù sụ	6	
soky	sơ kỳ	6	
saclem	sắc lẻm	6	
sochia	số chia	6	
songay	sởn gáy	6	
sung	sửng	6	
thanhkhiet	thanh khiết	6	
thaolao	thao láo	6	
thiphu	thi phú	6	
thiendi	thiên di	6	
thieunao	thiểu não	6	
thuanchat	thuần chất	6	
thuegianthu	thuế gián thu	6	
thuoclac	thuốc lắc	6	
thanhthe	thánh thể	6	
thoiloi	thòi lòi	6	
thoitat	thói tật	6	
thachquyen	thạch quyển	6	
thapgia	thập giá	6	
thapac	thập ác	6	
thangthom	thẳng thớm	6	
thethan	thế thân	6	
thikinh	thị kính	6	
thoi	thồi	6	
tinnhan	tin nhắn	6	
tinhdoi	tinh đời	6	
tieuthuy	tiểu thuỳ	6	
truyentin	truyền tin	6	
trimang	trí mạng	6	
tronoc	trôn ốc	6	
trungroi	trùng roi	6	
tray	trẩy	6	
tria	trỉa	6	
troichet	trối chết	6	
trusinh	trụ sinh	6	
tuyetgiao	tuyệt giao	6	
tachan	tả chân	6	
takhuynh	tả khuynh	6	
ton	tợn	6	
tuduc	tứ đức	6	
tuthu	tử thù	6	
vunxoi	vun xới	6	
vangkhe	vàng khè	6	
vongan	vô ngần	6	
vong	vồng	6	
xuatnhapcanh	xuất nhập cảnh	6	
xangxai	xăng xái	6	
xeo	xẹo	6	
xoiloi	xởi lởi	6	
yeuthuat	yêu thuật	6	
acnhan	ác nhân	6	
ambinh	âm binh	6	
diatang	Địa Tạng	6	
dilac	đi lạc	6	
dieunghien	điều nghiên	6	
danhgio	đánh gió	6	
denduoc	đèn đuốc	6	
domdat	đơm đặt	6	
duongphen	đường phên	6	
daiphao	đại pháo	6	
dathong	đả thông	6	
dautrang	đậu trắng	6	
dangnay	đằng này	6	
dam	đặm	6	
dongduc	động đực	6	
do	đợ	6	
uuphien	ưu phiền	6	
auo	ầu ơ	6	
op	ộp	6	
unin	ủn ỉn	6	
anngai	An Ngãi	5	
banco	Bàn Cổ	5	
eu	EU	5	
hoangu	Hoa ngữ	5	
haunghe	Hậu Nghệ	5	
hocap	Hổ Cáp	5	
kimmon	Kim Môn	5	
kep	Kép	5	
laha	La Ha	5	
phanxico	Phanxicô	5	
sia	Sịa	5	
thaibinhthienquoc	Thái Bình Thiên Quốc	5	
thanhgia	Thánh Giá	5	
thotinh	Thổ Tinh	5	
tieuhung	Tiểu Hùng	5	
tieua	Tiểu Á	5	
trungau	Trung Âu	5	
tayvuongmau	Tây Vương Mẫu	5	
tuhai	Tứ Hải	5	
xtieng	Xtiêng	5	
anhanh	anh ánh	5	
axeton	axeton	5	
baque	ba que	5	
baohoa	bao hoa	5	
biphan	bi phẫn	5	
bietdoi	biệt đội	5	
banthach	bàn thạch	5	
banghe	bàng hệ	5	
badao	bá đạo	5	
banhkep	bánh kẹp	5	
bu	bư	5	
bamgiap	bầm giập	5	
bausao	bầu sao	5	
bapbom	bập bõm	5	
batcon	bắt con	5	
batthiep	bặt thiệp	5	
benhlyhoc	bệnh lý học	5	
bonho	bỏ nhỏ	5	
bombem	bỏm bẻm	5	
bodung	bổ dụng	5	
bodieu	bộ điệu	5	
boile	bởi lẽ	5	
chientuong	chiến tướng	5	
chuoingu	chuối ngự	5	
chuonchuonkim	chuồn chuồn kim	5	
chaohoa	cháo hoa	5	
cheobeo	chèo bẻo	5	
chenhchech	chênh chếch	5	
chobien	chó biển	5	
chuop	chượp	5	
cheo	chẹo	5	
chongnanh	chống nạnh	5	
chochuc	chờ chực	5	
chonvon	chờn vờn	5	
chuc	chục	5	
chuli	chứ lị	5	
cadaide	cà dái dê	5	
cakhia	cà khịa	5	
catung	cà tưng	5	
cachuoi	cá chuối	5	
canheo	cá nheo	5	
casop	cá sộp	5	
canhcam	cánh cam	5	
conghuu	công hữu	5	
capnia	cạp nia	5	
caicu	cải củ	5	
camtu	cảm từ	5	
caucanh	cầu cạnh	5	
cauhoa	cầu hoà	5	
cottuy	cốt tuỷ	5	
cutlun	cụt lủn	5	
cutu	củ từ	5	
cunu	cự nự	5	
danhgia	danh gia	5	
dudi	du di	5	
danve	dân vệ	5	
dongto	dông tố	5	
dauvay	dầu vậy	5	
degiun	dẽ giun	5	
dichhoc	dịch học	5	
dotdac	dốt đặc	5	
doc	dộc	5	
gadong	gà đồng	5	
gaygon	gãy gọn	5	
goctu	góc tù	5	
gam	gắm	5	
hoavon	hoà vốn	5	
hoangdan	hoàng đản	5	
hoaxa	hoả xa	5	
huych	huỵch	5	
huoucaoco	hươu cao cổ	5	
hoquyen	hổ quyền	5	
hungdong	hừng đông	5	
khuyenlon	khuyên lơn	5	
khuatnui	khuất núi	5	
khakien	khả kiến	5	
khao	khả ố	5	
khaochung	khảo chứng	5	
khoi	khới	5	
kho	khở	5	
liendoitruong	liên đội trưởng	5	
loichoi	loi choi	5	
loaisuy	loại suy	5	
lada	là đà	5	
lilac	lí lắc	5	
litnhit	lít nhít	5	
logarit	lôgarit	5	
lomcom	lôm côm	5	
longbong	lõng bõng	5	
luoilua	lưới lửa	5	
lapbap	lập bập	5	
locloi	lọc lõi	5	
loplang	lớp lang	5	
lukhu	lụ khụ	5	
luihui	lụi hụi	5	
lu	lử	5	
luquan	lữ quán	5	
muoime	muối mè	5	
matmat	mát mặt	5	
mucoi	mũ cối	5	
muotmat	mướt mát	5	
mauhau	mẫu hậu	5	
naonuc	nao nức	5	
napan	napan	5	
ngaythat	ngay thật	5	
nghinxua	nghìn xưa	5	
ngoaitiep	ngoại tiếp	5	
nguyt	nguýt	5	
ngong	ngỏng	5	
nhuyenthe	nhuyễn thể	5	
nhathanh	nhà Thanh	5	
nhon	nhõn	5	
nhaymui	nhảy mũi	5	
nhoi	nhởi	5	
notden	nốt đen	5	
nom	nỡm	5	
oaihuong	oải hương	5	
phimsex	phim sex	5	
phatom	phát ốm	5	
phanhoi	phân hội	5	
phun	phùn	5	
phuho	phú hộ	5	
phon	phơn	5	
phande	phản đề	5	
phopphap	phốp pháp	5	
quayqua	quày quả	5	
quantay	quần tây	5	
quam	quặm	5	
quyke	quỷ kế	5	
ran	ràn	5	
renxiet	rên xiết	5	
romrac	rơm rác	5	
re	rề	5	
rin	rịn	5	
samcam	sâm cầm	5	
songbang	sông băng	5	
sannghiep	sản nghiệp	5	
saudau	sầu đâu	5	
sotru	số trừ	5	
sop	sốp	5	
tathan	ta thán	5	
tamkhoi	tam khôi	5	
tamtong	tam tòng	5	
thanhyen	thanh yên	5	
thaoluyen	thao luyện	5	
thienthuong	thiên thượng	5	
thienvu	thiền vu	5	
thuongluong	thuồng luồng	5	
thuytran	thuỳ trán	5	
thamnho	thâm nho	5	
thichchi	thích chí	5	
thongto	thông tỏ	5	
thachluu	thạch lựu	5	
thanghoac	thảng hoặc	5	
thau	thẩu	5	
thamthut	thậm thụt	5	
thongsoai	thống soái	5	
thothan	thở than	5	
thuctu	thực từ	5	
tiendung	tiên dung	5	
tiennghiem	tiên nghiệm	5	
tienganh	tiếng Anh	5	
tietche	tiết chế	5	
tranhtruyen	tranh truyện	5	
trieuchinh	triều chính	5	
truyennhan	truyền nhân	5	
tractuyet	trác tuyệt	5	
trantroi	trân trối	5	
trinang	trí năng	5	
tranvong	trận vong	5	
trangda	trắng dã	5	
trubi	trừ bị	5	
tuchi	tu chí	5	
tuythoi	tuỳ thời	5	
taduong	tà dương	5	
tacdongvatly	tác động vật lý	5	
tamhoanh	tám hoánh	5	
tantoi	tấn tới	5	
tangtiu	tằng tịu	5	
tom	tỏm	5	
top	tợp	5	
tutru	tứ trụ	5	
tuso	tử số	5	
tyhuu	tỳ hưu	5	
vangda	vâng dạ	5	
voivoi	vòi vọi	5	
vothanh	vô thanh	5	
vohiep	võ hiệp	5	
vodoan	võ đoán	5	
vo	vọ	5	
xoe	xoe	5	
xachtay	xách tay	5	
xai	xái	5	
xenhxang	xênh xang	5	
xixoa	xí xoá	5	
xocxech	xốc xếch	5	
ynhurang	y như rằng	5	
aotoi	áo tơi	5	
apke	áp kế	5	
amhoc	âm học	5	
eco	è cổ	5	
dongbaca	Đông Bắc Á	5	
dongchu	Đông Chu	5	
duongson	Đường Sơn	5	
diemnhan	điểm nhấn	5	
dotruong	đô trưởng	5	
dianhac	đĩa nhạc	5	
duathan	đũa thần	5	
daigiaoduong	đại giáo đường	5	
dan	đẵn	5	
den	đẻn	5	
detam	đệ tam	5	
detu	đệ tứ	5	
doiy	đổi ý	5	
andogiao	Ấn Độ giáo	5	
atty	Ất Tỵ	5	
auta	ẩu tả	5	
enhuong	ễnh ương	5	
ongquyen	ống quyển	5	
bacchu	Bắc Chu	4	
canchi	Can Chi	4	
churu	Chu Ru	4	
chu	Chũ	4	
colong	Cơ Long	4	
candong	Cận Đông	4	
colao	Cờ Lao	4	
davao	Davao	4	
giaochi	Giao Chỉ	4	
huechau	Huệ Châu	4	
honglaumong	Hồng lâu mộng	4	
hoi	Hời	4	
kienhai	Kiên Hải	4	
luanngu	Luận Ngữ	4	
nhogiao	Nho giáo	4	
nhunhien	Nhu Nhiên	4	
phan	Phận	4	
phohien	Phổ Hiền	4	
pio	Piô	4	
pupeo	Pu Péo	4	
quymao	Quý Mão	4	
sila	Si La	4	
sonvi	Sơn Vi	4	
samnua	Sầm Nưa	4	
thiendan	Thiên Đàn	4	
tieume	Tiểu Mễ	4	
truoi	Truồi	4	
truongthanh	Trường Thạnh	4	
tuanthanh	Tuần Thánh	4	
tacta	Tác ta	4	
tangioi	Tân Giới	4	
tantruc	Tân Trúc	4	
taytan	Tây Tấn	4	
tulinh	Tứ Linh	4	
tuphap	Tứ Pháp	4	
vietnamhoc	Việt Nam học	4	
vuu	Vưu	4	
xivuu	Xi Vưu	4	
xuathanh	Xuất hành	4	
ahoan	a hoàn	4	
baingoai	bài ngoại	4	
beocai	bèo cái	4	
bitich	bí tích	4	
bove	bò vẽ	4	
bombop	bôm bốp	4	
bacma	bạc má	4	
bacnhac	bạc nhạc	4	
bachbien	bạch biến	4	
bachhuyetcau	bạch huyết cầu	4	
bachqua	bạch quả	4	
bandiahoa	bản địa hoá	4	
bauruou	bầu rượu	4	
bacthay	bậc thầy	4	
bencang	bến cảng	4	
bech	bệch	4	
bodua	bọ dừa	4	
boque	bọ que	4	
bomua	bỏ mứa	4	
boihoi	bổi hổi	4	
bu	bụ	4	
caonha	cao nhã	4	
chithu	chi thu	4	
chiabuon	chia buồn	4	
chimngoi	chim ngói	4	
chiep	chiếp	4	
chieunghi	chiếu nghỉ	4	
chienchien	chiền chiện	4	
choai	choai	4	
choat	choắt	4	
chungchinh	chùng chình	4	
chao	chạo	4	
cheo	chẻo	4	
chit	chịt	4	
chiuphep	chịu phép	4	
chong	chỏng	4	
choclo	chốc lở	4	
chongchenh	chống chếnh	4	
chuahoang	chửa hoang	4	
cungnu	cung nữ	4	
cana	cà na	4	
cavien	cá viên	4	
contrunghoc	côn trùng học	4	
congnghesinhhoc	công nghệ sinh học	4	
cotri	cơ trí	4	
cuoi	cươi	4	
canhkhoe	cạnh khoé	4	
canghi	cả nghĩ	4	
canhbinh	cảnh binh	4	
cayhuong	cầy hương	4	
caycuc	cậy cục	4	
coxi	cờ xí	4	
dientien	diễn tiến	4	
dieplucto	diệp lục tố	4	
dac	dác	4	
dudat	dư dật	4	
datdiu	dặt dìu	4	
deptiem	dẹp tiệm	4	
dichmay	dịch máy	4	
gianhung	gian hùng	4	
giaohat	giáo hạt	4	
giathu	giả thử	4	
giem	giếm	4	
gioky	giỗ kỵ	4	
gioitu	giới từ	4	
gioque	giở quẻ	4	
goabua	goá bụa	4	
gocbet	góc bẹt	4	
gaulon	gấu lợn	4	
gaungua	gấu ngựa	4	
hoalo	hoa lơ	4	
hoatra	hoa trà	4	
hoangbao	hoàng bào	4	
hoangphi	hoàng phi	4	
hinhvi	hình vị	4	
hui	húi	4	
hungliu	húng lìu	4	
haitrinh	hải trình	4	
ham	hẩm	4	
hongmao	hồng mao	4	
khoakeo	khoá kéo	4	
khuech	khuếch	4	
khokho	khò khò	4	
khansan	khăn san	4	
khuoctu	khước từ	4	
kilomet	kilômet	4	
kinhkhungkhiep	kinh khủng khiếp	4	
kieng	kiễng	4	
kytu	kỷ tử	4	
langben	lang ben	4	
linhvat	linh vật	4	
liemgot	liếm gót	4	
loatchoat	loắt choắt	4	
lanquang	lân quang	4	
lovoi	lò vôi	4	
longmang	lông măng	4	
langtri	lăng trì	4	
lamlap	lấm láp	4	
laploe	lập loè	4	
latlay	lắt lay	4	
leulao	lếu láo	4	
lopcop	lộp cộp	4	
lolang	lỡ làng	4	
mantra	man trá	4	
minhxac	minh xác	4	
mayphatdien	máy phát điện	4	
meomuop	mèo mướp	4	
mutac	mù tạc	4	
muon	mươn	4	
maiban	mại bản	4	
namtram	nam trầm	4	
nghen	nghển	4	
nghetay	nghệ tây	4	
nghichbien	nghịch biến	4	
nguyenuy	nguyên uỷ	4	
ngogai	ngò gai	4	
nguam	ngũ âm	4	
nguubang	ngưu bàng	4	
ngatnoi	ngặt nỗi	4	
ngoclantay	ngọc lan tây	4	
nhadau	nha đầu	4	
nhien	nhiễn	4	
nhuthuat	nhu thuật	4	
nhatan	nhà Tần	4	
nhatong	nhà Tống	4	
nhadong	nhà dòng	4	
nhay	nhây	4	
nhunnhan	nhũn nhặn	4	
nhanchuot	nhấn chuột	4	
nhennhen	nhền nhện	4	
nhiduc	nhị đực	4	
nhon	nhợn	4	
nieng	niễng	4	
nucnac	núc nác	4	
nung	núng	4	
nay	nậy	4	
ni	nị	4	
nong	nọng	4	
ongbau	ong bầu	4	
oanhon	oán hờn	4	
phiemchi	phiếm chỉ	4	
phongsuong	phong sương	4	
phuthe	phu thê	4	
phatbenh	phát bệnh	4	
phanbi	phân bì	4	
phungphinh	phúng phính	4	
phangteo	phăng teo	4	
phuongngon	phương ngôn	4	
phanchung	phản chứng	4	
phanmo	phần mộ	4	
phutruong	phụ trương	4	
platin	platin	4	
quanglam	quang lâm	4	
quanvuong	quân vương	4	
quanh	quạnh	4	
quantuong	quản tượng	4	
quochoc	quốc học	4	
quoctengu	quốc tế ngữ	4	
quytich	quỹ tích	4	
rasao	ra sao	4	
raubina	rau bina	4	
ruhoi	ru hời	4	
ruottuong	ruột tượng	4	
riu	ríu	4	
ruoumui	rượu mùi	4	
re	rệ	4	
romom	rọ mõm	4	
rutruot	rứt ruột	4	
rungmua	rừng mưa	4	
sooc	soóc	4	
songcai	sông Cái	4	
sumsup	sùm sụp	4	
situ	sĩ tử	4	
sonphao	sơn pháo	4	
suong	sượng	4	
songsuong	sống sượng	4	
sotvang	sốt vàng	4	
sohuutritue	sở hữu trí tuệ	4	
suxanh	sử xanh	4	
taiquai	tai quái	4	
tamcuc	tam cúc	4	
tamthuc	tam thức	4	
thanhtay	thanh tẩy	4	
thori	thori	4	
thuycam	thuỷ cầm	4	
thuynang	thuỷ năng	4	
thuytuc	thuỷ tức	4	
thanhle	thánh lễ	4	
thongthien	thông thiên	4	
thanphong	thần phong	4	
thanquyen	thần quyền	4	
thany	thần y	4	
thinhgiao	thỉnh giáo	4	
thich	thịch	4	
tinhthanh	tinh thành	4	
tinhthehoc	tinh thể học	4	
truyendich	truyền dịch	4	
trasua	trà sữa	4	
trahang	trá hàng	4	
trangtrao	trâng tráo	4	
tritra	trí trá	4	
tretrang	trễ tràng	4	
tructhu	trực thu	4	
tructam	trực tâm	4	
tuyxuong	tuỷ xương	4	
tanchutich	tân chủ tịch	4	
tenh	tênh	4	
tomoc	tô mộc	4	
tin	tĩn	4	
tuongsinh	tương sinh	4	
tuongthanh	tượng thanh	4	
tattantat	tất tần tật	4	
tap	tắp	4	
toida	tối dạ	4	
tolai	tổ lái	4	
tontho	tổn thọ	4	
tunmun	tủn mủn	4	
tuto	từ tố	4	
uon	uôn	4	
vanvi	van vỉ	4	
visinhvathoc	vi sinh vật học	4	
vodoi	vô đối	4	
vansi	văn sĩ	4	
vuonbachthao	vườn bách thảo	4	
ven	vện	4	
vitxiem	vịt xiêm	4	
von	vồn	4	
vogiong	vỡ giọng	4	
xanhduong	xanh dương	4	
xeton	xeton	4	
xatich	xà tích	4	
xaich	xà ích	4	
xiumai	xíu mại	4	
xaothuat	xảo thuật	4	
xeplep	xẹp lép	4	
xiu	xịu	4	
yeulinh	yếu lĩnh	4	
asung	á sừng	4	
acmieng	ác miệng	4	
ongvai	ông vải	4	
andong	ăn đong	4	
dotquyet	Đột Quyết	4	
dada	đa đa	4	
dieungoa	điêu ngoa	4	
dodo	đo đỏ	4	
danhhanh	đành hanh	4	
duoi	đưới	4	
daiquan	đại quan	4	
daisu	đại sự	4	
damlay	đầm lầy	4	
dautay	đậu tây	4	
doinao	đồi não	4	
dongdai	đồng đại	4	
dotkhoi	đột khởi	4	
do	đớ	4	
ducong	đức ông	4	
du	đừ	4	
ohay	ơ hay	4	
ach	ạch	4	
ang	ắng	4	
ang	ẳng	4	
iu	ỉu	4	
omnhach	ốm nhách	4	
ongbo	ống bơ	4	
ongnho	ống nhổ	4	
omom	ồm ồm	4	
omem	ổ mềm	4	
anton	An Tôn	3	
anhgiao	Anh giáo	3	
anton	Antôn	3	
binhphaptontu	Binh pháp Tôn Tử	3	
banhthanh	Bánh Thánh	3	
boy	Bố Y	3	
caole	Cao Lệ	3	
chuanhat	Chúa nhật	3	
chuonghoa	Chương Hoá	3	
hoavan	Hoa văn	3	
hoadiemson	Hoả Diệm Sơn	3	
hanlamvien	Hàn Lâm Viện	3	
haisu	Hải Sư	3	
haule	Hậu Lê	3	
he	Hẹ	3	
longthu	Long Thụ	3	
longdat	Long Đất	3	
luutong	Lưu Tống	3	
namte	Nam Tề	3	
namau	Nam Âu	3	
namdau	Nam Đầu	3	
nghiahoadoan	Nghĩa Hoà Đoàn	3	
ngukinh	Ngũ kinh	3	
phatduocsu	Phật Dược Sư	3	
pathen	Pà Thẻn	3	
sanchay	Sán Chay	3	
sokhanh	Sở Khanh	3	
thanhquang	Thanh Quang	3	
thandao	Thần đạo	3	
trungdung	Trung Dung	3	
trungan	Trung Ấn	3	
taylich	Tây lịch	3	
voong	Voòng	3	
vantuong	Vạn Tượng	3	
xathu	Xạ Thủ	3	
amen	a men	3	
antu	an tử	3	
anhach	anh ách	3	
bienthuy	biên thuỳ	3	
biendieu	biến điệu	3	
bienngau	biền ngẫu	3	
bietdai	biệt đãi	3	
bachphan	bách phân	3	
banhvong	bánh vòng	3	
batdia	bát đĩa	3	
batdo	bát độ	3	
benngot	bén ngót	3	
bupphe	búp phê	3	
bungbien	bưng biền	3	
bachthoai	bạch thoại	3	
banthan	bạn thân	3	
bathoply	bất hợp lý	3	
bauphieu	bầu phiếu	3	
bangcu	bằng cứ	3	
bichu	bị chú	3	
bombop	bồm bộp	3	
caolau	cao lầu	3	
caotayan	cao tay ấn	3	
cheocheo	cheo cheo	3	
chidoitruong	chi đội trưởng	3	
chiasot	chia sớt	3	
chuandodoc	chuẩn đô đốc	3	
chaba	chà bá	3	
chantay	chân tay	3	
chicong	chí công	3	
chochi	chò chỉ	3	
chodeu	chó đểu	3	
chun	chưn	3	
chauria	chầu rìa	3	
chansong	chắn song	3	
choitu	chối từ	3	
chutichdoan	chủ tịch đoàn	3	
chungly	chứng lý	3	
chuvan	chữ vạn	3	
cothat	co thắt	3	
comeout	come out	3	
cabat	cà bát	3	
cake	cà kê	3	
caho	cá hố	3	
cadao	cá đao	3	
cachquang	cách quãng	3	
comnhom	còm nhom	3	
cotuoi	có tuổi	3	
coem	cô em	3	
cunhay	cù nhây	3	
canthuc	căn thức	3	
cam	cạm	3	
capnong	cạp nong	3	
caixoan	cải xoăn	3	
cauchui	cầu chui	3	
capnhap	cập nhập	3	
coga	cỏ gà	3	
cuuchua	cứu chúa	3	
dieubong	diêu bông	3	
dangbo	dáng bộ	3	
duongthe	dương thế	3	
daptat	dập tắt	3	
datdo	dật dờ	3	
denh	dềnh	3	
eoeo	eo éo	3	
giatu	gia tư	3	
giaipham	giai phẩm	3	
gianta	gian tà	3	
giaohoan	giao hoán	3	
giainguyen	giải nguyên	3	
giaynen	giấy nến	3	
giaysap	giấy sáp	3	
gietnguoi	giết người	3	
gaque	gà qué	3	
gaucho	gấu chó	3	
hieusu	hiếu sự	3	
hoamuc	hoà mục	3	
hoatngon	hoạt ngôn	3	
hachinh	hà chính	3	
handoi	hàn đới	3	
hantu	hán tử	3	
haonuoc	háo nước	3	
humxam	hùm xám	3	
hutu	hư từ	3	
huongsac	hương sắc	3	
hacto	hắc tố	3	
hobao	hổ báo	3	
hom	hổm	3	
honso	hỗn số	3	
hoiquan	hội quán	3	
hontui	hờn tủi	3	
khaiquoc	khai quốc	3	
khaitam	khai tâm	3	
khinhnhon	khinh nhờn	3	
khoay	khoáy	3	
khaihoanmon	khải hoàn môn	3	
khanh	khảnh	3	
khan	khẳn	3	
khongtuoc	khổng tước	3	
kiemtoa	kiềm toả	3	
keoneo	kèo nèo	3	
kedon	kê đơn	3	
keucuu	kêu cứu	3	
kinhcao	kính cáo	3	
kynghe	kỹ nghệ	3	
lantan	lantan	3	
luyt	luýt	3	
luongtuhoa	lượng tử hoá	3	
lan	lẳn	3	
lichphap	lịch pháp	3	
lichdai	lịch đại	3	
lom	lồm	3	
loptruong	lớp trưởng	3	
lup	lụp	3	
lucke	lực kế	3	
moa	moạ	3	
mem	mèm	3	
mothuc	mô thức	3	
monde	môn đệ	3	
muaha	mùa hạ	3	
moac	mỏ ác	3	
mucsothi	mục sở thị	3	
ngaycanh	ngay cạnh	3	
ngheo	nghẹo	3	
ngoe	ngoé	3	
ngoatngoeo	ngoắt ngoéo	3	
ngoeo	ngoẹo	3	
ngungon	ngũ ngôn	3	
nguoimy	người Mỹ	3	
nguamhoc	ngữ âm học	3	
nhietluongke	nhiệt lượng kế	3	
nholam	nho lâm	3	
nhaly	nhà Lý	3	
nhaminh	nhà Minh	3	
nhatran	nhà Trần	3	
nhaynhay	nháy nháy	3	
nhatla	nhất là	3	
nhapde	nhập đề	3	
nheu	nhễu	3	
nhithuc	nhị thức	3	
nhomnhoam	nhồm nhoàm	3	
naonuot	não nuột	3	
noichon	nơi chốn	3	
nuocmatcasau	nước mắt cá sấu	3	
nadong	nạ dòng	3	
nanh	nạnh	3	
nam	nẳm	3	
nangtai	nặng tai	3	
oat	oặt	3	
phenolphtalein	phenolphtalein	3	
phidai	phì đại	3	
phangphang	phăng phăng	3	
phamthuong	phạm thượng	3	
phang	phảng	3	
phattinh	phật tính	3	
phucquoc	phục quốc	3	
quannhan	quan nhân	3	
quanquan	quan quân	3	
quangtuyen	quang tuyến	3	
quaixe	quái xế	3	
quanquan	quán quân	3	
quanxi	quần xì	3	
quanbach	quẫn bách	3	
radi	ra đi	3	
rongkinh	rong kinh	3	
ruong	ruỗng	3	
raude	râu dê	3	
run	rùn	3	
rapron	rập rờn	3	
reo	rẻo	3	
ron	rờn	3	
stronti	stronti	3	
sansan	sàn sàn	3	
saongu	sáo ngữ	3	
songsoai	sóng soài	3	
suisut	sùi sụt	3	
sutkem	sút kém	3	
sudo	sứ đồ	3	
tamtieu	tam tiêu	3	
thiencau	thiên cầu	3	
thieunam	thiếu nam	3	
thientai	thiện tai	3	
thoa	thoạ	3	
thuobe	thuở bé	3	
thailai	thài lài	3	
thangsau	tháng sáu	3	
thanthu	thân thủ	3	
thuongso	thương số	3	
thuocdogoc	thước đo góc	3	
thachban	thạch bản	3	
thanduoc	thần dược	3	
thaptugia	thập tự giá	3	
thittha	thịt thà	3	
thucap	thủ cấp	3	
thuyeu	thứ yếu	3	
tieuma	tiêu ma	3	
tienduc	tiền đúc	3	
trangmang	trang mạng	3	
tranhve	tranh vẽ	3	
traicam	trái cấm	3	
trungsinh	trùng sinh	3	
trungthuc	trúng thực	3	
truongnu	trưởng nữ	3	
tram	trằm	3	
trot	trốt	3	
troidatoi	trời đất ơi	3	
tuyetsac	tuyệt sắc	3	
tuansan	tuần san	3	
taulua	tàu lửa	3	
tongmieu	tông miếu	3	
tubien	tư biện	3	
tamnhin	tầm nhìn	3	
tamsoat	tầm soát	3	
tacti	tắc tị	3	
toinhan	tội nhân	3	
tudien	tự điển	3	
vachda	vách đá	3	
vangvat	váng vất	3	
veu	vêu	3	
voty	vô tỷ	3	
vanngon	văn ngôn	3	
vuoncao	vượn cáo	3	
vithanhnien	vị thành niên	3	
vim	vịm	3	
xoanxuyt	xoắn xuýt	3	
xupap	xupap	3	
xentoc	xén tóc	3	
xuongxam	xường xám	3	
xech	xệch	3	
acdau	ác đấu	3	
ea	ê a	3	
daminh	Đaminh	3	
daloi	Đà Lôi	3	
daingu	Đại Ngu	3	
daoduckinh	Đạo Đức Kinh	3	
diachi	Địa Chi	3	
dieuhop	điều hợp	3	
dieuran	điều răn	3	
dieuhoc	điểu học	3	
diencodo	điện cơ đồ	3	
dantam	đàn tam	3	
daotau	đào tẩu	3	
danhthang	đánh thắng	3	
denbao	đèn bão	3	
daiky	đại kỵ	3	
dappha	đập phá	3	
daurong	đậu rồng	3	
diachu	địa chủ	3	
diacuc	địa cực	3	
dinhngu	định ngữ	3	
atgiap	ất giáp	3	
anhoa	ẩn hoạ	3	
enh	ễnh	3	
ongthong	ống thông	3	
aq	AQ	2	
bosat	Bò sát	2	
banghuu	Bằng Hữu	2	
bonman	Bồn Man	2	
caobang	Cao Bằng	2	
choro	Chơ Ro	2	
chech	Chệch	2	
catdai	Cát Dài	2	
cd	CĐ	2	
covang	Cờ Vàng	2	
giahung	Gia Hưng	2	
gregorio	Grêgôriô	2	
hoaluc	Hoa lục	2	
hanxeng	Hàn Xẻng	2	
hanvan	Hán văn	2	
inhaxio	Inhaxiô	2	
kimbinhmai	Kim Bình Mai	2	
kinhle	Kinh Lễ	2	
kinhthu	Kinh Thư	2	
nasa	NASA	2	
nhohoc	Nho học	2	
nhanma	Nhân Mã	2	
nuoctroi	Nước Trời	2	
phima	Phi Mã	2	
phamthien	Phạm Thiên	2	
phatda	Phật Đà	2	
songnam	Song Nam	2	
sungchauphi	Sừng châu Phi	2	
thpt	THPT	2	
thiencan	Thiên Can	2	
thienxung	Thiên Xứng	2	
thienyet	Thiên Yết	2	
thietmocchan	Thiết Mộc Chân	2	
thanhto	Thánh Tổ	2	
thatdat	Thát Đát	2	
tienly	Tiền Lý	2	
tieusaigon	Tiểu Sài Gòn	2	
taynguy	Tây Nguỵ	2	
teresa	Têrêsa	2	
tettay	Tết Tây	2	
tuthu	Tứ thư	2	
vanlam	Vân Lâm	2	
vuonghan	Vương Hãn	2	
xquang	X quang	2	
actini	actini	2	
agon	agon	2	
antoa	an toạ	2	
angang	ang áng	2	
batoong	ba toong	2	
baosan	bao sân	2	
binhbi	binh bị	2	
bomtan	bom tấn	2	
buongtuong	buông tuồng	2	
baphuoc	bà phước	2	
batam	bà tám	2	
bantoa	bàn toạ	2	
binhbinh	bình bình	2	
bikip	bí kíp	2	
binham	bính âm	2	
bopchet	bóp chẹt	2	
butchien	bút chiến	2	
bangqua	băng qua	2	
boicho	bơi chó	2	
buou	bươu	2	
bachtuot	bạch tuột	2	
banhmat	bảnh mắt	2	
bathai	bất hại	2	
bathople	bất hợp lệ	2	
batnha	bất nhã	2	
bopchop	bộp chộp	2	
caico	cai cơ	2	
chanhmuoi	chanh muối	2	
chiaphoi	chia phôi	2	
chieuhien	chiêu hiền	2	
chieulieu	chiêu liêu	2	
chietquang	chiết quang	2	
chungchieng	chung chiêng	2	
chungsuc	chung sức	2	
chuyentu	chuyển tự	2	
chuyendonghoc	chuyển động học	2	
chuom	chuôm	2	
changrang	chàng ràng	2	
channgon	chân ngôn	2	
chen	chên	2	
chichoe	chí choé	2	
chichchoe	chích choè	2	
chinhde	chính đề	2	
cholai	chó lài	2	
chumuc	chú mục	2	
chuongco	chưởng cơ	2	
chang	chạng	2	
chanthuy	chấn thuỷ	2	
chau	chẫu	2	
chacda	chắc dạ	2	
chetgiac	chết giấc	2	
chomhom	chồm hỗm	2	
chutuong	chủ tướng	2	
chui	chủi	2	
clohidric	clohiđric	2	
coimat	coi mắt	2	
cuncut	cun cút	2	
cakho	cà khổ	2	
carang	cà ràng	2	
caron	cà rỡn	2	
catuyet	cá tuyết	2	
caighe	cái ghẻ	2	
camhap	cám hấp	2	
cauhoi	câu hỏi	2	
cocnhay	cóc nhảy	2	
cobe	cô bé	2	
congsan	công sản	2	
cosin	côsin	2	
cuncon	cún con	2	
cuoimim	cười mỉm	2	
cuoinhao	cười nhạo	2	
caidang	cải dạng	2	
cailan	cải làn	2	
caixanh	cải xanh	2	
canhsattruong	cảnh sát trưởng	2	
camco	cấm cố	2	
caccum	cắc củm	2	
comcop	cồm cộp	2	
concat	cồn cát	2	
cuky	cụ kỵ	2	
cuuchuoc	cứu chuộc	2	
danhphan	danh phận	2	
dichieu	di chiếu	2	
dithuc	di thực	2	
dinhthu	dinh thự	2	
duyen	duyến	2	
daimit	dái mít	2	
daysong	dây sống	2	
decu	dê cụ	2	
dichdac	dích dắc	2	
dudi	dù dì	2	
duamuoi	dưa muối	2	
dauchamphay	dấu chấm phẩy	2	
dantui	dằn túi	2	
engec	eng éc	2	
giapho	gia phổ	2	
giaquyen	gia quyền	2	
giau	giâu	2	
giui	giùi	2	
giamnhiet	giảm nhiệt	2	
gianthe	giản thể	2	
gianh	giảnh	2	
giam	giằm	2	
giongma	giống má	2	
giongnhu	giống như	2	
giui	giụi	2	
ganday	gần đây	2	
hamchuong	ham chuộng	2	
hiennhan	hiền nhân	2	
hoahien	hoa hiên	2	
hoanhdo	hoành độ	2	
hoanang	hoá năng	2	
hoabao	hoạ báo	2	
huyenthuat	huyền thuật	2	
hypebol	hypebol	2	
hamhop	hàm hợp	2	
hamluonggiac	hàm lượng giác	2	
honggio	hóng gió	2	
honquan	hôn quân	2	
hoicay	hơi cay	2	
huongthom	hương thơm	2	
huouxa	hươu xạ	2	
huongduong	hưởng dương	2	
hadoc	hạ độc	2	
haituong	hải tượng	2	
haugai	hầu gái	2	
hamham	hằm hằm	2	
hephai	hệ phái	2	
hothuy	hồ thuỷ	2	
ito	i tờ	2	
indi	inđi	2	
khoangvathoc	khoáng vật học	2	
khuchexuat	khu chế xuất	2	
khachdiem	khách điếm	2	
khailuan	khái luận	2	
khay	kháy	2	
khongdam	không dám	2	
kiemdao	kiếm đạo	2	
kenbau	kèn bầu	2	
keole	kéo lê	2	
kinhhienvi	kính hiển vi	2	
keodong	kẹo đồng	2	
laomoc	lao móc	2	
layphay	lay phay	2	
lophien	lo phiền	2	
longquyen	long quyền	2	
loangquang	loạng quạng	2	
luyenthi	luyện thi	2	
luyendan	luyện đan	2	
luoc	luốc	2	
lala	là là	2	
lamdam	làm dầm	2	
langnhan	lãng nhân	2	
laothi	lão thị	2	
linhcanh	lính canh	2	
loxo	lô xô	2	
lyhoc	lý học	2	
luong	lũ ống	2	
luoihai	lưỡi hái	2	
luocdo	lược đồ	2	
langtham	lặng thầm	2	
lelac	lễ lạc	2	
longhe	lọ nghẹ	2	
lom	lỏm	2	
longden	lồng đèn	2	
lonbong	lớn bổng	2	
lotphot	lớt phớt	2	
loncon	lợn cợn	2	
mahatat	ma ha tát	2	
maigam	mai gầm	2	
manhtam	manh tâm	2	
minhon	mi nhon	2	
mienban	miễn bàn	2	
monang	mo nang	2	
manthau	màn thầu	2	
maytich	mây tích	2	
manhluc	mãnh lực	2	
mialau	mía lau	2	
mongket	mòng két	2	
mongdit	mông đít	2	
macha	mả cha	2	
man	mấn	2	
macmo	mắc mỏ	2	
moco	mổ cò	2	
moicoong	mới coong	2	
muamat	mửa mật	2	
mucnang	mực nang	2	
namchinh	nam chính	2	
nanhnoc	nanh nọc	2	
nghiadung	nghĩa dũng	2	
nghech	nghếch	2	
nguyennien	nguyên niên	2	
ngatu	ngã tư	2	
ngugiabi	ngũ gia bì	2	
nguuan	ngũ uẩn	2	
nguamieng	ngứa miệng	2	
nguanghe	ngứa nghề	2	
nguatai	ngứa tai	2	
nhihoa	nhi hoá	2	
nhiepchinh	nhiếp chính	2	
nhahan	nhà Hán	2	
nhale	nhà Lê	2	
nhatayson	nhà Tây Sơn	2	
nhatan	nhà Tấn	2	
nhanduc	nhân dục	2	
nhacche	nhạc chế	2	
nhong	nhỏng	2	
niobi	niobi	2	
niemchu	niệm chú	2	
nuong	nuông	2	
nop	nóp	2	
nammoi	năm mới	2	
nuocmy	nước Mỹ	2	
obitan	obitan	2	
phau	phau	2	
phatcuong	phát cuồng	2	
phanloaihoc	phân loại học	2	
phoma	phò mã	2	
phuchu	phù chú	2	
phudo	phù đồ	2	
phamloi	phạm lỗi	2	
phahe	phả hệ	2	
phe	phẻ	2	
photphet	phọt phẹt	2	
phottinh	phớt tỉnh	2	
phonpho	phởn phơ	2	
poloni	poloni	2	
pip	píp	2	
quangcau	quang cầu	2	
quydau	quy đầu	2	
quanruou	quán rượu	2	
quanco	quân cờ	2	
quathe	quả thể	2	
quanthu	quản thủ	2	
quon	quợn	2	
radi	rađi	2	
rauquainon	râu quai nón	2	
ruri	rù rì	2	
ram	rấm	2	
rap	rấp	2	
reu	rều	2	
sese	se sẻ	2	
shipper	shipper	2	
sinhtien	sinh tiền	2	
siem	siểm	2	
suoivang	suối vàng	2	
saudo	sâu đo	2	
songlo	sông Lô	2	
sunghoamai	súng hoả mai	2	
sau	sạu	2	
samsap	sầm sập	2	
sec	sẹc	2	
sechia	sẻ chia	2	
sokhong	số không	2	
tamsuat	tam suất	2	
thanhngang	thanh ngang	2	
thientu	thiên tư	2	
thoama	thoá mạ	2	
thoaichi	thoái chí	2	
thoathiem	thoát hiểm	2	
thuphi	thu phí	2	
thum	thum	2	
thuetructhu	thuế trực thu	2	
thuyhieu	thuỵ hiệu	2	
thuyquyen	thuỷ quyển	2	
thuyte	thuỷ tề	2	
thamhoa	thám hoa	2	
thanhthat	thánh thất	2	
thaothan	tháo thân	2	
thongthienhoc	thông thiên học	2	
thamquan	thăm quan	2	
thuphong	thư phòng	2	
thachdua	thạch dừa	2	
thatchi	thất chí	2	
thauthi	thấu thị	2	
thamdu	thẩm du	2	
thea	thế à	2	
thon	thồn	2	
thonbon	thờn bơn	2	
thogom	thợ gốm	2	
thoson	thợ sơn	2	
thucdanhoa	thực dân hoá	2	
thuctha	thực thà	2	
tiacuctim	tia cực tím	2	
tiennga	tiên nga	2	
tiengtrung	tiếng Trung	2	
tienbien	tiền biên	2	
tieudan	tiểu dẫn	2	
tiemcan	tiệm cận	2	
tieman	tiệm ăn	2	
trepheo	tre pheo	2	
trotan	tro tàn	2	
trunghuu	trung hữu	2	
trungtrinh	trung trinh	2	
traden	trà đen	2	
trongthay	trông thấy	2	
trungphuong	trùng phương	2	
trum	trúm	2	
trungso	trúng số	2	
truockhi	trước khi	2	
tranghuong	trạng huống	2	
tuhuyt	tu huýt	2	
tuoixuan	tuổi xuân	2	
tanthu	tán thủ	2	
taota	táo ta	2	
tancodien	tân cổ điển	2	
tanhoc	tân học	2	
temlem	tèm lem	2	
timthay	tìm thấy	2	
titi	tí tị	2	
tinhtien	tính tiền	2	
tuccau	túc cầu	2	
tanggia	tăng già	2	
tamma	tầm ma	2	
tanghang	tằng hắng	2	
te	tẽ	2	
tetuong	tể tướng	2	
toiben	tới bến	2	
tuche	tự chế	2	
tuluan	tự luận	2	
tydu	tỷ dụ	2	
uan	u ẩn	2	
venven	vên vên	2	
vonga	vô ngã	2	
vongon	vô ngôn	2	
vonang	vô năng	2	
vophuoc	vô phước	2	
votuong	vô tướng	2	
vuluong	vũ lượng	2	
vuonghau	vương hậu	2	
vuonrau	vườn rau	2	
vuonthuonguyen	vườn thượng uyển	2	
vatto	vật tổ	2	
vac	vặc	2	
vop	vọp	2	
vovinh	vờ vĩnh	2	
xeben	xe ben	2	
xeganmay	xe gắn máy	2	
xacot	xà cột	2	
xito	xì tố	2	
xia	xìa	2	
ximuoi	xí muội	2	
xingau	xí ngầu	2	
xixon	xí xớn	2	
xoivo	xôi vò	2	
xakhuan	xạ khuẩn	2	
xaccot	xắc cốt	2	
yxi	y xì	2	
athanh	á thánh	2	
anthu	án thư	2	
odanh	ô danh	2	
anquyt	ăn quỵt	2	
doanvien	Đoàn viên	2	
daison	Đài Sơn	2	
daihandanquoc	Đại Hàn Dân Quốc	2	
daunhuc	đau nhức	2	
dieulinh	điêu linh	2	
dienthoaiban	điện thoại bàn	2	
doac	đoác	2	
dannhi	đàn nhị	2	
dangngai	đáng ngại	2	
didung	đì đùng	2	
dongdong	đòng đòng	2	
domdop	đôm đốp	2	
duongthi	đương thì	2	
dainghi	đại nghị	2	
daungu	đậu ngự	2	
dangnghet	đắng nghét	2	
danglap	đẳng lập	2	
datten	đặt tên	2	
dedai	đẻ đái	2	
doidinh	đối đỉnh	2	
ducduc	đức dục	2	
onon	ơn ớn	2	
uutruong	ưu trương	2	
au	ậu	2	
ep	ẹp	2	
in	ịn	2	
omo	ốm o	2	
adn	ADN	1	
alexande	Alexanđê	1	
bienhan	Biện Hàn	1	
banmondiem	Bàn Môn Điếm	1	
banhho	Bành Hồ	1	
bacho	Bác Hồ	1	
bachviet	Bách Việt	1	
benado	Bênađô	1	
benedicto	Bênêđictô	1	
bodai	Bố Đại	1	
chauhai	Châu Hải	1	
chattri	Chất Tri	1	
cornelio	Côrnêliô	1	
cambot	Căm Bốt	1	
cangio	Cần Giờ	1	
caudo	Cầu Đỏ	1	
conghoatrungphi	Cộng hoà Trung Phi	1	
cuho	Cụ Hồ	1	
cugiai	Cự Giải	1	
dienbien	Diên Biên	1	
dang	Dàng	1	
giuda	Giuđa	1	
giapxac	Giáp xác	1	
giop	Gióp	1	
hanhoc	Hán học	1	
hantrieu	Hán triều	1	
hinhthien	Hình Thiên	1	
hautran	Hậu Trần	1	
hoppho	Hợp Phố	1	
khongphutu	Khổng Phu Tử	1	
kyanh	Kỳ Anh	1	
lasat	La Sát	1	
lanxang	Lan Xang	1	
luylau	Luy Lâu	1	
laogiao	Lão giáo	1	
luucau	Lưu Cầu	1	
mada	Ma Da	1	
micae	Micae	1	
monica	Mônica	1	
myhoa	Mỹ hoá	1	
nambangduong	Nam Băng Dương	1	
namtien	Nam tiến	1	
nguyenthib	Nguyễn Thị B	1	
nguyenvana	Nguyễn Văn A	1	
nguyentrieu	Nguyễn triều	1	
ngudaithapquoc	Ngũ Đại Thập Quốc	1	
niuooc	Niu Oóc	1	
naiman	Nãi Man	1	
phay	Phây	1	
phuchy	Phục Hy	1	
quantheam	Quán Thế Âm	1	
quanghue	Quảng Huế	1	
soinhu	Soi Nhụ	1	
sangtheky	Sáng thế ký	1	
tamthientu	Tam thiên tự	1	
thienhat	Thiên Hạt	1	
thienhauthanhmau	Thiên Hậu Thánh Mẫu	1	
thienma	Thiên Ma	1	
thapnghiengpisa	Tháp nghiêng Pisa	1	
thuongdo	Thượng Đô	1	
thattich	Thất Tịch	1	
tienquanca	Tiến quân ca	1	
trietbiet	Triết Biệt	1	
tunghoanhgia	Tung Hoành gia	1	
tuyenchau	Tuyền Châu	1	
taychu	Tây Chu	1	
taylieu	Tây Liêu	1	
tayy	Tây y	1	
tonthat	Tôn Thất	1	
tangiang	Tấn Giang	1	
tetduonglich	Tết dương lịch	1	
tuphu	Tứ Phủ	1	
tudaidanhtac	Tứ đại danh tác	1	
urbano	Urbanô	1	
uen	Uên	1	
viemde	Viêm Đế	1	
xavie	Xaviê	1	
xinhmun	Xinh Mun	1	
xiemriep	Xiêm Riệp	1	
ampeke	ampe kế	1	
anculacnghiep	an cư lạc nghiệp	1	
anninhmang	an ninh mạng	1	
antri	an trí	1	
anvui	an vui	1	
andehit	anđêhit	1	
aptomat	aptomat	1	
bacai	ba cái	1	
baocaosu	bao cao su	1	
beri	beri	1	
berili	berili	1	
biamieng	bia miệng	1	
bimbim	bim bim	1	
binhche	binh chế	1	
bitmut	bitmut	1	
biencanh	biên cảnh	1	
bienmat	biến mất	1	
bienthan	biến thân	1	
bomnguyentu	bom nguyên tử	1	
buonkho	buồn khổ	1	
buonlong	buồn lòng	1	
buoisang	buổi sáng	1	
banghe	bàn ghế	1	
bamsat	bám sát	1	
banchac	bán chác	1	
bankhai	bán khai	1	
banhdalon	bánh da lợn	1	
banhpia	bánh pía	1	
banhxep	bánh xếp	1	
baogioi	báo giới	1	
baibinh	bãi binh	1	
baitruong	bãi trường	1	
bede	bê đê	1	
benngoai	bên ngoài	1	
binhchan	bình chân	1	
binhxang	bình xăng	1	
bittet	bít tết	1	
bovien	bò viên	1	
bongbay	bóng bảy	1	
bongvot	bóng vợt	1	
bongdai	bóng đái	1	
bom	bôm	1	
butdam	bút đàm	1	
bangghe	băng ghế	1	
bangtroi	băng trôi	1	
buuphi	bưu phí	1	
bachcap	bạch cập	1	
batkhachienbai	bất khả chiến bại	1	
bandao	bần đạo	1	
bamtinh	bẩm tính	1	
baymin	bẫy mìn	1	
bapnon	bắp non	1	
baprang	bắp rang	1	
batmay	bắt máy	1	
bangtrac	bằng trắc	1	
bonbe	bốn bề	1	
bodetam	bồ đề tâm	1	
boibut	bồi bút	1	
bonbinh	bồn binh	1	
botu	bộ tứ	1	
botmieng	bớt miệng	1	
bombai	bợm bãi	1	
bucgiang	bục giảng	1	
buuboi	bửu bối	1	
cave	ca ve	1	
caidoi	cai đội	1	
canhtan	canh tân	1	
cadimi	cađimi	1	
chanhday	chanh dây	1	
chanhtay	chanh tây	1	
chinhphat	chinh phạt	1	
chiencu	chiến cụ	1	
chiendoi	chiến đội	1	
chieusang	chiếu sáng	1	
choai	choài	1	
chuale	chua lè	1	
chuyenchu	chuyển chú	1	
chuyengioi	chuyển giới	1	
chuotsoc	chuột sóc	1	
changhang	chàng hảng	1	
changtrai	chàng trai	1	
chanphe	chán phè	1	
chanvan	chán vạn	1	
chichat	chí chát	1	
chichbong	chích bông	1	
chinhhang	chính hãng	1	
chinhsu	chính sự	1	
chuaxuan	chúa Xuân	1	
chuahe	chưa hề	1	
chuongdinh	chưởng dinh	1	
chaygiac	chạy giặc	1	
chayloan	chạy loạn	1	
chamthi	chấm thi	1	
chantam	chấn tâm	1	
chattrang	chất trắng	1	
chayran	chấy rận	1	
chunha	chủ nhà	1	
chun	chủn	1	
chucnghiep	chức nghiệp	1	
chungnao	chừng nào	1	
chunho	chữ Nho	1	
chunom	chữ Nôm	1	
chuabenh	chữa bệnh	1	
cungthanh	cung thành	1	
cungdau	cung đấu	1	
cuoituan	cuối tuần	1	
cara	cà rá	1	
cavet	cà vẹt	1	
cachay	cá cháy	1	
cacoc	cá cóc	1	
camang	cá măng	1	
catrau	cá tràu	1	
canhhuu	cánh hữu	1	
canhta	cánh tả	1	
cattuyen	cát tuyến	1	
cattac	cát tặc	1	
catdang	cát đằng	1	
caucau	câu cấu	1	
congbinhxuong	công binh xưởng	1	
congcong	công công	1	
congdungngonhanh	công dung ngôn hạnh	1	
conglich	công lịch	1	
congthu	công thự	1	
congtruyen	công truyền	1	
cuphaphoc	cú pháp học	1	
cosohatang	cơ sở hạ tầng	1	
cotim	cơ tim	1	
canloi	cạn lời	1	
caigia	cải giá	1	
caidao	cải đạo	1	
cay	cảy	1	
camcung	cấm cung	1	
camky	cấm kỵ	1	
cauchi	cấu chí	1	
cayhai	cấy hái	1	
cauky	cầu kỳ	1	
caube	cậu bé	1	
catluot	cắt lượt	1	
catdut	cắt đứt	1	
cobo	cỏ bợ	1	
comcom	cồm cộm	1	
coho	cờ hó	1	
cuchuoi	củ chuối	1	
cuunan	cứu nạn	1	
cuta	cử tạ	1	
dingon	di ngôn	1	
dienhoat	diễn hoạt	1	
dienkich	diễn kịch	1	
daygam	dây gắm	1	
daynit	dây nịt	1	
dexom	dê xồm	1	
dom	dóm	1	
din	dĩn	1	
duockhoa	dược khoa	1	
dauthanhgia	dấu Thánh Giá	1	
daunhay	dấu nháy	1	
danthan	dẫn thân	1	
datsu	dật sử	1	
dedui	dế dũi	1	
den	dện	1	
digioi	dị giới	1	
ditinh	dị tính	1	
dongdoc	dồng dộc	1	
dung	dửng	1	
europi	europi	1	
fen	fen	1	
giaohang	giao hàng	1	
giaote	giao tế	1	
giundep	giun dẹp	1	
giundot	giun đốt	1	
giayong	giày ống	1	
giacho	giá chợ	1	
giancach	gián cách	1	
giangthuy	giáng thuỷ	1	
giapcot	giáp cốt	1	
giobac	gió bấc	1	
giang	giạng	1	
giamphan	giảm phân	1	
giando	giản đồ	1	
giangdao	giảng đạo	1	
giaybac	giấy bạc	1	
gian	giần	1	
giep	giẹp	1	
giengtroi	giếng trời	1	
gioi	giọi	1	
gun	gùn	1	
gam	gẫm	1	
hafini	hafini	1	
haimuoimot	hai mươi mốt	1	
hanhthong	hanh thông	1	
heodat	heo đất	1	
hiensi	hiền sĩ	1	
hoangmachoa	hoang mạc hoá	1	
hoaduc	hoá dục	1	
hoasinhhoc	hoá sinh học	1	
hoamay	hoạ may	1	
hammu	hàm mũ	1	
haomon	hào môn	1	
hanquoc	hãn quốc	1	
hittho	hít thở	1	
honphoi	hôn phối	1	
hungdoi	húng dổi	1	
huvan	hư văn	1	
habac	hạ bạc	1	
hacquyen	hạc quyền	1	
haingoai	hải ngoại	1	
haohan	hảo hán	1	
hauthan	hậu thân	1	
hetca	hết cả	1	
hech	hệch	1	
hongtra	hồng trà	1	
hoplong	hợp long	1	
hopso	hợp số	1	
hungchi	hứng chí	1	
huuly	hữu lý	1	
huuty	hữu tỷ	1	
kenvin	kenvin	1	
khaisang	khai sáng	1	
khoahocgia	khoa học gia	1	
khoainuoc	khoai nước	1	
khoangtrong	khoảng trống	1	
khuyenthien	khuyến thiện	1	
khonlanh	khôn lanh	1	
khongngo	không ngờ	1	
khacnho	khạc nhổ	1	
khay	khảy	1	
khankhua	khấn khứa	1	
khaunghiep	khẩu nghiệp	1	
khacche	khắc chế	1	
khosai	khổ sai	1	
kiakia	kia kìa	1	
kinhtruyen	kinh truyện	1	
kieubac	kiêu bạc	1	
kienkien	kiền kiền	1	
kieumach	kiều mạch	1	
keunai	kêu nài	1	
kinhngu	kính ngữ	1	
ketbai	kết bài	1	
ketgioisu	kết giới sư	1	
kichphat	kịch phát	1	
kylanbien	kỳ lân biển	1	
lientrieu	liên Triều	1	
longdienhuong	long diên hương	1	
loan	loán	1	
loanly	loạn ly	1	
luanchien	luận chiến	1	
luanly	luận lý	1	
lyhuong	ly hương	1	
lamba	lâm ba	1	
lanbang	lân bang	1	
laudai	lâu đài	1	
langnhach	lãng nhách	1	
langxet	lãng xẹt	1	
lanhan	lãnh án	1	
lendinh	lên đỉnh	1	
linhthuydanhbo	lính thuỷ đánh bộ	1	
logach	lò gạch	1	
lothan	lò than	1	
luuchieu	lưu chiếu	1	
luotmuot	lướt mướt	1	
luongdung	lưỡng dụng	1	
luongchat	lượng chất	1	
laihon	lại hồn	1	
lacbac	lắc bạc	1	
lo	lỏ	1	
lopcop	lốp cốp	1	
longban	lồng bàn	1	
loichao	lời chào	1	
loihua	lời hứa	1	
lucsuc	lục súc	1	
maga	ma gà	1	
madoi	ma đói	1	
minhty	minh ty	1	
miennam	miền Nam	1	
moscovi	moscovi	1	
muoi	muồi	1	
maiam	mái ấm	1	
mancoi	mân côi	1	
macau	mã cầu	1	
miquang	mì Quảng	1	
miy	mì Ý	1	
mongbien	mòng biển	1	
mophat	mô Phật	1	
muahe	mùa hè	1	
muathu	mùa thu	1	
muisoa	mùi soa	1	
mumien	mũ miện	1	
muoimot	mười một	1	
maivo	mại vô	1	
maotu	mạo từ	1	
mame	mả mẹ	1	
mauquoc	mẫu quốc	1	
mackhai	mặc khải	1	
motty	một tỷ	1	
mucsuc	mục súc	1	
mucvu	mục vụ	1	
mua	mứa	1	
nghiengnghieng	nghiêng nghiêng	1	
nghenhxuan	nghênh xuân	1	
nghiahuynh	nghĩa huynh	1	
nghiame	nghĩa mẹ	1	
nghiade	nghĩa đệ	1	
nghichnhi	nghịch nhĩ	1	
nghit	nghịt	1	
ngoay	ngoảy	1	
ngoacvuong	ngoặc vuông	1	
nguykhoahoc	nguỵ khoa học	1	
ngayray	ngày rày	1	
ngaoda	ngáo đá	1	
nganquy	ngân quỹ	1	
nganuoc	ngã nước	1	
ngori	ngò rí	1	
ngoi	ngõi	1	
nguluan	ngũ luân	1	
nguthuyen	ngư thuyền	1	
ngaquy	ngạ quỷ	1	
ngoclam	ngọc lam	1	
ngoy	ngỏ ý	1	
ngot	ngốt	1	
ngop	ngớp	1	
ngunghiahoc	ngữ nghĩa học	1	
nhadich	nha dịch	1	
nhachu	nhà Chu	1	
nhagiakim	nhà giả kim	1	
nhala	nhà lá	1	
nhatranh	nhà tranh	1	
nhadinh	nhà Đinh	1	
nhaduong	nhà Đường	1	
nhinthay	nhìn thấy	1	
nhumau	nhũ mẫu	1	
nhugio	như gió	1	
nhuoctieu	nhược tiểu	1	
nhacchuong	nhạc chuông	1	
nhanthuat	nhẫn thuật	1	
nhapthanh	nhập thành	1	
nhattam	nhật tâm	1	
nhoi	nhội	1	
nhonhang	nhỡ nhàng	1	
niendaihoc	niên đại học	1	
niemphat	niệm Phật	1	
nieukhoa	niệu khoa	1	
nec	néc	1	
nembom	ném bom	1	
nemta	ném tạ	1	
ni	ní	1	
noidot	nói đớt	1	
nonlen	nón len	1	
nonla	nón lá	1	
nonkhan	nôn khan	1	
nooc	nôốc	1	
nuinhan	núi Nhạn	1	
nuingam	núi ngầm	1	
noisinh	nơi sinh	1	
nuongthan	nương thân	1	
nuocnam	nước Nam	1	
nau	nẩu	1	
nepsong	nếp sống	1	
ne	nệ	1	
nitvu	nịt vú	1	
nottrang	nốt trắng	1	
noiapsuat	nồi áp suất	1	
noithuy	nội thuỷ	1	
nuvuong	nữ vương	1	
oanhtacco	oanh tạc cơ	1	
oamoap	oàm oạp	1	
phimhai	phim hài	1	
phimtailieu	phim tài liệu	1	
phienphien	phiên phiến	1	
phienthiet	phiên thiết	1	
phaotay	pháo tay	1	
phapgia	pháp gia	1	
phatkien	phát kiến	1	
phe	phè	1	
pheptru	phép trừ	1	
phongngu	phòng ngủ	1	
phogiap	phó giáp	1	
phunong	phú nông	1	
phanhat	phản hạt	1	
phantu	phản tư	1	
phongdich	phỏng dịch	1	
phonthe	phồn thể	1	
phuto	phụ tố	1	
phungmenh	phụng mệnh	1	
pinsac	pin sạc	1	
polyetylen	polyetylen	1	
protactini	protactini	1	
proton	prôton	1	
quanche	quan chế	1	
quyenphap	quyền Pháp	1	
quyenphap	quyền pháp	1	
quaithu	quái thú	1	
quanchip	quần chíp	1	
quanyem	quần yếm	1	
quyluy	quỵ luỵ	1	
rada	ra đa	1	
raovat	rao vặt	1	
raudon	rau dớn	1	
rongchoi	rong chơi	1	
rodi	rođi	1	
rangrang	ràng ràng	1	
raumep	râu mép	1	
ruon	rượn	1	
ruoutao	rượu táo	1	
ranho	rắn hổ	1	
rac	rặc	1	
rethoi	rẻ thối	1	
rech	rếch	1	
roitri	rối trí	1	
run	rủn	1	
sadi	sa di	1	
sake	sa kê	1	
saotho	sao Thổ	1	
sayruou	say rượu	1	
sendam	sen đầm	1	
sida	si đa	1	
sinhdo	sinh đồ	1	
sotai	so tài	1	
songtiet	song tiết	1	
sachgiaokhoa	sách giáo khoa	1	
sangbach	sáng bạch	1	
sangchoi	sáng chói	1	
sampanh	sâm panh	1	
sang	sâng	1	
sautham	sâu thẳm	1	
senhtien	sênh tiền	1	
sodiep	sò điệp	1	
socbay	sóc bay	1	
socvong	sóc vọng	1	
songtrieu	sóng triều	1	
sonnu	sơn nữ	1	
sontac	sơn tặc	1	
sumuoi	sư muội	1	
suthuc	sư thúc	1	
samsi	sầm sì	1	
saubi	sầu bi	1	
saumuon	sầu muộn	1	
saptoi	sắp tới	1	
sia	sỉa	1	
sich	sịch	1	
soi	sọi	1	
sothuoc	sở thuộc	1	
sudia	sử địa	1	
taluy	ta luy	1	
taichua	tai chua	1	
tamthapluc	tam thập lục	1	
teencode	teencode	1	
thanhtravien	thanh tra viên	1	
theodoi	theo đòi	1	
thitrien	thi triển	1	
thidau	thi đậu	1	
thiendieu	thiên điểu	1	
thiendinh	thiên đỉnh	1	
thietkedohoa	thiết kế đồ hoạ	1	
thiennguyenvien	thiện nguyện viên	1	
thiettinh	thiệt tình	1	
thongmanh	thong manh	1	
thoatnan	thoát nạn	1	
thuyphu	thuỷ phủ	1	
thuytrieudo	thuỷ triều đỏ	1	
thuyam	thuỷ âm	1	
thuydongluchoc	thuỷ động lực học	1	
thanhca	thánh cả	1	
thanhuu	thân hữu	1	
thachtung	thạch tùng	1	
thaomai	thảo mai	1	
thantri	thần trí	1	
thaycai	thầy cãi	1	
thaytao	thầy tào	1	
thinhnguyen	thỉnh nguyện	1	
tholau	thổ lâu	1	
thutiet	thủ tiết	1	
thutai	thử tài	1	
tieungu	tiêu ngữ	1	
tienthoailuongnan	tiến thoái lưỡng nan	1	
tiengphan	tiếng Phạn	1	
tiengviet	tiếng Việt	1	
tietthao	tiết tháo	1	
tieuhinh	tiểu hình	1	
tieutam	tiểu tam	1	
tieudoi	tiểu đối	1	
tiettrung	tiệt trùng	1	
traibao	trai bao	1	
trailo	trai lơ	1	
trieuphuc	triều phục	1	
truybuc	truy bức	1	
triduc	trí dục	1	
trisi	trí sĩ	1	
trunque	trùn quế	1	
trungke	trúng kế	1	
trungtu	trúng tủ	1	
truongtuan	trương tuần	1	
truongnghe	trường nghề	1	
tra	trạ	1	
trainghiem	trải nghiệm	1	
trau	trảu	1	
tranthe	trận thế	1	
tranglop	trắng lốp	1	
troco	trở cờ	1	
trotu	trợ từ	1	
trungran	trứng rán	1	
tutu	tu từ	1	
tungdo	tung độ	1	
tuyetcu	tuyệt cú	1	
tuyquyen	tuý quyền	1	
tythe	ty thể	1	
taphai	tà phái	1	
tamthe	tâm thế	1	
tamtruyen	tâm truyền	1	
tancu	tân cử	1	
tai	tãi	1	
tentuc	tên tục	1	
tinhmenh	tính mệnh	1	
tongiaohoc	tôn giáo học	1	
tonhieu	tôn hiệu	1	
tonghien	tông hiến	1	
tonghuan	tông huấn	1	
tucau	tú cầu	1	
tangdong	tăng động	1	
taiha	tại hạ	1	
taptenh	tấp tểnh	1	
tanman	tẩn mẩn	1	
tapta	tập tạ	1	
tinhday	tỉnh dậy	1	
top	tọp	1	
toico	tối cổ	1	
toikien	tối kiến	1	
tungkinh	tụng kinh	1	
tudan	tứ dân	1	
tuthiet	tứ thiết	1	
tunguyenhoc	từ nguyên học	1	
tua	tửa	1	
tuuquan	tửu quán	1	
tuade	tựa đề	1	
ungthugan	ung thư gan	1	
uylao	uý lạo	1	
vanadi	vanađi	1	
viemgan	viêm gan	1	
vonfam	vonfam	1	
vaigioi	vái giời	1	
vogiacu	vô gia cư	1	
vuve	vú vê	1	
vuke	vũ kế	1	
vuontre	vườn trẻ	1	
vitlon	vịt lộn	1	
vongngoai	vọng ngoại	1	
volai	vỏ lãi	1	
votan	vỡ tan	1	
vutbo	vứt bỏ	1	
xeloi	xe lôi	1	
xevan	xe van	1	
xediendung	xe điện đụng	1	
xeri	xeri	1	
xiep	xiệp	1	
xuanhathudong	xuân hạ thu đông	1	
xuandao	xuân đào	1	
xuattran	xuất trận	1	
xacuop	xác ướp	1	
xidach	xì dách	1	
xungba	xưng bá	1	
xungxung	xưng xưng	1	
xang	xẵng	1	
xotvang	xốt vang	1	
yvien	y viện	1	
yvan	y văn	1	
yeudiem	yếu điểm	1	
an	Ân	1	
auduong	Âu Dương	1	
aulac	Âu Lạc	1	
ohoan	Ô Hoàn	1	
aphien	á phiện	1	
achiem	ác hiểm	1	
amque	ám quẻ	1	
anhnang	ánh nắng	1	
apphe	áp phe	1	
amto	âm tố	1	
ayda	ây da	1	
etanol	êtanol	1	
otobuyt	ô tô buýt	1	
ovang	ô văng	1	
ongcu	ông cụ	1	
un	ún	1	
utnam	út nam	1	
ancom	ăn cơm	1	
anva	ăn vã	1	
dadao	Đa Đảo	1	
donghoi	Đông Hồi	1	
daitong	Đại Tống	1	
daitangkinh	Đại tạng kinh	1	
daomau	Đạo Mẫu	1	
datiet	đa tiết	1	
datang	đa tạng	1	
danvien	đan viện	1	
dibo	đi bộ	1	
dichoi	đi chơi	1	
dienkremli	điện Kremli	1	
dienkhi	điện khí	1	
daiquyendao	đài quyền đạo	1	
danco	đàn cò	1	
danhac	đàn hạc	1	
danxep	đàn xếp	1	
daolonhot	đào lộn hột	1	
dangkhinh	đáng khinh	1	
dangkiep	đáng kiếp	1	
dangso	đáng sợ	1	
dangtiec	đáng tiếc	1	
danhchu	đánh chữ	1	
dia	đía	1	
dom	đòm	1	
doiluc	đôi lúc	1	
dacdien	đạc điền	1	
daicuc	đại cục	1	
daingu	đại ngu	1	
daisohoc	đại số học	1	
daocodoc	đạo Cơ Đốc	1	
daoquan	đạo quân	1	
danu	đả nữ	1	
datda	đất đá	1	
dauxi	đậu xị	1	
dequocmy	đế quốc Mỹ	1	
diaba	địa bạ	1	
diahoahoc	địa hoá học	1	
dole	đồ lề	1	
domdop	đồm độp	1	
dontru	đồn trú	1	
donghao	đồng hao	1	
donghocat	đồng hồ cát	1	
dochanh	độc hành	1	
dongtu	động từ	1	
dot	đớt	1	
anchuot	ấn chuột	1	
anchuong	ấn chương	1	
it	ịt	1	
opla	ốp la	1	
om	ồm	1	
yy	ỷ y	1	
